8
1 500 1000 200 42 777 13 99
-3.218327
16.596624
7.165794
-3.177251
-6.617775
0.392108
-2.438027
15.063601
-7.673428
1.749072
0.989282
-4.820680
14.122040
5.553427
15.680130
-2.820586
1.144152
-1.020947
-4.111835
1.205116
-2.066939
-3.252050
-1.259187
-4.539765
-2.963845
-4.719563
6.036553
-0.078902
-3.130442
-3.924747
-4.046095
9.808786
-4.046095
4.765957
1.596025
2.653202
8.332673
2.072032
2.764108
2.383360
2.089512
-0.013378
0.896686
1.162312
5.603819
3.746133
4.920665
2.099056
-0.374067
-5.275898
2.779499
-1.372328
-2.116457
1.992547
1.501154
-1.271986
-2.903038
-4.961327
1.348116
-2.309803
-6.617775
-2.828773
-3.177251
-4.892042
-6.617775
5.229748
4.367327
2.064740
3.627131
4.242351
2.293964
-2.836978
5.866478
7.586226
-3.901896
4.570271
4.240566
9.020849
8.050058
7.219955
8.051960
2.182738
5.231162
5.397642
2.061796
2.481515
8.625000
2.648180
2.008732
9.212622
3.459667
-5.936649
1.386328
-4.046095
-6.617775
-2.791883
-4.046095
-3.177251
-5.441521
-4.046095
-3.177251
-5.009769
-3.177251
-7.816306
-1.622440
-3.177251
-6.617775
-6.623177
-4.046095
-4.046095
-3.082650
-3.130442
-3.535171
-3.130442
-3.130442
-4.046095
-3.177251
-4.552646
-4.046095
-12.095503
-3.620458
-3.177251
-4.046095
-3.840703
-3.667238
-6.617775
-3.130442
-1.950860
-4.824753
-5.154859
-3.177251
-3.177251
-5.276369
-1.316307
-5.245209
-3.177251
-4.046095
-2.292693
-3.177251
-4.046095
-3.177251
-5.089788
1.337945
-6.617775
-4.046095
-3.177251
-3.130442
-3.177251
-3.177251
-6.617775
-3.177251
-3.130442
-3.130442
-3.130442
-3.177251
-3.053119
-4.046095
-6.617775
-3.130442
-4.198127
-4.046095
-4.046095
-3.177251
-4.046095
-4.046095
-3.177251
-3.177251
-4.046095
-6.617775
-6.696722
-3.177251
-3.177251
-2.936762
-6.617775
-6.617775
-4.046095
-6.617775
-6.617775
-4.046095
-2.619849
-4.046095
-3.177251
-4.046095
-6.617775
-6.617775
-4.046095
-3.130442
-4.046095
-3.130442
-3.177251
-4.046095
-4.046095
-3.177251
-4.046095
-3.710507
-6.617775
-3.177251
-4.046095
-4.046095
2.566979
-3.177251
-3.130442
-4.046095
-6.617775
-3.130442
-4.046095
-3.638853
-3.177251
-3.130442
-3.177251
-3.177251
-3.177251
-4.046095
-6.617775
-4.046095
-4.046095
-3.053119
-2.619849
-3.177251
-4.046095
-6.617775
1.078876
-3.177251
-5.426047
-3.705661
-4.046095
-4.080335
-5.745784
-4.046095
-3.740185
-3.177251
-3.177251
-3.177251
-3.177251
-3.526344
-4.046095
-3.177251
-4.046095
-3.366100
-4.046095
-4.046095
-3.130442
-5.884517
-4.046095
-3.177251
-7.558460
-5.276369
-2.345640
-2.114636
-4.046095
-6.617775
-3.177251
-2.366326
-1.674004
-3.130442
-3.943261
-3.936867
-0.111589
-0.235503
3.085317
5.663152
5.574525
4.963604
0.432485
11.544216
6.800264
3.230515
6.893971
3.837772
7.899876
6.626483
1.363579
0.302920
-0.348087
2.017726
2.342324
1.288079
-0.763852
8.920774
6.560905
-3.174516
5.445084
3.014616
5.438320
10.241683
11.388333
2.268480
4.199310
5.320354
4.270518
4.297714
1.057402
7.007921
1.529984
-3.337128
0.570419
0.235343
0.748766
-3.848058
2.237608
2.366082
12.038376
11.514404
-5.527103
1.603641
0.064808
4.188076
5.786601
2.267837
7.989860
1.841307
1.214437
2.946085
0.949549
3.380007
-0.354650
6.275373
4.652204
-1.207653
1.150827
5.502672
5.075478
-0.868204
9.471476
-1.688871
3.040586
2.754197
2.734003
4.297993
-1.184208
-1.069239
1.019913
1.107195
6.318269
3.861969
-1.906750
1.233667
4.456376
0.863582
1.999583
4.486777
2.456602
-0.366286
1.905207
-1.022822
5.574549
1.624640
6.755584
-2.438835
2.379754
0.329981
-2.602966
1.559273
5.561900
3.804495
-0.833046
-5.726423
6.231055
-1.136136
-4.046095
-3.177251
-3.130442
-3.177251
-2.464555
3.087315
14.083073
3.613584
-5.899156
2.496346
-2.880846
4.930384
0.187794
1.495318
-4.859984
1.111948
-0.196321
-3.235014
-1.830034
-2.991772
-6.617775
-3.531227
1.485445
-1.163109
3.869236
7.080817
-1.426398
11.262758
-0.190719
4.836923
6.898844
0.496123
5.061836
2.411602
3.175259
4.875534
4.572972
2.277044
11.077366
3.404638
0.771822
-0.758653
-0.838980
-4.193062
1.472258
9.108826
6.266955
-4.564598
-2.145061
-1.210466
1.922551
6.040318
4.915719
5.155255
7.045042
2.045177
1.354101
4.304823
0.370266
5.707810
8.222425
-0.139686
9.590004
-3.147135
3.764944
-3.743503
1.801508
3.937595
0.113070
0.459970
0.757012
0.525845
1.125284
4.280107
8.792198
3.962781
1.309570
0.797849
0.804410
-5.555119
-2.302857
2.333980
-2.745540
1.411004
5.296853
0.842577
-1.626431
2.027391
10.138361
3.750160
3.842111
-1.599154
-7.948910
1.052809
-1.845710
0.846112
0.902474
4.447508
6.270329
5.400272
-4.063216
5.611499
1.777411
0.715934
-0.781461
2.898483
-0.092625
8.707321
-1.531540
5.505864
-0.283706
7.019496
0.060918
-0.360386
1.752644
10.552513
4.847726
-2.262351
3.042995
-2.044974
4.614053
-1.627154
-1.722490
-1.219157
-4.080441
2.087926
3.741403
-0.223110
7.425875
-1.017448
-4.597810
5.424871
-4.011794
7.109756
11.750538
2.457694
7.546789
4.284096
3.974243
-4.732433
-2.688217
-0.706629
5.536703
7.851862
1.890905
-0.592242
1.365162
-0.191665
10.368382
1.731311
4.156422
-0.071675
-5.252694
-1.075225
6.609983
-1.717484
9.753432
-2.237611
0.372290
2.278191
-0.183158
1.510440
-5.803804
-0.296874
3.412255
3.608237
1.856372
3.541990
-1.799146
-3.817090
1.284059
6.795557
4.008209
2.332758
4.356874
0.737643
1.247715
-0.249216
0.101262
9.403574
2.915962
4.027590
0.466403
4.231570
-3.177251
-5.146688
4.296646
2.659218
1.171328
2.061598
-2.834132
4.025681
0.613419
-2.888851
1.014228
4.628819
-2.726444
2.677304
5.345483
-5.251776
-0.391134
6.324029
0.178559
-3.900024
4.827101
7.569195
0.178321
2.295733
-4.836429
6.022670
1.245541
-1.809139
-1.758079
5.659461
2.121983
6.522192
1.383225
-1.996605
2.040726
0.591522
-0.285310
1.146786
-1.331921
-3.130442
-0.259591
9.741777
4.474989
-2.199331
5.363867
6.481177
3.862812
-0.914621
0.643006
-0.640712
1.371167
-1.024773
6.450338
8.363148
0.657383
3.476882
1.341229
-1.273544
-1.580383
-3.460361
-3.528207
-5.072844
-1.129992
-2.516833
2.359786
-0.132065
2.413801
1.162131
0.269657
6.738994
2.639584
3.042725
-0.630913
2.284975
-3.740705
5.428612
4.149707
-7.019432
2.626214
-3.469179
-3.601841
5.058429
-1.510437
8.314126
-3.709122
7.157376
4.183972
-2.043559
-3.870360
4.672223
4.422202
2.047835
0.584341
-3.142554
5.100418
-4.804215
5.772284
1.357017
13.523581
2.862022
8.329594
1.402706
-1.961452
1.361677
-0.851621
7.135902
-2.114526
-1.138501
-2.662176
0.033537
4.108716
3.384027
-2.322157
-0.738832
1.394807
0.897072
2.243316
-3.420094
11.110250
-3.290796
-0.783377
9.180866
-0.996732
-0.126582
8.550469
1.676058
-2.841612
-1.702246
1.904537
-4.608438
-0.830666
-2.318119
0.514410
0.622898
3.073848
-1.473149
0.323742
1.595440
-2.584687
2.413363
-3.284492
-0.937317
-4.444921
-1.682856
-2.548377
-0.123893
2.792188
2.192656
3.704741
-0.737025
-4.253420
-0.154700
5.602621
5.940015
-4.360148
-4.272260
-6.617775
2.785301
2.744102
1.871201
3.014194
5.027281
1.265473
0.086217
6.044490
1.839492
0.171330
-2.093198
0.836513
2.170794
5.859127
4.665054
-7.678986
2.304310
1.330789
-3.081851
-0.786300
-1.382252
4.322182
2.446355
-4.046095
-4.350681
0.772367
1.412930
3.636217
0.551453
0.960753
-2.220922
7.555851
2.647548
1.385610
3.905582
5.828393
0.041625
4.691538
-0.266969
-1.502756
-2.110482
-0.767077
-1.152224
0.522795
8.249831
-1.894118
2.268747
-2.233517
-0.248552
-0.902687
1.370556
9.619801
0.354547
0.356976
-3.674000
4.904602
-5.840299
10.379663
6.183264
-2.115268
-0.981992
-2.723619
-2.600169
0.099484
-8.108844
0.651946
4.713445
-0.615245
9.051189
4.411927
4.732758
7.869061
1.657787
3.011732
6.245295
7.259421
-5.904294
5.363514
7.473026
2.939031
4.107073
-0.828335
2.941433
-3.806365
9.109528
5.808073
-8.224174
0.833551
3.137511
2.701550
-3.322497
-5.261426
-0.189577
0.729609
-0.516010
-3.314880
-0.039132
4.576643
0.980188
2.688942
-4.684890
-2.303082
-0.928116
2.915531
1.456836
2.364861
4.433958
-6.316400
1.407212
6.514870
6.105018
-1.759865
13.241754
-2.959543
8.022038
0.776029
1.437895
0.195528
-1.798215
-1.530020
2.138595
3.794782
2.073355
4.141610
-2.103610
2.697289
6.903451
-2.709313
4.018151
-1.953491
7.005178
-0.161968
2.288512
-2.682962
-1.153625
1.113565
-2.503957
2.270679
-2.799418
-4.233564
4.895494
-0.969753
-1.873559
-1.386449
9.648297
-1.162098
2.655437
-0.884659
2.247408
-2.023173
1.917509
-1.016869
-2.736367
-0.416646
-1.222070
6.357931
6.924695
-2.807602
4.607269
4.249038
3.799532
4.134921
0.802012
-0.335568
4.219481
2.004706
-5.733206
0.889413
-2.627876
-2.135365
-1.458900
-3.366330
4.918248
-1.109841
6.460815
-4.890989
8.048089
1.784621
0.982995
6.911293
0.733175
4.827317
0.312033
-0.678802
-1.430173
-1.020819
-4.003654
-3.641915
3.013941
1.448207
0.616186
-0.178093
-4.905107
-0.275554
3.690759
-1.304123
8.399640
-4.403400
2.201344
-0.610303
5.876685
2.567580
2.535128
-4.535074
-2.382577
0.350349
0.880503
3.363157
0.788524
4.655442
-1.344324
-6.130453
11.435724
-3.857634
-2.751792
1.012204
-3.130877
4.779649
7.970248
-4.801146
-0.651268
5.729231
-4.046095
-1.239400
-4.140740
-4.438721
-3.213552
-1.298082
3.610288
0.497872
-3.239074
-4.046095
-2.626188
0.466490
4.581101
6.755667
3.946230
-3.225628
-6.119794
-1.751997
0.523481
-3.050100
4.370987
6.052366
-2.231554
4.842951
2.735120
2.778088
2.760742
3.815789
-1.722950
1.003419
-4.228186
-0.206073
6.139849
-6.979198
-1.123830
8.750736
-0.782435
0.847537
1.757091
6.489831
3.032806
-4.046915
7.865502
3.291101
8.934695
0.411611
6.903355
1.927798
-5.607542
-4.614699
-4.443897
0.980563
-0.801041
1.008831
2.661373
-2.714524
-1.121123
-0.117771
0.657092
1.495940
0.989041
0.785728
-1.235415
4.577568
0.711697
1.344884
-1.037731
-1.250083
-2.217217
1.203922
5.398592
2.608846
3.468152
1.712129
-1.568823
-0.291713
-2.835091
5.614036
-1.884827
0.736777
1.965526
0.523117
3.658005
-0.717559
2.133361
-0.670694
4.349464
8.484632
-4.560052
3.388036
3.485296
0.996147
-0.210709
5.744806
0.612469
3.771054
-2.679101
4.825345
-4.093985
2.576821
-1.120766
1.835976
1.117805
0.939909
-3.663856
5.090418
1.084367
7.299296
-3.749011
-2.300886
-1.655377
1.910794
-3.177251
2.882998
-3.404216
-0.948369
2.140581
0.638195
3.045869
-0.685600
-1.322962
3.533134
-0.943377
6.339851
-2.045269
2.354600
-2.132552
-3.338325
-2.242758
0.784712
1.370353
-5.078739
-2.584670
-2.165566
-3.289904
4.040628
1.879547
1.901561
-0.915403
-2.799891
2.057239
0.947050
3.596298
-6.621258
-1.684683
-0.124013
3.471096
-1.055593
-4.056621
4.524383
5.675152
2.542797
5.645086
-0.898413
1.998444
5.104789
-0.281367
-1.803931
-4.046095
-1.191872
-0.737256
5.047430
2.109569
-0.739773
-4.382669
4.394355
-0.939532
2.253353
5.239166
-4.702548
2.249100
4.909861
-5.148102
1.311332
-1.626005
-1.675176
2.886389
-4.046095
-6.003219
0.327054
-3.189456
-0.733845
-3.863169
3.922432
-1.928623
-1.686414
-4.505610
4.162654
0.443263
0.809568
2.337849
0.256615
1.626689
1.391673
-1.298255
4.036158
-7.776515
0.009752
-0.327248
-1.081364
-5.360554
1.927859
4.858883
7.724492
-2.570630
-2.456177
-4.260192
3.433325
6.134541
-0.759647
0.700975
-2.387676
4.250981
-0.018121
-0.043890
3.018082
2.588440
0.379885
7.257635
-2.512783
-1.621819
-0.428891
2.299969
-1.845847
-4.046095
-3.130442
3.645595
-5.348277
7.589379
-1.825659
-0.275732
-1.759297
-4.477596
4.050436
-1.251183
2.264235
-0.505233
-1.456054
-3.144822
-0.595131
-0.851194
3.408235
1.491650
2.242770
2.245092
4.621302
0.340301
0.245284
-1.400002
-3.292304
-3.819019
-2.721719
-3.371190
6.369099
6.466280
4.575515
0.044598
3.520830
-0.957719
0.708605
-1.427344
-1.561406
-0.209716
-0.624124
-0.989289
0.103166
2.541622
-0.767895
-0.166562
2.402166
2.611164
2.498837
1.384358
-1.191072
-1.532501
4.788802
1.102684
0.346619
1.843569
-0.423335
-3.565307
-0.766857
3.356057
-1.433991
4.483034
-1.461030
-1.212953
2.013208
-1.973550
4.915176
1.811337
1.556568
-0.006212
-1.085648
-2.873145
-0.142422
-3.014441
-1.191038
0.375899
4.580996
-4.073723
7.788519
0.938370
-0.990864
3.030817
-8.099003
-4.046095
-5.456991
2.564629
-2.149043
3.090069
2.446622
-0.951611
-2.212223
2.168506
-4.046095
-2.938742
1.969079
-3.746883
2.160574
2.041503
-2.328220
-3.958516
2.238167
5.852372
-7.107782
1.328756
0.352880
0.936134
-6.617775
-1.253239
0.836202
3.220995
-5.150504
-0.618532
0.324139
3.868881
-3.018776
0.420159
-1.094237
0.491325
2.878195
1.374240
1.822086
-4.662108
4.729786
3.963480
-0.550887
2.878225
0.055707
1.129786
-0.224413
-0.764267
-3.007415
-3.922809
3.999105
2.827496
-0.739034
1.485093
0.707954
-5.792201
7.425957
3.142287
-5.386325
-7.363913
2.658351
2.502574
0.370988
4.745949
-2.041986
0.291939
3.500566
-1.762657
-5.596278
-2.125395
9.821173
5.678208
-0.940881
3.952914
8.814217
0.668469
-2.738954
-0.923940
3.216542
-3.135040
0.389709
-4.595768
0.867330
4.444988
3.901536
3.692993
-2.683346
-3.638542
-0.554363
-1.578016
2.144019
1.301546
1.679294
2.788672
4.252321
7.090124
1.223049
4.138839
1.923434
-2.032298
0.913558
2.179359
3.626446
0.641634
2.573498
2.760977
-0.075066
-3.890940
-5.501619
3.572153
4.744885
-6.204976
-1.063847
-2.655419
4.318624
2.680556
0.588289
-2.726664
-0.046871
-0.277726
-3.481738
-1.301395
-1.575462
-3.358452
-0.078136
6.718715
-1.495015
0.452294
-7.182074
-1.772205
3.326303
-0.721934
1.568935
-1.169095
1.233654
-0.689649
2.585686
5.562045
-4.182627
4.185801
1.644659
-0.530949
-7.188919
2.091968
-5.938088
8.984716
1.614782
0.452456
-0.738034
-6.617775
-0.755388
6.129325
0.408602
-0.518875
-3.366575
7.306249
1.276699
0.351413
1.729012
7.161211
-1.826429
-1.231985
0.099685
-3.604250
-3.641443
-3.217838
-1.526959
-1.290185
0.769986
3.061609
-5.728884
-2.070061
-1.750607
10.562227
-7.434021
-0.520951
-6.537591
-4.966866
-2.304234
6.260604
-1.973781
1.889099
5.179959
-3.987638
-2.143113
-2.868984
2.944975
5.557929
0.143878
0.418976
-0.663012
1.249319
5.855469
-3.875008
-3.834608
1.138660
9.052928
-3.121905
2.790242
4.276886
0.568974
-5.841800
-0.797979
-0.999749
3.287185
4.844772
-1.351933
5.058117
-0.387673
0.064233
-3.531425
1.718441
0.631936
-6.061830
-5.389757
4.488581
-4.046095
1.712685
0.054670
-3.111357
-7.645216
3.588810
-0.572972
-2.653177
2.283396
-5.809647
4.948827
3.588084
2.810808
-6.658360
-1.104777
0.440182
-6.617775
0.021916
-1.441343
3.595858
-2.081214
-2.865880
3.738612
2.850274
2.101707
-0.148653
-4.279140
3.364066
9.103969
1.657774
-1.753733
3.645783
2.866599
-4.046095
0.162731
2.842666
-2.416504
1.738151
0.041076
-2.841025
0.251952
-3.951955
-5.591348
0.507711
3.109827
-5.318903
0.614642
0.170270
-5.426442
0.465250
1.065701
-2.314833
-2.650277
0.451086
1.345946
-0.967720
3.239779
1.090446
-5.241063
1.309482
2.869081
-5.211933
2.308168
-0.396366
4.843260
0.068665
-1.268383
0.664150
4.611605
4.748802
1.399538
-1.787006
5.540194
5.931722
1.287694
2.090331
1.801220
-5.377395
-3.081606
-2.863274
-3.623349
1.201299
1.620786
3.688360
-6.944284
5.082770
-1.492645
4.366521
-0.365493
0.195513
-1.546280
-1.011200
3.645675
3.184903
-1.485972
-4.993190
1.029306
-0.007544
0.793046
-4.151757
-2.398150
-1.184770
-0.243740
-6.959652
5.424670
5.793383
-3.235309
-3.907031
-0.899453
-8.125931
1.399919
0.996879
2.261091
0.984530
2.009852
-1.802333
3.428864
5.563894
-0.200891
-1.600712
-0.325093
0.866318
-2.058494
-2.153235
-4.002323
-0.014285
0.163098
-3.563051
-3.954158
-5.121178
-2.281912
4.196784
-2.382760
7.579784
0.857239
2.576437
0.173425
0.928875
-2.562811
-0.831026
6.210716
-2.267453
-2.519131
-1.266065
3.219194
5.172200
1.265428
-3.442800
-2.390013
4.480850
-1.741369
5.874963
-0.083753
-0.690836
-1.886705
-3.044992
-4.231546
5.578225
-0.753967
0.222347
-0.636199
2.512342
-1.126174
-5.876012
-2.513884
4.543686
-7.622551
5.606350
-3.216554
-5.082058
1.512393
5.858252
-4.052700
3.887470
2.623482
4.304056
-0.562895
-4.510820
-0.212306
3.878583
-1.131844
-6.265800
-0.508120
-3.177251
2.476576
2.543726
-3.983315
-6.664718
2.606350
4.160067
-1.909514
2.718381
-2.571550
3.798006
0.401438
-2.643327
5.890213
-1.701250
-0.044125
0.266525
-1.844519
-3.464411
-0.111879
1.797054
0.012402
0.015549
-0.873001
-2.009266
-0.288092
-3.285083
2.416464
2.292858
0.968475
-0.032038
3.030468
3.802812
2.761788
-5.715882
-0.408566
-2.548862
-5.731673
-0.975866
-0.269140
-3.177251
2.333390
-0.918145
-3.756748
-3.069082
-0.170793
-1.524353
3.713927
-4.124185
1.344531
4.050411
1.857553
0.221878
-5.021295
3.648976
-0.754191
-3.987072
-4.085474
-1.818500
0.507355
-4.686483
-0.532099
1.641299
-5.214084
-1.314274
-3.710507
-0.846432
4.803110
-4.568003
7.128002
-0.489891
3.059292
-5.099560
-2.715281
-0.362187
-0.753376
-1.655251
-3.233543
7.563215
1.494372
-0.905547
-1.471301
-0.502585
-1.694194
-3.168904
-2.674056
3.199555
-3.046910
-1.656821
-0.255056
1.601019
-0.668307
-0.574728
0.999403
-0.073195
-4.273479
-2.364274
-1.643178
8.188497
1.036441
-1.751513
0.455654
0.536397
-6.165781
0.868213
-1.862142
3.048553
4.791809
2.411404
-5.341678
-7.624666
-0.669227
-5.766699
2.362711
-0.047785
2.178815
-1.914417
-0.499940
1.000602
-0.624758
1.073465
6.253229
12.029072
1.776338
0.818790
0.694410
-2.080415
-3.208159
-3.947387
0.604465
-3.783078
7.848506
2.046042
-4.846280
-1.835547
-3.585350
0.955117
4.359080
0.855723
-6.884852
4.138528
2.246399
7.245047
-4.144081
3.947375
0.896564
-2.099047
5.047836
-1.034813
-2.926062
-4.308838
-1.392228
-1.055613
-2.353978
-5.833811
-0.822348
3.516489
-4.429226
2.160489
-1.114919
-1.066746
3.316994
-0.138564
1.084813
-3.230797
4.337458
2.862212
1.340071
1.085901
-0.144403
1.420319
2.030697
3.611814
-1.937215
-1.414060
-6.703799
2.126641
-4.046095
-0.291298
2.740459
-0.740885
-0.491980
-0.615416
2.442175
1.967072
2.175900
-0.862512
-1.718801
2.266049
3.696539
-5.633891
-0.419491
0.914440
-0.962030
6.852621
-0.980739
-1.011807
5.268720
-4.679957
-0.981486
-4.853475
-0.688929
-5.157909
-2.102448
0.717118
0.754619
3.265829
8.533204
-0.065187
-3.760103
-2.045446
-6.333193
0.189286
0.365623
0.957035
3.919421
-4.649891
-6.406049
1.395649
-1.173378
1.338397
5.410175
-2.088977
4.671059
-6.617775
1.941686
0.872375
-2.180052
11.080675
2.428789
1.288559
1.425130
0.294099
2.765821
-1.213410
7.033591
0.752044
-1.818272
-0.229454
4.846631
-3.189540
-1.803549
-0.771946
4.447824
3.145570
-0.195111
-2.871354
-2.259040
-0.937364
-0.176273
0.800067
2.403494
1.614106
-0.949152
2.742652
0.893859
-0.027916
-2.102091
7.492373
3.890242
4.426202
1.338483
0.172009
-3.177251
-2.302251
-0.560004
2.907568
2.169812
1.326035
-0.801337
0.403083
-4.060382
1.179981
1.226320
-2.061203
-0.610997
0.824984
0.510387
1.138694
2.851887
-4.046095
1.498487
3.870274
-2.488142
0.683165
-1.024704
-1.069812
2.126863
1.827766
-1.269162
-2.359958
0.446209
-0.421806
5.207114
-5.287498
1.974298
4.425138
3.334967
-2.204862
1.234823
-0.637013
-0.747271
0.920732
4.015163
4.220179
0.976795
-0.936876
3.232287
1.343859
-0.495178
1.427663
4.813678
2.489264
1.292351
-1.197210
-1.157410
-2.547132
5.123123
-3.003964
0.766153
4.660932
1.698683
-0.544495
-6.617775
3.375087
-0.121613
-0.415443
-3.900035
-0.735517
0.142627
3.504142
-1.187066
-2.901530
-2.410587
-2.486032
-7.947426
2.139900
0.895949
2.053399
0.163725
1.510464
-3.203197
-7.864750
-5.855162
-3.256722
-0.557239
2.450117
3.329956
2.315420
1.965558
0.577649
-0.589157
-0.340424
-2.326020
-1.881598
-2.553587
-0.490604
3.206342
6.115549
-0.866826
3.278807
1.185273
0.820832
0.432693
-3.557618
0.752092
-6.286389
-1.642580
-4.752514
0.538489
-0.122799
-0.081981
-1.961899
8.598240
1.598941
5.638348
-0.785827
-3.905799
-1.384804
4.426542
-2.064401
-0.323107
1.129808
1.261334
2.221766
4.066017
1.300703
-6.159279
1.944943
-2.857656
0.662004
-0.575069
-1.676092
0.711033
-3.810051
0.077420
-1.051809
-1.385001
-0.431535
1.608905
-7.909464
0.830901
-2.702335
3.732980
0.178564
-6.514110
2.400794
0.242783
1.003542
0.071445
2.024582
-7.424582
-0.860342
6.332344
-3.809979
2.431458
2.931095
2.185674
-2.462173
-1.332035
-3.951309
4.939722
0.023190
3.166182
-2.188456
1.427553
3.586404
7.815790
8.596842
-3.659151
-0.144494
3.204895
1.249973
-2.076683
-3.448529
-2.729343
0.209480
-2.758073
-0.484964
5.579832
-5.864267
2.292488
4.178886
-4.758547
-5.456225
1.242490
-0.127147
6.773329
-7.931851
0.644396
1.269800
-5.685372
-2.605695
4.437279
-4.851704
-0.341967
0.526452
-1.395120
-0.634924
-0.965356
0.482655
-3.494690
-0.062546
4.075872
4.586950
0.897997
-0.582359
0.390922
-2.222074
2.491601
0.254850
-1.207936
6.686830
-3.109779
-1.235579
-2.643912
-0.378058
-4.816542
-1.126566
1.957299
0.255535
0.045116
-2.183854
-2.874780
2.113161
-0.716143
1.506015
-0.632562
-2.799807
-0.363826
-3.187528
5.106669
-2.497827
-2.278411
1.042457
3.343689
-0.845208
1.650364
-4.258196
3.146164
0.561647
-3.250463
-3.130442
-0.417754
-0.249683
0.369569
6.025521
-0.530778
0.136203
2.362287
2.751361
7.278165
1.800928
-4.960432
2.351315
-2.342237
0.257922
-2.469168
0.296462
3.650753
-1.540958
4.465693
-1.373517
7.066925
-0.151306
3.794188
-3.222748
2.016851
-1.342323
4.164468
1.661890
-0.735617
2.276152
1.373541
-1.772717
5.351051
5.004842
-3.610235
-0.939098
-2.712961
-2.693930
-2.840938
3.493093
6.408114
-3.654117
10.525240
0.011778
1.915185
-1.741611
-2.316714
2.310623
-1.246724
-0.712248
0.114977
5.061404
3.092444
-0.822741
3.033782
-0.294429
-1.220837
-0.656363
-3.118998
-1.599070
-2.848890
-1.209362
-4.017705
-3.537157
-8.396212
0.471374
-1.132888
-2.341114
-1.937397
1.279407
-0.054055
0.533283
-1.043938
0.452502
10.413667
5.673386
2.102926
9.724694
0.437399
0.203986
6.477904
-2.964973
-1.726398
-2.883873
0.687049
0.045506
-4.405369
1.641870
-4.244503
1.171295
-2.458464
-1.630239
-5.214767
1.632903
1.451403
-1.604135
-1.150420
1.422499
-0.129808
4.486398
2.691376
5.232460
-1.554181
-2.966807
3.011441
2.161795
-2.978653
-3.165543
0.711115
-3.991340
0.392312
-1.054193
1.353547
-2.445927
-2.330613
1.416174
-3.943048
1.730954
0.536729
0.723155
-0.365231
5.492308
1.953827
-4.322173
2.472584
-5.993917
1.753849
1.349329
7.225019
-1.565384
-4.713804
-2.556752
0.051686
0.336075
-0.474895
-0.886390
-1.611431
9.306959
-0.529504
-0.327101
-0.974705
4.857919
-1.582675
-0.166246
3.165699
-0.015393
-3.130442
1.099886
4.269688
3.136997
-3.002817
-4.531011
9.960987
-1.484318
0.630451
2.314896
5.132902
2.110422
-3.935166
-2.769337
-2.909746
-2.579424
1.601236
-0.893312
-2.914609
3.186370
-2.380188
0.111624
1.248487
-1.062746
-4.210910
2.291261
4.476574
1.709297
4.001938
-0.236848
1.666785
1.377989
-2.689233
0.080647
0.617906
-2.878120
-2.000369
-3.177251
5.629931
3.946188
6.501015
-0.115171
-6.617775
3.118230
-2.674097
-5.096196
4.824673
0.689751
-0.625710
-0.389256
3.432201
-1.156799
-1.741560
-1.994033
-5.617544
-1.318620
-1.018912
1.905994
1.467194
2.578666
-0.916224
-0.548933
-3.120781
3.350446
1.785666
-6.303154
0.995625
3.837868
1.459074
0.011027
-2.784573
-1.772555
2.327417
0.974030
-2.507592
-7.488795
-5.617789
-2.756563
-0.267237
6.207122
1.718798
0.581378
3.175267
3.130358
2.980816
1.866792
-3.703131
-0.052392
1.294384
-2.757607
2.744174
-0.593046
7.121850
-4.887105
1.860271
-4.582560
3.199143
-0.547225
-3.207878
1.614162
-1.168908
-1.656557
-4.155275
4.391686
2.521843
2.005666
2.586432
-0.678632
3.644422
-2.792550
4.081989
-3.750751
2.826309
-2.356039
-3.638853
7.285099
-2.415175
-1.376534
-2.814069
-1.537107
1.011884
-3.457211
-1.991755
-1.100457
-0.046322
1.070983
0.995066
-3.177251
-0.428204
-0.273800
4.394123
-0.745409
3.458219
3.381392
2.736837
-2.239920
-0.652140
4.009793
-0.693866
-2.868773
0.902010
4.716488
0.323768
2.564558
3.468929
3.050182
0.766844
-4.254776
3.940098
4.685653
4.938818
0.908519
-1.906575
1.203043
2.940949
-4.046095
-0.769026
0.210983
-2.610678
1.332086
1.750743
-4.301254
-2.965401
1.407706
-4.918501
-0.907519
-2.011742
-4.934770
-4.258099
2.523293
0.440193
-0.679474
0.210422
0.794684
-6.896230
0.873538
-4.355600
-1.103093
2.600215
-3.028446
-4.148519
-1.189311
-1.584001
-1.663679
-2.392320
1.433867
-5.021430
0.426899
2.053175
1.229412
-0.638204
-1.532045
-0.192251
5.958672
-0.415912
1.684340
4.889512
2.744922
-2.300514
0.535746
-3.321935
-0.746329
-2.097963
-3.727124
1.225177
-0.396278
-1.250984
2.870204
-3.310585
-5.596880
2.126570
2.211947
1.111622
0.789922
-3.021649
-2.287146
-3.940924
4.257014
-1.149694
-5.710413
2.446651
3.540237
7.865569
1.408431
-1.458956
-3.375888
5.971254
-1.665429
4.291585
6.578624
-4.957243
0.629809
-6.234149
-0.099464
-0.620057
4.482565
-0.298540
2.315049
-1.455642
-5.771132
0.640720
-0.607690
0.278946
5.483710
-3.852963
-3.835438
2.013507
3.513719
4.567050
-0.778759
-2.182037
-4.343059
-1.243449
2.704621
-2.015883
5.601999
2.579260
-5.962796
2.302876
1.351007
1.455153
7.240389
-0.076047
-3.650612
0.993228
-2.440847
-4.617484
2.901964
-3.490189
4.123422
0.617564
0.688156
1.708948
-7.267976
-2.242316
-1.680197
-2.631790
0.334518
1.720763
-0.937036
-1.974195
-1.963697
-3.177251
1.093164
-0.566133
3.862102
-2.835963
5.133523
2.205165
0.243867
4.878437
-3.177251
3.793644
-2.301558
1.975545
1.433880
0.822819
2.325636
-6.538765
0.356700
-2.250283
-1.914052
-2.093793
3.891021
3.102471
-2.923166
-0.235753
-2.399555
2.307566
0.952944
5.054501
3.555676
1.546697
-3.064302
-1.931631
-8.049962
-1.466794
2.807200
1.689355
1.651115
-0.829987
3.057370
-0.506691
3.122230
2.302499
-2.488534
-3.177251
-1.458534
-0.911252
1.157080
1.115626
1.487028
1.198416
-4.573929
-5.203323
2.054642
-3.992090
1.901647
-3.292131
-4.601803
0.840805
-1.391165
3.162283
-0.067137
1.334281
-0.775748
0.701715
-5.414698
-1.565368
0.905236
1.488963
1.965460
1.538441
1.130556
-1.745581
4.825547
1.752052
-2.160272
-2.486493
-0.557647
4.520204
0.321346
-3.876441
0.655786
4.756939
2.483069
-0.511167
0.621034
0.683114
5.680428
-2.026884
-5.871295
-0.060612
-5.250182
-3.146471
2.260672
0.297544
-1.884760
-4.233507
-3.216757
3.192039
-1.708731
-1.032509
-2.101002
-1.788667
-1.543843
-2.819126
0.783301
0.821430
-1.313745
-5.173038
-4.152822
0.706318
3.802507
-0.935449
1.968242
-0.652069
-1.578638
-3.309319
1.683288
2.504148
3.598481
-1.230797
-0.482597
-4.046865
-3.632367
-1.169465
1.327932
-1.434802
-2.642734
-8.074510
-1.177675
0.317113
4.866252
0.023930
-6.088946
-4.894847
0.612492
-4.046095
2.330399
3.487425
-1.687587
-1.295519
6.294987
-2.548366
-4.046095
0.929493
1.824767
-0.435283
5.670349
3.197979
-4.753631
4.379292
0.203377
3.190639
-0.633989
-0.896270
-0.794327
-5.303294
3.382931
5.884298
0.328510
-3.898798
-0.000978
5.129012
0.479321
-3.157133
-1.533579
4.532284
6.731619
0.312086
-2.078291
0.147215
-3.854518
3.850083
0.100069
3.748626
-2.095353
-4.395736
-3.176899
-3.223181
-2.089622
0.051495
0.426928
2.019248
-3.506051
1.205378
0.653782
2.572259
-0.616070
0.228980
-7.206768
-4.046095
3.214369
-5.757671
3.685271
5.245080
7.504507
-4.796930
0.812075
-1.304754
-3.588028
-0.682340
-0.034647
-2.485327
5.287257
2.199080
0.035111
0.155729
-3.481451
4.158403
-1.608380
1.402678
-0.901516
-1.333743
6.522717
5.889890
-1.414559
-2.643209
-4.461576
-2.463650
-0.162551
-1.849814
-4.712567
1.134855
-2.830250
-5.459632
-0.747170
0.784681
-0.852391
-0.321865
-4.150040
-1.850565
0.437967
4.642541
0.395687
3.252911
1.463963
-1.966363
-0.810067
-4.009734
-1.231456
-0.089863
-1.219711
-0.926291
-3.379757
0.387084
3.203918
2.108559
1.317870
0.829329
0.647826
3.059322
-3.631721
-3.109200
3.220811
3.536314
1.056980
2.126544
-2.003773
-0.124845
6.243308
2.114288
2.055726
-2.454643
5.739857
-3.980489
-3.553693
-0.120839
-2.631480
12.940697
5.404814
-0.064282
4.705431
-1.764853
-0.667020
2.612961
0.351813
3.358229
-1.160061
-4.792751
-2.998949
-0.786816
-3.289570
0.494278
-3.114178
1.332814
2.417034
1.991645
-4.046095
0.158329
2.379577
-1.162173
3.448064
-0.432951
1.585131
1.009590
2.553462
-6.257425
-4.611677
-0.360358
0.637512
1.336843
-0.963466
2.626708
-1.950358
-2.590508
-0.618279
2.450506
-2.153627
-6.100352
1.395829
2.560274
-4.694998
5.440506
-0.270417
-1.624045
-3.230536
-1.762185
0.036163
-2.549116
3.854683
-0.720057
0.488490
-0.804512
-1.268270
-1.853233
-2.118305
-2.033430
0.487556
-0.597803
2.089467
-7.058284
-1.363958
1.032388
-8.096266
-4.390764
-6.100638
0.789561
-0.506503
1.147934
2.023373
-1.519521
0.369980
-3.919230
-6.442419
1.315139
-3.510465
-1.078184
-3.723231
-0.199375
1.293102
-1.383071
-4.760967
1.065392
-0.246936
-0.139864
2.546670
-4.715272
-1.069289
-0.793971
-3.214383
-2.107818
1.154174
-5.375529
0.669842
0.927382
-2.065814
1.217665
-2.157703
3.022259
2.129884
-2.418196
3.322877
0.045532
0.458214
-1.862650
-1.928585
1.483022
-6.443488
-0.767876
-1.710534
8.275286
-5.581168
2.388940
4.906565
5.290252
-0.766190
0.794355
-1.844077
-0.186066
0.935409
-0.563211
0.441293
0.292661
-2.592109
-4.983367
0.930246
3.854068
-3.034375
-3.689299
-0.506245
0.194449
-1.201007
-5.982501
2.986989
-5.687244
-3.617474
6.057369
0.629249
-4.330532
3.957249
-0.554090
2.931120
1.318176
7.014872
0.621582
1.581659
1.110679
4.458009
-1.080942
1.363099
-4.005591
0.853223
2.245106
0.482731
-2.165770
-1.176382
5.220722
-1.627208
-2.225209
0.409199
2.782262
-0.977757
3.345710
-2.875860
0.556618
-0.365124
-4.102713
0.626897
2.337111
-3.088394
-4.046095
0.566712
-2.498308
-2.590890
-2.005809
-0.936631
-3.980530
-0.454978
1.883411
-4.046095
5.766581
-0.493987
0.761631
-2.262044
-3.305788
-0.373348
-2.812111
3.596097
6.065379
-5.057917
6.407940
4.013363
3.444718
-4.046095
3.049066
-3.125876
-0.063560
-3.223738
5.136841
1.623423
-1.234956
-4.071304
4.785847
-3.177251
-0.621570
2.183108
6.618408
-3.569784
4.392022
-0.131978
-1.354340
-1.742701
-1.144224
-0.045266
7.698742
-2.686559
6.530242
-1.508478
1.156332
1.094520
-6.848836
2.047410
-1.421537
1.866466
3.661763
0.493062
-3.906185
-0.774021
-0.179996
-3.459445
-2.482308
-1.583450
9.448874
5.938585
-1.003145
-3.676549
-0.935663
-1.601497
-0.684084
-0.589631
1.119686
0.188016
1.149341
-6.617775
7.864599
2.004149
2.049103
2.460233
3.354918
2.241167
-1.906711
-0.232622
-2.326122
-4.954920
-3.053119
-1.524675
-0.669477
-4.320290
-2.411814
-1.763593
-3.119126
5.538074
-3.973665
-3.443213
2.214290
1.722944
-2.912702
2.061979
0.389522
-3.881570
-1.204767
-3.161251
0.197071
-0.091660
6.065920
-0.540883
-5.079817
0.976430
0.653310
2.912691
5.637523
2.538151
-7.122030
-5.385471
-0.448435
4.242821
2.670864
0.445618
-1.715177
1.822303
2.957544
-1.142247
4.196950
0.622495
-0.555113
-0.818776
-0.154958
0.993073
-1.252275
-9.304739
0.739298
2.134933
-2.039104
-3.073233
-4.704282
1.088909
1.328621
-2.730858
2.919368
-4.036884
1.483203
-3.721722
5.004617
-0.949368
-1.132092
-0.390233
2.308577
-1.382215
-3.127225
0.613191
-5.049166
-2.652694
0.953026
2.967614
3.998284
-1.019475
-3.352260
-2.246901
0.416502
-1.626501
7.749744
-4.825950
1.357342
2.318137
1.075919
1.523773
-0.798123
-2.212500
-3.510884
2.216071
0.336727
0.090858
-5.117440
4.430243
-2.941158
-2.997740
2.254711
-5.357393
1.444901
0.432449
2.980970
1.901396
0.224104
-3.222157
1.099160
4.765221
0.720954
0.317091
-2.548026
-1.003311
-0.318698
-3.558718
0.170307
0.501699
-0.310156
-3.557805
-4.177352
1.631771
-0.378139
5.086418
-1.637022
-6.461361
-3.375421
-5.621554
1.395718
4.637995
-2.413777
-2.477888
-2.011950
-0.900427
3.342511
0.430142
0.605690
-1.426853
-0.510491
-3.055984
-7.194533
-2.729527
0.608146
0.162004
-1.030318
-0.579178
-1.652178
-3.354689
-1.361967
3.783925
-0.076079
-2.430037
-0.966155
1.866015
-0.652527
7.746073
-0.808897
0.527181
-2.845562
-0.806094
-2.645645
2.989379
-3.382060
1.546895
6.023504
1.402422
-5.145656
2.027606
-5.799933
0.491780
-1.509089
3.635577
3.195621
-3.223749
-3.038553
1.035219
-3.324557
-0.795279
0.651176
-4.520934
0.958720
2.353881
0.042039
0.231358
0.712107
0.915814
-1.054582
-4.415531
-2.165528
-1.516135
-2.385529
2.854858
3.050961
-1.387679
-1.110450
-7.618938
-4.729701
1.307199
1.213943
-3.991508
-3.696806
-5.833599
0.238576
2.136137
-2.860338
-0.305508
-0.418430
1.248600
-5.073482
-0.208141
1.293533
-3.403274
3.659012
-0.962149
-3.660711
-0.555782
1.238776
-6.265889
-1.612907
-3.343828
1.701742
-0.197532
-4.760571
2.842808
-3.944329
5.692560
4.094233
-2.717070
-4.741121
-2.984459
-3.177251
-2.169777
2.094411
-3.438740
1.708141
-3.870918
-2.081358
0.851692
4.271405
2.663253
-2.274751
1.649619
-1.506761
-1.753934
-4.583246
-2.949000
0.874815
5.669155
6.826984
-4.252511
-0.480186
-0.318171
-2.873100
-3.130442
0.642408
2.806581
-1.033683
-1.656416
0.639172
-1.173536
-1.644613
-1.607205
-1.324895
1.055923
-6.134612
1.621151
-5.169951
1.114902
3.848261
5.506598
0.461048
4.755465
-2.967776
0.775651
3.473284
0.549637
1.596177
-0.282549
0.131434
-1.026129
1.123569
0.348391
-1.147075
0.715185
1.107265
0.563086
-3.825939
2.120934
0.412327
-1.480367
0.842592
-3.838685
5.298332
0.322125
-1.703613
-3.125147
4.790766
-1.264732
2.573243
-3.560538
2.780313
2.146908
-1.235776
4.222712
2.316927
-2.671857
0.988678
-2.198496
-2.863056
-0.813753
-0.237137
-6.683600
1.319516
-3.746495
1.164162
1.236763
5.321768
3.520428
2.833524
-6.617775
-7.947742
-4.159035
1.177635
-1.926766
-0.713958
-2.885866
4.260020
-0.926852
-4.433828
-2.068747
-5.151209
2.027444
0.980805
0.270864
-4.622260
-3.849053
-3.103576
-7.575729
2.299011
-5.543804
3.058435
1.539461
-2.511009
0.833651
-1.288897
3.518456
0.943736
3.462546
2.034884
-1.698222
0.771397
-1.321288
-2.977574
0.172134
-1.584435
0.793719
-2.579052
-3.655563
-4.355845
1.579792
1.428806
1.220022
-2.914670
-4.993869
-3.425804
-0.679636
-1.289122
-1.608639
-0.252984
-1.170860
1.394269
0.638344
-2.967984
-1.078655
1.660246
-1.320198
-0.003958
-4.546593
3.619713
0.408229
1.534403
-4.073002
-2.260745
-0.819225
-4.650665
-7.168945
-0.777383
2.051197
-4.046095
-3.589077
-2.303776
-1.704198
7.393076
2.690497
3.481188
5.138661
-0.750864
-0.050280
-1.257685
-3.177251
1.989153
-4.783277
0.219774
-2.885441
3.211067
-1.474850
0.830366
-0.953918
-0.059845
-0.481140
-3.941788
-1.360250
1.294111
-2.463077
-0.361899
1.823793
-0.026412
-3.432891
-4.046095
-0.616600
-3.177251
-0.181302
-1.772920
-0.930216
-0.952310
3.105403
2.009574
-0.976024
1.886743
7.997284
-0.855585
4.250246
-1.067514
2.560255
-1.334900
-7.521451
-0.125588
-1.707581
-3.290367
1.143112
-4.610049
0.394662
-0.982696
-6.484055
-0.972795
1.151943
-4.459581
0.602441
-3.028673
-5.316781
1.218873
1.481545
-0.416545
-0.647635
1.641058
2.574200
-0.650798
-3.177251
-2.063670
1.210743
-0.792931
-2.504910
-1.409424
-0.980866
-0.105656
-6.208144
0.026798
-0.081799
0.388742
2.070161
-7.384834
-4.698910
4.549035
-0.091537
-0.026407
-6.572614
2.833825
0.766627
-2.462257
5.107168
0.477583
-4.537917
-3.549028
-0.662022
-1.017562
5.165658
5.936161
1.731850
-0.213516
3.227994
-1.392553
-0.382706
-2.200747
-0.450949
-1.289040
-5.425465
-2.621464
-0.892917
1.902388
1.931823
5.544152
2.289020
3.447974
-1.521335
1.931038
-5.400953
-0.600142
-2.169609
-0.140404
0.494740
2.767266
-0.765536
-1.460091
0.277928
-2.096310
-3.385430
0.822770
-0.739361
-3.481647
5.318693
4.808725
0.697127
0.827443
-2.436246
-3.801909
-0.165573
5.045380
-0.621187
2.072265
-6.297780
-0.993230
-6.617775
-7.668047
2.612100
1.641359
-2.148009
1.054601
2.408417
0.114374
0.427829
-4.449140
-1.542463
2.496093
6.603352
-1.420042
5.452932
-2.562430
-8.706612
2.071888
-0.241098
-2.531128
-2.044420
-4.755990
0.308816
-0.600310
2.745918
1.916907
-6.362006
2.154967
1.744301
-1.359579
-6.617775
1.774748
3.249746
-2.360930
3.454737
-0.908815
-1.099568
-9.103277
-0.747168
-3.674292
-4.166284
0.991360
0.837546
8.724810
-4.634059
0.907825
-1.517267
-3.113152
1.538994
0.992825
6.444803
0.844415
2.815548
2.598499
0.102316
-5.277556
0.247407
-1.160307
1.497652
-2.476255
0.780089
-0.546484
1.335168
2.053939
0.818816
4.567166
5.284601
1.603999
-2.271488
-2.500774
1.546258
-1.460648
0.376529
9.650316
-6.309027
2.089272
-2.358889
5.266624
0.533937
-5.688634
4.901740
-3.130442
-1.266214
0.133934
0.706326
-4.046095
-2.812641
-4.268425
4.687518
2.552238
7.810355
0.516678
-0.641380
2.561926
-3.583573
0.831307
2.641907
-2.294944
-2.435069
-2.812590
2.125477
-3.359647
0.079585
1.546244
-4.410934
-0.396862
-7.445251
-0.787741
1.739717
-0.641323
-4.413360
5.297895
1.210459
0.163118
1.798612
-2.578798
-3.614713
1.443522
-2.455208
3.186366
-5.891138
-2.663346
0.729332
0.404487
3.222818
2.301747
-0.318568
-2.358459
-1.100758
-1.891717
-6.617775
-1.875078
-2.497312
1.057077
-2.457989
5.956901
-2.412729
-6.241669
0.834695
-0.400761
5.692732
-1.759342
0.881491
-1.110590
1.350543
1.143996
6.745265
-1.438150
-5.414495
2.367859
-0.566160
1.087392
-4.728726
-4.783716
5.834928
2.115508
-1.266466
1.581477
-4.580651
-0.442649
-0.772262
5.211123
-3.383692
2.528623
-2.811514
1.687472
5.480658
-2.868120
2.107546
-3.254064
-5.392811
-3.642425
-1.700727
-3.095591
-3.807015
-4.402895
-5.527851
4.178677
2.822006
-1.862197
3.127662
1.694016
-5.360189
-0.984314
-4.728403
-2.526112
2.517236
0.248444
-0.287040
-2.839904
-2.408951
0.586789
3.491468
-3.902895
3.176733
-2.869618
0.398212
-0.930252
-2.758682
-2.247800
-2.366051
2.741666
-1.983575
-6.556169
0.401323
-0.621427
-3.100103
0.945183
-1.931496
-2.434521
4.278931
-0.767651
0.584110
2.358980
0.866875
5.752667
2.815820
-0.216495
4.268743
-2.546779
1.517745
-2.673661
1.074835
-1.090233
1.830043
2.306067
3.254502
6.147269
3.293703
7.830422
-2.419545
-5.338967
-2.354038
3.539947
0.930494
0.921746
1.676298
-0.012490
1.934235
3.764041
3.403627
-1.300489
1.232052
-1.370735
0.516323
4.348120
2.142803
-4.380752
-4.046095
0.984551
0.116103
-1.229300
6.365594
-0.151962
-1.411146
-0.527253
-2.334262
4.755896
1.200980
1.400715
-3.177251
3.194818
-1.814034
-4.695052
5.419357
-1.484130
-7.589944
-0.549691
0.036975
-5.183563
-0.719424
-1.733171
-4.158863
2.931472
-2.144960
-3.396456
2.044621
3.717031
-2.605976
-3.714472
1.906465
-4.556549
0.161839
5.320335
1.237617
-4.703383
0.771082
-1.511789
1.145402
-9.721612
0.660681
-6.382296
-4.906248
0.444857
-4.321363
-1.509730
1.572178
-5.973111
-4.521948
-3.177251
-0.147267
2.979445
-2.096406
-7.820016
-0.017801
-2.235273
3.307211
0.633398
0.105660
6.452963
-2.225353
1.718905
-2.253678
-0.080426
3.503330
-3.135583
-3.546888
2.133594
-0.034495
0.336054
-0.613504
-2.120391
2.397307
-0.819137
-0.279561
-5.323841
-0.964849
-0.438200
4.389641
-3.381670
0.299135
0.597198
-2.290475
1.854458
-1.173123
-4.725824
0.411201
1.172394
-1.661585
8.735815
-4.467587
-1.076365
-3.010810
-3.210999
1.090045
2.878956
-2.022764
-0.390278
-1.554725
-5.037462
2.882383
3.760641
-0.195724
-4.461390
-0.748970
-1.455023
1.346658
4.265457
-0.731400
1.955538
1.458456
0.520965
1.514977
0.638358
3.810479
-2.381609
2.898605
3.135562
-0.083210
0.358625
-5.273554
0.933619
-2.536074
-4.095705
-5.894741
5.360113
3.563279
4.005155
0.192497
0.430629
-0.966308
-1.565583
2.291756
1.085658
0.838846
-3.848260
4.411511
-1.576612
1.785995
-1.676249
-1.244260
-3.985218
1.271385
1.737183
0.334770
-2.210793
-1.579135
3.486557
0.198596
0.302608
-1.811614
-2.401088
-2.254611
-0.297765
1.685262
-6.612769
-2.223555
2.611140
-0.674733
-2.207432
1.314032
-2.268340
-2.371778
-2.023426
-4.506321
-0.229932
-2.116135
-0.793912
-0.803589
-2.504694
6.515192
-2.861670
-3.106667
-3.576189
1.274213
-2.865643
2.267198
0.911532
-3.616179
-2.702210
0.508116
-0.159467
-2.026548
-2.364328
-2.129050
2.767236
0.765541
-3.874500
1.752736
-0.006530
0.105232
-4.649940
0.996753
-2.055413
0.165764
0.057313
-2.079413
-0.520716
2.145995
-3.665174
-6.069792
5.498858
-3.355151
2.805581
1.320408
7.023038
5.642782
-2.377420
-3.413630
-5.635746
3.019258
0.302086
-1.023123
0.863956
2.568941
-2.207113
-2.576819
1.212322
1.094161
-1.986714
-6.616592
1.954725
-2.529833
-4.349807
-2.371337
-1.313500
6.891537
-0.405800
0.584738
-2.606024
-5.974604
1.340994
0.554657
0.157543
0.325820
5.051725
0.679950
5.125487
-1.639630
-0.379169
-5.209182
0.733737
-4.152020
-2.221795
-1.210221
-0.372087
0.134192
-2.669409
2.703192
0.470124
3.244659
-3.148194
-0.824748
-5.502037
-2.983302
3.069674
-3.481098
-2.076439
-0.916120
3.856937
6.457104
-2.271023
1.695690
0.701829
0.922254
-1.243869
-4.526916
-0.702427
3.026445
-3.362432
1.046119
1.652890
0.463742
0.521404
-3.852806
-3.177251
-3.260391
1.074078
-5.775949
-3.220238
-3.694948
1.429388
-5.712248
-0.607595
-3.391895
-3.140548
1.876968
3.118433
-0.270027
1.794600
-1.252766
0.369831
0.286200
2.829515
-0.392091
-3.228747
1.559289
4.556916
-0.868072
-1.502193
2.862643
1.832771
0.986125
-0.541774
0.838673
-3.407463
-6.512073
-2.678373
-4.791321
-5.717817
0.561524
4.891201
0.745510
-3.288436
1.215074
-2.201503
-8.880161
-4.280913
-3.177251
-0.684083
1.568283
0.871837
2.881299
-2.964384
-0.202169
-4.384658
0.214514
3.037185
0.396643
1.927662
0.707259
0.551399
-1.455967
-0.832721
-3.044132
-3.916748
-1.114683
2.055687
-0.138081
-1.989526
-4.041494
5.188108
-4.046095
-1.703938
1.029194
0.004888
-1.603832
0.487818
3.544001
-0.383631
-3.572211
-2.368533
-1.055599
0.481922
-4.566128
4.947978
6.895121
-3.391488
-2.024318
-0.541329
2.627865
-11.863536
-1.408776
0.097459
1.593241
1.376076
-5.766668
-3.438966
3.685749
-0.554571
-1.186734
-0.966996
2.641090
-3.405041
-0.284953
-3.474738
-1.470520
-5.380108
1.770885
-3.168312
-0.668765
-1.801975
0.260657
4.104996
-4.323687
4.264719
-1.851725
2.723707
-4.031310
-0.878674
-1.857015
-2.149603
-4.927316
1.597142
-5.217999
-0.328576
-2.837889
5.918768
-2.498105
-0.997853
0.426699
-1.946066
-0.942072
2.862957
-2.526711
0.720110
-0.167673
0.843872
-1.739717
0.082708
3.908045
-6.122396
2.843746
-3.075123
-4.939646
-0.717974
-1.432145
0.522791
-3.448152
0.698784
-4.907382
-6.705471
-5.043926
1.592619
0.893471
-5.029476
-5.538777
1.903335
-0.689660
0.292811
2.641488
-1.605145
-0.615323
-0.880408
-5.621794
0.897390
2.224784
1.824146
-0.644051
-0.567494
1.147199
1.471329
1.336351
-0.317738
-4.498665
0.618168
-1.897114
-7.018390
-0.432751
-6.220674
0.877738
2.048210
-2.064114
-1.919634
-7.224378
-1.979462
-2.484684
-1.017955
-3.233623
2.771140
0.051298
-3.705029
-4.098029
2.772878
-2.965069
5.891791
-0.704355
-4.723523
1.127131
-0.341945
-0.702024
2.142043
-0.474226
-0.456761
2.393934
2.106136
-5.222304
-2.186691
-1.689428
-3.097347
-1.867411
-2.188563
-5.778737
2.532923
-1.572596
-0.739299
3.666182
-2.689237
-1.685031
-3.921184
-0.952291
-3.574492
-4.291751
-0.541318
0.778061
-3.793572
0.905304
-1.035135
0.968425
-7.236610
2.635647
0.250505
-1.760159
2.591082
-3.279107
1.415461
1.376813
-0.451212
7.840341
-2.761761
-1.024754
3.077672
2.018408
-4.726541
-2.041200
2.155973
2.561299
-6.343138
0.239088
-0.673040
1.348069
0.278174
-2.209259
-4.023499
-2.267138
-0.706405
1.306485
3.576916
1.459210
0.295685
-1.658479
1.189978
-0.938138
-2.171370
-1.363566
4.624192
3.663854
-0.489848
-3.649080
0.353624
4.406816
-0.364675
1.733485
-0.861476
1.608787
3.764139
1.618287
-0.297663
-3.516071
-2.663417
-0.973022
0.361980
4.463438
-1.470165
-3.809786
1.547429
-2.881216
0.029130
0.282367
-4.852858
2.643238
3.636255
1.242764
0.233079
0.476733
-0.584307
-5.089694
-2.420746
-1.838166
0.567228
-5.252227
1.793900
-2.885408
0.767562
0.123408
-0.969359
-1.028841
-2.629086
-6.451736
-3.120176
-4.585546
1.856356
-1.046559
-1.141998
-5.111123
0.821049
-4.046095
0.620232
-2.652533
1.638303
1.323071
-0.497521
-4.407347
-2.937768
-2.282528
-1.609972
0.164815
1.801102
-5.952029
0.368467
0.385914
3.052526
0.796005
-5.345062
4.961055
0.320959
-0.435400
1.104238
-3.177251
1.990613
2.390365
-1.177186
3.643534
-0.802774
-4.919449
-0.494000
2.308095
-4.978388
-2.603350
-0.302457
3.228935
4.248878
0.569924
-3.666534
-0.864302
-7.004453
0.883527
-2.013216
2.614655
-2.557728
2.792568
-1.586147
1.166500
1.465166
-2.268536
-4.882028
1.845997
-2.228356
2.771739
0.442723
-3.195938
-3.884736
-1.452003
0.862898
1.523668
-3.573581
4.253065
-5.076031
-2.522257
-1.813606
1.294281
4.049651
3.745561
-2.726558
1.469035
-2.091081
-2.365498
0.028659
3.339524
-3.676895
2.995405
-1.190854
-0.098081
-3.023649
-2.743614
0.026302
-3.559145
0.786468
-1.767459
-5.537181
1.755123
-1.820127
-3.368685
0.922892
-0.423145
-1.097017
-3.446233
3.883986
0.899106
0.022621
-1.018522
-2.421531
1.727820
-2.041252
-4.920220
1.204126
-7.690429
-5.837350
-2.963330
-2.505571
-7.777815
-0.275351
-1.066618
-0.171021
0.659885
0.722456
3.695486
3.153234
-1.725115
-4.385468
-7.807137
-2.698116
6.496354
-3.732001
2.101524
-1.354138
-0.938514
3.496251
0.851045
2.687494
3.480857
-0.697124
-2.735931
-4.520370
-2.634367
-2.150503
-2.523097
5.185148
-2.133150
3.943777
-2.622890
-0.110478
0.711845
0.847496
2.157115
2.186769
-4.348229
-0.647270
3.811925
-3.177251
1.558964
0.493862
-1.467288
-1.399718
0.326855
2.285725
-4.627639
0.186541
-0.991851
-0.343338
-6.470125
4.241796
-2.497592
-2.905551
3.343246
1.116940
1.595261
-6.617775
-1.802382
0.278060
-0.198298
-6.525172
3.298916
-0.327990
5.764285
-0.233896
-3.524329
-3.287612
-1.032002
-1.000458
-6.102070
-0.912460
3.086026
1.049513
0.042630
0.105984
3.266692
-1.698930
3.241658
-0.500829
0.847554
4.535616
0.649868
1.982092
-2.026847
0.867266
-4.153242
-3.709985
0.132049
1.896046
4.691909
-1.340902
2.492047
-5.258963
-2.897810
-0.505180
6.938171
-0.860803
0.400136
2.435755
-0.016181
2.031163
0.138863
-0.172275
-1.451586
2.281833
-4.093713
-3.134454
-1.067178
-2.755112
1.883420
-4.102041
3.012038
-0.547606
0.677057
3.144332
2.310772
3.569569
-0.756947
-6.209968
0.185045
-3.178268
1.471129
-0.255190
-1.130614
0.079754
-1.012753
-11.673286
-2.990122
3.482544
3.684983
2.357855
-1.491775
-2.486951
-5.557588
-1.966923
0.835326
1.605970
-5.991689
-5.129926
2.598859
1.272290
3.603875
3.283672
0.113579
-5.759105
1.399059
-3.560295
-3.305140
-1.566144
-2.265726
-0.883915
-1.977309
-0.294946
1.404548
-3.137957
1.029135
-1.895956
-2.843165
2.669174
3.156175
1.820037
1.328310
1.541777
-0.382008
-2.831807
-2.414109
-7.399166
2.343813
-3.846930
-1.426339
3.512818
1.040197
-3.261924
-3.309384
-1.056247
-0.528535
-0.668391
0.737520
2.189057
3.851430
-0.252633
-8.256680
-5.394935
0.055067
2.928960
-1.188993
0.076569
-2.628952
0.953960
-1.068010
-1.075209
-0.668550
-6.255578
-6.617775
1.513077
-1.298896
0.474544
2.046861
-1.027882
-0.840303
-3.789150
2.051413
-0.124262
-0.795675
5.071924
1.545671
-1.807030
-4.949016
-1.063440
-4.148840
4.804027
1.524752
0.758376
-1.088640
-1.106809
1.789304
-0.254541
2.469045
-5.779280
-2.775006
-2.157756
1.205544
-1.702272
-2.236185
2.544057
-4.360490
-1.337192
-3.026510
-3.238717
-0.821079
0.664147
-0.894629
-2.778415
-3.710507
-1.478361
-1.211282
-3.250219
-1.436370
-2.753571
3.932689
0.889820
2.208349
-2.861378
-1.395002
6.376627
-4.366967
-8.159130
-0.348714
-0.708301
1.036572
-1.503663
-1.702610
-4.312317
-1.472115
0.055933
-0.792740
-6.912730
0.395554
-3.698046
-3.838057
3.053523
-2.389511
-3.342418
-1.016096
2.137318
0.580819
-3.084333
2.388851
-1.983532
0.358780
3.269496
1.614921
4.258553
-3.637169
-1.879882
2.456627
1.922961
-0.056892
-2.847044
3.455430
-2.731647
-3.073136
2.709850
2.382919
5.877163
-3.116226
0.685842
5.351703
-1.874172
0.069203
-4.676527
1.449233
-1.849068
-2.962391
-7.843258
0.835390
1.056606
0.668541
-5.205981
-1.390980
-3.051216
-0.328033
-4.874044
3.897291
-3.233751
1.242968
-0.317122
-2.446609
-2.357566
-5.974664
-2.497602
-1.373065
-2.450788
4.412913
-5.373685
5.073211
-0.391448
-0.463752
-2.573153
0.702889
1.220064
-1.073677
3.741536
-1.478971
2.155375
1.126093
3.242828
-0.916714
-3.060337
-0.927729
1.305353
-1.904589
2.982560
2.157699
-3.982166
2.101372
0.387708
2.214086
-0.885097
-5.750953
0.447550
-9.127604
0.740448
3.663031
1.806602
-1.882816
4.070187
3.505534
0.225556
3.019579
-1.893880
-0.030902
1.095934
-3.777613
-1.759535
-0.299082
-5.716799
-3.456412
0.103488
4.554002
-6.879065
2.329335
-1.045479
-2.681665
5.708805
3.930868
1.349698
-2.483618
-5.248412
1.777987
2.012336
-0.983973
1.239410
5.625421
1.885123
-0.125651
-4.927511
-2.413306
-0.943310
-0.881931
2.259833
0.247166
0.787292
2.624618
3.362086
-0.898988
-1.474995
-2.790816
1.598175
-0.695308
4.103956
4.850400
3.064371
0.381065
-0.581545
-3.980417
-7.410532
0.378174
-0.738506
1.055442
-3.820748
-3.458614
4.174120
2.627954
-1.517331
-4.046095
-3.619159
-6.869511
-4.175621
-1.973760
-3.433263
-3.860394
-1.669265
-3.743163
-5.033678
-10.055004
3.254439
0.122604
1.891945
-0.272517
-2.489111
-0.519871
-0.355398
3.342724
0.275251
-0.006304
-0.478549
0.681299
-0.562387
-6.617775
0.747857
-5.033153
-2.281248
0.431363
-3.875890
-1.759296
3.645475
2.560132
0.716357
-1.705821
0.711305
3.379847
3.743617
-2.016236
0.885513
-4.232432
1.974715
-2.456567
1.634017
-6.617775
-4.797768
2.230885
-0.681941
0.357954
-2.820222
1.118877
-4.046095
1.489955
3.073624
2.260115
1.065662
0.393202
3.768870
4.844074
-3.177251
-1.334301
0.021560
1.258812
0.653368
-1.756710
-3.519134
0.060554
1.175303
-2.859825
-1.494102
0.326095
0.803910
-7.293052
1.520537
-3.151382
-0.978005
-2.044666
0.031504
-0.957591
-0.762424
-1.279752
-3.995810
2.639837
0.506602
-1.905066
-1.601683
3.424187
-2.194044
3.013164
-2.424653
0.748790
1.401795
-3.011972
-4.592922
1.487571
4.928480
-1.831171
-4.046095
3.088229
0.184760
4.983139
2.844933
1.225124
0.599646
-1.554558
2.042083
-5.709063
0.034628
-1.509611
0.206750
-2.452073
-2.172964
1.287003
-0.439461
0.691119
-2.627668
1.167216
-1.687444
-0.268044
0.389645
2.634987
0.020164
4.812132
1.678513
-5.779314
0.696643
-0.589936
2.010544
0.923904
-5.804190
2.292864
-0.239359
-3.895818
1.237812
8.607659
-2.360897
0.113776
-1.380580
-4.316368
-2.183481
-1.984349
-1.369240
-1.637990
-1.918131
-2.117255
-3.177251
-3.254052
-3.787084
-8.175357
-3.292727
-1.576579
-2.767378
7.313014
-3.326455
-2.109200
-0.242391
-4.046095
2.588164
-0.372621
4.126219
2.612148
3.469760
-3.309978
-2.322722
-2.722864
-5.236929
2.207479
-0.823221
-0.130115
-1.014396
0.204159
0.483912
-2.594126
2.732951
4.342168
-4.543170
0.290184
2.609497
-0.691013
-4.046095
-0.440769
-0.258891
1.430328
1.154639
0.398954
-6.146305
-1.229820
-1.029352
-0.666137
1.234163
-4.344868
-0.757954
2.911507
-0.443187
1.439930
3.205857
-1.762580
-3.432143
-0.614833
-3.307269
-6.617775
0.290733
-2.213881
2.914848
-1.402395
1.039366
-1.288529
-0.571463
4.351692
-3.387567
-4.104490
1.645785
1.619663
-1.490934
-2.143553
-1.693645
-0.570825
1.594581
1.739676
3.173982
-0.001019
-2.179836
-1.115129
-4.736107
-2.047328
3.345310
2.837307
-0.795668
-0.886340
3.707118
0.461541
-2.034762
-0.428416
0.859644
5.863974
0.021331
-5.058145
2.058135
1.820039
1.431981
-1.726300
2.576084
-2.372485
0.629101
-0.523578
-6.825329
-2.205842
-4.316976
-1.573588
1.972517
-6.667069
0.341044
2.577614
5.101544
-3.644291
5.222874
0.955593
1.830647
5.527632
2.267951
1.002205
-1.669153
2.428393
0.801544
-2.858654
-1.885695
-3.702170
0.015393
-1.044312
-6.398031
-0.747223
2.963781
-1.434389
0.963732
-0.547277
1.451858
0.377523
-0.359870
-2.988374
-0.711463
1.402924
-1.045230
-1.655144
2.666011
0.491404
1.520170
-1.936305
-1.438513
0.183747
0.220984
1.458351
-0.176604
-3.467229
2.230505
-0.848348
5.920599
-8.271791
-0.043591
-2.706319
-0.715567
-3.028017
0.566992
-4.284274
-1.042644
3.565228
1.526932
0.654291
2.616012
-0.099122
-4.136677
4.015996
2.948269
-0.061804
-0.178696
-2.106237
-0.176180
-1.446880
-0.493315
-2.050076
-3.239559
1.985261
-0.391604
-2.523550
0.557201
0.880337
-6.032596
1.422045
-0.858191
-3.094858
0.410611
4.276065
1.799145
-2.547449
1.928992
-0.272281
-4.096946
-2.022653
-0.883793
1.164362
-3.722884
2.095788
0.621094
2.416275
0.833529
4.449892
-0.151194
1.929188
-1.009954
-2.237716
-0.661589
7.226317
-3.749953
3.782331
-3.817895
-0.114902
-0.507721
-3.177251
7.428484
-1.940573
2.934343
-4.126168
-0.015459
5.265121
-0.554607
-0.016918
4.420542
4.627708
-4.310911
-2.401985
4.849665
4.681368
-0.956000
4.092207
-2.117292
1.857542
-0.017279
4.236745
1.171059
-1.298084
6.746542
-1.172985
-3.177251
2.849347
-3.254871
-8.027715
-0.461714
0.412732
5.986787
-0.269978
0.566095
2.132706
-3.515669
1.898170
2.833251
-1.632667
-2.845176
-0.319181
-1.298710
3.684763
-2.770409
-1.938543
0.572063
-3.479209
-7.598463
-8.682648
-1.390922
5.583398
0.214965
5.795568
0.052352
-0.481471
0.946039
1.148855
3.365933
-0.221324
-1.358109
-7.460381
-2.565187
-2.719189
-0.674312
1.516325
-1.126789
-1.608385
-7.103638
2.405845
-0.490116
0.946338
1.802166
1.751232
-2.485617
-3.426382
-5.263382
-4.450877
-0.245464
2.365152
1.764593
0.078942
-0.579349
2.352782
-0.825400
0.356115
2.478011
0.874910
0.691819
-5.997773
0.765089
-0.135105
3.154746
0.112741
2.194659
-0.705736
-5.088678
-0.200542
-5.904877
-2.493086
-2.329157
-3.867691
-4.877651
1.684063
-4.052300
-2.088097
-6.085728
4.023820
5.085569
1.739775
2.250667
-0.862075
-1.766166
5.064665
2.642950
-0.766521
-1.283997
0.583483
-2.737665
4.138271
-0.304344
1.384871
1.287129
1.618876
-1.976523
2.770466
2.670613
3.179315
3.532359
6.169639
-3.779787
-0.068846
0.654431
1.310600
2.637272
-2.606339
2.663048
-0.576074
2.284576
2.682812
3.693645
0.229073
-7.107486
0.102760
3.018253
-2.274689
-1.519564
0.196652
-1.150207
-2.869244
0.629879
-1.627294
-0.750378
0.406781
-4.430328
-3.218388
1.009181
-4.838330
-2.579634
1.641085
-6.069063
1.919534
-1.592285
-1.766130
4.934244
2.424479
1.403489
-0.527529
2.542676
-4.046095
2.634029
6.594152
1.101743
-0.556340
3.975850
0.608324
1.369215
1.053085
-0.112227
-3.074075
-4.899811
-0.173281
-0.651323
3.123253
1.264062
-0.504804
-0.151730
3.612838
-1.753308
1.804024
-6.363943
-0.807142
0.024505
-4.124886
-0.761320
1.018470
-3.467258
-5.574779
-3.781731
-3.467669
-1.600876
-3.262805
-6.440194
1.198073
-1.793981
0.553610
-2.547925
2.722659
-0.071543
1.862248
-2.126826
-1.438090
-1.075356
-0.243357
-5.403175
1.142008
-0.426063
2.048618
-4.021626
-2.924447
-1.744571
-1.397554
0.257054
-1.322323
-0.336835
3.353561
-1.511872
2.225693
-2.202906
-3.419696
-0.172108
-5.562027
-2.619849
-1.381713
-0.759952
-0.823666
3.999348
2.128599
1.101909
-3.591826
4.306520
2.940895
-1.312310
-0.362153
-6.271516
7.147797
0.013839
-0.957243
3.610188
-1.330935
2.436100
7.426573
2.326723
2.886233
2.152401
-2.828918
-0.400939
-4.165770
-0.403008
-1.934223
-2.856951
-1.996728
-0.868601
-0.699170
0.227767
0.688887
-3.228004
3.658340
2.834981
-0.615434
-2.772003
-4.194277
-2.733875
-2.619849
1.247871
-4.706341
2.649118
0.427334
-3.793708
1.342664
-1.860198
-1.694226
3.815515
2.948579
2.904229
-1.425585
2.455736
-4.015602
-1.305214
-1.627326
0.745204
-2.297132
0.516054
-1.511736
1.214283
-3.220350
0.831912
-0.798395
0.971098
1.367299
-0.119334
-6.452970
-2.602045
-5.541313
0.583466
-1.767958
2.305067
-0.321398
5.563665
-2.292773
2.276619
0.061485
3.659081
-5.296187
3.619864
0.051106
1.400727
3.479456
-0.311677
2.000527
-4.241330
-2.308493
1.788220
3.183241
0.270694
3.136324
1.531957
-0.209953
-4.147754
-2.048258
-0.295461
0.640975
-1.612926
-1.414858
-1.807527
-2.243722
-1.272710
0.630056
-6.445058
-1.180641
-3.204956
1.138997
-0.648040
-4.182800
0.394202
-3.734968
4.530663
4.334127
-3.889140
0.818923
0.417346
1.012923
3.660213
-3.130442
-0.382587
-4.151596
0.685339
-6.914943
-1.253154
2.162999
1.541348
1.218580
-1.568130
-3.789400
-1.449708
-2.346001
0.057254
-3.204200
-5.094992
0.960754
-1.291500
1.123175
-4.368839
0.059813
0.170961
-0.910964
-1.973504
-2.430087
-1.458511
-0.842081
1.350364
1.774521
2.105120
3.420387
-3.786209
2.076828
-4.023788
-1.016629
-3.160680
-3.973721
0.161437
-0.503914
-0.496291
4.237000
0.491151
1.538535
-3.896341
-1.847863
-4.419197
1.300509
-0.692762
-3.259235
1.986235
-2.059345
-5.587644
-2.513784
-0.377424
-0.730007
-4.046095
-5.738914
2.829616
3.541355
-3.397017
0.799894
-6.171602
-1.156440
4.276846
5.022783
-2.340091
1.529848
1.431726
-0.179636
-3.686596
0.165195
-1.318506
-0.053912
-2.467620
-1.119732
0.404142
-6.822289
-3.797818
2.023612
0.592508
-2.466967
-1.190453
0.590031
-4.283881
0.465301
-2.582890
-1.417898
1.742302
0.649776
1.276627
-0.571664
-1.063026
1.416214
-1.621267
-0.757397
-0.195127
2.001499
-2.729962
1.856956
3.260145
-1.741931
2.080850
2.178123
1.997241
-1.474188
-1.562775
-0.623742
-2.364491
-1.114514
-5.868528
3.121276
4.571344
-1.437600
-3.746319
4.223999
-1.263331
4.985525
-2.502112
-6.138551
3.070311
0.955572
0.346248
-7.285994
5.150350
-1.454890
3.180237
2.944997
-4.322373
-2.964923
2.781737
-6.304227
-2.668676
-0.046457
-1.132607
-1.073290
5.075002
1.422641
-0.964524
0.363498
0.402157
-5.702689
-1.108366
-3.309123
-3.651084
1.147615
1.145214
-0.611990
0.455536
-0.644623
-2.950310
-1.161753
3.229800
-5.426869
-1.769869
5.358342
2.968335
1.210086
-4.666028
-0.524867
-1.584873
-2.985579
-4.046095
-0.338304
-2.784064
1.358278
-5.978956
0.838072
3.276568
0.988713
2.019754
-5.694950
-0.135006
3.262532
-3.543129
-3.934601
-0.715450
2.305899
0.374269
-3.848576
-2.920697
-4.268102
-4.581508
-2.146086
-1.339978
0.338550
0.678446
-4.568656
1.587100
-2.368607
-2.633791
-0.590792
-1.981510
-2.112461
-1.612235
2.390345
-0.825199
1.733533
-0.849703
-2.049569
-3.030107
-0.885489
-1.965228
0.157047
-0.707501
-1.702599
-3.878854
-2.549120
0.891309
-5.242854
0.818150
-0.451077
-1.876233
1.234276
-0.506188
-0.861193
-1.467639
-0.173067
2.864276
-5.774560
-6.826840
0.558228
0.867671
-2.143606
-3.308955
-2.569282
1.373831
1.171968
-3.264099
-0.998984
-6.617775
5.442324
2.674028
3.941470
2.523269
0.514830
0.079734
2.415284
2.450396
-2.906325
-2.192212
0.574286
2.154122
-1.239679
-4.471745
-1.147781
-3.410120
-5.967331
-0.317130
2.606339
0.775513
5.300020
1.615789
-2.734964
-3.762194
-0.130198
-5.317425
-0.590297
-1.703329
1.952291
-1.744970
-0.596623
-3.351182
5.221865
-3.808807
1.546472
-2.546247
1.107733
-0.972561
-0.542448
-2.518259
2.290528
-1.841495
-0.887440
1.171422
-0.109324
5.828859
-3.214139
-1.195852
-2.652277
-2.389610
-0.108489
0.654740
-3.144760
-0.164816
1.500545
-2.872622
-1.655280
5.604878
-2.829660
-4.046095
-1.663410
-2.116689
-2.352647
0.099524
2.242921
-4.046095
-0.833035
-0.052635
-3.748317
-0.521388
-5.274220
2.757171
1.317930
2.343565
-4.896032
-3.599493
-3.410825
2.078901
0.582398
-1.811973
-3.199914
1.994037
-2.332095
-5.777963
1.486294
2.807820
-5.280489
-2.582039
1.025419
3.544659
0.831646
-5.031528
0.329270
0.681196
3.347355
-0.310455
-3.299582
0.797796
1.008539
-0.528802
-5.318470
-3.822676
-3.748917
2.065472
3.818014
-2.690656
1.354340
1.134252
-0.224300
0.214024
1.646935
-8.162044
-3.674716
1.566791
3.454901
1.111813
-0.504862
1.550193
0.425141
-1.919284
-2.639928
0.800083
0.106103
-2.906052
-2.704120
-0.168105
-0.264093
-1.596420
0.664793
-4.632503
-2.474524
-4.959203
-2.913712
-1.395719
-4.048843
-1.768644
-4.213350
6.372241
-0.132076
2.432761
-4.348639
-5.776252
0.522160
3.412407
-2.756396
2.491917
-1.244823
-1.103104
-4.138251
-0.028551
0.851963
3.040334
-2.968630
-0.791973
0.824727
-1.581473
-2.309335
-3.491992
-1.288513
-4.903089
-2.371983
-3.785314
-3.791528
0.487739
1.048589
-0.007310
-1.141582
-5.797894
-0.922867
-1.722789
6.550351
-2.594853
-4.026383
-0.314622
-3.184199
-6.340425
3.934708
1.605985
0.379101
1.406053
-0.350739
0.346427
0.892546
-1.178389
-1.294561
3.479333
4.678101
-4.699116
4.203164
0.437855
1.027794
-1.426910
4.759764
-5.184206
0.768320
0.926785
-0.039619
-1.142867
-1.401456
0.743834
-1.455916
-2.150718
-0.499733
1.662396
1.941295
5.402812
4.020571
3.355480
-5.277632
-3.553605
-4.230310
0.365132
1.328444
-1.333050
-2.308779
-2.671415
0.083496
1.131895
0.020272
-1.330155
2.746647
-6.227495
-4.756981
-0.749418
-1.387072
1.797710
-2.223486
0.973163
4.420440
-0.812371
1.937203
1.212450
-3.469427
-2.430129
-4.551375
2.415291
-1.824679
-1.059716
0.683003
-8.063365
0.677963
-3.035090
0.713742
2.320744
-2.342755
-0.918395
2.874038
-3.227793
-0.073718
0.555801
-1.203812
-0.892269
-1.255280
-4.342788
0.733531
-0.932751
-2.781568
-0.237903
-4.130283
-2.204339
-2.316046
-0.880630
0.761072
-5.449590
-0.233932
1.683944
-0.428404
-0.020512
-3.243350
0.346728
1.185831
-1.638731
0.248428
5.534373
-0.005720
3.182661
1.270612
-0.367499
-2.056422
-1.084202
-1.009968
1.404032
1.384148
-4.698309
-3.196646
-5.122201
1.357447
-0.454758
-3.330799
-0.779379
0.671940
0.607563
-3.402930
2.361903
0.626831
-0.495705
-0.356491
-5.295056
0.690434
-4.401584
-6.438651
0.187173
-0.428179
-0.471393
-2.798870
-6.787558
6.999162
-0.393977
-0.561156
5.159777
6.619766
4.688461
0.193563
2.237657
-2.939272
-3.472677
0.694941
4.986280
0.608397
-3.737774
4.395637
-1.985895
-1.159476
5.784584
-3.282258
1.886656
-3.868884
-3.294266
-0.455006
3.049417
-1.046393
0.846858
0.520959
0.685132
-4.628812
-4.249146
-1.728992
-2.712937
0.393676
0.901104
-2.120813
3.561288
-2.807155
-1.816897
1.803352
-1.008692
0.698826
2.053337
-4.670398
1.291237
0.699104
-0.682295
1.806216
-1.632293
0.949715
-1.494034
-2.013305
2.288721
2.784422
3.291552
-4.228042
-3.796695
-0.884696
-3.752970
2.435051
-1.266059
3.436039
-3.454856
1.181671
3.800732
-5.272212
0.319446
0.484760
2.217501
1.104729
2.217914
2.753505
-3.919242
-1.441387
-4.238685
1.337062
-1.282455
-1.242113
1.226893
0.668784
-2.516322
-2.032201
-4.299717
-0.142899
-1.999573
2.364886
-1.857916
4.469696
-0.672311
-2.362217
1.890001
-4.647556
-1.917779
-1.499973
-3.353630
-0.872634
1.213944
-2.868556
-2.507496
-1.982100
-0.771541
-2.759059
1.009815
-0.687197
-1.810891
3.890821
-2.200523
-2.858544
-1.894202
-2.308571
-4.889400
0.438865
-1.974022
0.855304
1.179256
-1.840852
-1.855954
-0.448662
3.921232
-0.097347
3.897915
3.228738
-1.236316
-3.525503
-1.311267
-4.374866
-0.011737
0.142281
2.384946
-0.741189
-0.682741
-4.502998
-8.862967
-0.672550
-6.334515
-4.268698
-2.043740
2.025296
1.682336
-3.818600
2.427655
-1.163502
3.259617
-4.611328
-6.492452
-2.378228
-5.506702
0.119806
-0.261607
-0.321484
-4.046095
-2.693297
0.094580
2.689368
3.623256
5.917632
-2.703716
-2.256911
-0.384820
0.380978
-4.228374
-0.253161
0.428419
7.565357
-2.219800
-0.150297
-4.079123
-2.250663
-1.656379
-0.060128
-3.427873
-7.001873
0.181040
-1.649125
-2.813751
-0.537629
2.558570
1.518390
-1.842072
-2.668039
4.349967
-1.971853
-5.631536
0.674889
-0.657452
-4.399149
-3.338423
-3.132447
1.794578
-2.657508
1.237973
0.105596
-0.199334
-5.432770
1.352224
0.631082
-2.652667
1.275011
-0.000887
0.023517
-1.044728
1.006445
3.133864
0.216538
-6.319188
2.518676
-3.604650
1.453406
-1.770535
2.487412
-2.171866
-2.496492
-2.504864
0.305179
0.693340
-1.207030
0.267093
-2.009560
-1.056190
-1.501510
-0.375626
-1.902031
-0.392149
0.081596
-0.363983
1.973063
-4.028246
2.407460
4.338724
3.707089
-0.684145
-2.015938
-0.706195
-6.143896
4.203214
-2.383874
-1.163693
0.546678
1.924602
3.097068
2.231251
1.169378
-2.050022
1.470076
0.244718
1.507938
-6.257066
2.079521
-2.103109
-0.226341
-0.358422
1.260798
1.346736
1.587328
4.002351
-5.867533
-1.665463
-1.468300
-3.921594
-1.260899
1.914291
3.162076
1.362937
-3.402992
-0.785020
-2.695072
-0.846622
0.786413
1.467648
-0.275993
2.708185
-1.360608
0.761369
-0.740401
2.584672
-6.970754
-2.136609
0.069515
-2.844259
3.717515
-2.792303
-1.636561
-0.248947
-5.442470
0.215158
1.936575
-3.295053
-0.970163
3.073883
0.786306
-0.397975
-4.968297
-2.753105
-8.877397
0.612999
1.936790
0.986665
-4.218733
0.488171
-1.913497
6.805162
1.281048
3.294192
2.329583
-0.688694
-3.177251
-4.950569
0.636147
-6.822625
-4.682830
-0.206450
-2.332333
-1.298310
-2.448245
-1.493653
1.993057
4.841383
-6.276043
-2.741366
-3.145042
-1.482302
-4.517002
-2.758274
-2.628790
8.966763
-2.368939
0.780155
-2.729773
-2.031440
-3.541282
-0.254699
1.062228
2.732753
0.581013
3.651277
-0.187410
-2.176960
-2.917900
-1.993819
-2.558334
-4.351189
2.916543
0.870721
1.914665
-0.845846
-8.090248
5.142191
1.233644
0.069251
1.631409
-2.177473
-2.306837
-1.211031
3.516484
-2.979616
0.006720
-0.180767
-4.049905
3.676357
-0.971439
-2.047594
-5.846905
-0.375237
-1.209964
-0.793246
0.024362
-3.206614
-1.234689
-2.710473
-1.341352
-1.421616
-0.349241
-0.959570
0.660405
0.294684
7.191018
-1.023877
-2.935926
0.124208
1.254403
-3.613627
1.146494
-0.523156
6.641104
-2.381379
0.234581
1.000555
1.469900
-5.392644
0.728418
-0.836846
-0.425764
1.669480
1.311279
0.638607
-6.648362
-0.195593
5.522535
-2.988823
-4.122652
0.948466
-2.387671
-1.463573
-1.017352
-1.146708
0.723904
4.800932
-3.027062
-3.525050
2.858753
-2.445931
-0.333125
4.544540
-1.645878
0.958158
-1.507253
-3.643946
-6.321729
2.325280
0.559216
-1.690855
-6.004802
1.826295
0.355875
1.423898
4.000194
-2.579606
3.221630
0.104283
5.950071
-3.764008
-2.899233
-2.324337
0.982440
0.655890
-0.671682
0.977921
-1.254439
-2.664106
-1.334553
0.946963
-3.222405
-4.714427
-0.258197
-5.735241
-5.445261
-3.836305
-2.421136
4.872051
2.127472
-0.706978
-0.836010
2.712149
0.141119
1.722933
0.794314
-1.606315
-3.240385
-4.392870
1.880843
-0.715753
0.314144
2.774924
2.522796
-2.339695
-4.463444
4.529992
3.059427
-5.942720
1.168344
-0.411144
-6.606520
-0.757015
-0.667209
-3.347835
-0.046622
0.375776
-7.375460
-5.603554
-2.557560
-1.534476
0.281705
0.953497
3.445379
-0.284591
-0.291823
-2.856619
-2.208851
-5.966671
-0.108878
-4.089844
1.058846
0.458653
4.741775
2.306145
-1.404577
1.689851
0.498998
0.916786
-6.933237
-3.099510
-3.270587
0.169537
-2.757912
-0.458384
2.645287
-2.697797
-2.136432
2.409446
1.752940
5.862089
1.348635
2.366264
-1.833830
0.409793
-5.382752
-1.482444
-2.730135
1.252450
-3.295910
1.669766
-1.259160
-4.323383
-2.477210
-3.732178
2.604048
-0.029603
2.421785
3.085951
3.722976
-2.204316
-1.975641
-1.920819
0.510287
-4.309075
-0.919114
0.937750
-0.844676
-4.523460
-1.443064
-3.813265
2.385641
-0.392386
-0.571916
-4.233267
-3.195711
-3.552475
-4.367748
-3.974518
-1.279566
-1.999236
-5.207937
-3.620193
1.281347
-4.218678
-0.022076
-1.244239
-3.254597
3.744181
2.729969
-0.282868
2.372258
0.616929
2.522541
-7.298330
-0.419723
1.451919
1.506467
-1.529628
1.094501
-0.610415
6.076607
-0.070560
-0.131301
0.832823
-0.553335
0.144094
6.821307
-2.207270
1.469863
-0.055569
-3.132739
0.588475
0.866544
-5.304443
1.308564
0.628514
-4.599708
-2.340768
-2.687836
-2.113668
-3.070872
-3.674865
-0.986231
1.895642
-3.772087
-4.707500
0.913414
-0.649707
-1.670362
1.756281
-1.302035
-4.416066
-3.033647
0.626274
1.472466
1.472792
-4.330073
-3.452717
3.022739
-0.471146
-2.445891
-4.174444
-1.535356
-0.853686
0.301022
-2.340080
3.280197
0.891752
-3.117160
1.874410
3.635895
-0.562984
-1.979334
-3.379099
0.994150
-0.116023
-6.273495
-3.238491
-5.780753
-2.987382
3.374899
-8.904140
-0.611902
-5.089558
3.224053
-2.037421
-0.911614
-2.004795
-0.841150
3.616743
5.638259
2.129856
-0.832528
-2.742503
-5.341878
-2.056350
3.566889
-0.032203
-2.047075
-0.224797
-3.276220
0.727281
5.329643
-0.545572
-4.423425
0.182849
0.040172
-4.332070
2.430268
-1.374301
-0.759357
-1.076066
-2.111195
0.294811
0.966089
-3.155024
-2.035069
-0.784988
5.092789
2.726780
1.715023
-0.104095
-0.812946
0.605162
-4.133492
0.010223
-2.836086
-0.130983
1.310856
3.590811
2.548101
-0.918892
2.184172
2.946135
-3.691299
-5.676110
-2.911414
-4.200878
-0.580765
0.840836
-0.942051
0.040506
0.414550
-1.065417
-0.865810
7.766088
-1.125296
0.147212
-0.653078
-0.202632
-0.819578
3.599994
0.312677
-0.958646
-3.342030
-0.116006
-1.167130
-0.572406
-0.434803
-4.284579
-2.433203
-6.543449
-4.412975
1.129668
-4.940105
1.730721
-3.026734
1.562351
1.757751
1.529107
-4.079388
0.561251
3.147581
-4.162412
0.659084
-5.198644
-1.042730
-1.384203
-0.523027
1.932917
-3.245437
2.290441
-3.417542
4.021797
-1.118766
-1.039159
-3.782001
-0.052292
-2.105371
0.067793
-1.859281
-0.516903
-0.417153
0.023506
-3.095003
-4.342618
1.310554
-3.228209
-0.353242
-2.796979
-2.405715
0.283268
-5.321609
0.179365
-3.977396
2.110337
8.384739
1.192622
-1.253963
2.331379
-0.993062
-3.693563
-0.088123
-5.905195
2.703516
-0.161137
-0.395617
1.266171
3.484758
-2.569569
0.160161
-3.647964
-6.708906
-3.061642
7.262686
-9.279877
3.111772
-1.463820
1.772578
1.598640
-0.815013
2.304600
1.979253
-0.795830
-1.780849
1.962792
-1.289792
0.905378
1.442332
7.779914
-0.145118
-2.777271
3.098973
-4.908268
-2.460441
-1.281278
1.774178
-0.803182
0.149355
-0.048645
-3.215830
-6.144035
5.900992
1.860604
-1.881500
2.047343
3.420459
-1.831888
0.649275
-4.857074
3.986691
-1.449859
1.885783
3.353146
1.644853
5.635131
-0.063658
0.112252
-3.554211
-3.056319
1.815667
-2.796102
1.218342
1.497671
0.628098
4.658482
-2.173380
-0.627876
-1.589838
-0.704025
-3.070558
0.355253
-8.471155
-3.858770
3.497300
-2.191500
-0.819235
0.728058
0.752446
1.022297
5.725296
0.197224
-2.705027
-2.852186
2.118356
-0.911658
0.718778
-4.606418
-1.627295
-5.991122
-0.337122
-1.967077
-0.397424
-1.377670
-5.513314
-0.350123
2.929424
-4.361365
-3.539389
3.276312
2.839403
2.681057
1.848293
-1.971014
3.724730
-0.467228
-2.132030
-0.522660
2.847110
0.042537
-1.186489
1.166553
-6.303315
-4.006467
0.830672
-1.726034
-2.330663
2.624669
-1.695049
-5.908279
3.754574
-2.654213
0.620531
-0.183582
-0.693311
-1.958620
4.712604
-7.826721
-0.172609
-2.075323
-4.734754
-4.672355
-0.503158
-1.015059
2.740171
-2.634558
-0.185404
-4.410776
-0.681210
-2.896546
7.599575
-1.478026
-0.966107
-2.681741
6.115159
0.842013
1.428006
-1.297343
0.836541
-2.828094
0.455637
0.536020
-4.812325
5.062101
0.585362
0.559879
-4.216515
-3.632670
0.204100
-4.747507
1.588238
-2.517804
-1.884497
-3.853700
-1.099813
-0.007618
0.416961
-2.552559
2.343759
-1.197524
0.617126
-3.530498
-5.723719
-3.442358
3.648446
-1.573815
-0.976191
-0.495265
1.126960
-1.525187
-2.879773
-1.988920
-3.028088
3.419951
2.833735
-2.767192
0.646060
3.868187
1.221882
-2.095592
-3.958424
-0.484536
2.106081
-4.046095
1.843572
-1.772935
-0.442833
-7.774473
4.065807
1.886377
0.811972
0.538447
-2.825054
3.819070
-4.774150
-2.067183
5.736431
-1.899592
-1.970936
3.521279
-2.965244
5.114778
-0.306049
-4.039006
0.449727
3.560780
-2.622099
-0.745548
0.146248
-5.284974
-2.888435
0.375897
0.997023
-1.210560
-0.228614
4.107685
-0.780674
-1.545702
0.324123
-2.615170
4.845875
-0.786935
-5.583670
1.314030
-3.730261
-3.143237
1.477466
-0.162512
-0.984687
-6.223935
0.728218
2.519556
-2.212821
-3.862574
0.478753
-1.873031
0.863878
-7.763473
2.984346
-2.089465
0.865387
-1.124023
-1.690068
-5.728165
0.950115
2.690141
0.972445
0.053429
-1.729024
0.125329
2.708241
-1.468338
-0.298712
-3.174371
1.058233
-3.197104
2.736881
-6.247996
0.512125
-2.498230
0.167677
0.795228
4.936279
0.425364
-1.384235
-2.362909
-5.304378
4.195711
-0.801617
2.067706
0.099296
-0.658447
-0.008230
-0.494469
-1.496205
-3.655227
-3.618839
2.238467
-0.828363
-3.537532
0.593680
-1.741848
-5.131396
-1.477714
4.125697
-3.392527
-4.901833
-4.046095
-2.144725
-3.530548
4.229838
1.838822
-4.225745
-6.623871
-2.722969
4.517748
-5.239470
-1.547391
3.141219
-5.297901
-1.229195
-4.505657
4.664701
0.864238
1.375197
-5.795980
-2.451550
-0.873866
-2.125450
0.059800
-0.464082
3.051034
2.941383
0.231732
-3.228295
-4.468856
-1.664784
-2.045362
-5.039028
2.247373
-5.151036
-4.981911
-0.524509
-0.551679
-2.202555
-0.892499
4.595807
-0.887362
-4.787170
1.610899
-0.270790
1.467875
-1.690766
0.593334
-1.573034
-2.990770
1.061813
0.871765
-2.856175
-1.408076
-2.255746
0.527658
-3.996202
3.436818
-0.968276
-4.646096
-1.175146
0.661356
-2.351683
0.705543
0.668704
8.089284
0.884550
1.101903
4.380300
-2.125144
-0.236632
-4.138394
1.062459
-1.838545
-1.829763
-3.801907
-8.874428
-3.874266
3.882854
-3.054032
-1.307060
0.792100
1.486801
-0.005535
-5.775244
0.130978
0.493513
-0.255912
0.870621
-2.068155
-2.783419
0.676189
2.355796
-1.633460
1.910967
-3.919898
3.724253
0.569780
1.154360
1.945602
-2.232133
-0.737392
-1.364391
-2.092829
2.221308
-1.672496
-1.455320
3.812558
-4.046095
-6.542574
-3.627144
-5.986048
2.495790
3.480029
0.927698
-1.547612
7.107239
-2.871231
-3.349173
3.710389
-0.708847
-2.089541
2.976380
0.578955
0.866790
-1.098638
-6.059043
-1.629367
0.493062
2.363728
1.141673
2.059038
1.072733
-0.013408
4.476706
0.582700
1.207296
-1.400105
-4.870391
3.615651
3.298680
0.054510
-1.322695
0.310124
-4.247479
3.627935
-3.500162
-4.478178
-5.855886
-2.759795
-5.901278
-5.329926
4.595741
-0.599983
-0.481026
1.450509
3.675495
-0.295877
-0.071825
2.056625
-3.539890
-2.298526
1.738384
0.357272
-2.561505
-2.060728
3.601950
0.361814
-0.079494
-1.547973
-1.670153
-1.132196
-2.064033
0.100029
-2.064587
3.047013
0.181234
-0.080203
1.609422
-2.044217
-2.000237
0.896949
-0.156197
3.502881
-0.511282
0.717443
-4.215718
0.466742
-6.525559
-1.396460
-2.354240
3.764948
-0.396634
0.184003
-2.193362
1.955018
-2.867740
-1.559079
0.546016
-2.806367
-2.268849
-2.316569
0.482424
-2.324238
2.189188
1.044875
0.217098
-3.853502
-0.353725
1.205952
1.949161
-0.263503
-4.298740
-3.639935
-3.500119
-3.372602
-4.898555
-0.445412
-1.379972
1.481336
-2.108226
0.247935
0.570934
-0.101091
1.149313
0.997272
0.018057
-1.207168
-3.177251
3.746442
-6.503313
1.247496
-1.954453
4.681909
-2.339039
-1.419144
-0.025892
2.711712
6.237995
-1.820105
1.107276
-3.048719
-2.185945
-3.994998
-0.957197
-1.319616
1.268905
-0.293520
-6.803158
-0.524245
1.160398
1.870364
-0.726144
-6.501555
-0.808752
0.265759
-1.053050
2.820053
-2.095345
-2.071360
-5.044035
-3.245193
-4.221189
2.201953
-0.376863
2.942276
-2.515196
-4.229925
6.259892
4.730814
2.367355
-2.595268
-3.560853
-2.200917
-3.200837
2.053678
-2.223508
0.818105
-1.389609
-1.369166
-1.265602
0.517174
-1.251186
-1.489925
0.143777
3.066637
-1.040684
2.000624
-2.568657
3.668313
-0.523647
-2.942212
-2.008060
1.139344
-3.859772
-5.116391
-1.650250
0.003430
-0.420364
-0.081059
-5.534247
-2.737475
0.148868
0.286236
1.507031
-4.908422
0.811839
-0.521633
0.436177
-0.777802
6.550042
-0.829038
1.889776
1.046126
-1.488121
-3.476188
-3.094098
-1.500676
0.538067
2.840260
-4.812214
-3.967599
-0.910426
1.526282
0.269972
4.348257
3.550241
0.785364
-3.225216
1.863966
-1.061433
-3.509481
0.005197
-2.683879
-1.688951
-1.529395
-6.051890
-4.529096
-2.084758
-2.931277
-0.558334
-7.817602
-3.152027
-3.710507
-7.283161
4.465744
-4.863121
-1.617779
0.816018
0.358370
-1.742949
-2.115263
-2.269339
1.665811
-1.159841
-1.137908
-1.057515
0.927193
-2.595023
0.384420
0.011210
-2.167230
-1.550389
2.463498
0.946367
1.072934
3.157034
-0.830969
0.004970
-4.130628
1.425316
-4.578525
-4.046095
-4.024240
3.305737
2.907736
1.194017
-6.980555
-1.331822
-1.993925
-2.614461
3.007643
-3.141121
-2.403826
0.913939
-2.089404
-3.263906
-1.907764
-1.700478
0.387251
-4.154977
1.079139
3.467861
-3.841563
3.981707
-1.645615
3.556016
-1.560812
-0.054796
0.377526
-0.022298
-3.174278
-3.779106
1.476170
-6.047926
1.257628
-4.494863
1.904367
2.161115
-5.784911
1.098166
0.966206
0.038248
-5.710166
-3.658821
0.537556
-5.225993
-3.156543
-3.797394
2.345557
0.017032
-4.677578
-1.373459
-3.796785
2.521000
-5.788074
-4.188312
-2.767211
3.986252
-2.552268
-2.479192
-5.824476
-0.335758
-2.656823
-0.580280
-0.503613
1.174170
-0.382241
1.719006
0.125967
-1.999431
0.914165
-3.319609
0.181416
0.810476
-3.384469
0.711473
1.207484
0.966456
-6.392172
-0.382272
-3.177251
4.043244
-1.236640
-5.956760
-6.517677
4.612837
0.885897
1.155015
-0.094034
2.084192
3.686960
-1.937613
2.305222
-2.709023
-0.175615
0.391741
-1.565246
-3.584268
-2.871458
2.843170
-3.369413
2.271636
-0.612218
-1.302529
4.709603
-6.000428
-0.196085
3.498531
2.597854
-1.619546
-1.020363
2.451290
-1.676455
-1.375833
3.950508
-0.545492
0.225891
-3.281096
-1.383968
1.133875
-5.677190
-3.122651
0.301665
3.747399
-1.104439
-3.624084
-3.018719
1.424259
-4.234953
-0.612424
-0.680561
2.344871
-1.774096
-8.193212
-2.138734
0.623187
-3.015428
3.013215
-3.040100
-0.711168
-1.821344
3.194249
4.141507
3.833870
-5.053035
-3.895919
-0.000087
4.474771
-0.572216
-1.636696
-0.538378
-4.296638
-4.514254
-3.645008
-0.120762
2.499065
-1.688575
-1.298771
-5.301529
-0.031907
3.958631
-4.061957
0.101894
-0.116958
2.422606
-2.045885
2.944304
-5.276369
-3.177251
-2.574343
-3.330914
-1.508594
2.064523
1.831548
-3.000734
0.280588
-5.296206
-1.775579
0.886039
-1.914935
0.873531
0.586579
6.730152
-1.053659
1.184739
2.449989
-5.142355
-1.526969
3.356012
-4.128188
-2.282969
6.093645
1.067179
2.599546
-6.069532
-0.111998
-0.183283
-2.436104
-0.611978
-3.376898
0.710930
2.736092
0.622023
5.796412
-5.323788
-0.258381
-2.515967
-1.229670
-1.189922
-2.795258
1.093606
0.551215
-5.286067
4.525287
1.362218
-1.672245
-0.874269
-2.627639
-1.548139
0.547763
-1.287394
-1.605287
0.475847
0.684227
-0.823658
-3.057598
3.691727
-6.220325
-2.255384
-3.777604
-0.878134
0.405654
3.082719
-1.707311
2.688364
-0.785622
3.418351
-2.485535
4.049238
-1.435078
-0.333425
-0.388032
-0.164962
-1.375563
-1.263069
-2.843221
0.053185
-2.079462
1.154561
-0.557122
0.122219
2.134475
2.945500
-0.301799
-2.515551
-3.035968
-0.359892
0.163652
-0.642025
0.353024
0.913084
1.622025
-1.632146
6.395404
-3.911687
-0.800104
1.784350
-1.468803
-1.356115
-1.415347
-4.481153
2.886494
-0.172637
-2.581171
1.026034
-8.658899
-1.551495
-3.372058
1.662300
0.922405
0.832621
-4.268888
1.281714
-0.540696
-4.334548
-0.740541
-0.444018
2.072200
0.311054
0.843073
-3.387515
0.174361
-0.008554
0.281956
-3.380492
1.130301
-3.015820
-0.979707
-2.939969
-2.883941
-1.709703
1.027328
2.192884
-3.377563
2.618186
3.378203
-1.709872
3.467361
-2.004547
2.410402
-4.173486
-1.682728
-2.074162
-1.960670
-3.710507
-4.005739
2.394634
1.287365
4.826538
0.438808
3.357702
2.280923
-0.531557
-2.129785
-0.431520
3.710760
1.149673
1.083961
-3.393864
1.504824
-2.538079
-2.973625
-4.167554
2.563346
1.364917
-0.522351
-2.612137
1.010283
-2.195664
2.301558
-2.480786
2.184037
-0.293424
-5.427238
-6.677907
2.655801
-1.146200
-0.674360
0.807413
-2.497591
-0.315603
-2.129023
-0.628284
-1.121448
-4.365370
-1.331828
-3.785551
2.175340
-0.229489
0.808998
0.152207
2.447138
-0.487473
-5.239408
2.312260
-7.618003
-3.659024
-2.595686
3.540167
1.170489
0.014008
-0.577803
-4.290156
1.299215
-5.773352
4.524169
-2.140089
-0.792950
-1.446460
-1.368352
-1.189271
-3.324345
-1.412191
1.010813
2.262048
-4.925323
-5.678924
0.319335
3.014935
-5.273652
-2.028624
2.647935
-5.822075
2.958428
0.292361
-7.922048
-1.051146
-1.488237
-2.355556
-3.799525
1.524243
-0.856439
-4.181211
-1.625341
3.136310
1.597994
0.316966
0.818356
-1.095651
3.326053
-4.355575
-5.001456
-3.481456
-0.087560
4.486926
-1.684654
-2.927141
-2.839526
-3.243266
-1.120516
0.834130
2.034340
3.300817
0.669893
-0.929557
-0.176254
-3.522221
-4.409055
0.365804
-4.620325
-3.102149
0.848852
-2.875491
3.622153
-2.368521
-3.747557
-0.200540
-1.578104
-1.642632
2.136480
2.391475
3.750026
-2.908700
1.587223
0.150995
3.625896
1.732681
-1.278228
1.440795
-2.404568
1.013901
-1.888192
6.681896
-2.615327
5.234734
-3.128055
1.956245
2.935036
-3.181317
-4.693657
-1.373251
0.772423
1.220251
3.569695
-1.450306
-1.634088
-5.662042
6.587927
2.585249
-0.326815
3.858053
-4.386909
-0.737761
1.088784
-3.852429
-1.665004
-1.099244
1.904132
1.019094
-3.455083
0.534534
-2.264558
3.724629
-3.296844
-0.111761
1.978332
1.864815
-2.205078
-6.023075
0.217615
2.098070
-3.229795
-1.717367
-4.651338
-1.225883
-0.631014
1.247024
2.721235
2.171459
1.103867
-2.742762
0.713375
-3.629687
-0.777055
-1.400573
-4.046095
-2.113995
-2.740695
-2.501963
-2.496766
1.359516
-6.072906
-2.853959
2.072741
-4.336395
-2.684300
-5.910066
3.841834
-4.224614
0.126493
-3.177251
2.586651
-1.765285
-2.398630
-3.136839
-4.560452
1.162647
0.377261
0.479678
0.667524
-2.201034
-3.313466
-0.586025
0.018496
0.698547
-0.723865
-1.091746
-0.014188
0.993202
0.522018
-3.713516
-4.065884
3.505938
1.493916
-2.047235
0.130968
-1.761767
0.053254
-2.220797
-2.845674
1.052440
1.550853
0.497571
-1.136403
-1.305194
-3.535395
0.443369
2.758624
1.972670
0.289143
-4.549117
-2.676257
3.008902
-3.326130
4.255886
-1.311422
1.751410
0.096186
-0.989848
2.409116
-0.412606
-2.366244
-1.868367
3.332756
0.038189
2.469970
0.934078
-4.656141
2.057648
0.386204
-5.353769
2.558401
-5.988066
1.155152
-1.443225
2.303987
1.904249
-1.845759
1.443168
-3.110235
1.773425
-6.588341
1.377049
-0.297054
-2.191540
0.816909
0.654337
0.657714
2.327458
4.307170
2.133970
-1.080335
-4.662914
0.877465
-3.111770
0.142858
1.189692
-2.439648
-4.573419
3.806901
-4.099274
-3.318844
-0.029303
-2.604728
-4.863603
0.767970
0.656570
1.228312
0.057566
0.659453
-0.960186
-0.025734
3.449574
0.840587
-1.882695
0.121357
1.901524
1.093103
-1.312030
-1.696667
-4.924458
-3.578152
0.360846
0.304694
-0.703868
0.218356
1.746843
-2.852057
0.646431
-5.756402
-5.784556
-0.679366
2.115795
-2.157259
0.010159
-2.636587
1.828717
0.503028
2.354828
-5.547694
3.121539
1.340776
1.270666
2.685604
-5.053452
-0.291506
-2.027683
-4.687713
1.510034
-0.712931
-3.409396
0.363439
0.817662
0.476024
2.561024
0.257248
-1.593883
-0.567378
-3.545851
-3.664357
4.747291
-0.587957
-1.679760
-1.742550
-5.884977
0.264311
1.080144
3.790340
-1.554945
1.701513
-3.993491
-4.716489
-1.999000
-4.419745
1.429534
-2.286097
-5.017870
-6.617775
4.225845
4.424227
1.941615
3.393700
-0.744781
0.084197
-0.246665
-5.947715
-1.393289
0.599165
0.864780
4.476247
0.748242
2.098908
-4.658380
2.314563
2.475923
-1.016685
-0.103707
-0.304047
-0.914020
-1.635350
4.973906
-3.131164
-1.636878
2.995466
0.823350
5.862969
1.839393
-2.617524
1.323530
-6.617775
-1.737280
2.045239
-3.858087
2.072353
1.556134
-2.733282
0.388075
2.753813
-0.906738
-1.090744
-0.627793
3.044237
-0.007832
-0.653475
0.372926
1.575215
1.243223
2.697905
-0.985429
0.222577
-1.311165
-2.412254
3.190221
1.226306
-2.900119
-0.789872
3.542245
0.585935
-2.394592
-0.332442
-3.708060
1.305887
-0.156063
-4.683795
0.685539
-0.540015
0.624944
-4.115561
1.194356
3.354940
-2.613114
0.547985
-0.969692
1.801482
3.181827
-0.216455
-3.222400
-0.555461
-3.057907
-5.395931
3.898491
0.581044
-4.284957
-1.952104
1.552458
-6.030673
-3.077763
-3.866632
-1.456421
-2.313461
-1.315918
-2.891024
-4.579619
-4.121799
2.915322
0.024484
-2.158979
-2.819046
1.097064
-4.093938
-0.801867
-0.306999
-0.051617
-2.106700
-0.984413
-4.432049
-2.206844
-2.120791
0.132881
-1.821059
-0.269222
-0.090033
-0.558212
-0.235160
2.065402
3.024192
2.151469
-3.125377
1.886646
-1.227636
-0.551643
3.206769
0.124846
-1.367992
0.726832
-2.010625
-4.559178
3.376666
1.440040
-5.489244
-0.634981
5.688910
-5.252478
-4.592183
1.602840
-2.018901
5.826552
2.202069
4.143340
-1.463276
0.777573
-1.234310
-3.727081
0.943082
-1.532460
-4.399398
2.095903
-2.746997
4.199373
0.786339
-2.161347
-1.863163
-1.072481
-8.740535
1.581380
0.533669
-6.051802
-2.777400
-2.851720
-1.323884
2.334134
-2.480617
-2.905138
-0.292919
-3.335504
-2.590910
2.627167
-2.431817
5.620527
-2.856286
-2.197825
-3.031719
-6.790433
-4.747462
1.709085
-0.780077
2.674909
-3.795619
-3.252059
-0.715399
-2.433392
-4.217014
2.126669
-1.015863
-1.677725
2.384931
0.991628
0.740027
-0.500208
-0.375912
0.439100
-2.826737
-2.334278
6.150965
-6.270411
0.484982
-4.194455
-0.033798
-0.984096
-0.234960
0.554756
-0.757699
2.616640
-2.795782
-4.372700
-1.757854
-0.593694
-3.456203
-3.711396
-4.123133
-0.270800
-1.316288
2.836279
1.071117
-4.444165
-0.846263
-4.522261
0.030272
-0.685576
-1.297037
1.301556
-0.666436
-1.153686
2.808277
-7.664688
-1.500179
-0.352526
1.004227
3.004776
-2.015676
-0.430249
-6.362881
-0.837020
6.123697
-3.828734
-0.102218
-4.961414
1.172094
5.047268
0.014568
-7.918690
3.144604
-8.376609
-0.545340
3.360772
0.526781
1.335243
-2.086435
1.110202
-0.514440
3.871287
-3.388206
4.320746
3.032099
0.195358
-0.038584
-4.503186
-0.962767
3.959326
0.164381
-0.874974
-1.921353
2.892788
-3.902561
-1.506395
-6.114269
-0.363999
4.129062
0.414435
3.561215
-1.587308
2.010065
-2.192114
2.064605
-1.563006
-3.135106
-6.304832
-3.745366
3.767314
-0.400377
-4.425545
-2.789421
-2.501885
2.369673
-4.234076
4.997411
-3.456359
5.193283
-2.344669
-1.600273
3.520433
-5.394236
4.318336
-1.761004
0.388430
-6.852512
-1.716415
-4.272431
-3.933113
-5.048676
-2.169698
-4.109699
-6.589937
0.177341
-2.536825
0.505718
-1.103792
-0.291927
-1.117548
3.180498
-2.193940
1.690361
-0.159256
0.132450
-6.714569
-3.641298
-2.452725
1.507538
-2.955374
-2.670769
-1.381358
-0.972228
-1.808349
-1.060452
5.297226
-1.468227
-1.445208
-2.776389
0.247788
-0.551528
1.905229
-0.195673
-0.766010
-0.735054
2.119835
-4.276190
0.188487
2.040789
0.707135
0.432992
3.769029
2.799011
-0.907077
1.715819
3.012704
3.358183
-0.942877
-1.598482
0.306969
-1.119826
-1.179795
1.604410
2.661600
-3.463249
-3.154378
-0.369458
0.692167
-0.854358
1.140891
-3.489228
-3.526996
-3.446144
-0.344220
-2.885688
0.261667
-3.954838
0.796410
3.312043
-1.027759
-3.499949
-3.575290
-4.200846
0.325065
-1.275647
-0.363763
2.302082
-1.320303
1.222760
-1.178490
-2.239775
2.920210
4.343381
-1.716684
-3.821844
0.163863
-3.949206
2.178454
-2.933622
2.341536
1.496718
-1.236035
0.583318
-1.169349
-0.885199
-3.175384
-2.464360
-2.412311
1.499232
-2.484988
-3.389710
1.308717
-1.242234
-4.061885
-3.717505
0.474345
-0.157718
-1.264435
0.843977
1.135574
0.572663
-6.711578
-2.907938
0.788864
-1.193457
-6.074290
-1.664068
0.832395
3.121805
3.469536
1.880367
-1.893532
-1.521749
2.143447
-2.991100
5.845265
-0.302743
-0.051413
-0.220882
-1.850123
-2.663992
3.881946
0.764338
2.293461
-0.985209
-0.778636
1.644694
1.694250
0.724448
-4.059597
1.799333
-6.285242
-2.383893
0.289339
0.204119
-1.371567
6.779790
3.999794
-2.736055
-3.755545
-1.011444
-7.778352
1.173773
-2.328730
-2.638749
-1.826886
-1.757512
-0.911368
-7.312113
-1.025277
0.966256
-1.595475
0.140686
-0.924433
1.453016
3.082403
1.723465
-5.700271
-4.938887
-5.970088
-4.272491
1.777444
-3.902070
2.445560
1.973104
2.786627
3.119857
-8.435065
-4.046095
-0.095730
-0.485254
-0.503671
-3.522700
-3.666069
-2.782118
-2.468757
1.616461
1.307327
1.010894
-4.237521
-0.722494
-0.165138
2.356502
4.747861
4.765046
-0.312369
0.419492
1.507801
0.856755
-0.476382
0.934393
0.839970
-2.387202
1.292765
-3.302216
-2.211393
1.737452
-2.200617
0.296484
4.161132
0.541328
-2.074253
-1.180658
-0.025381
0.797311
-2.407786
2.426363
-4.499625
0.168429
1.413752
0.664528
-1.915769
-3.878309
-4.854098
-2.572384
1.277637
-4.988043
1.658476
3.211369
2.670070
0.837720
-2.270796
0.760661
3.718990
-0.337388
-5.026608
-4.315345
-1.929023
0.512542
2.462435
1.116797
-3.109905
-2.970284
4.100748
-0.203026
-0.281920
1.722563
-1.075870
-2.143628
1.380754
-2.426981
0.689938
-3.284134
-0.652998
-6.064681
0.682147
-2.847222
-1.808222
-0.370580
-3.484328
-8.692378
1.325787
-2.710730
-3.128727
-1.872150
-3.177251
-2.931163
-1.822702
0.291742
-1.370433
-3.074181
0.358683
0.082121
0.413690
-0.068575
3.875771
-0.274738
-2.778456
-0.609098
-0.688288
-2.260366
1.140086
1.655875
2.137751
-0.319295
0.536170
2.575716
1.362010
1.785180
-0.713776
-0.023807
0.572596
-4.652761
-1.439953
-3.070213
3.837060
1.674380
0.817591
-0.443794
3.010386
0.996152
-0.140814
-3.247307
-2.196473
4.281450
0.945108
3.579720
-0.583702
-3.432053
0.157870
4.730591
0.979406
-1.085730
1.396049
-1.237066
2.037813
-2.970618
-6.420628
-5.513584
-0.831085
-2.361779
-3.554500
-3.745943
-0.751881
-0.630618
-0.928207
-2.698162
-4.553347
-0.203901
1.793261
-1.669704
0.388369
-4.046095
-8.152789
1.554776
0.494049
2.561515
-1.666030
0.278575
-0.268747
1.663098
-1.541252
-2.027456
0.482568
-0.835072
-0.672852
-1.241771
-0.118680
-0.486998
-1.103392
-1.738668
1.170867
5.922726
-4.684990
-2.736611
-4.483744
-1.793314
-3.758286
-4.065677
-8.489041
0.392789
4.310407
-1.285795
0.299045
-1.410991
-0.557596
-1.993118
0.024896
-5.876712
0.881317
0.272690
-1.958473
-0.117320
-0.133883
-1.763981
3.885332
-2.050119
0.779255
0.282905
-3.662863
-0.563829
-1.397667
-3.118695
-0.508220
-2.276369
4.180932
-0.691905
-0.064754
0.493238
-1.988230
-0.699279
-1.012638
-0.963129
-5.891928
2.810497
-0.178022
-2.510815
-2.107051
2.625499
-0.309611
0.841023
-3.066468
-4.306197
-2.099961
-1.796224
-2.519682
-1.292177
-1.695856
-2.384451
1.234219
-0.639526
3.237865
-4.487368
-5.176067
-0.517566
1.388864
-2.602894
3.563267
0.155354
3.309540
-0.265396
-6.355393
-0.658716
-2.370466
-1.429811
-1.548852
2.481685
-0.525496
-2.813528
0.246511
-0.734800
3.058309
-4.002050
-2.429125
-1.819880
0.250308
-2.151724
-0.219285
1.222059
0.666054
0.018403
1.868861
-1.944844
-0.643905
-2.303324
1.214159
-2.292909
-4.918049
-0.366126
-2.993479
-5.755748
0.059604
-3.346589
2.418578
-0.068892
0.630472
-4.983006
1.992703
-1.491506
-2.020679
0.013700
-1.766327
-4.223989
-3.674162
-1.329408
-2.520888
1.985649
0.465734
-3.109862
2.157106
-2.076707
-2.301848
0.071756
3.625254
1.257293
7.073994
3.827865
1.134969
-1.217438
-1.594822
0.066539
0.077244
-2.540854
0.915441
-2.497223
-3.397980
-0.382089
1.334329
3.933541
2.045883
-1.102614
-0.153364
-0.979795
-6.135329
-2.464182
-2.772237
-2.535693
1.011510
5.432766
1.130192
2.239105
-1.112707
2.130877
2.005067
-3.453110
-0.772993
0.101222
-2.744061
-3.812005
-1.810622
0.238168
1.546325
-3.670094
1.141586
-2.323771
3.263021
4.045501
2.905844
-0.188326
-0.670889
-0.367927
-2.367632
2.638587
5.907518
-1.030614
-1.231392
0.093003
-4.826517
-1.188923
-2.506010
-3.242392
0.812577
-0.792812
-0.135958
2.180182
-1.820804
-0.426902
-0.153584
-2.280403
1.411644
1.098731
-2.248178
4.330352
-1.299319
-0.917964
-3.124270
0.438207
-2.358570
1.825904
-3.815210
1.287776
-0.194173
1.097550
-3.141453
-1.039726
0.291210
0.060907
-4.903958
-1.470318
1.448302
-3.412632
-1.198700
-1.618942
1.545463
-1.803968
-3.652906
-0.918285
2.963072
-1.883461
-2.308817
5.099014
3.702304
0.154843
2.223083
-5.136211
6.494911
2.640866
2.519891
3.696287
4.710319
-4.169534
1.234204
-0.304812
1.510331
-5.539454
-1.186904
-3.008060
2.936939
0.910849
-7.266254
-5.073756
3.583796
-0.040359
-4.251548
3.005909
-4.581299
-4.851866
-2.355533
-3.139941
2.280756
-1.533759
-0.370125
3.624309
-1.486266
0.923598
-2.169697
0.842339
-1.259501
-7.377668
-8.534603
2.186055
1.758599
2.867086
1.013079
2.555661
3.906982
-10.937267
-1.217667
1.561984
0.422107
1.132898
-1.654944
-3.598669
1.306046
-2.621124
-2.648876
-0.275262
-1.738810
-3.263523
-1.212015
-2.652804
0.955769
-1.563604
-1.793590
-0.059872
-0.504608
-1.492177
4.047190
-8.081670
-0.113613
-1.617917
-4.201925
-4.860230
-3.381702
-0.277807
0.545908
2.706485
-0.022872
-0.858519
1.508260
-5.243660
-1.393327
-1.969330
6.771741
-5.514744
0.656929
-2.307779
2.233612
-0.998737
2.554524
-6.847342
-0.150643
-9.512050
-3.501629
0.691759
0.879539
-0.452833
0.525467
-3.337497
1.098778
0.266760
1.685336
5.011553
-1.454905
-0.882472
3.317644
3.006084
-3.488672
0.301291
-0.357627
-0.962811
-1.566589
0.513183
-3.547582
-2.636477
-2.532568
-2.598338
3.568360
-0.036296
-1.556690
4.534410
1.132585
2.542396
2.744278
1.023940
-0.646462
-1.671227
2.435766
-0.473842
-4.362250
-6.779242
-0.980083
-3.418344
3.510004
-0.512954
-3.809394
-4.488948
-2.584026
-3.289399
-2.935700
3.103642
0.827291
-3.900151
-4.934258
-0.631193
-4.676935
-6.768543
-5.568190
-3.658295
1.699157
-4.910812
-2.767499
0.476789
-4.147083
-4.988643
0.636609
2.367558
3.912365
3.036824
3.747076
-5.247897
-2.320642
0.322617
-1.989921
-0.736203
-3.381588
0.452419
-0.368461
-3.928638
-2.814965
4.244203
-2.337684
-0.585752
0.216818
4.461609
4.434864
-4.555918
-0.250163
0.686890
1.100198
0.314810
-1.361473
-2.897647
-2.071423
-0.709378
0.842379
-0.807813
-2.329419
-6.514341
-2.955806
1.499090
2.009983
-0.324800
0.103369
-0.242304
3.985385
-7.470464
-2.701755
-1.034337
1.783978
2.481522
-6.856071
3.378015
1.233272
1.390576
0.792096
-0.031030
-1.863947
-5.293172
4.758040
-2.531814
-2.521285
-2.257668
-0.648746
0.703791
0.294806
-4.449971
0.344710
1.658393
1.747783
1.669942
-5.070504
1.509251
-2.912526
1.310572
-2.428873
-1.098366
-2.218088
-3.247592
0.076157
3.171343
2.809818
4.044668
-1.711382
0.434946
-2.896051
3.523911
-1.817728
-0.661023
-1.716745
-5.126806
0.594615
-2.938614
1.246768
-0.801449
-0.934170
-0.131074
0.623521
2.718576
0.320916
-4.353204
-2.176327
-1.826626
2.170081
-0.835694
-5.387232
-0.317945
3.022907
3.163911
-0.367745
1.968220
0.282110
-1.455360
-1.564186
-2.760312
-3.691309
-1.441579
-3.278028
-4.027072
2.062545
3.359059
-1.816485
-4.405163
-7.157166
3.485140
-2.993928
-2.450405
-0.519127
-4.611477
-3.126359
4.171393
2.217973
-2.164535
1.077055
2.011229
3.114571
-1.029312
-3.594160
-4.582367
-1.959687
4.319978
-4.133030
-2.740890
2.254892
0.816458
-2.876256
-7.008972
-2.850486
-2.446363
-0.457188
-3.353121
0.862572
-3.573331
-0.063681
-7.604210
-0.953726
-2.155762
-2.423402
-1.974891
-2.351878
0.359267
1.535181
0.118154
-6.874708
1.689147
-1.848213
-1.035918
3.063035
-5.737638
-1.792600
1.943702
-0.889477
1.310744
-0.902257
-2.128359
-1.709967
0.777858
-2.346612
-0.077288
-1.622835
-2.198396
-2.453953
1.703319
0.091210
0.475129
-5.920462
-3.212452
-0.272897
-2.142583
0.729742
-0.279597
-0.983527
-1.957490
0.254377
-4.374338
-4.723214
-2.372378
4.249353
-0.915462
-0.905328
-0.611271
3.418102
-4.156219
1.059386
-0.074104
2.532230
-4.858555
-1.567451
-2.548989
-5.201265
-3.314368
4.481492
1.445121
-0.677655
1.819027
-6.871648
-2.622171
-1.292335
-1.344050
-1.450631
-3.014761
-0.845696
-0.938456
1.428436
2.268115
-4.284935
-2.945910
-4.488994
-4.752646
-1.095370
-3.368898
4.761526
-4.143730
3.410413
1.589130
-0.548912
-2.378126
-0.342394
2.656754
3.489686
-3.403588
-4.928840
-1.672999
1.506340
-6.777482
-3.177251
-2.637216
2.530700
0.525996
-3.807716
4.906720
-2.863802
0.824310
-4.705012
-3.663237
-1.652573
-2.522714
1.561424
-1.536400
1.609124
-1.234901
-0.558770
-2.591037
-4.093558
-5.323400
2.090124
0.258927
-8.140592
2.674662
-2.463767
1.858772
0.529796
-2.806858
-3.992423
1.473119
-0.195971
1.172901
1.904166
-0.108855
-4.349527
3.699374
-1.670076
1.203962
-2.427266
1.161060
2.070114
-1.276793
1.276430
-1.257268
-4.196834
4.268117
-1.350378
-3.269963
-2.726167
1.009199
-2.255544
0.741013
3.181041
2.505772
-4.777761
1.818976
0.636553
2.251834
0.759089
-5.176343
0.683715
-2.519926
2.923970
-3.790237
2.279743
2.878759
3.604427
1.863398
0.253688
-2.844806
-2.219524
-0.839128
-1.073750
-1.102365
2.399751
-3.522264
-2.156805
-0.205904
0.154109
-3.114044
-2.400031
1.864755
-3.674817
2.148609
-2.628372
-0.212239
-3.199964
-0.747958
-9.077301
2.105981
1.896529
-2.818428
4.007370
6.172285
3.460232
0.813769
-1.254219
0.370439
-1.248963
-2.030310
4.372620
-2.654332
-5.091207
-3.011019
-0.369484
2.449063
-1.550014
-0.581405
-2.926767
1.649628
-1.189695
1.589345
1.612447
1.117750
2.351534
-2.146107
-5.507335
-3.494395
-1.695659
-4.561840
2.611755
0.796784
-4.148327
-7.616627
1.491566
-1.451221
-3.185996
-2.164103
-0.670825
-1.172311
1.547197
1.325570
-3.316046
-4.751185
-5.470604
-4.869233
-4.163092
-3.240012
-0.368327
-0.530802
-1.582216
-0.913919
-6.189276
1.225753
-3.648188
-0.001291
-4.564433
-2.181400
-0.118103
0.874910
1.176109
1.371512
2.470260
-1.902270
2.556685
-4.122686
-0.403517
-2.035957
-3.531096
-3.202441
-0.557642
1.905606
-4.776723
-2.133938
1.432407
-5.500411
1.410353
-3.002802
-5.762859
2.502474
-4.493765
2.511103
-7.248699
1.626266
0.302091
-4.470941
-4.023607
-4.067451
1.228397
1.669744
-0.172682
-6.124140
-2.110171
-1.288146
0.355460
3.777861
-4.349026
0.695402
-0.431465
1.276381
2.717797
-0.052250
2.106121
-1.373812
1.788250
-2.934602
-1.951818
1.600541
1.368142
-0.523905
-6.670046
-1.454652
0.712202
1.068063
-3.338345
0.887593
-3.525765
-5.066705
-0.685371
-0.764946
-2.451841
2.433000
0.748898
-4.584841
-3.271070
-0.023918
-0.449122
-1.168324
-4.431101
0.392296
0.974212
-2.112038
-7.219604
5.219265
-7.417812
-3.610214
3.016615
-4.700317
-1.034710
1.755292
-4.068821
-0.668369
-0.825872
0.118732
4.427778
-3.644322
1.706244
-1.217471
0.856095
-4.106703
-0.401488
-1.234585
1.513502
-2.177977
0.269464
-1.049028
-1.526699
-0.729131
2.417394
-1.020398
-1.659088
-5.759362
-1.020991
-3.064838
1.617179
-7.562184
-0.898787
-1.370293
1.019526
-5.351895
-5.571613
-0.830585
-0.954954
2.376397
-3.149229
-2.389643
-0.524673
-3.768669
-0.583817
1.258662
-5.821202
-2.158452
2.069309
-0.355996
-0.701114
3.864483
-0.028528
-1.021259
1.325098
-4.537096
-0.930860
0.100129
-0.865749
-2.454294
-4.067993
-2.138914
-0.314996
-1.117822
-3.494391
4.200281
-3.468167
1.748900
-4.839178
-4.312207
-2.515533
-0.212494
-2.265157
0.300818
-5.178219
-2.268090
-0.813654
-1.953969
-7.360623
-2.037291
-2.570174
-1.149056
1.277334
1.444220
-2.695930
1.023019
1.362856
-0.067040
-1.641484
3.631454
6.623063
-4.045949
-2.864223
-0.387167
0.804127
-0.495810
-4.243285
-5.193876
1.281600
1.546312
1.889694
0.158877
0.395404
-3.803454
2.963437
-7.309141
-2.405736
1.250113
-2.025202
-1.430177
0.854351
-3.090487
-4.541973
1.919074
-3.315539
-0.736222
3.987703
-3.323074
-1.065444
-0.418591
-0.484933
-4.522010
-3.814430
-4.746627
3.068916
-3.739530
0.484264
0.953032
1.176729
1.012733
-4.957483
-7.000612
-2.097497
-0.910638
1.686129
-2.138381
-0.310738
0.081188
0.174953
-1.932093
-5.969691
-1.186286
-5.900854
1.942901
-0.359122
-0.812706
3.020288
-4.788479
0.717392
-3.080317
-1.441626
3.046405
-4.293140
-2.073462
-2.265090
-0.591475
3.507011
-2.290394
-6.163223
1.434589
-6.212382
2.473058
0.709586
-0.083563
-6.715185
-0.203974
-0.776014
-0.681701
-6.269631
-1.805418
-6.928461
-0.323988
-3.351556
-3.944470
1.239655
-0.201999
1.341641
2.619035
-2.655503
-1.077732
-0.264664
0.806418
-2.496214
2.554820
1.581538
-1.227595
-4.349023
-0.024033
-0.994834
-5.152303
-2.379270
-0.853841
0.531116
2.681635
-4.835546
1.515374
5.575462
0.222301
-1.122900
-1.842175
-1.622575
-3.048228
-3.990674
-0.239582
-1.677446
4.474215
-2.696036
2.157382
-1.850656
-2.197490
-0.165745
-1.879253
0.752465
3.187014
-0.235000
2.021655
-1.804995
-4.001991
-5.080097
-3.303082
-1.765752
-2.576243
-0.918457
-0.633022
-3.463451
-3.121776
0.513897
-1.995752
-3.890031
1.866269
-1.337041
-1.699913
-1.977817
3.832304
-1.777646
0.165957
1.811908
-1.961911
0.925718
-0.376785
-3.847171
-0.388156
0.771338
-2.675873
4.840503
1.396438
1.489171
-2.778707
-1.304020
-5.042684
0.321589
-2.673256
-0.455215
3.308859
0.347382
-0.494177
-2.472993
-4.788397
0.871768
3.932929
0.255753
-1.136192
-10.538994
-4.260598
3.080521
-3.555112
0.212619
-2.053844
-1.030808
-5.100454
-1.807216
-1.271630
-2.952495
1.013948
-2.496134
-1.339108
-1.171576
-1.407640
-1.472377
4.165555
0.716391
1.336666
1.187243
-0.884652
-2.300946
1.429571
-3.502274
2.391771
3.072334
2.400762
0.236439
-6.235244
-1.390782
-0.754579
-2.522382
1.909204
-1.259509
-0.369136
2.194698
-1.780330
-0.290314
-3.032164
-2.701500
3.669560
-4.494647
-3.033614
-3.926073
-5.074302
-2.278841
-0.062796
-1.846242
1.227692
0.937507
-6.569185
1.569731
-4.306524
-0.496999
0.398585
-0.137040
-2.640746
-4.050696
-2.220757
2.520917
-3.145576
-0.204903
1.548681
-2.604490
2.240334
-4.861837
0.481296
4.194647
-1.549834
-4.136180
2.807588
-2.558356
-0.526559
-0.365978
1.127215
0.813823
-1.258002
-2.320634
-2.576560
2.214692
3.294945
-5.031349
0.167211
2.005798
0.320369
0.710454
1.770082
-0.833789
3.198460
-0.394691
-3.308272
0.494746
-2.829587
-0.836648
-6.751470
-3.159519
-0.322362
0.101789
-1.019136
-3.843607
-1.945571
2.020862
-5.386492
0.120008
0.849938
-0.286111
-1.166923
-3.424067
1.854921
-1.592148
-2.915992
-5.192687
-1.676939
-1.002906
1.085594
4.375259
-1.771465
-3.349984
-1.050690
1.312007
-2.359648
-1.180990
3.487000
-0.914449
1.534771
0.026091
-0.223117
-5.379495
-2.734726
-0.268120
-4.192506
-1.176995
1.789762
0.269251
6.198338
2.429741
-0.555080
-4.046095
3.345320
-0.233404
-0.828240
4.483516
-3.657365
-0.325768
-1.071111
-3.020683
-4.835573
-5.164105
-0.070007
1.730531
0.459727
-1.210586
-2.770642
-0.987555
-1.261985
-2.301526
-0.758027
-1.033149
2.398375
-3.706709
-2.372592
-2.927687
2.419876
-4.706036
-2.334924
1.870199
0.833258
2.063136
-2.624612
-6.719345
-2.067962
-6.199902
1.662420
-0.715444
-2.439940
-1.230927
-5.126778
3.157787
-4.133846
0.519670
-0.081999
-6.594653
0.575447
-1.752886
0.134848
2.784771
4.723472
1.452143
-1.128117
-2.225731
-4.935402
-2.198583
2.719339
0.573327
-4.334389
1.786008
-1.766500
-0.918732
-2.394065
0.112653
1.723582
-1.829681
-0.036071
-2.093066
0.180008
-4.156417
-3.183270
-3.550501
-3.733943
-3.965018
-5.336437
1.413086
-4.035787
2.221778
-2.852928
1.154048
-5.276400
-3.213466
-0.202561
0.505482
2.813108
-7.552816
-6.065577
1.061478
-4.289135
1.407967
1.203436
3.698504
-1.944830
-0.922750
-1.178214
0.583157
2.693607
2.483399
-1.373797
-0.264103
-2.707172
-1.778703
-1.290659
-1.274990
4.997858
-0.749018
-1.693789
2.470684
-4.262094
1.145049
-0.959408
-3.888577
-0.996276
2.800282
-5.002378
-3.508794
-5.678171
0.602447
-0.068264
1.598849
-5.003343
1.356709
-0.588584
-5.844833
-0.145796
-1.878489
-2.237601
2.562276
-1.383734
-3.723051
-4.033656
-3.130442
-0.175631
-2.372346
-3.897110
1.463013
-10.558979
-0.681687
-3.953217
-1.205788
-5.944589
-0.183621
-0.549451
-0.949605
-0.047771
-3.244457
-1.958040
-0.560943
-3.009736
0.025090
1.077688
3.560585
-0.510882
-0.838680
1.651937
-2.133884
-0.304542
-1.337071
-7.013735
0.329502
-0.591703
1.994707
-1.866343
1.681526
0.402724
-2.676601
-0.072277
3.083773
-2.251143
-3.718323
0.405495
-2.539265
1.069721
-3.641799
-10.043546
-1.942299
-1.682574
-5.713487
2.891459
2.159586
1.535590
-2.940270
4.587439
0.003556
0.949133
3.884337
1.627258
-4.497267
1.789669
1.633458
2.008140
-3.130500
-3.283834
-2.268011
-4.173726
-1.612382
-0.798179
-3.890001
-2.707846
-1.041065
-1.188037
-1.758121
-1.561951
-1.178198
0.333643
0.183542
-1.054613
-3.202466
-0.131128
-3.965617
0.051441
-1.058423
-0.282130
-2.035690
-0.482340
-0.620506
-2.479631
-4.215415
5.093046
6.294124
-2.069735
0.666195
-2.893698
-0.801095
-5.667064
-0.205914
-0.595512
-2.400311
0.199921
-5.272053
1.547938
1.521815
-3.475797
0.078335
1.169809
-6.098609
-2.001888
-2.193527
0.586621
-5.588003
-4.153578
1.953013
-1.557770
4.076825
-2.056925
-6.592207
-4.119201
-3.931276
-2.163976
0.741180
-3.344468
5.802582
-5.501766
-2.589173
-1.257966
-1.990918
-1.111101
-2.635473
-0.831202
1.989016
-3.701818
0.241401
6.283381
3.347395
-3.963478
-5.123096
-3.742163
-2.272426
1.726753
-1.818291
1.851562
1.834306
1.767665
0.141696
1.853652
2.029593
2.229571
1.735028
-2.274290
-0.203301
2.170931
-3.249681
1.042463
4.897099
-1.354564
2.800795
-1.317430
2.739489
-5.694790
0.629709
-1.094187
-2.037493
-3.432535
1.982941
1.579128
2.360751
-3.697562
-0.921990
-1.465969
1.556038
-1.599275
-0.250857
0.453738
-1.971951
-4.300439
-0.534595
-6.788281
1.648182
-1.680326
3.061354
-1.183049
-1.086681
1.629321
3.351023
-0.790721
-1.487359
4.549916
0.217820
-5.416063
-2.055230
-2.203737
1.406073
1.853809
-2.338750
-0.346833
-5.293192
-2.676917
-2.284222
0.641765
0.292317
-1.128510
2.992995
-4.584640
1.228496
1.664411
0.713030
-5.264492
-1.766296
-1.024058
-2.790139
4.083520
-1.236924
-1.506535
-0.267519
0.342518
-3.697997
-3.399570
-0.438270
0.936056
-0.286413
-5.024865
-1.387562
6.708091
-1.860753
-1.733937
-0.903303
0.320587
-3.637044
-2.164156
-3.591560
-3.042262
-0.046032
3.364624
-2.651913
1.187329
1.454153
0.758255
1.477499
-1.637962
3.133453
-0.087143
1.326376
3.362222
-1.453512
-2.001310
-0.272695
-4.484363
0.941447
2.617435
-4.195024
1.886323
-0.898173
3.237653
-6.175889
-7.692328
-0.134019
-0.858865
1.282450
-0.249480
-0.937491
0.598371
-5.650721
-4.622412
-0.227457
-4.272716
1.569729
2.808702
1.719452
-3.060575
1.402019
1.436657
3.117455
-4.288188
3.545372
0.790166
-3.469163
-2.518601
-5.383368
-3.378571
-5.261508
1.283819
-5.112681
2.652928
-0.674713
-2.196926
2.085364
-2.039366
-2.514932
1.277070
-2.147651
-3.488551
-1.109784
-8.272310
4.188354
0.702334
0.416121
-3.744709
-4.354782
2.161280
-0.968210
-3.245205
-6.373732
-0.169546
0.713537
-7.739844
-4.862956
-2.859011
2.163923
-3.024130
1.829416
2.427379
-5.543886
-0.669075
1.357033
1.222895
0.803539
-2.042809
3.011602
-0.624584
0.662848
-4.054446
-6.660369
1.520116
-8.691610
-3.154662
-3.678614
0.209850
-5.189831
0.293532
4.207353
-4.074635
0.344198
-1.823434
-2.471831
-2.333369
1.469876
2.291446
0.200121
1.033660
-1.019520
-7.661844
5.204460
-5.156218
-2.738701
0.658548
4.883038
-2.751997
-2.757424
-0.796806
-2.360098
-6.617775
-0.789852
1.157996
-4.790793
-6.859369
-1.728121
3.455392
-1.301708
2.019466
-1.999679
-2.073132
-6.905353
0.363046
-3.675508
1.949351
-1.504323
-1.128179
-0.592304
-5.653553
-2.223335
-1.027420
-3.040716
-1.109812
-1.449802
1.471379
-1.377580
-0.547429
-1.442645
-2.496301
-3.212108
2.374210
-2.643645
-0.096244
-3.807717
-0.236917
-3.644180
-6.738709
2.125587
-3.420073
-0.871455
-4.818766
-3.416636
-2.830163
-1.192475
-1.314258
0.353209
-5.191898
0.749168
-0.815158
-3.808504
0.907922
0.534122
1.279817
0.371259
-3.910865
-2.416555
1.843722
-5.089280
-3.732697
2.821744
0.367118
0.038125
1.205981
-0.673911
-0.981929
3.962457
-0.493444
-2.090212
0.207361
-0.447107
-0.934721
-3.237422
0.583823
1.319257
-2.289333
-1.383824
0.493227
-2.726654
4.508669
-3.812027
-4.016215
-2.710011
-1.979570
-2.757261
-3.520308
3.146863
-2.043807
-4.853015
-2.212449
-4.357072
2.556984
-3.958632
1.039368
0.975782
-3.064602
-0.282296
-1.610288
1.022533
1.173347
-4.200380
-1.000723
-0.971414
-2.036239
-0.630212
0.170921
-3.240479
-2.579673
-3.787414
-2.405055
-4.149817
-3.409770
-2.220426
-4.402503
0.694968
0.948491
-0.039854
1.498964
-3.746211
-9.305851
4.640796
-3.124092
2.510762
-2.930950
0.206462
1.870413
-1.520360
-2.297147
0.554925
2.380044
-6.435006
-3.489965
0.935573
0.407575
0.743025
-2.187193
1.594382
-3.866700
-3.130283
-6.779191
-1.425351
-3.775742
0.217341
-1.525037
0.643485
-3.851207
-1.177973
2.855844
0.557529
-2.057846
-0.001684
-1.218527
0.678186
-0.385220
-7.514828
-2.286180
2.123461
-2.142925
-1.850522
-0.259201
4.161497
1.868430
-0.565494
-1.782809
-2.194938
-2.260955
-0.432212
-0.336180
-3.104742
-5.289503
0.021167
0.354592
-3.930426
3.229823
-1.771133
-1.265189
-0.247419
-1.981406
3.083612
-2.364502
-1.726369
-1.203344
0.504852
-6.268671
-1.479012
-1.530676
-1.212646
-1.841932
0.566804
-2.794503
2.678049
-5.936844
-6.750115
-0.212202
2.716677
-1.468371
-0.724128
5.071137
-3.753479
-2.517499
3.299948
-0.620010
-7.840446
-1.308561
-1.432605
1.572975
-0.503888
-1.390404
2.505139
0.843073
1.468963
-2.704868
-0.060437
-1.736649
1.096024
2.126937
-0.586823
-1.981310
-4.805875
-2.449309
-2.250195
-0.391169
0.215468
0.284785
-0.116715
2.331697
-0.877190
-0.013792
-1.932723
0.008861
-0.479052
4.060835
-3.144247
-0.822777
-3.289010
0.890557
3.056125
-3.304856
-3.896618
-0.074667
-0.267842
-1.210922
-5.099324
2.444764
0.694915
-3.734270
-3.064746
-7.481008
-1.649710
-2.770672
-3.451163
-2.884160
-0.822423
-2.366968
3.806513
-1.183620
-0.903155
0.939426
1.488122
1.791017
-4.351703
-0.714656
-2.901365
-4.956102
1.194005
2.904967
-2.638593
-7.302254
-1.697258
-0.971719
1.335594
-1.756977
-5.794693
-1.452198
-3.144950
-1.207595
-5.518590
2.453937
-1.027484
-1.948095
-5.779542
-0.751472
-0.921574
-3.967022
2.519909
-6.508123
-2.768524
-1.802483
-4.598354
3.544796
-2.654184
-4.142656
-2.733412
-1.660493
-4.414047
-0.041162
-2.241540
-2.784233
-4.381804
-1.846831
-2.707112
-1.571232
-0.921894
-0.593553
0.255919
1.907294
-1.019869
-1.071900
-0.946643
0.955173
-4.910771
-3.728408
2.872902
-3.532757
1.347830
2.558933
2.044947
0.818552
0.632449
-1.240923
-3.058168
1.419662
-4.742935
-0.158552
-3.448441
-3.619942
-1.941055
-0.813337
5.232908
0.102288
0.545314
-5.926452
-3.962696
0.046741
4.672774
-1.780971
-1.913999
1.029708
-0.518213
-0.481931
4.969816
-2.045690
-0.300094
1.881418
-0.492580
-2.519034
-0.784586
-4.943436
0.553864
0.357793
-0.843158
-4.265109
4.286266
1.308351
-0.709770
-3.030135
3.087243
-2.987640
4.428638
0.728259
-0.034076
2.139964
1.241267
3.034889
0.256399
-0.151583
-1.177331
-1.917662
3.156010
-1.056661
-0.147476
-2.324403
4.836688
-2.675081
0.763319
1.783893
-0.324205
-2.095130
1.267794
-4.061344
-5.418956
1.721021
-3.084677
-1.453332
-3.629224
-2.048255
-3.262056
-4.948501
-0.375114
-7.353256
-1.083745
-1.030129
-4.994358
-1.479503
-0.037463
-1.870231
0.022654
-2.454512
1.085786
-3.991645
-3.649211
-3.130442
-2.099586
1.537926
-3.125563
-4.253610
0.594607
-1.191447
0.036493
0.184488
0.857498
-1.514329
-2.684626
-1.229333
-6.523424
0.889182
-5.061445
-1.232542
-0.725055
-3.786279
4.276255
-0.503943
4.212752
-1.378386
-3.686792
-5.684307
-2.197687
0.273450
-1.804602
1.332782
-5.269903
0.146365
0.214843
-0.780405
-3.264267
3.079663
-0.872834
-5.873404
-0.365594
-8.031301
-1.315719
-2.928543
-3.194680
-1.208920
-1.120277
1.675054
2.171469
-4.933108
-2.753691
-2.206001
-1.837302
-0.061990
-5.525112
-3.907312
-0.763147
-1.829206
-6.003407
2.075931
2.901685
-1.912026
-2.746871
-0.227064
4.334428
-1.931325
-4.144646
-5.523920
-4.734370
-0.096111
1.313479
-2.529550
-2.918662
-2.040315
-0.210990
-5.657475
1.095052
-3.705028
3.751599
-0.068294
1.471037
-3.995593
-3.267774
-0.123268
-3.882551
2.980119
0.272063
-3.433299
0.625787
-2.784787
0.212460
1.015133
-3.933762
-0.672153
0.436502
-3.512539
0.085861
-3.761479
-0.983566
-3.738701
2.556229
-1.064793
-3.999052
3.528028
-2.665941
1.913872
4.969601
-0.977827
-0.244410
-3.378021
-7.209733
2.877561
-2.009254
-0.945517
-0.985583
-0.781370
4.508270
1.522110
-5.666813
-4.151217
-4.322248
-2.902528
-1.749201
-0.694723
0.105145
-0.221869
-4.251863
-2.827541
1.380341
-1.170814
-1.762439
-1.641946
4.953485
-3.464667
-0.013260
-5.291859
-3.105501
2.843089
0.467242
-0.621140
-1.899760
-1.275073
-2.732417
-2.647251
-0.502426
-0.055738
0.089064
-2.503675
-0.062598
-0.839942
2.398117
0.289370
-1.098560
-3.592052
1.083319
0.043459
0.785556
-1.186969
-1.662146
-0.263643
0.534043
-1.902364
0.385560
0.684387
-1.484984
1.517217
2.077860
0.963135
2.182072
0.624008
0.790039
-3.975340
-5.195646
-0.086687
-4.160250
-0.501422
-0.184034
-2.104735
1.399906
-3.072477
-2.450503
-1.611833
-0.776798
0.433869
4.390928
1.594818
5.676605
-0.253489
-1.883531
-2.936901
-7.525053
0.527589
1.161779
0.310257
3.560400
3.272171
-5.311736
-6.711626
1.499520
-1.984105
-2.368064
1.375605
-0.681487
-3.405684
-1.135976
-6.609090
-1.133443
-1.975224
-0.422488
1.423069
2.234063
0.218951
-0.180213
-5.575174
-3.304147
-2.568604
-1.149716
-2.566412
0.704419
-6.727543
0.302171
-0.338188
-1.058512
-0.281857
0.854039
-0.706455
-10.526615
4.151196
6.651152
1.078959
-1.475202
-1.817173
-1.886581
-0.298397
-3.526075
-0.309203
1.574075
2.522105
-0.978423
-7.196974
-2.537854
0.896380
-2.244040
0.918056
2.343105
-2.625267
2.248583
-1.590106
-2.560396
-7.204075
0.345728
0.729864
-2.573912
-4.191934
-3.162785
-1.535858
-7.374670
-0.153572
1.218493
-3.970959
-3.177251
-5.810496
-4.782497
-1.587024
-3.551550
-2.846598
2.529098
-3.039333
-1.906147
3.353792
-0.268613
-0.917048
-1.196181
-3.880827
3.345186
-3.277499
-7.707199
0.828435
2.639683
-1.963312
-0.712006
0.565318
0.608957
0.286884
-3.446139
1.242555
0.729621
1.445649
2.291045
-4.027542
-3.306061
-1.958031
-3.530212
-1.378716
-6.309394
-1.769924
-5.291683
-0.838529
-7.157803
-3.332693
1.839195
1.641373
-3.076900
-1.478637
0.350034
0.123197
5.657209
0.498094
-2.499694
-4.288962
2.752393
-0.047711
-2.953969
-2.778041
-3.069928
-0.707191
-5.134038
-1.063704
-0.267433
-0.635502
-1.963465
3.333497
0.846888
4.086417
-1.400455
-6.115887
-1.983036
0.932398
-5.439681
-6.026711
-3.898596
-2.055476
-2.537209
-1.089760
1.402670
-2.238359
0.531717
-2.527494
-2.956642
-0.397277
4.185145
0.991873
-6.419962
0.851824
-2.398851
-2.589418
-0.824468
0.184727
-0.665742
1.613306
-1.546437
-0.613862
0.206264
-0.846844
2.253582
-0.890599
1.106005
-2.180533
-3.074490
-5.289404
0.231542
-2.801564
-4.870282
1.145074
-0.765458
1.784075
-3.126884
-3.419683
-4.319850
0.416280
1.521555
-1.755409
-1.852503
-6.623211
-0.289732
2.253322
0.210759
-1.145311
1.002615
-1.696983
3.172601
-1.364226
0.951614
0.200116
-0.759584
-2.368349
-3.639748
-1.174149
-2.636579
-4.107940
1.666119
0.905580
0.196573
-1.706110
1.090583
2.983331
-4.347402
0.599368
-4.226058
-0.905005
-2.435787
9.001245
0.136034
1.368281
-1.449599
-4.034935
-3.678014
-3.357985
-2.412113
-2.709496
-1.490961
-2.812810
3.721174
2.631402
-1.387082
2.537839
4.594144
-0.286078
-1.964668
1.155224
3.050192
1.113144
0.522051
1.403146
1.119705
-0.066641
-0.639462
-4.499436
-3.553864
-0.704657
-0.931690
2.837244
-1.832767
1.738433
-2.132599
-0.667253
-3.641038
-3.466342
0.127044
2.766863
-2.878124
-7.276516
2.582516
0.729200
-1.293741
1.105266
-6.641644
1.038929
-3.948462
1.057433
-6.293298
0.624705
-4.830952
1.166839
-1.939913
2.150067
-0.265693
2.167055
-0.185454
-3.177251
-10.583834
4.040795
-7.131718
-7.326858
-3.260760
3.358741
2.748780
1.579510
-0.322650
-1.604001
-1.988001
-6.502816
-1.669149
-0.440298
3.368864
-3.579534
3.158976
1.324794
-0.269981
-1.614707
1.993492
-8.323598
0.903855
-4.708401
-1.147633
-3.809422
0.270962
-2.167530
-0.426834
2.937888
-2.018721
0.403218
-0.438179
-1.398521
-1.672368
-1.815434
-2.895126
-0.839000
1.408782
-1.227267
-1.328577
-6.273771
2.765835
4.392327
-0.208676
-1.717246
1.455415
0.063821
1.621621
-2.115616
-1.825151
4.219777
-0.843595
-4.775006
-4.380453
1.235550
-1.179866
-1.314959
-4.877415
-5.396782
-6.045232
1.187395
1.740969
-0.216302
-0.456633
-3.917601
-7.171467
-1.226597
3.250629
-0.541034
-6.615692
-0.698037
-1.729393
2.186442
-3.134399
-1.721465
-5.072579
-3.481093
-6.545122
-0.035715
-4.936438
-1.541790
-2.467295
0.686320
0.574090
3.086920
-1.736765
0.140572
1.233089
-1.061176
-3.686174
1.689265
-1.108269
-0.347028
-1.664853
-1.535020
-3.302110
-2.145243
-2.830615
-0.974790
-6.652209
-0.291641
-7.512134
-0.146695
-5.107930
-1.349188
-2.604247
-3.315354
-1.041739
-4.511410
1.591034
-0.432773
-0.966578
-2.128770
-2.174593
-2.464890
2.813346
-1.684623
-0.035826
-0.011860
-4.085849
-3.274775
-3.573450
-1.205285
0.744269
0.011539
-0.662858
-0.029984
-1.709638
-6.027734
-2.955454
-0.359122
-2.180080
-1.638153
3.947713
-3.238154
-1.426807
2.408377
1.613920
0.426828
-2.396442
-1.084264
-5.083319
1.660927
-4.366772
-1.042446
-0.738397
-0.070297
-0.835549
2.799819
-0.742592
-2.887647
-0.781058
-5.129660
-0.095582
-5.435325
-6.228618
-1.842484
-3.172901
1.247044
0.283422
7.359938
-3.924446
-3.372190
0.762604
-3.512852
-2.161345
-6.359066
2.241387
-2.418112
-1.357771
-0.748607
-1.762687
1.895131
-7.776211
-2.013953
2.972226
1.264575
2.083317
0.360217
1.451125
2.041739
-2.133530
3.731083
-0.023372
-3.885703
-1.878741
-3.518965
-1.196716
2.396517
0.699463
-0.039856
-2.847981
-0.372552
-3.871521
1.329133
2.637311
-3.823115
-0.025579
0.014406
-1.290521
-1.079927
-0.376893
0.158220
-0.266971
4.543742
4.640848
-0.430927
-0.632846
2.036407
-3.069414
2.412829
-1.826073
-0.599435
-0.760667
-1.964834
-4.834350
-0.053643
-2.722034
-1.595862
3.987977
0.963001
-0.911803
-1.562627
0.241900
-3.527044
-1.719384
-2.888452
0.425668
-1.429581
-0.946246
-1.773692
-4.868072
0.648206
2.298478
0.175207
0.829187
3.602936
-3.038159
-5.535787
-3.531698
2.820230
1.114195
4.130291
-2.350124
-10.191890
-0.354877
-2.338964
-2.057023
-4.409045
2.536578
-3.489233
-5.558246
-0.363851
-3.189916
-0.851928
-0.320339
-6.332587
0.331496
-4.046095
-5.126053
-0.347876
3.115414
-6.114275
-5.005138
-1.375868
-0.885469
-2.340658
-1.785720
1.708660
1.435759
1.372389
-1.352427
2.089314
-3.474634
-1.057345
-4.083177
3.620102
1.767801
0.422850
-2.327304
-1.960486
3.661713
-5.380382
-0.973186
1.598849
-4.508808
-5.583053
-3.626525
-0.006024
1.347118
-0.606503
-3.146063
2.945651
0.367202
0.622407
2.221775
-5.216757
-0.647040
-2.129330
-0.304819
-4.150263
-6.773022
0.874147
-6.142874
-1.725810
-1.658011
-3.138642
1.182991
2.704261
-1.401888
6.830784
4.141050
-1.280039
-4.326974
-1.583255
-3.115882
1.621939
-8.893168
2.005835
0.985436
-2.201946
1.988606
-2.968567
-5.281834
0.844492
-3.812857
-1.760519
-0.306446
-2.947547
-6.763745
-2.868121
-3.108063
3.942505
2.406593
3.284196
-0.619734
-4.866472
-0.243616
1.626325
0.566021
1.257336
2.133246
-1.795181
-6.011567
-1.636031
0.929153
-1.899353
-2.957349
0.451063
-2.522694
-1.801417
-3.506446
-6.128927
-7.962002
-3.277046
-1.689318
-3.667448
2.193430
2.996496
-1.276020
-3.894198
-5.919169
-1.595784
3.227744
-4.536358
-3.864003
5.350797
1.628816
-2.627969
-6.221584
-0.365418
-4.356967
-3.374344
3.118330
-2.360938
-3.067821
-4.544763
-4.989989
-0.868423
-1.206018
0.380047
3.162196
-2.651941
-2.835359
1.724182
-2.155146
-5.695506
-8.786140
-2.467534
5.101616
-0.867983
-1.020384
0.414330
0.520461
-5.831781
0.909372
-1.627724
-0.672276
1.504855
1.699855
-4.046859
-2.387722
-1.289621
-3.149497
0.485755
-3.325741
-4.046095
2.304171
-3.371415
-0.307731
-0.684144
3.398154
-3.740312
-5.274123
-3.146326
-0.936992
1.477395
-1.839381
-2.102637
0.040276
-4.749864
2.011990
1.641516
0.010612
-4.427344
-3.549420
1.991139
-1.338804
-4.518377
-3.331959
-0.686905
-2.822848
0.477077
-2.224845
-1.645730
0.391021
-1.039244
3.270035
3.424141
-8.215869
-1.431437
-1.057319
-4.151207
-3.836187
5.028749
-0.470024
0.090569
-1.743550
-4.157345
-5.908269
-5.976315
-2.729183
-0.421689
5.871257
3.921038
-1.051455
-4.409394
1.382005
-1.030046
-2.544109
-3.558570
-0.325537
-3.468561
-0.646515
1.347580
-3.780439
0.106632
2.769542
-1.915539
-1.186968
-3.201987
1.076862
-4.983641
-1.934391
0.082612
4.124340
0.055614
1.468037
-5.088479
-2.383611
-0.351454
5.513779
-4.867126
2.945778
-0.487319
-3.011113
0.471490
2.309418
0.116879
-3.903361
-4.072815
-0.265514
-2.459736
-1.592333
0.501159
-2.421049
2.611517
-0.585477
-2.691268
0.031315
-6.841656
2.341829
-1.661177
-1.197596
-1.833085
-2.615556
-3.063663
-2.249128
3.311913
1.767437
-3.442377
-0.458309
-4.311436
-0.617666
1.027999
-0.101909
-2.822034
-3.445018
0.149350
-0.710341
1.669003
-1.989927
1.200076
1.348660
0.062801
3.496120
0.697593
-0.860373
-3.305823
-0.840635
1.319619
-1.860340
-1.946780
-1.784483
1.644510
-3.460423
1.418042
-5.873623
-3.893124
3.902259
-0.570660
2.036114
-3.730165
-0.664896
-4.361773
0.581477
-4.677896
1.024977
-4.346526
-5.887252
-2.184490
0.097998
0.103584
-7.059609
-4.071922
-1.546835
1.711683
-3.106488
2.394678
-6.983994
-2.853328
-1.073127
-3.957665
-2.145023
1.346398
-1.364309
-1.939306
-2.798450
-5.341777
-3.481360
-1.973922
-8.031247
-1.462312
-6.011591
-3.186747
0.425872
1.808133
-3.148278
0.341743
1.044443
1.359654
-2.097094
-2.235305
-4.201181
-0.167046
-1.189180
0.777407
-4.262863
1.602329
-4.341898
-4.833403
-7.341249
-1.670409
-0.324926
-4.225420
-1.381282
-2.842724
-2.194137
0.803339
0.467609
-1.134774
-2.503143
-5.076331
1.478874
-7.241669
-6.764501
-4.217751
-9.197075
-1.922414
-3.859082
1.234747
1.932009
-2.683969
0.859683
-2.619518
-2.922729
-0.934300
1.481538
-3.374030
1.354319
0.172492
-2.283946
-1.916312
-0.589945
-1.071557
-3.034416
-4.622467
-2.777171
-3.509496
-3.966170
-2.282495
-2.078382
-8.927998
1.503897
-3.644152
-2.548241
-4.948818
-4.246423
4.858073
1.759513
-4.954932
0.290537
-5.462392
-0.671907
-5.033158
-2.443603
4.924971
-4.582848
-4.731475
-0.433404
-2.925731
-3.732875
0.170096
1.953464
-8.011826
-1.696858
-2.077857
4.076045
-2.263673
-0.037345
-2.996964
0.006965
-2.920675
-3.190770
-3.788749
-0.121959
-1.559922
2.511069
1.223282
0.146838
-0.729921
2.351074
-5.622605
-1.363578
-0.552418
-2.928007
-5.727404
-3.018773
0.464404
-0.754495
-1.874441
-1.080915
-1.763175
-1.246317
-1.356511
1.494333
-5.357729
-2.569562
-0.570573
-1.871270
-1.347863
2.644010
1.205492
-0.179384
0.474052
-0.179977
2.609586
-0.728805
-0.455381
-1.298682
-3.635896
0.914796
-0.599567
-3.906898
-1.636211
3.489916
-5.706905
-1.333660
-0.717522
0.410685
-2.772139
-2.342075
-3.188353
-0.697013
-4.950846
-7.098277
-0.913526
-5.245416
-3.744811
-2.586889
-1.723799
1.207359
0.262936
1.030595
-2.861409
0.832191
0.999571
-0.104566
-1.723184
-2.181305
-1.554713
-4.982588
-2.242322
-4.634483
0.513263
-0.774002
-0.512276
0.685658
2.014665
2.808640
1.172663
-3.308725
0.396441
-1.487223
-1.982922
-3.982640
-6.230405
-6.308680
-3.169555
-2.805140
1.232891
-0.024975
0.433657
5.570021
2.793941
3.703080
-3.201329
0.219297
-4.171037
-1.660477
-3.405492
2.596471
0.041088
-6.903688
3.168779
-2.323871
0.201034
-2.424423
-4.927661
-4.609328
0.216233
-1.175276
0.049809
1.894383
-7.781749
-1.773107
-3.397691
-5.177949
0.371263
-2.588078
-5.316753
1.687435
-2.239840
-0.722258
-1.329303
-5.640940
-0.958711
0.457796
-1.022098
-3.124304
-1.255137
4.060555
-4.059658
0.417480
-1.231956
-2.706913
-1.755977
-6.457640
-7.385918
-5.604624
-5.487005
-0.808192
2.812023
2.215213
-7.192275
-4.077853
-1.617895
0.878591
-3.504832
-2.860953
-0.134041
-3.630674
-2.924841
-0.274498
-3.463434
1.217507
-4.633168
-1.934813
2.608359
-1.894303
-1.983281
-4.416083
0.034527
-0.028729
-0.946352
-3.889882
1.954524
-2.959279
-2.890247
-2.748248
-0.463505
-1.859905
2.965816
-1.344525
-5.254339
0.755408
0.033235
-1.093910
-1.208809
-4.900323
-2.619239
-4.973413
2.008021
0.203258
-0.308753
1.824009
1.426647
0.618852
-0.452219
2.567547
-2.700803
-1.382452
0.922276
-1.515796
-2.188643
-3.074883
-2.699091
0.869291
-2.007379
-4.155111
0.327125
-2.230174
0.989271
0.201629
2.029627
0.783278
-1.695946
-0.507952
0.306490
0.699475
-4.443006
1.624667
3.113868
-0.020469
-1.886243
-0.216909
-3.862228
-1.836961
-1.254560
-8.059694
0.925752
-2.294479
-2.031490
-6.392863
-3.417414
1.782383
-2.363758
3.065548
3.467524
-0.696610
-3.649860
-6.078048
-2.531132
1.735983
-5.957317
-6.358479
0.299720
1.433252
-0.058772
-1.941936
-2.139615
-4.525016
-2.184256
0.302384
-0.117040
-2.254509
-3.016013
2.185272
0.444312
-7.223850
-3.609587
0.107222
-2.331297
-0.478986
-0.422035
-0.965751
-5.322110
-5.429080
-3.896311
-1.168258
-0.797491
3.318809
1.826434
-0.983437
0.990325
-1.153902
-5.272319
1.558596
3.397303
0.146280
3.393550
-0.538916
-0.881637
1.749553
0.965092
2.200845
-0.633483
0.169321
-4.461876
2.823722
2.805733
4.102780
1.751092
1.877429
-3.255948
0.229918
-0.445152
-2.352187
-2.098396
-0.761276
-4.155708
0.104578
-0.733829
0.765143
-2.762591
-2.933403
-3.423238
-0.148402
-0.030462
0.808215
-3.800034
-4.246799
-2.155895
-2.087210
-3.441435
-5.635588
-3.750442
0.929243
-0.568936
1.170235
-1.927862
-1.674689
-2.998463
-1.853063
3.690416
-0.691146
-2.288959
-2.249422
-6.156058
-1.329360
5.128784
-4.144696
-2.080551
-3.116990
-1.310799
-3.391271
-1.372463
-0.705978
-4.568962
-2.586711
2.922067
-0.415835
-2.248157
-2.790941
-2.537640
-1.566548
-1.173480
-7.440928
-5.496418
-1.095499
-0.231257
5.561148
-4.618089
-1.957786
0.934733
-1.750357
-5.946210
-1.990313
2.174459
1.697952
-3.503202
0.095435
-9.204216
1.454681
-1.753564
-2.394354
1.005336
-1.594732
-3.359632
2.418354
-0.779653
-1.605537
-4.527621
-1.024405
-1.620917
-0.044875
-2.722401
-0.886408
-6.532846
-4.141368
-0.652293
-0.786457
0.382792
0.547235
-2.844131
-1.840528
-0.815600
-6.478788
-4.124438
-0.139638
1.865856
-4.976077
-1.662111
-5.095443
-4.798001
-1.375393
-0.490935
-0.322841
5.376863
-2.455053
1.360394
2.482895
-2.750814
-1.922284
-4.229995
-2.655748
-4.113751
-3.974550
0.899257
-4.726656
-3.441055
-1.826972
-8.868030
-5.363239
0.743982
-4.094331
-2.467705
-5.292192
2.579799
-0.979544
-2.010430
1.270138
-6.130137
0.527297
0.115530
4.051890
-1.831080
-1.871540
-1.784191
-3.510649
-3.781543
-1.605536
1.978720
2.551827
-6.462766
-3.157681
4.933343
-3.040200
0.930925
2.280208
-2.260435
1.106897
-0.533817
-2.734241
-2.455029
-3.801176
0.212662
-5.261175
-8.849180
-2.156219
-0.504580
-0.843769
-4.977807
2.821793
-4.989599
-3.782056
-3.418686
2.785371
0.271359
-5.915986
-1.750440
1.213938
4.364022
0.500011
-1.251969
0.676509
-1.022682
-0.943538
-0.921193
-0.233330
-2.657864
-4.510621
-7.701930
-1.570586
-0.956948
-4.542258
1.560819
-2.650973
-2.204123
-3.901731
-4.369765
-0.869031
-2.940202
-1.701488
-4.701446
-1.502303
-2.047553
-0.006415
3.205603
5.623575
1.945305
0.639537
-1.703768
-3.924400
-1.304535
-3.130708
-2.170788
-2.191942
-3.287497
-5.166616
0.305779
-3.493773
-1.905792
-1.118323
0.044366
2.651915
0.708647
-1.582376
-3.548772
-1.933936
-3.083636
-4.552220
-5.061046
-4.414161
-4.533054
-3.621943
-1.979727
-5.120562
-3.571316
-0.011760
-1.243533
-0.056141
1.695326
-2.099524
-1.902009
-0.872652
-1.986836
0.837757
-1.791261
4.804996
6.283478
-0.127656
-1.346267
-0.225435
-0.377891
6.818441
-2.327312
1.344412
-0.879374
0.209414
-0.645861
-1.939474
1.148010
2.012333
-4.315100
5.392743
4.144518
-1.092921
-3.217233
-5.488733
2.626010
-0.745734
-1.923656
-4.216774
-6.449963
-4.032676
-1.283179
2.643095
-1.935124
1.093285
-2.546351
1.635646
-3.655562
4.515810
-1.800535
-1.953318
-1.329062
-0.605203
2.800809
-0.178138
-3.444619
0.736968
-4.507911
-3.813320
1.666071
-4.027563
1.532201
-4.106617
-4.263303
1.225250
-3.187215
-1.042860
0.161170
-1.109348
-3.254725
-1.857128
-1.754279
-3.431309
-4.525766
-0.421963
-5.091153
-3.016772
-0.964064
-5.286871
-0.966839
-3.020211
-0.534988
-3.378213
-5.371534
-0.114862
-6.367021
-0.612590
-1.307356
-1.962463
0.477557
-0.885786
-2.510383
-4.044933
-4.513996
1.707312
-2.047986
-1.387618
-3.221053
-2.483590
-3.283255
-1.741013
-1.629725
1.704370
-4.254792
-4.979152
-3.349491
-0.179529
-4.484474
1.909203
-3.178596
-0.757522
-2.589660
-3.018846
-3.358453
-0.712626
-4.090508
-3.805139
-2.340513
-4.081546
1.896132
1.544735
-1.316276
-0.053143
0.591855
-3.134632
-1.714545
-5.266767
-2.803615
-3.296837
-4.566607
-0.591695
-2.038667
-4.692745
-0.306637
-1.590552
-6.066791
-3.239730
-0.888552
-1.016062
-0.655626
-0.715212
0.015594
4.760165
0.466434
-1.820827
1.623206
-0.333654
-2.947879
4.527982
1.099144
-1.242515
-1.081597
-4.082645
-2.566795
-2.152658
1.728946
-4.266915
6.249872
-4.475628
0.689955
-2.960567
-0.026407
-10.110396
-0.523351
-0.370670
-0.432303
0.643268
3.395723
0.853630
2.218230
-2.938997
-2.234015
-4.565528
-2.858438
-2.761969
-1.632024
-7.216785
-2.114272
-2.872484
0.667608
2.059411
-4.605704
-8.398274
2.148832
-5.990137
-4.106041
-1.906141
-8.231819
-0.763816
-3.540796
-4.286257
-2.179955
-3.736396
-0.666707
-5.096683
1.007657
0.173506
-1.453565
-2.206950
-3.399562
-1.716552
-5.100855
-4.939020
-3.947239
-6.028908
-6.701052
-4.086941
-1.437898
2.362216
-4.521913
1.887708
-5.138721
-1.840431
-4.332389
0.226317
-0.790137
-0.759114
0.604235
-2.332619
2.723540
-1.515079
-2.218272
-2.784822
-4.996742
-5.485179
-1.834233
-2.639435
-1.539665
-1.880438
-2.851411
1.061165
0.084034
1.640372
-1.344569
6.884591
3.412630
-3.923970
-2.995358
0.127412
-1.709888
1.503911
-6.987685
-1.761144
2.782720
-5.681088
-3.177251
-1.188140
-3.295067
-2.637145
-0.170929
-4.676149
-6.505228
-3.066051
2.441735
-2.942151
-5.761399
1.642431
-4.071398
2.948359
-0.843149
-0.984500
-0.539277
-0.555885
1.903384
-1.202473
-1.404442
-4.603411
4.352992
-0.140934
-2.232270
-8.209504
0.057058
-4.324455
-2.884882
2.289529
-3.124249
0.115724
4.033899
-1.116234
-1.916162
2.527556
-2.792865
-0.258230
0.898368
-0.671576
0.142849
-1.019634
-0.041117
-5.894343
-0.977215
-3.363553
1.030703
-1.399578
-1.491232
1.675543
-1.324335
-4.434087
-1.031406
-3.166672
-4.661332
2.171209
-0.149345
-4.031863
-2.015220
0.739963
-1.307920
-1.108771
-3.407996
-5.084249
-3.932101
-0.808707
-0.894479
-6.681828
-0.299392
0.338409
0.508453
-1.803296
0.537798
-1.284328
-0.892195
-2.080022
3.416850
3.461877
1.030064
-0.097645
-3.217097
0.927347
-2.899603
-5.264799
-5.453675
2.530540
-2.262791
-0.333765
-1.536111
1.152796
0.560435
-2.505840
-1.754642
0.086751
-2.416872
-0.331179
-5.992252
-2.754869
-2.038059
-2.970098
-3.364620
2.662860
-4.445903
-1.737120
-0.737005
-1.416217
-0.220823
-4.738393
0.834188
-5.971653
-1.273171
-7.444016
-0.618144
-1.066131
-2.256741
-1.962122
1.819364
1.273159
-3.957006
-1.811845
0.901178
1.308907
-3.832457
1.480237
2.032558
-3.293615
-2.505541
-1.919690
-1.457369
0.963981
1.169595
4.803094
-2.880149
0.765771
0.732512
-2.086196
-1.768748
0.954446
-2.879513
-3.631324
-2.754000
2.636405
-6.433832
-4.884906
-0.605748
-0.314151
-4.473270
-1.370313
-4.013427
-5.901418
3.453274
-5.514204
-5.651755
-4.073176
-4.722160
-2.493453
0.422495
1.744230
1.728786
-2.327473
-4.323712
-0.530063
-2.345299
-4.179539
-5.002204
-1.322875
0.113499
-0.736341
1.143796
0.842984
-0.981571
1.362697
-2.053032
-2.075650
-5.458568
-2.353081
1.533268
2.455893
-1.136161
-0.933497
-8.083387
-0.297276
-3.390654
-3.402847
-0.690866
-3.435868
-0.519859
1.892403
3.822680
-3.953972
-4.570196
0.920042
3.771973
-2.719464
-2.622238
1.338783
-1.589429
-5.013431
2.622752
2.771476
-1.335244
6.551966
-0.041375
-5.577977
-0.323170
2.132226
-0.354099
1.248086
-0.152971
-0.853768
3.908185
-0.894198
-0.381181
-1.990295
-4.480545
-0.360129
-2.140635
-1.492602
-4.326959
-1.690397
-3.355307
-1.470960
0.299515
-2.127823
2.212128
0.677986
-5.497129
0.480388
-1.197102
-5.269198
-4.827437
-4.282966
-3.627974
-1.876918
4.208948
2.745009
-1.904688
3.032735
-5.105017
2.505479
-0.080415
4.562099
-8.716866
-0.691628
-1.066734
-5.414927
1.282553
0.319099
-1.164265
-3.822544
-4.212832
-2.339598
-2.324586
-3.124016
5.605978
1.985700
-0.097475
-2.448016
-1.082679
2.902931
-0.643915
-0.870012
-5.062675
1.846561
-0.066879
-0.485856
0.430289
-4.050663
4.707060
-1.232034
-2.129147
-2.080294
2.719634
-2.475821
-3.177251
0.505936
-1.436213
-1.853468
-2.656919
-0.874188
-1.558205
-3.340415
-1.129647
0.470413
-1.616627
2.870157
1.439342
-5.296663
-6.946682
-1.633169
-0.918778
-7.877014
-0.163184
0.035393
-2.041439
-0.543241
-0.078925
-2.216299
-4.188321
-3.109776
-6.010324
-7.349791
-0.970385
-3.219719
-1.828119
-2.134505
-0.861881
-4.426315
-2.212004
-2.492707
-1.203693
3.336000
-2.451932
-3.177071
0.954074
-3.392605
2.499059
1.383452
-1.802624
1.234774
-0.942764
3.026801
1.535368
-1.499668
-1.368197
-1.622284
-2.845139
-0.690003
0.135909
1.100013
-0.559621
-5.860898
2.652192
-0.728673
-3.318098
-4.980484
-0.988734
-2.202148
-3.604192
-1.384389
-1.229999
-1.209105
-5.260555
-1.047821
-4.519304
1.353491
-2.823407
-2.300800
-4.019676
-1.112058
3.293554
-2.105864
-1.076174
1.308759
-4.422937
-0.736871
-3.467873
-1.287585
-2.565747
-2.751695
2.245995
1.272736
0.238612
-0.416384
0.168056
1.339623
-1.075294
0.674441
0.803318
-1.281152
-0.001428
-0.624242
-2.596763
3.276391
-3.924010
-4.895298
4.287073
-7.086730
-0.600888
-1.231866
-2.258078
-8.723384
-5.389070
-2.692962
-1.132063
-1.675121
-2.310407
-1.775831
0.039713
-2.239610
-5.544516
-2.854457
4.268376
-5.532787
0.479529
-3.177251
-0.132472
-3.621618
-0.364421
1.887706
-0.504067
5.673635
0.365605
-1.988911
2.210573
-2.267619
-3.073128
-0.556978
1.449944
1.215045
-0.636349
-5.437476
-1.181416
-1.600358
0.071734
2.736794
4.424262
0.446321
-6.002118
1.693510
-2.035981
-2.587863
0.319117
-3.564836
0.422340
1.646869
0.092855
0.259681
2.653714
-3.247725
0.733261
-6.640247
-4.043470
2.201758
-1.372979
-1.895288
-7.291629
-4.139872
-4.670589
-1.287942
0.157877
-2.933766
-1.661790
-5.530852
-1.724870
-4.540758
1.428580
-2.645136
-2.738983
-4.832984
4.989391
-0.994851
-0.157680
-1.883441
-3.925126
-0.723241
-2.116142
0.806015
0.226137
-2.406666
0.606259
3.942137
1.515189
-3.160360
-5.223168
-6.392577
-0.144110
-0.210449
-1.911451
-4.131057
0.629254
-3.403448
-1.679467
-2.156841
-3.257733
-0.526320
-4.744978
-2.886066
4.699806
-2.699909
-1.774039
-0.822750
-1.079779
-2.208180
-4.754342
-1.347614
-3.513649
-3.918916
-5.229071
-5.125186
-1.598105
-5.871577
-0.119698
-5.313344
1.091553
-0.129603
-1.787251
-0.524325
-2.684395
-4.138319
-3.721102
4.617027
-5.440281
-0.596707
-0.838575
3.320530
-4.248112
-6.260177
-3.711013
-3.533662
4.539342
-0.212961
-1.492812
0.252184
-1.572271
1.098042
-2.732661
0.344357
-2.278055
-2.849531
-1.436058
3.898171
2.705309
-3.018177
-0.371751
-1.763260
-2.710517
-0.837136
4.679752
-4.371524
-3.748038
-3.003056
1.885039
3.875138
1.500085
-0.877538
-1.028576
0.894114
-2.468090
3.246196
-3.921277
2.081144
2.634935
0.504371
0.630936
-3.225231
-1.322010
-2.082211
0.632401
2.205123
-1.207957
-0.921999
-1.103878
1.249301
-1.333133
-1.835235
-7.139282
-0.580723
-2.091002
-5.414710
-1.263411
-1.147264
-1.836057
-5.481003
-1.790130
1.428945
-2.245725
-5.695497
-0.012232
0.290738
-5.211363
-3.152637
-2.562144
-1.373882
-0.399820
-3.404525
-5.931259
-4.865042
-2.715738
-3.879649
3.026005
0.567717
0.704333
1.450831
-5.348976
3.633105
-0.178163
2.943026
-2.984471
-2.230942
-3.043106
-2.460459
1.527353
-2.454661
-7.267842
-1.990208
-5.728715
-2.738142
-5.335503
-5.636796
-3.068589
-4.876680
-1.453287
-1.227376
-5.108231
-0.095654
-7.097208
-1.238887
-4.906637
0.384649
1.639378
2.847440
1.553671
-1.033137
-2.958304
0.802587
2.295861
1.142781
-3.502676
-0.765233
0.066846
-0.237389
-0.652331
0.815796
0.228598
3.282285
-0.362187
-1.017852
-2.919105
-3.737548
2.204181
-4.228264
-3.878616
-3.619947
-4.904371
-1.788762
2.469600
-2.288375
-6.851481
1.222911
2.519348
1.083478
1.556304
-4.284218
5.089629
-1.084640
-0.510252
6.138643
-9.329005
-1.177979
-5.908832
0.965828
-0.233198
-1.327433
-0.139771
-5.034723
1.435537
-2.421824
-0.799423
-2.275115
0.578900
-6.648322
-3.627858
0.734817
-1.972957
0.817486
1.185544
-3.174842
-1.314941
-5.392884
-1.909595
-1.488906
0.391514
-3.500484
-1.061571
-4.041095
-3.885547
-1.424883
-0.896538
-2.574411
0.411206
-3.274377
-5.092509
-3.171582
-2.624771
-4.122116
0.074637
-0.176096
-1.458459
1.930361
-5.103497
-0.387528
-1.057651
-3.451470
1.205250
-3.134212
1.814523
-2.712866
1.469406
-1.000770
-1.717157
-4.126282
1.892752
-3.130517
0.333918
-1.920117
-0.841740
-6.290789
-3.518912
-3.497603
-2.152333
-4.206675
4.147488
2.991545
-4.980853
-0.889299
1.242837
-0.604077
1.015963
-4.138947
-4.025126
-3.994880
-2.150784
-1.602756
-6.530168
-4.334678
-2.651088
-2.474829
-0.405754
-1.371923
0.937148
-3.252751
-2.965105
0.312208
-1.797245
-4.046095
-7.520854
-2.134804
-1.254932
1.027601
1.359781
-1.096801
-2.105237
-4.227595
-0.018595
-5.016550
-4.741918
-3.772429
-1.134269
-0.950915
0.003054
2.019545
-2.534480
-3.571645
-3.850610
-1.426547
-1.646723
-5.711954
1.294255
-1.906574
-1.326290
-4.578232
-4.770898
-0.170177
-1.492609
-0.357299
2.768257
-1.138109
0.204108
-6.883614
0.209696
2.308924
-3.462623
0.783236
-1.315632
0.312239
3.479348
0.983386
-0.057533
0.186716
-2.998532
-3.153901
-1.375437
-0.179481
-0.890570
-0.362597
-0.987894
-5.407099
3.188018
-4.155481
-2.682952
-2.287148
-3.573647
-3.675303
-1.988593
1.113708
-4.047606
-1.183327
4.191454
-7.067282
0.624676
-1.797532
-4.716650
-2.457863
0.208753
-4.354579
-1.074635
-0.037579
-0.725726
1.362009
-3.618887
2.045646
-5.561131
0.613101
0.247570
1.691377
-6.370823
-3.070899
0.826853
-0.557560
1.040293
2.948292
-4.483796
-0.620084
-2.943179
-0.258425
0.268483
-1.412432
-5.053233
-5.173738
-4.747059
0.010989
0.344316
0.859339
-0.975663
2.881539
-3.147178
-0.124622
-2.590799
0.439194
-2.051535
1.986268
-5.818965
4.142616
-4.054914
2.165707
0.978345
-0.511295
-1.552441
2.163431
-1.384254
-2.051138
-5.002375
-7.055876
1.192860
-4.457873
0.770256
-2.264469
-3.485276
-1.133278
-1.325253
-3.521924
-7.113565
-7.775720
-2.748199
-1.087770
-1.663141
0.436392
1.434784
-1.218315
-3.873561
-5.181276
-1.828403
-1.889632
-3.822041
1.122918
-4.472954
-3.000435
-0.759663
0.198962
0.068238
-4.827812
1.097727
-0.072742
1.163072
-7.974233
-2.483930
-1.263390
-1.477757
-3.346016
1.079311
1.597688
-3.073253
-6.554654
0.559369
-1.596969
0.504297
0.643173
2.144088
-2.915892
-0.398886
0.790892
-7.174328
-2.060804
-3.639205
1.671622
0.960685
0.292880
3.595187
0.326797
-4.864311
-3.491062
0.840382
-1.574321
0.257232
-0.520180
-1.425053
0.328107
2.199319
-1.412558
-6.040751
-2.189447
0.017923
-3.396151
1.284925
-3.588378
-3.074075
0.136787
0.510728
1.532464
-3.670812
-2.962739
-3.191609
-2.748315
-0.971476
-0.499138
-2.934814
1.047863
-5.239141
-0.571516
-2.540821
-2.527586
-3.401248
1.818129
-2.153537
2.045823
-3.585171
-4.041870
-1.546783
-2.727654
0.108926
-6.427231
0.348527
-5.231046
-1.814687
-2.739849
-4.432458
-2.873837
-5.006992
1.537240
-3.254129
-3.985807
0.711701
3.144165
-3.046398
-3.412697
-7.535697
-4.960919
-4.988749
1.650373
-3.365588
-2.396521
3.486874
-3.827389
-0.065430
1.626968
-3.785665
0.126826
-3.466741
-3.882227
-1.615472
-0.361219
2.630507
1.751244
-2.530201
-1.222418
-3.161233
2.410372
0.118185
1.288920
-0.626789
-7.366199
-3.096787
0.765840
-1.126683
-3.644715
-4.283305
-5.371039
-1.253703
-3.995436
-0.302137
-2.455228
-1.844217
-8.150747
-3.767952
1.413884
1.185841
-1.379224
-7.394711
0.528908
-0.887907
-1.290157
1.127330
-2.261493
-3.050432
0.266272
-3.168406
-0.314528
3.511146
-0.386973
2.383331
0.010961
5.665404
-2.802069
-4.302816
-2.103188
2.936405
1.470030
-1.903128
-2.162203
-2.385637
-5.369615
-0.441482
-1.414888
-6.217424
2.690850
3.064810
0.205616
0.347095
-1.198603
2.645617
-3.499698
-0.289306
-1.041618
3.209259
-2.792769
-6.836116
-2.864781
1.852936
-0.110991
0.595682
1.875661
-0.528108
0.636629
-7.756916
5.086680
-2.431598
-1.932811
-2.807159
-5.995819
-3.929520
0.790644
-5.786702
-2.920910
-1.234429
-1.288518
2.970384
-2.836835
3.753688
3.300155
2.308028
-0.020838
-1.946861
-0.583729
-1.215213
1.254273
-0.964295
-4.966703
-3.416739
-4.150254
1.469515
3.623959
-2.102306
0.563334
-1.549543
-4.829590
-2.301796
-2.878528
-4.786850
-6.525790
-2.847110
-5.049366
-0.445328
0.249701
0.122142
-3.333935
-2.703868
-1.887862
3.866499
-5.928465
-1.700865
3.078892
0.080010
-0.072512
-3.675953
-1.165710
1.897570
-4.255173
-5.813102
-4.493609
-5.458683
0.923028
-0.877761
-2.262959
-2.490931
-5.854958
-5.494870
-2.281116
-4.278237
-3.472791
-2.693815
0.014649
-4.645158
-2.386137
0.871296
-0.477483
2.066202
0.478805
-5.648356
-3.750181
0.051578
-6.338982
3.311863
1.729792
-1.326930
-0.597144
-0.443184
-2.025212
-1.700051
-0.632290
2.443337
-3.579001
-0.498060
0.896126
-2.844213
-2.739400
-3.079793
-6.479366
-2.789348
-1.383252
-6.734229
-0.763303
1.357495
-2.837995
-3.454404
2.728368
-5.467871
-4.448506
-3.580095
-8.147891
-1.348329
-2.234955
-0.827843
-0.518559
-4.065116
0.123631
-1.530966
3.743236
-5.955452
-6.166134
-1.055592
-4.170138
0.045364
-4.580632
1.568961
-1.399508
-2.797769
-1.176558
-0.540752
1.470646
-3.357111
-1.501947
-2.240515
0.604312
-1.889739
-4.088376
-1.500416
-1.150845
-0.831933
3.165539
-4.433393
-0.681362
-2.029143
-1.437082
-1.452226
-0.718821
-1.333227
-6.903912
-1.434052
0.286403
1.040255
-4.358379
-6.207740
-1.296323
-4.409151
0.276750
-4.507913
-2.927794
-0.621725
-2.495669
-4.192015
-4.071736
-3.646587
-1.244301
-0.333707
-2.219249
-4.981902
4.364612
-6.520779
3.339594
-4.908486
-0.128696
-2.222914
-6.445979
1.786169
-1.380757
-4.084657
-3.658584
0.828366
-3.508368
-4.376559
-1.952571
-1.706293
2.186976
-3.383308
-5.896799
-4.877048
-3.116533
0.922639
-4.526950
-4.335281
-0.790713
4.982766
-1.800900
-1.621681
0.438395
-6.016942
0.315603
-3.923379
-3.088744
-3.453252
-1.018214
0.548630
2.907673
-5.723485
-3.971189
-2.279575
-1.433673
-1.868085
-5.958604
-3.333435
-0.191895
-2.640089
-5.902322
-5.090896
-4.903594
-0.649086
0.122399
-2.137719
-2.959762
3.132348
3.085866
-2.026051
-0.559878
-3.479990
-1.965433
-3.405400
-1.546671
-2.540444
-0.477705
3.201662
4.995089
1.795094
-1.212964
-2.447514
-6.216373
-3.082136
-2.326184
-4.409379
-1.825791
2.540017
-3.576610
-5.507749
-6.023429
-5.046352
-2.289390
-2.578176
-2.956078
-2.838883
-3.096931
-2.445477
-0.582687
-2.327907
0.953957
-3.310485
-1.248315
-2.390475
-2.306978
-2.380871
-1.405230
-8.053432
-3.413220
-1.546997
-4.980395
-0.103201
1.688340
-3.505239
-0.556646
-2.887350
0.215474
1.402891
-5.517998
0.748457
-1.990518
-5.920950
-2.849966
-3.537050
4.938345
-0.909208
0.280913
-1.861487
-3.551833
-1.417602
-1.004329
1.807606
-4.422415
-5.331240
-7.380644
0.974651
-0.993301
-4.496977
-5.971614
0.047421
-4.047915
-0.076054
2.606598
-1.985956
-1.495625
-0.160724
-2.021194
-0.648718
1.267850
-2.163195
2.142876
-0.006147
-4.332516
-6.892200
-1.682763
-7.423343
0.291906
-4.137145
-0.628064
-1.833834
-2.155309
-5.014186
-2.380239
-4.295132
-5.777175
-4.822943
2.701763
-2.224029
-1.561920
-4.046498
0.647596
-3.759885
-2.516135
-1.940617
-1.163812
-1.748951
0.340312
-2.171124
-3.284648
-3.518879
3.441683
4.000129
-1.220892
-6.153357
-0.670485
-2.651603
-1.759454
-2.772614
-7.309782
-4.771098
-1.497829
-4.103988
-6.891296
-3.926044
-3.950409
-0.218649
0.448100
-2.915327
1.618419
-2.074610
2.995960
0.493471
-1.380567
-2.586748
1.489481
-4.780993
-2.740147
0.874911
-9.501047
2.065753
2.252541
0.371264
2.784046
3.609544
2.051305
-7.232600
2.022136
-0.614547
1.020269
-4.248875
-3.252462
0.655073
0.202886
-1.679496
-3.337036
1.036705
1.966839
-5.546700
1.561142
-3.767429
-2.747538
2.909426
-4.747169
-4.799796
-4.932720
-0.394064
0.182772
1.220583
-2.479863
-2.845837
-1.918806
-0.536202
-5.925252
-2.342474
-0.025299
-1.012117
4.418529
0.366274
-2.517341
-3.492183
-0.034451
-4.808362
-2.598281
1.464448
2.955156
-4.935623
-1.384720
-2.354284
0.797359
-2.216938
-3.355921
-1.128646
-1.701589
0.243321
-0.088275
-0.654200
0.559694
-3.123296
0.342668
-2.412904
-0.839943
-4.896518
-6.486172
0.878879
-3.399003
-1.597949
-0.270576
-4.003862
2.685366
-5.179863
-3.827541
-1.184238
-2.830591
2.367026
-1.337976
-5.195859
-3.443046
-5.245999
-2.130207
-1.086448
-5.030740
-3.540161
3.101109
0.936280
-1.703300
-1.533583
-4.117683
-2.214861
-2.370603
-4.727940
-0.125898
-4.984908
-1.992393
-2.049962
-1.013855
-0.395124
-4.213411
0.186091
-0.069276
-3.424263
4.218483
-0.152456
-1.666062
-2.714968
-1.272257
-4.510903
-1.857298
1.584426
1.049137
1.283624
-2.617712
0.854312
3.634454
0.856292
-2.987662
-0.715686
-0.401904
-3.244532
-6.102280
-5.196029
0.643523
3.442307
-0.193901
-6.127999
-4.226516
-5.628468
-4.132421
0.179246
-0.032972
-1.589727
-2.971698
-2.186629
-3.792833
2.184478
-1.624651
-1.044032
-2.401778
2.902946
-2.154879
-0.254737
1.789558
-4.116970
-4.472296
-1.009441
-3.704234
-7.709562
-0.159203
-1.824714
-3.421734
2.099006
-5.845202
-5.079494
0.890062
-0.197487
-6.119391
-1.649656
0.570536
0.506336
-0.801657
-5.318921
-2.340674
-3.806650
-1.390279
1.560525
-0.981330
-0.200367
-1.623363
0.308356
-4.464629
-4.306039
4.263005
0.687161
-3.459663
-5.075711
-0.824496
-2.862488
-7.231735
0.046157
-0.847816
-1.165396
1.691250
2.633545
-3.027502
0.747245
1.197882
0.647446
0.901837
-1.897696
-5.683785
-7.322452
-5.659139
-4.929507
3.150308
1.062248
-3.859012
-3.215122
8.381128
-1.315605
-6.080513
-1.028755
-8.902637
-1.752201
0.512413
-4.052701
0.983636
-4.243590
-4.859159
-6.182782
-3.163682
-3.302400
-2.617993
0.282756
1.045532
0.003848
-1.353930
-1.456888
-4.046095
4.243603
2.831825
-1.193243
-2.145037
0.372798
-5.391467
-1.359437
-0.654348
-1.233013
0.596320
-6.617775
-0.338171
-3.661271
-4.388308
-8.564968
-2.128291
0.381759
-1.835402
-4.513360
-5.655424
-2.136795
-1.580227
-1.882835
-3.003859
-0.899259
-0.565808
-2.433151
2.123001
-6.095911
-4.349063
-2.700417
-1.947175
-2.886189
1.206813
1.094367
-5.194120
-2.942531
-0.066434
0.402227
-2.168623
-0.984311
-3.760999
-2.265470
-1.792267
-4.684645
-2.877328
0.129273
1.367829
0.166353
-6.833638
-2.145257
-2.208719
-3.616158
-3.167483
0.742797
-0.555063
-5.106033
-0.604566
-2.218643
-4.398508
2.205905
0.085896
1.733907
5.682334
3.702047
-0.640891
3.913997
-3.168577
-6.517239
-0.651519
-0.948985
1.400040
5.637112
-4.886473
-2.838122
-6.390232
0.371505
0.345576
1.634191
-1.286246
-0.433339
-6.378990
0.447144
0.795663
-2.234289
0.660606
-0.208396
-5.751675
-0.592741
1.958425
2.324270
0.214494
-2.033734
-2.989671
-4.280316
3.337173
-5.618759
-0.695069
-1.318199
0.813023
-0.538746
-4.453201
-3.069120
1.855316
-2.578948
4.655782
-0.491496
3.679469
0.612081
0.046675
-1.976167
-5.065419
-1.281897
-1.577149
4.647324
-0.281481
-0.722090
-1.180572
5.764767
3.193346
-3.690008
1.859211
-2.429913
-3.259165
-1.438214
-4.376512
-1.913299
4.333150
-0.547771
-2.536401
-0.735614
-4.674238
-5.081584
-5.732115
1.622909
2.006051
-0.531874
1.237884
-0.090336
-3.009205
-4.046095
-5.824191
-0.847176
-6.837330
2.055380
1.131792
-2.768247
3.365007
-1.338103
-10.120174
-3.106130
-1.569658
-1.049989
2.026115
-1.080007
-1.301453
-2.860255
-1.597226
-0.994110
-0.893986
4.657513
2.351842
-1.782886
-2.722095
-3.290139
1.110786
1.234337
-2.432993
-2.135554
-0.642106
-3.944769
2.617834
3.419358
-3.720814
2.354356
-2.179049
-3.076688
-1.981015
1.241193
0.150019
0.553207
2.051343
-0.493860
-4.509388
-3.860055
-3.321774
-2.258775
-1.003162
-0.529737
-7.857490
-1.273822
-0.371303
-2.047439
1.028860
-4.131107
-0.445882
-0.345485
0.058482
-0.192554
-3.551650
-4.093711
-2.349642
-1.180103
-1.480670
2.591174
-0.523203
2.387258
1.454729
-2.548553
0.949575
-3.714205
0.118719
-7.157078
-3.800622
0.313585
-3.334390
-4.789941
-2.127053
-0.601551
-5.014955
1.099358
-2.821095
-3.750889
-1.220404
-0.539705
-5.148661
-5.067224
5.240845
-3.849607
-2.540566
-4.646805
-3.344666
-0.500893
-0.224472
4.422531
-6.617775
3.002396
-5.561851
-8.202923
0.183292
-2.799509
-2.202777
-1.131767
-3.873968
-6.401401
-2.764773
-1.328648
-1.582062
-2.151437
2.906297
-6.934811
-9.519764
-0.470207
-1.124088
-4.082441
-2.090393
-4.789420
6.887463
2.925337
-1.255612
-1.906609
-2.115622
0.877735
-0.688111
1.909550
3.851480
-1.751771
-2.709315
0.056329
4.389739
-1.513874
-0.214345
-3.773376
-6.159010
0.325548
-5.996009
-0.085019
-5.114337
-1.102995
-1.728322
0.936380
-2.378613
2.492298
0.361202
-0.142153
3.488791
-3.057214
-1.909266
-1.117301
-3.062868
-2.594643
0.411866
-1.899831
-1.352316
-2.097585
-5.073822
-1.623449
-0.078321
0.972385
-1.331816
-2.784361
-5.094390
-0.879272
-3.088841
4.413212
-4.362584
-2.326228
0.208828
0.691552
-0.802597
-7.247375
-0.487024
-2.371778
-1.809055
1.237114
3.887600
-1.161604
-6.577908
-0.022997
-0.101342
-5.025061
-3.866856
-3.342983
0.718761
4.190801
5.263771
-6.339207
-3.441892
1.130435
-2.782906
-3.082683
0.493504
-0.051545
-4.380303
-0.703378
-4.943051
-3.912753
-2.826982
-5.013071
-3.256934
0.589180
-0.481952
-4.594842
1.363356
-0.387587
-5.140860
0.970301
-3.329433
-5.076829
-3.221572
-0.540135
-3.583413
-4.441016
2.091515
1.092553
1.875689
-7.994905
-1.087541
1.041250
-0.826034
0.082458
-0.448267
-7.412642
-3.591152
1.597806
-1.936209
-8.461665
-2.871615
-1.769061
0.882692
-1.895702
-3.684947
0.059968
-4.538135
-1.257809
-4.677395
2.073524
-4.578430
3.200475
-2.975708
-1.619602
7.302614
-4.243981
-1.242137
-1.559368
-0.560282
-0.361882
-1.026152
0.475701
-3.426735
-1.462034
-3.267819
-1.428967
-8.168581
1.056432
-0.929749
-2.454887
-2.966688
2.928001
-0.957463
-0.649243
-0.400076
-3.857327
-3.219394
-0.835566
-2.060201
-1.810712
1.462456
-3.832575
-0.042010
-5.378232
-1.289686
1.732689
0.077657
0.473322
-3.836907
-3.688471
2.490698
-2.250138
-1.255572
-1.158688
-3.698551
-3.906623
-1.942834
-2.458593
-0.830176
0.731067
0.081318
-1.797206
-1.354086
-2.784649
-4.627062
-1.228250
0.189876
-2.056730
-3.311095
1.446657
-4.756278
-1.137927
-4.752033
-2.546603
-1.290770
-2.779215
-1.556312
1.753286
-8.755774
-3.448272
-2.495239
-2.177231
-2.516510
-1.531512
-8.504150
-0.322699
0.370014
-4.529461
1.065797
1.065666
-2.772373
-4.277941
-4.046095
2.563076
-1.576494
-1.475386
-0.042724
-6.586236
-0.421133
-3.798169
-3.388362
-8.280069
-0.541112
-4.483676
0.188482
-3.092441
1.737868
-4.576452
-0.850496
-3.758038
-3.871453
-0.474716
0.250099
-2.946461
-0.644396
-5.581029
-5.100692
-8.811932
-4.520002
-4.803797
-2.912745
-2.428596
3.335183
0.098677
0.198957
4.730843
-2.986508
-2.532758
-1.709489
-4.758392
-2.431479
-0.967699
-0.664149
-4.220845
-3.609012
0.215746
1.426915
-1.491755
-1.083608
-0.311526
-4.723427
-1.613171
6.457037
0.847921
-3.872395
-0.307310
-3.555129
-3.377204
-5.275243
-0.696379
-4.497329
-3.904806
-1.467626
1.610820
-2.143805
4.132046
0.306889
-0.872958
-5.029690
-1.606022
1.723133
-2.050686
-1.324329
0.860862
2.029283
-4.423361
-6.241204
0.042470
-1.671586
-4.021214
-2.302923
-4.084684
-1.270962
-1.732730
0.584856
-0.505615
-0.968657
-0.799852
-0.818323
-4.529230
2.397408
0.866970
0.863761
-7.202782
-0.431805
-7.586905
-2.125957
-0.756816
-1.039770
-8.293703
-3.077610
-0.530609
-0.713751
-2.164533
2.175840
5.026651
0.484069
-1.594187
-0.450036
-3.257125
-2.507662
-6.642552
-0.807422
-2.633510
-7.191682
-3.459901
-8.373169
-1.095185
-0.574920
-1.349512
-4.092991
0.038378
-1.223403
-1.993034
7.195385
-0.163510
-3.317805
-0.104236
-0.559441
0.800509
-4.856673
-1.155695
-0.526970
-4.479613
-1.867078
-3.088683
-2.268145
3.734761
1.865114
-0.762645
-2.894173
-0.701066
-5.765471
2.917248
2.622348
-2.716237
1.000699
-5.709901
1.994526
-1.439878
-3.806475
-0.659572
-0.824576
-3.584778
1.553314
-0.682697
-3.834648
-1.137472
-3.177251
3.946548
-2.062482
-5.370850
-1.860425
-0.492165
4.701388
-0.293225
-2.423003
-0.152463
-1.033759
-2.214162
2.136094
-2.215226
-1.557405
-2.789580
-0.795300
-0.293669
2.997644
-5.002775
0.035999
2.814795
-2.743065
3.021954
-0.898135
0.638098
1.028292
0.586083
-2.168982
-5.694111
-2.857559
-5.467665
0.968122
-4.137277
2.666516
-7.029395
-1.545328
-0.062986
-6.863134
0.374165
2.233561
-3.629307
-2.305895
-1.225557
-0.663190
0.691647
-1.839790
-1.677940
-4.309235
-1.657942
-3.871707
-2.702522
-2.091236
-2.220808
3.753328
-4.601538
-3.995855
-4.682978
-2.075402
-0.316176
3.449618
-0.415394
-2.104641
-2.871968
-2.502048
-1.037690
3.540860
-4.601109
-0.157488
3.117760
0.840164
-2.875588
0.481530
-1.829495
-2.162075
-3.839201
-5.904343
-1.865130
2.279316
0.675406
-2.457801
0.130560
0.507013
-3.411850
-2.299324
-1.593264
0.850965
-4.364834
-2.000409
-4.002883
2.128970
2.584701
-0.491356
-2.429973
-2.306069
-0.926866
1.772202
-4.235863
-3.166401
-5.602043
-0.762161
-3.477118
0.775720
-0.364321
1.170468
-3.066573
-0.424565
-0.853304
-0.968452
-0.623278
-5.012277
-1.044640
-3.120409
-0.466921
-2.331765
-3.058250
-2.881565
-0.370336
-3.300683
-1.389895
-5.460618
-5.993973
-5.234139
-2.083530
-1.766691
-4.296762
-4.360349
-2.093843
-5.869446
0.145541
-3.415697
-3.170915
-2.821274
0.124007
1.237702
-0.453691
-3.031007
-0.956933
-3.044919
-0.666402
-3.528726
-1.671245
-0.054296
-3.244209
-2.261597
-1.996134
-2.746932
1.211087
-2.069751
-5.110413
-3.851469
-4.196128
-4.333444
-4.063295
-8.295013
-1.423306
-2.799098
-1.721889
-4.120492
0.892044
-4.046095
-3.177251
-0.729980
-1.034860
-1.533163
-3.291574
0.355912
-0.165024
-4.806511
1.195708
1.127731
4.056101
-1.393071
0.201488
-1.158735
1.797803
-3.801322
-2.215370
-2.585973
-0.575583
-1.814878
-3.569916
-1.147895
-2.590241
0.001698
-4.797783
-0.962969
-2.948736
-3.191889
0.275843
-8.205019
0.730998
-5.818690
-4.197327
1.426304
-3.863578
6.174891
1.984592
-3.148591
-1.992786
3.972195
-3.743569
-4.755260
0.019300
-1.823036
-3.110332
1.071589
-2.467512
-3.795954
-1.244765
-0.718611
1.535163
-2.175895
-3.652375
-6.895385
0.146242
-3.686521
-2.747877
2.428013
-4.676200
3.242193
-1.407640
2.186176
5.055512
-2.431578
-0.972453
-6.097425
-0.541195
-3.950763
1.874906
-1.815504
-3.491381
-3.047464
-0.252718
-3.247434
-2.605762
-2.688973
-3.145691
-3.496651
0.983398
-3.245122
-3.849967
-2.257080
-2.246468
-3.737255
2.296024
-1.763358
-0.820418
-0.231544
-2.888711
-0.399129
2.291759
-7.055264
-0.884336
1.982731
1.251133
-0.325825
-1.547728
-0.529783
-2.161119
-1.843790
1.131494
-0.873545
-2.109256
3.846664
-6.355379
-2.204645
-5.489985
-2.136889
-0.153332
-1.531958
0.089347
-6.054692
-0.404469
1.947305
-5.448562
-2.344081
-0.610065
-1.585498
-2.818868
0.694755
-7.130015
-1.485240
2.503681
3.244760
-4.759571
-0.132738
-4.162811
-7.424354
-3.624512
-3.450273
4.546880
1.097946
0.808798
-4.759083
-2.872195
-5.505703
-3.099010
-3.981368
-2.183114
-4.000076
1.596043
-2.951745
-6.077581
-3.493300
0.098880
-3.596392
-0.839087
-1.064998
-5.532814
-1.404855
-5.989963
-0.997131
-7.270124
-2.774788
-0.969078
2.639299
-2.117121
-1.195228
0.834052
-1.607760
0.309361
-2.560900
-2.563105
-1.705990
-2.141523
-3.608059
-5.751142
-3.897696
-2.957194
-2.120992
-5.576055
-1.107320
-3.935541
-2.233136
-3.226523
-0.389441
-5.390553
-4.200846
-2.771735
-1.481120
-5.040913
-3.259547
-0.746637
-0.642015
-6.787292
-0.217114
1.646975
0.243113
0.379590
-4.249319
-3.006859
-2.946733
-1.390146
-0.594089
0.592510
-3.618096
-2.458164
0.843024
-0.630006
1.401845
-4.343334
2.277743
2.275685
-1.489436
-6.885147
-0.495064
-6.864412
-6.081568
-5.771022
-3.342588
0.465519
1.989019
-6.863118
-6.173790
0.710365
-3.054029
-3.174054
1.581667
-3.465566
1.632147
-4.000750
-4.149250
-2.630502
-6.083109
1.484543
-5.898212
4.328173
-0.437225
2.302320
1.132812
-2.447193
-5.438426
-5.084864
-2.474551
-0.001084
-3.895206
-0.272362
-2.347398
-6.755533
0.247361
1.754340
1.605902
-0.847817
1.723516
-0.360306
1.536240
-0.701737
-6.842999
-7.248940
-0.639354
-2.070416
-2.312782
-1.339390
-2.469873
-5.054290
-2.228691
-3.364125
-7.902859
-3.166505
-4.771655
-1.155605
0.392046
-3.669794
-4.453552
-5.933667
-3.638027
-2.131404
-2.815367
-0.244102
2.562518
-1.904808
3.324615
1.701106
-0.215497
-3.327511
-4.714393
-1.745577
-5.830239
-1.093655
-1.391387
-0.562249
2.095801
-0.074899
0.781374
0.123068
2.915390
-0.485860
-4.096666
3.203681
-3.585092
-6.929599
-6.947533
-1.487308
0.968328
-8.718992
2.231775
-1.308619
-6.003532
-3.954920
1.022303
-0.493823
-2.047270
-0.207891
-2.443792
0.689245
-3.989536
-0.177443
-3.813575
0.340887
-5.330209
0.095994
-3.785297
-2.463101
2.121737
-3.045751
2.601126
0.755888
-5.186968
-3.622334
4.776978
0.096467
-0.143520
0.740901
-0.565311
-7.197137
0.915918
-0.953623
3.422204
-0.175225
-4.827132
-3.407285
-3.788746
-4.046095
-1.362215
1.804912
-1.876617
-3.248112
-4.736945
-2.158040
-1.063124
1.186241
-3.020300
-3.188849
0.602704
-2.930888
-2.649970
-0.900866
-0.617039
-1.092138
-4.603261
-3.482144
0.578999
-4.671710
-2.324258
-3.180120
-1.706165
3.129246
-0.724072
-1.972789
-6.801663
-5.827356
-4.644694
-5.676838
-0.829260
-3.505509
-4.213737
-6.161831
-0.663232
-3.179173
-1.812748
-3.778612
1.172952
-4.884899
-3.680086
0.603706
1.533253
-3.336607
0.610088
-8.364264
1.070087
-3.304397
3.570154
-0.307136
-4.691818
1.426762
0.588638
-1.884178
-0.083197
-3.662713
-4.193796
1.041760
-0.370625
-2.997763
-4.046095
-3.047536
-1.508749
-4.418567
-1.566141
1.837498
-2.545578
-8.309938
0.002343
-2.981214
-5.174352
-2.875550
1.452251
0.152998
-3.698993
-8.002284
-0.072456
0.725807
-1.302020
0.252593
-0.154989
-2.141561
-0.046826
-4.205552
0.483604
-5.526254
0.042820
-1.222818
-3.886696
-2.772607
0.906814
-1.624063
-4.338447
-3.916820
-4.657227
-4.599010
-1.285934
-0.181372
-2.318434
-0.427126
-3.165838
-5.373248
-3.733280
-0.368949
-1.057975
-2.598721
-3.160213
-1.300602
-0.998939
-4.240665
-6.719421
-3.100221
-3.943892
-6.360100
-4.527502
0.462287
-2.661842
-2.888783
1.112931
-1.561896
-1.886945
-1.462570
0.054746
0.824954
-1.094077
-3.697658
-1.765716
1.354334
-3.366414
-2.551192
-5.824319
-2.882928
-5.137770
-3.333443
-3.770733
-6.221321
-6.179322
-2.255488
-0.307849
-6.290952
-3.540710
-3.562696
1.732682
-2.752590
-2.557155
-4.490760
1.080882
-0.653193
-8.783084
-0.668357
-2.651391
-4.452368
-3.544800
-3.732137
-4.175072
1.161630
1.918694
-1.039876
-3.547317
-2.531845
3.073524
-1.625154
-2.410631
-3.800458
-3.201710
-4.725103
-0.305685
1.487735
-7.307076
-4.849274
2.547684
-0.283063
1.923358
-3.448355
-4.086815
-6.809778
-1.592155
-5.758769
-2.778062
4.338571
-0.637287
-1.586758
-4.120164
-0.561506
-4.230680
-0.249313
-0.203221
2.791073
-3.769129
-2.432775
2.090083
-1.834754
-2.316018
-3.270850
-4.351239
-2.724818
-0.003393
-1.181820
1.024775
-0.826726
-1.137125
0.290903
-3.117129
-5.840035
-1.923320
-1.075204
-1.883121
-2.258606
-1.613778
-1.644056
-1.883879
1.756209
-4.599802
-0.521535
-3.201119
-1.510169
-0.579696
-0.704638
-0.650335
-2.686695
-1.912932
-0.483793
-4.604419
-2.697900
-7.060479
-5.014894
-3.010837
0.605742
-1.775651
-1.639096
-0.921142
-6.378651
-0.816839
0.645698
-7.371371
-1.947644
-2.114252
-0.170533
0.287966
-1.903490
0.309091
-1.355263
-3.550674
0.351497
1.354667
-2.339058
0.997409
-4.578788
-0.801767
-2.396177
-1.332121
-4.471609
-3.309557
-3.398148
-1.599053
-0.606656
0.456657
-4.564727
-2.866222
0.628736
-3.147378
1.502544
-1.745705
-2.147755
0.941100
-3.651049
-6.942251
-4.104998
0.250937
-0.128717
-8.479515
-5.023573
-0.567335
-4.212519
-2.002938
2.476512
-2.474213
-0.748717
-4.056467
-1.228771
4.155861
0.021374
-0.776753
-2.309909
-4.794964
-2.728978
-1.041343
0.740727
-6.543705
-3.020576
2.290277
-3.773541
-2.941906
2.485727
-7.030361
-2.430568
-6.371245
-2.707780
-1.779570
-4.001079
-0.236662
-2.944221
0.810018
-4.196918
-2.562050
-1.696178
1.145466
-0.655119
1.742470
-1.196891
-3.069759
0.705456
-0.274008
-2.794819
-2.689587
-3.017061
-4.337584
-1.505572
-7.090810
-8.961709
-0.744552
0.114308
-1.626423
-3.557864
-4.493631
-0.706091
-2.497668
-0.106142
-4.109372
-2.555237
-1.069960
-0.524635
1.360841
0.834906
-1.680283
-2.117868
2.775249
-6.250599
-5.116943
-0.745333
1.327199
-0.129480
-7.202047
-0.460151
-2.622546
3.432605
-2.945494
-0.404260
-0.281705
-1.516225
-0.341439
0.016161
-0.968613
-3.127932
-2.400366
-5.675406
-1.359303
-5.568591
-3.210768
-3.718484
-3.778589
-1.734333
-3.541292
-2.065351
0.025084
-1.503990
3.210058
-3.703444
-1.235757
1.933720
-2.251793
-4.031283
-5.489211
0.030999
-1.841081
-3.670671
1.960590
0.298619
-0.747807
-2.669780
-2.633180
-3.597271
-1.730049
-3.488375
-1.269938
-2.780490
0.513793
-0.196570
1.754887
-8.730599
3.356520
-4.399068
-6.076946
2.901895
-3.178263
-0.712990
-0.511621
-3.408880
-1.614448
-2.938172
-1.430050
-2.853885
0.100602
-10.901450
-3.705647
-2.086782
-3.939569
-2.744833
-6.475846
3.686470
-6.554647
0.907780
2.169561
-2.258647
-4.552333
3.791762
-4.781446
-1.171972
4.747778
-5.990839
-1.867176
3.801878
-2.613954
1.380177
-5.045796
-4.586813
-2.435188
-0.453793
0.052123
1.873033
-5.956021
-2.292509
-3.378055
-3.461646
-5.089950
0.066816
2.453517
-7.569675
-2.734813
-1.559970
-5.550269
3.344706
-3.334740
-4.348725
1.336695
-1.114809
-2.316559
-1.397212
-4.734731
-3.228200
-8.338608
-1.149689
-1.738023
-2.288607
-7.260490
-3.084668
-3.998279
-3.525635
0.033195
-4.082752
-1.430479
-3.187031
-1.593485
-2.078460
0.955218
-6.597067
-0.639163
-4.789412
-2.135865
-1.574399
-0.295155
-3.786791
-0.555817
-5.350716
5.127795
-0.740579
-7.025707
-6.795547
-7.296028
-4.054571
-0.069942
-3.699864
0.390030
-5.467690
-2.344806
-0.648857
-3.055591
-3.610948
-3.251277
-2.827530
3.525851
1.352434
-3.717319
-1.482428
-0.563735
-3.180733
-3.967262
0.555939
-6.171338
-8.617568
4.283263
-2.833082
1.808908
-2.053031
-0.567934
-9.228567
-2.959962
0.090491
-4.605058
-0.742217
-0.765656
-2.633186
0.499481
-0.376900
-6.671825
0.158453
-0.310103
-0.364139
-6.993509
3.533096
-5.265968
-3.710931
-1.402369
-4.689873
-0.458723
0.379058
2.650160
-0.389614
-2.887857
1.516463
-0.641067
-5.877254
-5.828659
-0.287139
-2.315095
-2.855972
1.454737
-2.617032
-0.407411
-1.799829
-1.593012
-4.351534
-3.751117
4.021735
-7.812082
-4.873739
1.441812
-3.560047
-2.359531
-2.468025
-3.434551
0.763211
-0.891417
-0.539601
-3.733403
-6.139187
-4.068560
-0.998184
-7.264626
-6.798036
-1.654141
-2.649272
-5.984404
-0.404613
-1.315547
1.916173
-7.351224
-2.059813
-3.496812
-3.820101
-5.176736
0.449793
-1.012550
-3.646576
-3.696213
-3.488781
-1.205168
-0.627739
-8.816101
-5.765145
-3.601373
0.786585
-3.584861
-5.228748
-1.839865
-1.832135
-1.184472
1.284728
-3.948148
1.314873
-2.779421
-5.784493
2.012760
4.026345
-0.397488
-3.449138
-5.302743
-0.632381
-5.772877
-2.051760
-1.060891
5.799322
0.131732
2.330804
-1.579766
-2.451142
-3.503881
-10.078094
5.826200
-1.795537
0.656936
-2.896492
-1.119400
-4.051262
-0.031565
-1.342432
-3.707512
1.339437
-0.236202
3.009134
-1.190323
-4.300444
-1.564591
-3.252372
-2.251971
-5.796902
-0.737158
-4.626587
-3.532032
-5.131543
-3.420111
-2.827584
-3.590859
-1.714281
1.476470
-3.182681
-5.824475
4.735013
3.197133
-3.224672
-3.386428
-4.454582
-2.065254
-3.084737
-2.392229
1.016373
-3.287996
0.598617
-6.158487
-2.037229
-0.270411
-4.629451
-0.460863
2.988865
-0.611804
-4.564138
-4.066551
-0.068027
1.333045
-1.055235
-4.005918
-5.818693
-0.809250
0.396798
-6.148211
-2.579100
-4.770310
-0.525816
-2.721516
-1.867285
0.307025
-1.849658
3.239958
-4.321266
0.155154
-1.078073
-3.102272
1.220152
-1.729927
1.093163
0.129951
-6.350939
-1.401633
-3.259171
-4.851674
-1.862988
2.466249
6.943333
-2.525908
-0.019546
-2.923007
-2.804076
-2.042849
-1.899653
-2.108425
-1.829250
1.731165
-0.269195
2.416223
