8
1 500 1000 200 42 777 13 99
-1.529923
5.154390
2.441751
0.130116
2.740013
-1.216476
1.161732
4.871025
0.400236
4.195759
1.889663
-1.445795
3.970148
3.490755
3.701414
0.610534
1.682331
0.782300
1.171063
-0.427018
0.856165
0.922307
-1.477179
3.459092
0.520033
3.459440
2.120221
-2.330918
0.450401
-1.532688
0.674288
2.181563
1.194139
0.613097
2.050747
1.174636
-0.054610
-0.519546
-2.049202
0.902330
-0.814068
0.808041
-2.335840
0.893261
-0.675937
1.666262
-0.967443
-1.630804
-0.031020
1.312158
-0.220734
-1.248484
-1.385089
-0.631074
-0.289493
0.412017
2.678247
0.006161
-0.027618
0.938788
0.977735
0.548087
1.410300
-2.717035
1.945331
4.002511
0.111351
-0.632812
0.949557
1.600054
2.299003
0.885020
-0.252227
2.566815
0.848684
0.482985
3.388593
-1.674994
0.410889
3.212745
0.854473
0.670849
-0.298904
2.509373
0.018004
5.712270
0.835945
1.975249
1.828120
1.231147
0.621607
-0.588284
1.184218
-0.470808
-0.587638
-0.104407
-1.527093
-1.045504
1.077192
1.899292
3.622611
2.322814
0.774917
1.834919
1.337690
-1.089343
-2.426203
1.535463
-0.267169
1.655327
0.940361
-2.402703
-1.207154
1.727332
-0.194297
0.743693
-0.459861
-1.247954
1.078559
-2.497631
-0.238885
-0.266472
0.872712
-2.150343
1.081899
0.403587
1.626752
-0.311616
-1.382796
1.850197
3.608787
1.418638
2.200013
-0.592345
-1.415782
-0.042473
0.459534
-2.058849
0.600333
2.994612
-0.535332
1.697830
-1.976457
-0.285736
-1.554604
-0.363736
0.515457
0.370212
-0.699846
-1.358392
0.393695
1.281152
-2.315778
1.796086
0.868646
0.934684
-0.557629
2.990623
0.862682
-2.588599
1.190178
-0.462427
0.105734
-1.537768
1.046473
-1.340372
-0.265624
-1.249127
-0.308930
1.083553
2.938752
1.257158
0.898759
0.424132
-1.081712
-1.006015
2.168465
-1.368872
-1.754593
-0.435328
1.738845
-0.981399
2.042560
-0.454304
0.786794
0.170947
-1.568686
-1.071555
1.324163
0.367737
3.384740
2.131564
-2.170773
-0.909390
0.725382
1.926565
-3.077122
1.478809
-1.361253
-8.802363
-0.756415
1.151498
-0.140997
0.194629
1.236696
-0.586688
-3.316323
1.026443
0.907219
1.184449
-1.527278
2.644394
-0.236745
1.491178
-1.018516
1.893855
0.932220
2.644304
0.324064
0.980202
1.509334
2.367620
1.736057
1.601350
-1.334163
0.511328
1.862507
0.022185
-2.832093
2.833233
1.378210
1.986543
-0.058216
-1.925348
-1.238143
0.409380
-0.058568
-2.574474
0.670894
1.323344
-1.836361
1.859114
-1.087297
-1.318537
2.625948
-0.339349
1.395708
0.299185
-0.894630
-0.268393
3.804413
-1.193582
0.455186
0.593686
-0.969253
0.042926
-1.653004
1.549453
1.567036
1.488365
2.271546
-1.931092
3.529883
1.817038
1.357451
1.326613
1.134751
4.744578
1.716219
-0.994112
3.800850
1.387107
0.242975
3.170546
3.002791
5.291745
0.322956
-0.673283
-0.176714
-0.136928
-0.698780
2.438442
0.620084
1.750899
2.074080
2.956588
-1.072409
4.552893
1.162319
0.472878
2.987194
3.527490
-1.777426
-2.113796
2.411655
0.665877
0.731415
-0.179308
0.116245
0.358291
-1.491268
-2.723627
3.451099
2.867079
2.469867
-0.283175
1.285934
2.994802
1.940646
0.511880
0.570765
-2.586947
3.358910
0.224008
0.716126
1.822598
1.263388
3.347616
1.831525
2.357849
-1.098841
0.037511
-1.036759
-0.298141
-0.459128
2.432294
0.429231
-0.785526
1.986347
2.551391
-2.649934
0.858759
-1.063656
-0.988564
0.179728
-0.341574
2.585223
3.651524
-2.075993
1.989872
2.165510
0.199366
-0.964719
-1.096866
-0.419996
2.915603
-1.022139
2.557201
1.969799
0.456699
0.055335
0.020920
0.231828
-2.826497
-1.200256
0.750336
-1.839698
0.031849
3.668458
1.152260
-1.005221
-2.372993
-1.499573
1.088356
1.552151
4.251052
-1.090461
-3.055437
0.108297
-4.698137
3.217576
0.426018
1.438327
-1.994758
0.919237
0.830171
-1.269479
0.804878
-5.040614
1.645628
-0.073258
-0.982742
1.588280
0.688508
2.118147
3.480903
1.157414
-1.465300
-3.097608
-0.379469
2.263112
-2.351586
0.802063
0.731005
0.618413
3.009683
-3.416368
5.474450
3.125090
1.216591
0.043582
2.223073
-1.445751
1.936744
1.119167
3.154448
1.450936
0.303528
-0.779840
1.621830
-0.432106
-1.984004
0.761058
-3.297675
-3.267683
-1.218095
-6.817755
-1.717984
-1.824360
-0.582569
-0.872362
0.326627
1.364883
0.480363
0.524698
3.240925
0.682719
1.930032
1.199832
-2.174110
-3.485682
-1.980378
0.287464
-0.890522
3.735126
-1.843947
-0.295079
3.853012
-0.877571
-1.617180
-0.774586
-2.542899
0.134168
-0.715420
-2.456017
-2.950392
0.921157
2.873954
-0.132048
2.286563
0.467832
1.561280
3.353503
0.336518
-0.720937
-0.159926
1.455191
-1.138541
-1.451465
0.517686
-0.118225
1.932731
-1.155183
0.586313
-2.397462
1.040038
1.164837
-0.860033
0.359326
3.656523
2.363271
-1.305260
-2.141824
-1.426096
2.181147
0.555977
-0.381630
-1.702928
1.348751
2.256442
-1.247675
-3.478571
0.646613
-0.856852
-3.197286
1.844802
1.628747
0.157201
0.768812
-1.298530
-1.066957
-0.318837
0.179669
5.014654
1.403212
0.359467
0.815745
-2.133472
3.662349
2.680860
-1.998157
-1.595608
1.145857
-1.067989
2.233985
0.025082
0.159563
-0.121435
2.901181
2.973914
1.594281
1.375964
-3.175060
1.235183
-3.142501
3.836752
0.943848
-1.076900
-0.235852
0.280382
-0.818307
-0.851096
-2.978117
-1.407215
-2.203639
-0.767463
-2.706636
-5.076360
-1.172336
0.266422
-0.942921
1.009012
1.424787
0.359972
-1.998275
-4.139412
-1.800599
-1.696248
1.098074
0.112039
1.906062
-0.416178
0.708203
2.903566
0.850619
2.543569
-5.074997
-0.471511
-0.892266
0.511735
-3.678577
-0.821790
-1.188811
2.616765
-1.629940
2.599467
-0.592821
4.623870
0.125149
-4.433742
-1.741737
-3.553372
-0.288452
4.040334
3.682558
-0.587645
-1.266251
-1.295129
-2.092821
-1.320001
0.986400
-0.029897
-0.182541
0.636406
-0.698362
1.562313
-1.696182
-2.174587
0.929353
-4.746628
1.242036
-2.511450
-0.031331
0.932930
2.419417
0.688534
0.967843
0.445429
-3.492331
-0.134581
-2.783223
2.294168
-0.151523
-1.486278
-0.311022
-0.363314
1.634101
-1.979429
1.799229
2.083106
-1.382921
-1.309401
-9.073251
1.486069
1.403323
0.190456
-1.449160
-3.321555
-1.405603
-4.286069
0.198578
0.730102
3.003374
-2.249815
-1.119550
-4.820570
1.089471
-0.962268
2.405066
-1.101587
0.752187
-2.191398
0.813699
0.952009
3.708732
1.522419
-1.768481
-0.565356
0.326263
3.980817
0.000363
0.760032
-1.655134
3.384827
-0.191968
-3.214317
-1.224989
1.807817
0.019196
0.444409
-1.684241
4.457747
-1.696304
2.532083
-1.774330
-0.017983
0.859874
-0.637111
1.339033
-2.901130
0.128360
0.713345
2.576854
1.784924
-1.087753
0.849136
1.008348
-1.604861
0.661356
-0.900640
-0.741040
1.612504
-1.780217
0.864495
-3.579381
0.046158
-1.554186
-0.685282
-2.932256
0.341950
0.250714
-1.272141
-5.069609
-2.079322
0.581391
-2.263097
0.129913
-1.070810
0.620707
-1.280670
0.486036
0.131014
1.579409
-0.837544
-1.482662
0.551127
-0.061221
-0.752665
-0.019866
0.254768
0.167004
-0.137529
-1.418795
-0.160630
-1.146864
-3.134249
-1.318431
0.997359
1.160203
-0.198017
0.212162
-0.295042
0.197605
-1.973051
-0.651310
-0.551663
0.871459
-1.782806
-2.045405
-0.867968
-2.340648
-3.510548
0.111372
1.029307
2.068580
0.999551
-5.280773
0.412749
0.593309
-3.617207
0.559199
-0.316423
-2.938210
1.205209
-3.418992
-2.410478
1.300189
-0.861493
-1.041157
3.615574
-2.084859
-1.599418
3.909359
2.768324
1.080300
-3.974568
-2.338974
-1.069433
3.010351
-3.109070
0.799260
-1.197387
-0.493657
-1.349687
0.202924
-1.318475
0.283675
-3.760266
-3.331307
0.842169
-4.116540
0.375736
0.017015
0.216646
-1.523671
2.354771
0.253992
-0.076036
0.756555
1.864999
-1.599629
-0.213918
2.463068
-0.364997
-4.448882
2.761356
-0.615972
2.088010
1.838452
2.503814
-2.065374
-2.345696
-2.853973
-0.576797
1.976711
0.709045
0.427721
-0.817359
-1.817181
0.203067
0.123233
-1.252494
1.554996
0.435747
1.587453
-2.699095
1.322462
1.115997
3.914693
-1.512937
-1.453091
-5.228511
0.061978
2.029103
-0.536627
0.700421
-2.300714
-0.624057
2.067744
0.792927
2.506264
-1.477655
-1.047408
0.505762
-0.660649
-2.054215
-0.853953
-0.682056
-1.537858
-1.275907
-0.642976
1.788167
3.569789
-0.054292
0.434000
-3.827706
1.526334
0.378332
1.640212
-1.539892
1.334579
-1.945645
-1.726763
-0.170948
0.008844
-2.655049
1.024338
3.423466
-0.151900
-0.105506
0.164419
-1.658749
-0.404956
3.277218
-0.302819
-0.301882
1.455137
-1.341443
0.332205
1.563876
-0.029829
-0.545393
-0.395273
0.046057
4.213480
3.417941
-1.666010
-0.873654
-3.200768
-3.759511
0.676434
1.272774
0.008535
1.341129
2.551492
-0.871653
0.606908
2.767294
0.646022
1.691524
2.245481
1.411439
-3.609392
-0.521847
1.271592
0.790884
2.013868
-0.243186
-1.647512
2.060086
-1.265056
1.862142
-0.391815
0.729775
3.982927
-0.973122
3.976397
2.404108
-3.904955
1.505396
-0.804006
0.025096
-3.655213
-2.028789
-1.463156
-0.413598
1.387718
0.179656
0.021632
-1.085138
1.219521
-3.555875
-0.506698
-1.510736
-0.896300
0.805487
2.041084
-4.331288
-1.707091
-0.563359
0.896500
1.139378
2.912327
-1.109496
1.552476
0.428732
-1.534897
-1.283005
1.928504
-3.009635
-0.309567
0.257852
1.842014
-0.045038
-0.479555
-1.559264
0.999132
2.289561
-1.754256
-0.970104
-1.511297
-1.794518
0.960187
3.128629
-0.630951
-2.316844
0.694449
-5.075321
0.774624
-2.192651
-0.773428
-1.681701
-1.707034
-0.243687
2.150707
1.908208
0.863655
-2.656222
-1.625676
-1.093084
-3.576734
-0.536402
-0.742106
-1.024281
-2.571168
0.056773
-2.804849
0.657973
2.962640
0.633006
0.956456
-0.566542
-1.885307
-0.114937
1.347703
-3.558916
-0.901199
0.114546
-0.562055
-2.315772
1.129921
-3.234447
2.587879
-2.640949
-1.617387
0.465873
-2.776746
-0.310137
4.208373
2.292238
-2.767096
-0.114029
1.683504
-1.929150
0.427288
0.400032
1.682321
-2.555817
2.507736
1.738572
-1.909587
0.658136
-1.046709
-0.238964
-0.256508
-0.234971
0.926861
-2.361850
1.607805
-1.572856
-1.615302
-1.541036
0.338782
-1.875215
-3.636790
-0.748806
0.710191
-0.299287
-1.470383
0.881483
-1.611872
1.850497
-0.835379
0.456595
-0.590693
-1.886510
-1.492827
0.049912
-1.084816
2.130421
0.199893
-1.994730
-1.297910
-1.459834
0.511250
-0.180907
0.523830
-2.348977
-0.084939
-1.040926
-2.509666
3.458618
0.617225
1.977822
-2.504164
0.167622
-2.212908
1.031298
1.133337
-0.821659
-2.286290
-0.868733
3.838870
1.241415
0.609446
-0.556694
1.750295
-1.295813
-0.615288
-2.072166
3.067043
-5.158432
0.416068
-2.002828
-1.756989
0.268613
1.429491
-2.069412
-1.285230
1.313416
-2.260722
-2.022965
-1.078330
-3.745759
2.413684
-1.430217
-0.777974
-0.960504
4.571118
-4.238797
2.827110
-0.785580
0.376465
-1.954710
-2.289356
3.188343
-0.881990
-1.736408
1.062113
-1.106147
-2.361801
1.142681
-0.421385
2.868210
-1.995673
-0.172786
-2.301698
1.432455
-0.045141
0.077241
0.510914
-0.046528
-2.389246
-4.102426
-0.178214
-0.491736
-1.249350
-2.722393
-1.248818
1.243558
0.515147
1.409520
-3.086805
-0.425935
-0.121135
-0.359238
1.643783
-1.612993
-2.394384
-1.953283
1.782147
-0.118138
-1.521021
1.119485
1.751150
-0.507334
1.373471
-1.248251
0.539217
0.202842
0.972414
-1.636459
-1.353348
-1.593615
1.388758
3.785941
1.047151
-0.424442
0.994651
-1.062527
1.170376
-1.873324
-0.476630
-1.534597
-1.897421
-0.397988
0.465585
-6.496635
3.005201
-1.160564
2.366396
-1.131080
3.024565
-2.644340
-3.669775
-0.825767
-1.002639
-2.181195
1.576237
0.058329
0.054513
0.720173
1.973731
1.086920
-0.049785
3.140138
-0.363717
-1.553655
2.580844
-3.324605
0.954169
-0.744120
-4.134359
3.043344
3.270826
-0.250110
-0.385759
-2.033440
-1.485398
-0.651195
-3.084759
1.095240
-1.068042
-0.417753
-1.690322
3.469986
-2.216802
-1.780154
-0.696962
2.174994
-5.923503
-1.561301
-2.724141
0.873855
-4.269220
3.294253
2.443694
-3.407854
-1.250019
-0.685022
-0.823526
-2.678422
3.937019
-3.386933
-1.431809
-1.220119
-0.189517
-1.446558
-1.225861
-1.235022
-2.771304
-1.580079
-3.306583
-1.947184
0.452968
-0.669135
1.092641
-1.469109
-1.342540
-2.348979
-1.680609
2.177602
-2.558267
-0.358152
-2.089597
-3.107363
6.978866
-3.978930
-1.884802
2.189804
-0.263145
-1.953990
-1.471946
-0.158016
-4.815050
-0.203822
-0.965155
1.200309
1.022969
-0.083246
1.370466
1.114819
-0.973758
-1.377316
-3.586000
-2.458666
2.114422
-0.709418
-0.724503
0.034911
-1.022321
-0.390096
-2.390071
-1.587799
-1.684486
0.025917
-1.922044
-0.397415
-0.456944
1.932525
-6.088928
-3.119053
-1.750416
1.830036
4.813407
4.122402
-1.052384
0.842212
-1.669401
-0.651767
-3.186171
-0.220592
0.892539
-2.440767
-0.867289
-2.559857
-0.919395
2.707117
0.091468
1.032598
-6.542674
-1.692668
1.849915
1.544951
3.717284
-1.429670
-0.750340
0.833149
-0.763392
1.792041
-3.203614
-1.212983
0.596348
-5.677451
2.709613
0.018900
-1.077609
-0.930086
-0.471675
0.393771
-2.922128
2.111701
0.302184
-0.076569
1.111695
-0.728635
0.744072
2.588550
3.178347
-1.171106
0.737538
2.419855
1.230597
-1.506617
-0.821527
-4.700574
1.453357
1.094540
-2.275228
-1.403389
-3.030862
-1.704159
1.049721
0.196285
-2.000978
-1.829740
-0.999067
-1.029755
-0.209662
-3.823652
-0.885099
-1.824273
-2.405266
-3.579909
0.437094
1.427587
1.434908
-1.021389
2.223689
-0.940863
-2.566811
-1.701288
0.128075
-0.407355
-0.278113
0.742021
-3.743449
0.723393
-0.049120
1.176296
-3.404631
0.033464
0.575562
-0.535097
0.787748
-2.906075
1.492324
2.481336
0.277970
-1.721661
2.900438
4.907121
-0.958452
2.051623
0.921097
-0.220854
1.096813
-1.776844
0.131322
-0.857463
1.734083
-1.959872
-1.887363
-0.684964
3.779331
-1.430807
-0.819314
-1.093436
-1.979310
1.987317
-0.939796
-1.689762
-0.698512
-3.920243
1.824670
-1.481111
-1.742890
-0.375442
0.373908
-1.966440
-2.459881
0.474536
-0.951487
-0.485974
-2.501723
-0.885031
1.659280
-3.440089
-0.735961
-5.592930
-2.253879
0.236091
1.120455
1.305787
-1.403067
-3.454506
-2.552860
-2.080140
3.395191
3.523875
-2.695550
-0.822807
1.328982
2.552167
-2.552072
-0.065495
-0.279312
1.449932
-0.318087
3.318897
4.884297
1.577275
-2.307755
1.005065
-0.600808
-2.442457
-1.381282
-0.726231
-0.588112
0.796037
-2.624521
-3.007602
-1.151084
-0.542292
0.278659
-0.089849
-1.421802
2.010607
-1.664732
1.069602
-3.176516
-6.510866
-0.846698
1.022647
3.719458
-2.058884
-1.589406
-1.415190
-0.980517
-1.239824
-0.813275
-2.354202
0.015762
-3.035884
-1.326715
0.709939
-2.684585
1.694342
-0.744191
0.645760
-1.249647
-1.681094
-1.009084
1.781006
-2.247997
-0.501502
-0.375201
0.910007
-0.246723
-2.068193
-1.525087
-1.883368
-2.315516
-1.903342
-0.953404
-0.482186
-1.208364
2.545179
-1.687262
1.046587
-0.508785
0.588998
-0.035086
-2.632062
-0.911003
-1.921017
3.453231
-0.321339
-1.926329
0.532097
0.694470
0.496964
-0.252987
-5.249617
-1.914089
-5.115445
0.165285
-3.089278
3.758575
-3.831520
-5.660886
-1.396079
-0.934545
-0.641914
2.617135
-1.667598
-1.447122
0.643743
0.211318
-1.869818
-1.602635
1.518115
-1.473558
-2.011457
-2.060391
0.586332
0.092848
-0.290529
-0.344619
-1.972340
3.359964
-1.996281
-2.384196
0.609966
-1.129224
-1.086044
-2.987866
0.493069
-0.044176
0.659785
-2.982471
-0.755253
1.692477
-2.081547
0.836356
-2.113472
-0.208124
-1.303113
-3.335904
-1.474071
1.364919
1.550012
0.212970
-1.527616
-0.705720
-0.402073
-0.814696
-2.255520
-0.660405
-1.948126
-2.373219
1.015255
0.766574
-1.694359
1.763103
-3.776782
-0.797593
-1.543204
0.720532
-1.499936
-2.745706
0.685141
1.571920
-2.146796
-1.124742
-0.160629
-1.662618
-3.464379
0.749746
-2.911069
-0.678199
0.750681
-0.797622
-0.728125
2.156507
0.411565
0.141127
0.325916
-1.418447
1.231528
2.737838
0.575380
-1.433251
-3.009555
2.404179
2.524926
-0.523696
-3.171177
-3.316411
-4.326187
-3.293367
-0.553325
-2.505200
-1.592819
-1.643270
-0.992034
0.307232
-1.353315
-1.943026
-1.828752
-4.166833
-1.742586
-0.832474
-0.368785
0.410893
-0.836342
0.690726
-4.243071
-0.537813
-1.846629
0.531854
-1.256484
3.589400
0.746544
-1.170510
-0.506270
0.573894
2.015395
0.112076
3.394883
0.096061
1.889023
0.149631
-1.255279
-3.402148
1.955514
0.731176
-1.464430
-0.693535
0.051706
0.395617
-1.829819
0.412682
-3.272544
-1.186865
2.706890
0.970007
1.522088
3.710919
-3.016912
-1.615745
2.368418
-5.248720
-1.905233
-0.788627
0.427222
1.784208
-2.592962
-3.839539
-2.179650
-1.675827
-0.771089
-4.346263
2.015361
-3.895878
2.720888
-2.047076
-2.465794
-0.432980
2.470129
0.025938
-0.829104
-5.078415
-2.042494
-0.361362
-1.272201
1.449206
-1.413499
-1.673706
-0.284661
1.904047
-3.517132
-0.060211
-0.053544
-3.346966
-2.198683
0.861678
-0.435369
0.903811
-0.695896
1.075936
-3.173496
-2.160225
-1.276482
1.339037
0.461940
0.636501
0.146818
-1.331174
-1.567874
1.004568
-0.813735
-4.413167
-1.219747
-1.645443
-2.737767
2.904454
-1.000011
2.242103
-0.277556
1.759540
1.967452
-0.846366
0.568547
1.629793
-1.383975
0.926369
-1.362823
-0.034626
3.023908
0.938576
-0.804940
-2.710824
-1.816231
-2.304621
-1.287707
-1.303786
-0.473889
-2.091801
1.487033
-2.831525
-2.272671
0.843559
1.086349
-0.925194
-1.543052
-1.047552
1.250687
-2.272347
1.687348
-3.319102
-0.349200
0.072141
2.040531
0.146792
-2.770969
-1.154682
-3.735761
-2.092794
-1.281937
0.323695
-2.863523
-0.522666
-0.721892
-1.166150
0.071473
-1.760234
-2.814764
-0.671410
0.307708
-1.901201
-4.223367
-3.372660
2.705290
-2.915196
-3.985401
1.145418
-1.325916
-0.938841
-1.598429
-1.632898
-4.106083
-1.872679
0.717236
-1.923550
0.109942
2.613692
-0.798561
4.963080
-2.481755
-0.694780
0.090126
1.572860
1.500098
-2.292209
-2.849710
-0.665858
1.168530
1.602501
0.414618
1.423475
-3.631619
-1.236533
1.374956
-0.729298
-3.455774
0.627039
-2.177261
1.253557
1.096350
-1.340975
-3.123083
-1.166020
-0.595666
0.782327
4.184352
-1.676562
-1.092006
1.075610
-4.618149
-2.515353
2.129306
-0.364723
-3.110711
2.501560
-1.395478
-3.016579
-0.402037
-1.739276
1.419533
2.043910
3.477175
-1.864983
-2.273448
-3.452667
-4.542914
-1.327039
-0.513448
-0.132033
-0.045640
-1.397198
0.149925
-1.118679
2.180250
-2.430685
-2.769444
-0.065773
1.952897
-1.946072
-1.713170
0.246397
-2.048470
-0.068529
0.665150
-0.177677
-0.739315
1.349462
-0.989493
2.569314
-2.274416
0.530862
-0.288006
0.260390
1.976415
-2.946126
-2.064811
-1.630613
-4.158894
-3.845712
1.521828
-1.624654
1.041631
-1.085684
-1.279088
0.675061
0.668503
-3.039728
-1.356740
-0.383071
-4.871080
-3.764065
-0.426261
-0.247204
-2.678149
-4.331557
0.748861
-2.555583
-2.341575
-4.431891
0.376027
0.222466
-3.596859
2.297797
-1.350232
5.194720
-1.363693
-0.148881
-2.077621
1.440679
0.038214
1.432444
-0.779185
2.721431
-2.942404
0.616369
0.405930
-2.444680
2.708792
1.480115
-2.477766
-0.452546
-5.322982
-1.069085
-2.036217
-0.263249
1.271572
-3.632580
4.025591
0.994751
-3.016610
1.028415
-0.748066
0.585030
-3.419843
0.394263
-2.515056
-3.888241
-1.015590
-0.194108
0.054388
0.409108
-1.319412
0.027735
0.583558
-1.201953
-0.521789
0.711167
-0.663531
-0.853736
0.934110
-0.574807
-3.381883
-3.619311
-1.757838
-4.284236
-1.609621
2.556530
0.597377
-1.943903
0.525436
-2.242698
-0.740290
1.968220
-0.285758
1.187847
0.629276
-0.848895
-0.847547
-3.160339
-2.920271
3.595034
-2.237478
1.965502
-0.820841
-0.836808
-2.196983
-2.067918
-1.647333
0.124296
3.965956
2.811537
-0.023464
-2.283585
0.210609
0.198237
-0.717913
-0.516319
-2.123562
1.993202
-1.364422
3.258991
2.051716
-1.781154
0.004404
-0.756147
-2.703862
0.376222
-1.375160
-0.244855
-1.365708
-0.280438
-2.182074
-0.997297
-2.997278
-3.089481
-1.162946
0.270333
-3.187259
-0.282344
1.602323
-0.594418
0.502326
-1.143539
-2.016505
-0.464287
-0.027675
-1.212429
-1.546347
-3.865130
-1.267237
-0.052627
0.429783
-0.415670
1.271439
-2.769708
-2.440343
-1.516343
-1.152340
1.252013
-4.526051
0.764206
0.737420
0.072744
1.132855
-1.106278
-2.427407
-1.748285
-2.639947
-0.475801
-2.931100
-3.822365
-1.941994
0.521357
-0.605234
-2.729795
1.686887
3.007941
-3.050773
-2.235199
2.569533
1.730102
-1.885759
-1.768029
-0.065480
-1.757725
1.133213
-1.291043
0.474646
-2.963645
-1.604592
1.599216
0.381264
-2.166630
-3.269947
3.719437
-0.602933
0.603849
-0.253127
-2.131030
-2.103293
-2.136758
1.409707
1.524250
-3.102901
0.054436
0.314237
1.196984
0.863801
0.684340
-0.455199
-2.986033
0.381761
0.986921
0.649056
-3.235224
-0.349083
1.936833
-3.006320
-1.616843
0.910887
0.505754
-3.262382
-0.451448
-2.159977
-2.150315
-2.004303
-1.966671
-1.503504
-2.522458
-0.554286
-1.082434
-3.606841
1.919775
1.104770
1.978245
0.047359
-1.609995
-2.527318
-0.870984
-3.202886
-3.657542
0.260339
-1.824688
0.407173
-1.143889
0.277702
-4.299264
0.804187
-0.766169
-2.316369
-0.638959
3.353009
2.291466
-1.280004
0.538321
0.349789
-1.066989
-2.515259
4.160722
0.973996
-0.443906
0.085358
-2.727351
1.228605
-0.419620
-1.428610
0.807128
0.200153
-0.618814
-3.239369
0.873561
-3.801740
-1.727748
-0.616041
-0.983744
-2.449999
-2.261780
0.041374
1.650137
-1.057150
0.796560
-0.270621
-0.499069
1.663160
0.276284
0.635241
-2.967168
0.804237
1.691706
-1.545976
-0.627643
1.888506
0.039655
-0.854727
-3.574197
-2.342875
-0.858810
-0.192595
0.207419
-1.099318
-2.423050
-2.243907
-1.701414
0.217487
-0.991815
0.177519
-3.331261
-0.641094
0.363980
-1.442931
0.047867
-1.762682
2.384048
-3.919387
-3.783828
-0.276583
-0.192404
-1.788767
1.094369
0.613835
-0.919744
-1.795556
-1.068196
0.434515
0.910515
-2.952992
-2.863590
-0.442274
-3.173737
2.583814
2.298430
-2.996817
-1.638065
0.515019
-2.531832
-0.141324
-1.247570
-0.889517
1.437652
-0.804692
-0.503672
-0.136906
-0.317180
-0.657681
-2.444636
-0.943650
-0.376815
0.083837
-1.286745
0.258896
-0.535890
-3.427967
-2.520275
-1.436591
0.534829
-1.192081
-0.711658
-0.061247
2.562583
-0.174199
0.288084
-1.268357
-1.560974
1.937396
-2.251804
-4.499180
0.143211
1.045430
-2.902279
-1.279048
2.182434
-0.002568
-0.637649
-0.829054
-2.701380
-1.437248
-0.279153
0.868696
-4.455649
1.926463
-2.603121
-1.318223
-0.427302
2.759843
-0.014469
-2.458048
-1.652058
0.017844
-1.447047
-2.096763
-1.306385
-0.408720
-0.274438
-1.773581
1.059337
0.482494
-3.526678
-1.482954
0.684014
-2.775951
-0.496556
1.163646
-3.611599
-2.951299
-3.138005
-0.230600
-0.473345
0.846118
1.187541
-1.145968
0.042972
-1.624087
-2.230967
1.196287
-0.654383
-0.753850
-1.934132
0.289826
-1.514606
-0.761546
4.163663
1.845400
-0.934351
-1.938138
1.394256
-2.718212
0.148740
-0.045224
-1.138502
-0.709392
-1.441051
-0.109289
1.102784
-2.468810
-0.011649
-1.976809
1.293532
-0.466104
-0.584977
3.352073
-0.202983
1.092043
1.104546
-0.835130
-2.432772
-0.600050
-1.849646
-3.514879
-1.117519
-2.675040
-0.733123
-1.377591
0.264502
0.610472
0.428308
0.565617
-1.044961
-1.799898
-0.050411
-0.474958
-0.433076
2.622419
0.496450
-2.466524
-1.314468
-0.993801
-3.355050
1.333340
-1.668794
-4.150724
0.446785
0.422934
-3.604532
1.503114
-2.202220
-0.132242
-3.368578
-3.994228
-2.437800
-2.857870
1.277840
1.342723
-0.726072
0.471352
-2.464246
0.039124
2.258281
-1.355879
-1.159884
-3.997854
-0.868475
-0.585926
-1.119147
-0.655918
0.304262
0.289188
1.006674
-0.437208
-0.739763
-2.318488
1.918444
0.929857
-3.676393
-0.494528
-0.697231
-0.247662
-1.817366
-0.784191
0.175647
-1.482614
1.025816
-0.868662
0.261864
-1.051572
1.548205
0.788378
-2.447385
-0.037103
0.891654
-2.908865
0.380916
-2.511056
0.600220
-2.424149
-2.483556
0.015043
-1.353041
1.635089
-1.972180
-0.396595
2.898723
-1.074000
-1.723972
-1.809840
-1.616207
-2.386655
0.946913
1.923159
1.103452
-1.038260
-3.893647
-1.018844
1.072415
-2.023209
-0.901162
2.612671
-1.721924
0.729361
-1.921625
3.017186
0.832036
-4.269336
2.906149
0.937996
-1.030642
2.906437
1.057136
-1.376323
-0.436559
-0.370840
1.728842
0.243062
-0.005543
-0.232044
-1.126400
-1.312176
0.868352
-2.081455
-1.828842
2.024143
-0.913924
-0.659476
-2.052159
1.583143
-3.741959
-0.695763
-1.524433
0.233901
-1.058070
0.133235
0.905793
-2.791880
0.807418
0.192702
-0.079064
0.222192
-3.278144
0.040486
1.508422
0.348343
-1.281039
-1.191394
-2.107512
-0.201884
-1.322401
-1.591586
1.388484
-2.808883
2.278094
0.083869
-3.349715
1.084160
-1.402346
-0.157559
-0.050134
0.410456
-2.483133
-0.326673
-1.418452
-2.347319
0.602907
1.598174
0.363955
1.938436
0.616812
1.202605
2.322894
-1.909552
0.631163
1.420743
-0.958384
-0.930237
1.100742
-1.401336
-2.129100
-3.073671
-2.748028
0.649241
-1.967463
0.351566
-1.221285
-1.619503
2.333467
-0.426069
-0.660047
1.164479
-3.109957
0.996606
0.493446
-0.028066
-1.764920
-5.671317
-1.246092
-0.216256
-0.194469
-2.148492
-0.624972
-4.032526
0.118168
-0.874191
-2.541250
-0.510972
0.082027
1.098996
-2.484102
2.263137
3.244313
-2.357123
-3.471492
-0.323337
-3.041411
-1.254503
0.354861
1.036856
0.326999
3.731958
-0.792113
1.658247
-2.193701
-0.835795
-2.141654
1.764465
-3.610399
-1.689648
0.923195
-0.575002
-1.609166
-0.097957
-0.774214
-0.940766
-1.653741
-1.260081
-1.496060
2.473564
0.515311
-0.273879
-1.393547
2.322027
-1.293888
-0.355540
-2.041012
-3.306999
-1.005122
-3.932136
-1.692241
-0.635139
1.854192
1.366132
1.985640
-2.003847
-0.907972
0.533836
0.599668
1.150871
-0.697976
-2.725510
-1.730787
-2.932453
0.298662
2.421921
-1.752319
-0.111006
0.697836
-1.801981
-0.899565
-3.804605
0.460382
-0.268870
1.157451
0.599371
-1.822183
-1.380151
-0.774330
-1.714609
0.945612
0.453315
-3.331048
-4.511120
0.145625
1.722006
-0.103051
0.112842
-0.197802
-1.691856
2.250562
0.785656
-4.175556
1.629934
-2.397633
-4.920973
0.186700
-0.373716
2.313948
0.416618
-1.027028
-0.217258
-0.600828
-1.239034
-1.060675
-3.775654
-1.167724
-3.338598
0.474551
-1.321444
-1.790486
0.816370
-0.477715
-3.133948
0.009439
-1.520911
-1.962420
-2.069285
-1.844769
-2.277508
-1.892142
-1.852267
-3.223347
0.332761
-0.612006
-2.872626
2.411828
0.107829
-1.153069
-2.410600
-1.439802
-0.194060
-0.785074
-4.469110
-1.736327
3.691721
0.145182
0.219836
-2.368410
-2.049384
-0.479576
-1.745819
-0.337705
-2.422764
0.664138
-2.224499
0.844269
-0.617145
-4.817870
0.787312
-5.528089
0.627241
-0.878389
-1.866741
1.085183
-4.340282
-2.463852
1.212475
-1.018240
1.830501
-2.873646
-0.984075
-0.349199
3.211872
-1.226422
-1.829072
1.599847
1.208209
-0.323871
-3.420070
-3.501397
0.845682
-1.656104
-2.288049
-0.787921
-2.712135
-2.066353
0.214312
-1.703480
-0.892638
2.274573
-2.301870
-0.243972
-4.092684
2.456565
-2.764837
-1.552909
-1.735301
-2.159413
-4.249703
-3.765345
-0.849874
-1.530291
0.086091
-4.734740
-0.860144
2.435983
-2.167353
-1.328444
1.171664
-1.296818
-4.864467
-0.011119
1.545814
0.262280
-1.143961
0.211547
2.565748
-0.926354
-1.298171
0.698477
-1.157002
-2.156593
-0.825786
-2.947374
-0.889128
-0.672639
-2.678846
1.622445
-0.509529
1.762335
-1.480399
0.541375
-0.087457
-0.261437
-1.251753
-1.193191
-2.156000
-0.053079
-0.555518
1.110595
-3.351410
-1.501583
1.300133
0.974880
-1.565594
0.049140
-2.106668
1.663367
-1.191242
0.071186
-3.008435
-0.349272
-0.449905
-0.981130
-3.163580
-0.238182
-0.811226
-0.025514
-0.231869
0.690414
-0.663055
-1.193501
2.135038
1.325797
-1.412297
-2.651767
-1.540936
-0.831136
0.254396
-2.327287
-1.720567
-0.912079
-0.642305
-1.903594
1.360388
-1.660537
-1.846162
-4.986643
-0.614310
-1.595263
0.705766
3.165929
-6.038177
-1.698052
-2.602848
-3.270968
-1.437871
-5.978096
-1.497854
-1.625900
-1.867051
2.312272
-2.215458
0.032274
-3.082713
-1.001093
0.961099
2.090113
-3.230928
0.557368
0.183218
-2.943896
-5.414295
-1.757389
-2.544213
2.463349
-1.365144
-1.508555
0.156368
2.592164
0.829044
-0.047748
-3.188289
-3.261725
-1.011894
0.288418
-2.816692
-0.963570
-0.934784
-2.080606
0.479407
-0.494118
-1.125667
-0.651480
-1.151589
-1.920974
-1.495293
0.565479
-2.149120
-0.620456
0.468205
-0.290029
-0.792372
0.081439
0.342166
-2.174187
-0.136580
-0.793801
-2.832649
-2.073334
-0.078377
1.714792
-0.798312
-0.694056
-1.806293
0.142682
-1.708094
-2.122088
0.509880
-0.660475
1.577811
-2.590214
0.618611
-2.671653
1.273095
-1.663137
-1.304483
-4.621950
-2.090048
-0.718503
-2.634918
2.519412
1.196542
-0.954042
-2.415564
-1.625394
2.449844
-1.433586
-2.759379
1.748650
0.844110
-0.973429
-2.276271
-1.573023
-1.700244
-7.514275
-0.487940
-2.854196
0.029391
-0.512550
-1.102368
-4.002258
-2.569983
-0.273986
0.541664
-1.186866
-0.825512
-1.749872
-1.417594
-0.506018
-1.830650
3.528716
0.477499
-2.157208
3.049456
-0.353942
-2.776763
0.568091
0.854069
-3.132234
-0.667173
-0.206430
-0.401130
-2.338484
0.684511
-1.207019
-1.795730
0.739720
-2.499300
-1.212628
1.094478
0.550410
-1.701120
-1.143399
-0.944615
-1.255706
-1.184718
0.297315
-1.234195
-2.419999
0.316103
0.361770
-0.506606
1.693442
-1.279228
0.191176
-1.534427
0.040984
1.521179
0.214876
3.817811
-1.808518
-0.559309
-0.811806
-1.797773
2.830015
1.076712
0.696857
-2.823044
1.422085
0.556879
-2.995564
-1.370399
-1.277334
1.740594
-0.357787
0.599160
-1.777857
-1.374770
-0.883340
-2.033597
1.461873
-0.748849
-3.499810
-0.741815
0.333769
0.376120
-3.284661
-2.115182
1.622898
-0.761144
-0.318231
0.208830
-0.522977
-0.827792
-2.875138
-2.624811
-3.331966
-1.457121
0.491734
-1.916831
-2.630676
0.727706
-2.853882
0.013579
-2.131979
-0.647174
-1.447719
-2.713871
-0.019136
-0.538102
-1.739427
-0.908126
-0.730001
0.338991
-2.171293
0.460456
0.347309
-4.250430
-2.017003
-2.129382
-1.892478
3.965456
0.672409
-3.858911
-1.237877
-2.150038
-1.182865
-1.131564
1.144602
-0.701314
-1.018633
-0.923172
0.310862
0.761916
-0.915487
-2.449323
-2.104970
2.823399
-5.337030
-0.728587
-0.465105
-1.860488
-1.122627
-0.342454
0.694971
-1.705148
-1.750887
-1.595910
-1.846414
-0.886732
-1.230745
-4.180359
1.005563
-0.045288
-1.559101
-3.560702
-1.099703
1.469218
-4.728612
-1.758621
0.578159
-2.920451
-3.543823
-0.025098
-2.192801
-1.737102
-2.531857
1.350776
0.757239
2.404438
-4.436504
1.759271
-2.327323
-0.198147
-0.624817
-1.201479
0.990951
-5.049662
-0.544549
0.731718
1.314021
-0.865848
-0.388022
-3.835837
-4.149441
0.262394
2.248622
-2.679032
-1.227823
6.525893
-4.034792
0.998126
-2.702596
2.394541
-1.649035
-1.298958
-0.596681
0.664617
-0.387815
-2.155489
-0.958289
-0.185245
-0.846039
-0.686784
1.908018
-1.200632
-0.269168
1.594174
-2.747492
0.735329
-1.564084
-0.282930
-2.121787
-2.860249
-0.589258
-1.015098
-2.583293
-0.866600
-3.573810
0.329019
0.237527
-0.345746
0.448503
-2.126917
-0.473524
2.473635
1.962370
1.500694
-1.655534
-1.207311
0.513191
-0.479962
-2.714231
0.688705
-0.471424
-5.021446
-2.577599
-1.318654
-1.806788
-3.455778
-2.525138
-2.004496
-2.650398
-0.116734
-2.186003
-4.976672
-2.083964
1.529795
-0.119614
0.305520
-0.271747
0.431427
-0.980922
-0.994483
1.579508
2.089314
-1.938807
-0.772774
-3.356068
-1.433276
-0.671145
1.516397
-0.640816
-0.780307
-1.297338
-0.237734
-0.999616
-3.513766
-2.304025
-1.515165
0.083613
-1.921633
0.248011
-2.164343
-1.790605
0.079688
-0.525837
0.715504
-3.904488
-0.633846
-0.740283
-0.380278
-1.645004
-0.719097
1.577381
0.385077
-2.212315
0.883914
-2.031179
0.839450
-2.879980
-0.051192
-2.246305
1.641327
-3.278805
-1.180323
-0.440565
0.917230
-1.405726
0.190235
0.184031
-0.529900
0.316936
1.569818
0.290220
-3.405946
-0.526456
-0.503359
-1.229361
0.078104
-0.758704
0.134690
0.209007
-6.340497
-0.686197
-0.159456
-2.654535
-0.272309
-1.744134
-2.954681
-1.169687
0.848028
-1.653850
-0.147291
-0.624241
-0.666109
1.759732
-4.071416
1.113125
0.275167
0.917967
0.000903
1.907937
-3.165503
-1.449160
2.040655
-0.598122
1.176132
-0.398413
-1.267849
-3.261826
-0.827859
-3.610843
3.256581
1.110231
-4.080376
1.096445
0.152156
-0.416367
-1.024737
-1.585454
0.110954
-3.041710
-1.797536
1.038287
-0.310871
-0.987516
0.932730
-1.625246
-2.273488
-1.526881
0.085365
-2.946303
-2.230344
-3.455871
-2.115860
0.625046
-1.811488
0.166331
-2.099545
-2.157449
-1.076706
0.453574
2.002321
1.241159
-1.685113
0.651376
1.404160
0.095440
-4.443639
-1.223220
-0.216127
-0.652754
-0.898282
-1.175267
-0.506931
-0.500933
-2.800770
-0.632800
-1.920213
-2.742261
-1.458875
0.099294
-2.274016
1.249822
-1.245965
-5.318774
1.416382
0.799348
-1.757134
-0.490075
-0.961155
-0.449911
-0.129816
-0.891741
0.679540
-0.274740
2.634651
-1.561785
-2.196575
-2.445449
-1.828203
-1.445230
-1.054779
-2.957802
-0.068471
-1.489215
-4.195074
-0.248141
-0.451836
-0.752548
1.403725
-1.753651
2.153419
0.258640
1.738066
-0.543164
0.718101
2.712854
-0.922870
-1.587372
-1.844980
-0.412309
-1.713359
0.364757
-2.834897
-0.800996
1.510595
0.975192
1.088115
-0.385973
-2.046939
0.524086
-1.558242
-1.011502
-2.262988
-1.039077
-0.827440
-0.899753
-1.767637
-1.230909
-0.044234
-1.752806
-2.725796
-1.357180
-0.960193
-0.690185
-1.252053
-1.230935
-2.211313
-0.012933
2.119351
-0.052930
-1.377012
-2.034469
-3.224110
-0.895779
-0.891190
0.303339
-2.964511
-1.887432
-1.868079
1.732888
-2.071826
0.198488
-0.655009
0.615145
1.266148
1.119919
-1.458866
-1.020350
-0.813718
-1.784183
0.288147
0.026485
-1.380119
-0.640529
-1.554698
-3.372027
-0.823828
-2.353882
-2.909893
-0.311213
-1.728638
1.898698
0.833951
1.827579
0.529059
-2.036014
-0.388688
0.174127
1.003412
0.865985
-2.268313
-1.471723
-0.639450
-2.754607
-1.601582
-1.747384
0.997323
-0.341571
2.871083
-0.767018
-5.915697
-0.642687
-1.913522
0.915402
-0.144496
-1.324935
-4.576974
-2.508039
4.387167
-4.010674
-1.592931
-3.954678
1.446818
-2.537312
0.612172
-1.552814
0.019647
-2.777077
0.215235
-0.553948
-1.788430
-3.446818
-0.430539
-2.950970
-0.934604
1.242218
-1.912206
-0.748285
-4.352353
1.790425
0.968156
0.436978
-4.938243
-2.880589
2.447387
-2.916267
0.612746
0.998863
-2.319873
-0.727723
-0.600027
0.235812
-0.877990
-1.136288
-0.467420
0.892564
-1.066296
-0.441884
-0.968495
0.044832
-0.940272
-2.385446
0.743611
-0.485385
-1.415553
-0.393325
-2.194220
2.760187
-3.015576
4.539762
0.175517
0.354893
-1.801680
0.172737
1.185729
-0.963396
-0.982452
0.123964
-1.465709
-0.594896
-1.110284
-0.198701
-1.002229
-1.927216
0.366511
1.546693
-0.927839
-0.144046
-2.056803
0.053432
0.228636
-0.247572
-1.543401
-2.440096
-3.009366
0.130528
-1.316420
0.623770
-3.752643
2.703497
-4.562400
-0.394538
-1.117484
2.871414
-2.782103
-0.677101
0.471498
-0.830624
-2.544659
0.544727
1.087673
0.523115
-0.660448
-0.082606
1.531403
-2.273584
-0.697686
-1.046940
-0.899966
-0.398255
-1.333256
-2.002734
1.337495
-3.445674
-2.014201
-0.696613
0.534799
-0.653507
4.316354
-3.680738
-0.354526
-2.201589
0.919448
-0.734801
-0.183748
1.578708
1.714784
-0.278218
-4.180657
-0.177709
-0.001567
0.530577
0.592218
0.925956
-2.028576
-1.422044
-1.395046
-2.007393
-0.882415
-0.550056
-1.833194
0.721745
-1.695639
2.476028
-4.096353
1.277453
-1.854949
-2.286954
-1.054234
-1.184325
0.999318
-1.711947
-0.274053
0.091536
0.892009
-0.185470
-2.136305
0.660427
-2.474695
-1.020576
0.047381
-1.358576
0.638931
0.219714
1.237007
-0.520502
0.609332
2.835497
0.876941
1.554897
0.188321
-0.033051
-1.229417
1.215144
-0.948032
1.253140
-2.234821
-2.484456
2.335189
-1.273746
-2.177912
0.379851
-2.586435
-0.949840
1.257431
0.301405
-1.578157
-1.960549
-3.090487
1.174696
0.307302
2.297397
-1.434361
-0.954333
-1.150779
-0.319219
0.608433
-0.991886
-2.057038
-0.635721
-1.667989
-4.830899
0.240548
-0.183977
1.240479
-1.993352
-1.306743
-2.041645
-1.837394
-1.573308
-0.632004
-0.264391
-4.973173
2.366489
-3.185745
0.603826
0.408263
0.090592
-1.674036
0.698713
-0.318946
-1.165561
-2.632640
-1.419956
-1.759019
-1.656532
0.179735
-1.965833
-2.361442
0.096317
1.821059
1.181245
2.995652
-1.431507
-1.927486
-2.606318
-0.242134
-1.876457
-4.115216
-0.400814
-0.470854
-4.256025
-1.572483
-0.958261
-4.596463
-2.007640
-2.049123
-1.219954
1.493665
0.937963
-3.415333
-0.541316
-1.069324
-0.817847
0.745652
0.823853
2.540310
-1.891811
-1.532214
0.242316
-0.409037
-1.245239
-0.848023
-1.204526
0.142836
2.582260
0.999440
-2.688240
-0.141551
-2.756795
-1.857059
-0.713458
4.308512
1.438609
-0.322609
-0.156810
0.278700
0.046274
-1.126130
-1.763884
-3.034002
0.943406
-0.557461
0.706390
-4.097984
-4.478784
-2.105977
-2.540578
-2.082489
0.297867
-1.283292
-1.373323
-1.069425
-2.752326
-2.213991
-1.842279
-1.288013
0.627915
0.007860
-3.192975
-2.213149
-1.653419
-0.359473
-0.831632
-1.907896
-1.269739
0.007332
-1.183116
2.501004
-0.440015
-0.806341
-0.069311
-1.188879
-1.765840
-0.613304
0.267393
-3.830645
-1.643128
-3.155345
-2.536250
0.214348
-2.057586
-0.743118
-2.103383
-0.028025
0.195493
-1.731250
-1.685240
-0.571886
-1.383750
-1.791007
0.063603
-0.627811
-0.320529
-1.749074
-2.248235
0.262839
-2.381844
0.762258
1.999306
-0.107426
-0.301307
-1.122887
-2.804967
1.869117
-2.187040
1.721473
1.896364
-3.015459
-0.795040
1.224360
-0.899002
-0.825178
-0.208367
-0.300682
2.551592
1.622676
1.261622
-2.449324
-3.619873
-1.488142
-2.606538
0.386910
-0.779398
-1.398244
-2.465902
-2.419606
-2.760069
-1.408415
-0.858644
-1.496735
-4.207919
-3.552379
-3.345168
-2.021992
0.205274
-0.601788
-0.108583
-0.728210
-1.978956
-1.455101
0.307145
-0.744563
-1.642083
-1.407714
-2.027669
-0.044213
-1.315186
-2.846294
-2.165369
0.374122
-1.515381
-1.837064
-3.699102
0.836832
1.214626
2.707191
-3.844485
-4.480477
2.439242
-1.834700
-0.148248
-1.887113
-3.206494
0.842635
-3.336121
-1.938691
-0.056924
-1.877415
-1.267040
-2.034845
1.833606
0.254729
1.962323
1.903159
-2.432879
1.426338
2.782027
-1.626166
-1.218558
0.159688
-3.107496
-1.348138
0.962786
-1.412797
1.700864
-1.236146
1.876084
-4.169049
-1.742554
-0.116930
0.436900
-1.834998
-1.754328
1.473495
-1.448751
-2.489265
-3.591012
-0.547457
0.947621
-2.401407
-0.184532
-5.195920
4.007885
-0.288579
-1.061998
-0.420730
0.051407
-1.388648
0.268421
-2.696500
2.066785
1.184870
0.435671
-0.560161
1.294741
1.602104
-1.859473
-2.281557
-0.283231
-0.205991
-0.184780
-1.143255
-2.030624
-1.995684
-1.721992
-1.299347
-2.707736
-0.128721
0.462834
1.527531
2.082009
-2.814029
-2.912795
-0.369475
-2.924716
-0.742041
0.138161
1.665229
-0.210023
-2.672775
1.080464
-1.683314
0.167395
1.204975
-1.414694
2.284932
-1.436745
-1.638043
2.152975
-2.689394
-2.173348
-1.563790
-4.438837
-0.683650
-0.760465
1.368389
-1.819566
0.151184
-2.327901
-4.096852
-0.012625
-0.757525
-0.067523
-0.142588
0.201549
-1.624763
0.794064
-2.035650
-1.224103
-0.694390
2.256124
1.520480
-1.619101
0.068735
1.361357
-2.307852
7.001368
0.860329
1.258288
0.220512
-0.478000
0.293764
0.641089
-0.274283
1.807895
0.415561
-0.004324
-1.620445
0.422364
-1.671540
-0.925499
-1.438244
-1.717755
-3.028543
0.956712
1.904205
2.723696
-1.295254
1.068868
-1.710285
1.149929
-3.899079
1.335957
-3.165123
-0.096271
-0.199073
0.396191
1.605792
-3.225520
-2.553137
1.565132
-1.764599
-2.686957
-2.535679
-2.535375
-1.333644
-0.454279
-2.256664
-1.819037
-2.885640
-1.018766
-1.460615
-1.188314
-1.340884
-0.668837
-2.401758
-3.876631
-3.572646
-0.721223
-2.268779
0.060023
-0.409284
-0.207365
-1.397353
0.324388
-2.051938
-0.529841
-1.324383
-0.315443
-0.271768
-0.618328
-2.300012
-2.555171
2.495129
-2.204865
-1.490530
-0.412858
-0.073195
-1.422738
0.250730
-0.334300
-1.670690
0.423652
-0.441951
1.245640
-4.501864
-0.537565
-0.217124
-0.719023
-1.017321
-1.447811
-2.877866
-0.582367
0.444130
-0.062791
0.878402
-5.241780
-0.368990
0.834698
-2.689183
-1.458697
-0.297527
-1.707448
-1.479871
-2.112031
0.809929
-0.640348
-1.846736
0.423454
-2.778879
-1.825619
-0.583093
-2.035639
-2.102748
-0.947195
-1.458448
-2.340370
0.005428
-3.643160
-5.011581
-2.742370
1.587091
-2.962217
-1.725797
0.836870
-0.647988
-1.384823
-1.757202
-0.380071
1.761716
-3.202694
-1.901323
-2.083613
-2.917675
-1.860967
2.127948
-1.192820
-0.173854
2.580462
-0.912056
-0.255787
-0.358612
-2.422328
-0.998160
0.054802
-2.341409
-0.798207
-0.223165
0.029689
-3.001136
-0.945312
-2.654110
-1.040893
-1.349167
-0.601548
-0.195863
-3.624103
-0.929091
-0.687917
0.256052
1.573738
-1.662851
0.239405
-2.999940
-1.827137
-0.274892
-2.344033
2.870291
0.331864
-1.196419
-0.804294
2.566936
-0.412659
0.040644
3.276814
-0.241113
-1.931371
-3.991539
-0.200824
0.698079
0.318213
-1.250915
-1.982842
-0.115767
-0.604937
0.590142
-2.009318
-1.137814
1.786277
-1.860867
-3.214814
0.188293
0.236069
-0.127826
-0.973854
-1.625930
0.851871
1.407185
-1.593022
-1.306926
-4.128424
-1.656156
-1.048799
0.906636
0.513620
1.253921
-0.022645
-0.382631
-4.724985
0.166553
-1.251913
-2.026695
-0.387566
1.487584
-1.857178
-1.827621
-0.017363
-0.024991
0.478915
-2.328367
-0.321224
-3.933272
-1.080275
-1.937711
1.133214
-3.249993
0.915551
-0.463355
-3.048426
-2.367552
-3.071868
-1.913933
-0.572435
1.265528
0.383725
0.224855
-2.204548
-3.947571
-0.947135
-2.499640
-0.248229
1.281389
-2.217252
-2.359325
1.020915
-0.901716
0.678622
1.094554
2.075675
-3.631066
-3.008014
-0.841608
-3.376644
-1.748074
-0.543723
-0.816903
-1.480414
-0.867104
4.466494
0.370933
-0.321680
-0.349028
-1.787505
1.186000
1.893597
-0.587390
-2.140862
-0.667284
-0.957945
-2.230076
0.041979
-3.781236
-1.332004
-0.899861
-1.665983
-0.860751
-1.558397
-0.249422
-2.507855
-0.038255
0.993869
1.045994
0.881277
-0.996972
0.184619
-0.555189
-4.497507
-3.525744
-2.105810
0.128534
-2.283370
-1.113754
1.860720
-5.503137
-1.243919
0.339538
-4.145880
0.973543
-2.616467
-1.945619
-0.808340
-0.303946
-1.919513
0.757001
1.961130
-1.007497
-1.769218
0.733575
1.397697
0.951289
0.531369
0.265912
-0.953698
-1.749383
-2.203974
-1.378299
-2.259898
0.771719
-0.961751
0.965486
-0.384091
1.347930
1.505788
-0.586960
-1.218148
1.846143
-0.901031
-0.302321
-1.855824
-3.898052
-1.902051
0.202332
-0.814393
-0.130329
-1.279009
-0.098853
-1.408772
-2.184160
0.677233
-1.682913
-2.893284
0.648134
-2.278157
1.435869
-2.785187
-1.972121
-0.354229
-5.861522
1.375076
-2.255742
1.874090
0.322871
-4.413532
-3.518684
-2.705022
2.719380
-0.646021
-1.720736
-3.784809
-0.726844
-2.490435
-3.192698
-5.391408
-2.073236
-0.201474
-0.478354
1.055713
-1.302243
-2.502286
0.132968
0.517482
-1.687937
0.497809
-0.511924
0.168076
-1.435782
4.379170
-0.454147
-1.614029
1.510074
0.322803
-2.385144
-2.151606
0.439948
-0.165866
-3.300556
-0.394682
-1.175453
-0.123009
-2.133734
-0.673336
2.371740
2.089917
-0.442323
0.558212
0.260899
-0.760183
-1.624777
1.252211
2.790137
-0.492237
1.560596
1.620881
1.057801
-2.186958
2.548914
0.782727
1.384585
-1.159055
1.430699
2.552190
-0.569845
-1.116104
0.395348
-2.201112
-0.399645
-0.915920
-1.743116
-3.666270
1.561465
0.891729
-2.377092
-1.449221
2.305770
-0.674460
0.905538
-1.197732
-6.093585
1.095647
-2.513648
-2.384617
-1.741975
-0.160487
-1.233811
2.176633
-0.443155
0.689978
1.375294
-0.972695
-1.852854
-0.045314
-0.159970
-0.146030
-1.363688
-0.406456
1.052679
-2.873456
-1.016325
-1.001793
1.267786
0.936051
-1.501267
-0.161436
0.212486
-2.296356
-0.624915
-1.428921
1.229133
0.825210
-2.302452
0.035963
3.534995
-2.556460
-4.360100
-0.832881
-6.732712
-0.007994
1.420199
-0.989487
1.113209
0.008473
-1.749653
-1.649798
-0.884023
-0.513669
-1.563611
0.883190
0.485241
-4.558004
-0.345323
-0.491006
1.761320
-1.685703
0.282338
0.034296
-0.940409
-1.997259
1.737312
0.335748
0.704756
0.526556
-1.111044
-0.885371
-2.539555
-2.706217
0.871449
-2.954911
-0.351436
-0.217053
1.896343
-0.783135
1.152270
-2.589655
1.794904
-1.684806
-1.170393
-1.819644
-2.720210
-5.045246
0.390710
-3.165989
2.442358
-0.553769
-0.832215
-0.285245
-3.003681
0.699427
-0.996519
2.624043
1.666139
2.047346
0.312284
-2.105454
-2.270891
-0.320478
-2.282247
-1.789514
2.015260
-1.361066
-1.945138
-2.228712
-3.790455
-1.590564
-1.627303
-1.188675
-2.999504
-3.777910
-0.958652
-0.561447
-2.579077
-0.378206
-1.652503
-1.002986
0.950474
-0.370746
-1.432615
-1.586739
-2.220876
-1.572504
-2.960801
-0.671028
-1.448674
0.235094
1.261726
0.472959
-2.740406
1.244062
2.158508
-1.256052
-0.321381
1.622574
2.760010
0.777590
-0.492325
0.362197
-2.144895
-1.611671
3.146410
-0.943645
-0.678409
0.511618
-2.569074
0.217319
-2.738194
2.477769
0.285600
-0.880300
-1.577287
-0.051827
-0.346504
-2.961444
0.861274
-2.518723
-0.687404
-0.236461
2.909426
-1.916445
-0.800183
-1.155210
2.952504
-1.343925
-1.965424
-0.277014
-0.145025
-3.615963
-0.809196
0.256690
-0.952587
1.232289
-1.822089
1.316274
-1.901348
-2.322526
1.044319
-0.141420
-1.181987
-2.219754
3.701350
-2.585414
0.314917
-0.594935
-2.242965
-1.405730
0.019772
0.804532
0.244388
-1.300542
0.885814
-0.295484
-2.988105
-0.600229
-1.288066
0.544183
0.413829
0.305090
-1.304673
-0.131813
-3.768537
2.244002
2.157430
-1.871477
1.280910
0.743330
0.224543
-3.991596
-5.874012
-0.533812
-3.081646
-2.239302
-1.040583
-1.384066
-1.365564
-0.741700
-2.124743
-0.339639
-4.349872
-2.285534
-0.489390
3.858685
-0.281882
-0.489777
2.671077
-2.077812
-2.013155
-1.017853
1.795941
1.924348
0.851368
0.994046
-0.194313
-1.871272
1.232053
-2.013734
-2.310396
0.763444
-3.337845
-0.254959
-0.998407
0.572808
0.589324
-1.744293
-2.187659
-1.622543
0.820545
-0.821358
0.256039
-0.312098
0.002065
-2.952309
2.190883
1.328845
-0.550565
1.596833
0.352241
0.092664
-1.098891
0.584333
-0.173200
-2.223695
-2.652744
-1.509372
-1.106753
-1.422393
-0.278871
-1.746629
1.056166
-1.551340
-0.322817
-1.922937
-2.268388
-0.899530
-2.411791
-3.496557
0.879008
1.008182
1.151319
1.359965
-0.596869
-0.545641
-1.775488
2.431360
-2.581391
-1.735820
-1.698293
0.472480
-2.850907
-0.871725
0.172717
-1.809047
-0.948229
-0.333309
-1.692336
-3.802467
-1.066441
3.568513
-1.899107
0.062585
-1.211902
0.214838
-3.407460
-2.211618
0.165864
-2.028473
0.107700
-3.318834
-1.674775
0.360421
0.522947
-4.127271
-0.244001
2.358073
0.668738
-2.088875
0.158519
0.011010
-1.249981
3.477726
-5.854746
0.013425
-3.177666
0.234988
-1.443985
1.233378
-2.597650
-2.604319
-0.906513
-3.538163
0.477394
-1.176110
-1.076700
-1.213354
0.184211
-0.512844
-1.049329
-1.531500
-2.173282
-2.539800
-1.585928
0.341890
0.296303
1.389144
-2.792200
-1.693817
-0.825440
-0.335225
-1.032610
-0.934553
1.100239
-1.194354
-1.606150
1.681562
0.289604
0.203771
-0.768776
-1.200094
-4.827052
-1.691607
0.850576
-4.940202
-2.311035
-2.716914
-0.407596
0.341710
-0.598156
0.307024
0.339549
-0.584524
-0.003944
2.121048
-1.103580
0.701089
1.116081
-3.508970
-1.590735
-1.523569
1.356456
0.823641
-2.900921
-2.233462
-2.315221
-2.627904
1.316152
-0.140465
-0.392361
0.814753
-2.956018
-2.788715
-3.641868
-0.683515
-2.753173
-2.230618
-1.615235
-0.695143
-0.273668
-2.105396
0.977825
-2.401595
-1.319060
-1.241049
-0.696034
-0.838604
-2.546190
-0.292548
1.795323
0.708510
-3.836065
1.392312
-0.714776
-0.081324
-2.885725
-2.397871
-1.386645
-0.531110
-3.305505
-0.859513
-0.646738
-0.446743
-0.016958
-2.163301
0.227630
-2.957451
-1.576270
2.022517
-0.141333
-3.625602
0.556397
-3.057015
1.767493
-2.696761
-0.735481
-1.862331
1.576953
-2.773916
-2.193313
-2.527673
-1.027837
-1.414187
-2.581509
-0.063221
-1.356990
0.614274
-1.016242
-1.086027
-0.424048
-0.916821
1.579507
-0.787779
-0.509225
-2.255603
0.520423
-2.088650
0.705324
-1.796907
-3.134570
-0.050530
-0.516734
1.412225
0.730293
-1.953815
1.699750
-4.627738
-0.905567
-2.051492
-1.618106
-1.193090
-2.114230
0.607290
-0.447697
0.065199
-0.200104
-1.226517
-1.961792
-1.933803
-1.019079
-2.381963
-2.904077
1.841287
-1.830018
0.921196
-2.346740
0.607105
-4.306073
2.041951
-0.615312
-0.145333
-1.127837
0.098843
-2.239956
-0.780771
-0.385102
-2.200010
1.370484
-0.794747
2.927569
-1.019886
-3.516183
0.545292
0.326810
1.568064
-1.772840
-1.964452
-0.278106
-1.343458
-0.116145
-1.568901
-1.047036
-5.028167
1.485234
-3.131241
0.118327
-1.334443
0.900030
1.603884
-1.293548
-1.516484
-2.863631
-0.735037
-1.292683
0.430965
-2.969733
-2.575206
-1.829763
-2.359219
-2.575768
-2.967308
-0.714009
0.416864
-1.229508
-0.550891
-1.608844
-1.583582
0.156509
-3.077460
-0.142228
-1.277251
0.284294
-0.554594
0.631987
0.673785
-3.785275
-0.101198
-4.337762
1.326598
-3.091624
-1.193456
-0.990970
-2.341568
-3.650290
-0.508286
-0.418027
-0.729443
-1.675658
-0.817916
0.174427
-1.203363
-1.338787
-1.836922
-1.022560
2.946320
-0.825909
0.423121
-1.041282
-4.297231
-0.456376
0.240592
-6.226957
2.508939
1.833184
0.294748
-0.374596
-0.715967
1.689088
-1.587794
-3.171578
-0.380102
1.033057
-1.059626
-1.843791
-3.078495
-3.112623
0.459084
-2.008731
-0.734797
-2.760205
-2.023896
-1.428863
-0.735306
1.698536
-0.337851
0.359535
-0.291189
-2.525231
0.237765
-5.418232
-1.066033
-1.796997
-0.585629
1.444071
0.563389
2.464416
-1.467698
1.912719
-1.330031
-2.154741
-3.514564
-1.156921
-0.067359
-0.150592
-1.119260
-0.670207
-2.293609
-2.566991
0.527778
-2.960825
-0.833675
0.727409
-1.096029
0.578212
-0.109497
0.336266
-4.381067
0.154293
1.036122
-0.851340
0.176035
0.528853
-0.067764
-4.203300
-1.298608
1.499050
0.661163
0.616584
-0.928271
-0.654964
-0.556454
-1.559147
0.059687
-1.516955
-1.742506
-1.025757
-2.529984
-2.777898
1.155983
-2.003813
-2.245333
-0.033496
-0.624796
-1.286515
1.283197
0.482681
0.908998
-2.485158
-0.282660
-1.789543
-1.616855
-1.462978
0.233610
-1.626038
-0.811241
-5.271981
-2.920148
0.754787
-2.998405
1.582278
-1.588761
0.784781
-2.139161
-1.264767
0.733853
-0.462754
0.313632
1.138316
0.448809
-1.333414
0.536900
-2.807696
-2.233190
-0.663074
1.059058
0.770907
-0.271532
0.346781
-0.469375
1.140904
-1.387912
0.164586
-1.800628
-1.566103
-0.984401
-0.962735
1.446063
-2.327848
-6.771052
-0.857413
1.283757
-0.624160
-0.183342
-2.071805
-2.747495
-3.010831
-3.329644
-3.185775
-1.496461
-0.246670
-1.065864
-2.358797
-1.054406
0.948823
-0.093869
-1.558467
1.940426
-0.385080
1.492368
-1.647433
2.035274
-1.131608
-1.631253
-2.625707
-2.500687
-3.236691
-0.606896
1.569094
-2.130337
-2.782835
-1.630409
-4.151715
-1.794724
-0.471850
0.286170
-1.552727
-2.563966
-0.381762
-2.593875
-0.740160
-3.931265
-0.731413
-0.791188
1.259500
0.464373
-3.213459
-1.787985
-0.115510
-0.275054
-0.417682
-0.955847
-0.661217
-2.686276
-0.961802
-1.553981
0.806273
-0.667102
-1.858658
-1.824256
-0.788149
0.159071
0.262133
-3.275354
-2.042225
1.007938
-2.606583
-2.187536
0.845817
2.919143
2.084346
1.692264
-1.984715
2.075789
-0.433956
-2.281594
-2.379520
1.093757
-1.784468
-0.263744
-0.178141
-3.019846
-1.812319
-2.256426
-0.922952
-0.822670
0.513062
0.764776
-3.247718
-4.608135
-0.509062
-3.254082
-0.195156
2.112915
-2.262370
-1.880891
-0.467262
0.671671
1.095187
-2.824536
-2.425843
1.073339
3.249617
-1.392947
-1.442146
-0.589010
-0.491118
-1.337695
0.693439
-1.093813
-0.538007
-0.771658
-0.558537
0.419962
1.185015
-3.178238
-0.777587
-1.095361
-2.324631
-0.150601
-1.391192
-0.715872
-2.282222
-0.112663
-4.799845
-1.155458
-2.334681
0.990604
0.850057
-1.964728
1.042323
-0.617545
-2.366796
0.924340
5.035353
-2.729271
2.000648
0.043530
-1.050844
-2.594709
-1.965424
-1.341524
1.531647
2.604041
-0.159765
0.943632
0.361615
-1.452538
-2.246323
-2.026551
-0.977548
0.438195
-1.332305
-0.395941
1.854741
-4.593553
-1.046953
0.554161
2.459239
-1.081992
-2.203449
-2.126384
-1.508586
-0.657553
-0.315678
0.292318
-2.394738
0.836397
2.917684
-1.162424
-0.018837
-0.771793
1.844130
-0.376547
-0.098503
0.884404
-3.048687
0.418008
2.990040
-0.642140
0.875487
0.554178
-1.908613
-0.059055
-0.779221
0.311337
-1.910501
-3.721792
-1.913239
-3.431519
-0.428220
-2.311008
2.598339
-2.378755
-2.825345
-1.832252
-2.074063
1.302792
0.089622
-0.184161
-2.387745
2.351922
-2.693959
-1.987733
-0.433405
-3.145526
-1.069151
0.933864
-0.109682
-2.036989
-2.531758
1.256703
-3.389923
-0.623953
-0.805315
0.374827
-3.154327
-1.758556
1.796454
-2.666028
-2.121834
-2.236649
0.015158
-0.117189
-0.030915
1.488648
-0.083146
-1.462161
0.043966
0.114815
-0.663951
-1.067085
-2.925935
-0.140953
-3.563352
0.768372
0.880326
-2.084553
-0.622251
-2.141503
-0.144549
-1.746614
-0.119952
-3.565770
-0.283865
-3.630275
-2.304235
0.060643
-0.095205
-2.512535
-3.292594
1.328716
-0.149447
-0.512170
0.413231
-2.898575
-3.601189
0.386259
-0.889686
0.965637
-3.344322
-3.290206
-3.848703
1.456181
2.014973
0.967888
-3.249464
0.301359
1.027155
-1.469871
-1.886173
0.488605
1.888722
1.076099
-2.099425
-0.660067
-2.718222
-2.390109
0.258037
2.638140
-1.813741
-1.063978
-2.100957
1.095890
-1.116900
-0.567958
-0.934621
-2.312230
-1.426630
0.893075
0.796368
-1.905999
0.314019
-0.764476
0.114823
-2.531541
-1.564067
-1.769567
-1.275977
-1.705465
-1.854397
-1.006274
0.603926
-1.523894
0.792929
2.337962
0.487060
-3.586567
-1.284849
1.783976
-1.266161
-0.905317
-1.599339
-0.885151
-1.317938
-0.384984
-3.569762
0.054957
-2.134400
-1.155647
0.434897
-0.868795
-2.704911
-3.274329
0.003836
-1.400236
0.052024
0.301701
-1.812728
1.446752
0.751745
-2.753593
-2.026129
-2.215293
0.675587
0.742038
-0.042015
-0.400120
-1.618318
-1.539335
-0.326233
-0.005206
-2.539149
-0.938617
-1.964705
-4.849266
-2.076558
-2.052546
1.574791
1.108318
1.440804
1.240208
-1.473929
0.086847
0.020227
-2.055955
0.803665
-2.725588
-0.821765
-1.804654
1.026784
-0.258777
-0.287706
1.234175
-3.787417
-4.620748
1.077003
0.135065
1.204663
-0.604150
-2.040723
0.309074
-3.477943
1.794850
-2.547977
0.552486
-1.031186
-3.351660
-1.188906
-2.493757
2.537755
0.088348
1.007053
-0.922468
3.084836
0.108891
-0.483775
-1.038059
0.159267
-1.362873
2.793931
-0.348608
-4.129638
0.573922
-0.705331
-2.624110
0.106358
2.590295
-1.339823
-0.966440
-0.572012
-1.251762
-1.724745
-0.269295
-2.425389
3.547552
-2.242789
3.789794
-0.748744
1.052301
-2.715362
-2.447418
-0.577661
-0.565781
-1.862611
-2.531692
-1.381230
-1.065866
-2.080135
-2.287171
-1.566883
1.516051
0.157027
-0.115230
1.351029
0.871550
-1.245110
-2.118412
-3.518317
-2.038736
-1.833038
0.472813
-0.003123
-1.889524
-2.513024
0.643869
-2.203207
-3.640501
2.156745
-2.804500
0.357450
1.275360
-1.247203
-0.012867
-0.812638
-1.312003
-0.413792
1.294960
3.675309
-2.069966
-1.025365
-1.338698
-1.490657
0.114548
-0.818667
-3.038828
1.038647
-0.776869
-1.084506
-2.089631
-0.930437
1.685272
-0.279619
-1.479177
0.040637
-1.284675
-0.166643
-1.943162
1.128278
-0.696204
-1.363014
-0.297180
-2.260180
0.888967
-1.861940
-1.676193
-0.837947
0.583240
-0.918594
-0.457018
0.334322
-2.626509
-3.814786
0.251233
-3.703576
1.179857
1.072435
-0.312525
-0.668043
-0.646515
-1.913887
-3.387153
-1.586438
-1.562571
1.265032
-1.387410
-0.556255
-0.753289
-3.591092
1.548550
0.972645
-0.176304
1.001898
-0.618314
-3.195858
-0.973052
-1.079282
-0.559984
-0.772401
-1.400948
-0.304531
-1.076427
0.835911
0.652248
1.166822
-1.327371
-0.821546
1.427734
-2.245891
-0.649894
-3.172644
-0.506538
2.493395
-0.514887
-1.988387
-0.452791
-1.188358
-1.030996
-1.018027
2.170579
0.205348
-1.020128
-2.034751
-3.221901
2.501994
0.547396
-2.617652
0.757641
-3.675558
-1.081279
-2.101061
1.285347
1.609639
-2.248257
-0.509613
-2.904198
-7.296597
-1.054143
-1.642965
1.703518
-0.347794
0.010117
-4.158384
-0.838011
0.555225
1.360610
-2.282045
-3.607255
-0.188327
-1.230259
-2.112266
-0.375602
-2.623353
0.329860
-1.913697
0.209901
-0.030736
-0.130881
1.295484
0.989620
0.514758
-1.571899
0.705131
-2.276422
-2.741769
1.061602
1.464639
-1.407048
-2.554049
0.646100
2.769131
0.200889
0.058294
0.197697
-2.070198
-0.788829
-3.897238
-2.188538
-1.005229
0.324927
-1.478044
-1.189044
-1.031924
-1.632893
2.799834
2.341296
-0.284611
-1.457685
-2.717712
-2.548946
-4.271843
-0.348179
3.109746
-2.013475
0.373509
0.666203
-2.578393
2.157998
-2.653735
0.068865
-0.145448
2.271503
0.045790
-2.494995
-1.590749
-1.384230
-2.494222
1.119552
-2.215381
-0.669042
-1.512211
-1.633760
1.874603
-1.135317
-0.093126
-1.676965
-2.248507
1.936755
0.993678
-1.425725
-3.199433
2.881840
-0.170033
0.587056
0.957865
3.385887
0.041037
0.692305
0.032613
0.472710
-3.262076
-1.296921
-1.451014
-0.392093
-0.550635
-1.502189
-2.508295
-2.103873
0.116297
-0.053465
-0.891518
-0.004781
-0.677958
0.150406
-1.133700
0.667561
-1.290690
-0.993965
-0.277840
1.289973
-2.662488
-0.063984
-1.990040
-0.109131
-1.298875
-1.623110
0.716322
-3.460888
0.140083
-1.285581
0.811467
-0.541463
-0.287805
-0.993895
-2.569205
-1.464471
-2.357764
-2.022241
-1.457195
-0.721781
1.786726
-2.460019
1.183678
2.154679
0.369640
1.324443
-2.787612
-0.484601
-1.238951
-1.759064
-0.350506
-2.615068
0.320646
-1.818494
-0.796686
-1.478674
0.193478
0.100318
0.458290
1.809087
-3.098582
0.445120
-1.060868
-1.627173
0.836911
0.270589
-1.404114
0.319473
-1.195564
0.687843
-0.719131
-2.172285
-0.901097
1.450449
1.229657
-0.935835
-0.848456
0.005108
0.682196
-0.607439
0.954698
0.301057
0.839497
0.476803
0.083850
-2.051368
1.879433
0.229804
1.079319
-0.786852
0.349806
-1.237637
-0.186628
-0.367121
-1.545454
-2.341074
1.814268
-0.957353
-2.274261
-0.884712
3.379878
-0.307052
-0.790055
-1.872936
-2.083043
-0.191379
-0.277463
1.086566
1.105845
2.879736
-0.824179
-3.044382
1.960702
-1.081927
-1.864636
-1.619498
-2.133665
2.710888
-0.696773
-2.153005
2.534930
-1.037449
0.199237
1.566381
-3.053856
-2.301512
0.871298
-0.073652
-1.125884
-0.690854
-0.462976
-1.484195
-0.295164
-0.747586
-2.050018
-1.952161
-1.186269
-0.394547
0.753871
-1.418723
-0.224533
-0.243133
-3.339726
2.878836
-0.223684
-0.743560
-1.931297
-1.651076
0.962123
-3.639240
0.020490
-0.166862
-0.272620
-1.166484
-2.405392
0.021464
-2.843348
-2.464860
-3.076073
-2.292292
-1.131459
-1.656615
-2.335225
1.311688
-3.428957
-1.214569
-3.251533
-2.655307
-1.941611
-4.116704
-1.857962
-1.957109
0.093096
-0.098505
-2.024599
1.777998
-1.654212
-2.990656
-3.326162
-2.488588
-0.708289
-1.592596
-1.051828
-1.313993
-1.338573
0.398546
-0.950971
-1.681108
-2.330001
-2.144874
-1.817913
-2.326959
-0.715373
-1.067684
-1.457789
-0.289776
-3.880094
0.392018
-0.822053
-0.877694
-0.756949
-0.013374
1.293055
0.771660
-1.591828
-1.518321
1.814406
1.617039
-0.989882
-2.738958
-1.496501
1.975124
-0.475649
1.962386
-1.949805
2.010784
-2.137008
3.221855
-1.320336
0.150003
0.153639
1.340772
0.212333
-0.859360
-2.812001
-1.293914
-1.188501
-1.608738
0.756417
-3.351856
1.370950
-4.449708
4.556940
-2.670860
1.844131
-1.996858
-0.865980
-0.270317
-3.128655
-0.158753
-4.107108
-1.080689
-1.557384
-3.044831
2.124014
-2.660302
-2.509863
-2.981289
-3.552834
-1.566100
0.530622
-2.612840
1.481891
-0.966399
-2.377769
-0.057230
-0.445332
-0.653229
-0.958623
-3.774685
-0.333913
-2.123115
-0.647787
-1.272409
-1.604840
-2.151673
-2.104039
-1.744185
-2.022167
-1.484815
0.389825
-1.420932
0.330139
-1.732599
-0.774955
2.418281
0.785069
0.230354
4.654643
0.120253
0.261785
-1.106785
-4.007156
0.535429
-1.029626
-0.856320
-1.349453
-3.554673
-1.535279
-0.673032
-1.898821
2.224020
-0.157006
-1.903062
-3.655715
1.636120
0.606609
-0.761495
-1.692767
-2.157675
2.227194
0.106600
-2.182016
-1.467963
1.621157
-1.191541
1.404658
0.328780
-0.470294
-2.928790
-1.708946
-0.504550
-4.179788
-0.581332
-0.731711
-1.811026
2.142754
-1.482667
-4.065688
1.673923
-1.489640
-0.400829
0.084615
0.556697
-2.895390
-1.958306
-0.408271
0.692629
-1.892639
-1.488569
-2.708470
6.426844
0.492688
-3.272317
1.214668
-2.373076
3.296199
-0.091315
1.381346
-1.490986
0.507160
-1.353836
0.060964
-0.347312
-1.369346
-1.519696
-0.620026
-0.201759
1.641473
-0.073187
1.967632
2.344008
0.649839
0.502412
-0.007011
0.053554
-1.411270
0.809737
-0.995065
-1.744294
3.920881
-0.397416
-2.439146
-0.139263
0.188342
1.010360
1.020593
1.726114
-2.154048
1.018849
-0.201430
-1.216042
-2.968131
-1.524963
2.436139
5.202881
-3.501078
-0.003717
-2.103169
0.765484
-2.497808
-2.560638
-1.558025
-2.071309
-3.665915
-0.676544
-0.222584
0.374883
-4.129098
0.422886
1.123037
-0.197749
-2.237001
-1.974579
-1.757743
-0.475027
-1.045763
0.741708
0.386495
0.221967
0.582381
0.347862
-3.043393
1.018777
-0.441307
-0.015782
1.312912
-1.315053
-2.632391
-4.151423
-0.665802
-0.566934
-0.476910
2.529438
-0.135491
-1.818398
-1.774130
-3.905643
3.990484
-2.233483
-1.059616
-0.434278
-2.370895
-2.086239
-0.370780
-2.164176
0.741115
-1.330009
-0.364379
-2.544450
-0.717150
0.252975
-0.471790
-1.283835
-0.535304
2.991312
-0.363416
-2.592294
-0.765649
-0.163636
-2.069995
-2.902574
-0.315524
-1.483079
-2.040369
-0.881748
-2.345554
-0.017781
0.121945
-1.689504
2.390902
-1.434488
0.958998
0.103141
-0.418439
-1.647663
-0.778621
2.396484
0.011474
-1.541776
0.744430
-2.142575
-0.101476
-2.340009
-0.205833
-2.721504
-1.559994
-0.805886
-3.717362
-1.558325
-0.804277
-1.715486
-1.495782
-2.084307
-2.321616
-1.215011
1.563720
-1.934798
-1.315681
-2.939104
0.275963
-1.855896
1.796097
-1.492852
-0.994156
-0.309926
-1.354921
-1.080013
-0.527651
-1.338477
1.232410
0.022038
-1.335064
-2.453290
-2.220551
-0.263513
-2.923693
-1.102334
-0.520627
1.093669
-2.782747
0.525142
-1.673763
-0.297125
0.568166
-1.462783
0.010447
-1.405957
-0.921747
-0.028156
1.754562
1.633822
-0.890243
-1.451043
0.043740
-4.305489
-2.930876
-0.005312
-0.555283
-1.487142
-1.308509
3.839904
-1.255250
-0.667625
0.613143
-0.133587
-1.660631
-0.494738
-1.893217
-0.921507
-1.947004
-1.276091
1.980391
-0.334478
0.353356
-1.395871
-0.928143
1.169017
4.689021
-2.443488
-0.433017
-1.664572
-1.042850
0.878134
0.022978
-1.729591
-0.598246
0.578143
0.923560
-2.251276
-1.873667
-1.773224
-3.957148
0.622860
0.905145
-1.471043
-0.118937
-0.336168
-0.935082
-1.928101
0.663220
-1.549485
0.124940
4.134390
1.196647
-2.433435
-2.344666
-0.619842
-1.809058
1.283117
1.475837
3.339282
-0.002447
-2.160806
-1.359520
-1.025923
-2.135356
-2.950664
-0.317051
-1.088105
1.289096
0.100682
-1.941874
-1.596445
1.842819
1.499870
-0.178028
-2.438219
0.408276
0.154139
2.499078
0.380440
-3.312111
0.993962
-2.155187
-0.519119
-1.364998
-2.322407
0.650771
-2.412491
-0.003989
0.187459
0.119860
-3.347950
-0.139247
1.034605
-0.796034
0.467997
-0.990666
2.007267
-1.110828
-1.274781
-2.912612
0.176763
0.136157
0.137076
-1.872698
-1.580117
-0.477570
-1.631890
-1.653556
-1.606198
-3.274563
-0.014437
-0.617488
-1.992895
-1.293661
2.275311
-2.914844
-1.145245
-3.126813
-1.533519
-1.628443
-1.850011
-1.243231
-0.966744
-2.120218
-3.094126
-0.137014
0.195227
0.272061
0.045516
0.807915
1.711016
0.959187
-2.926271
-2.141059
-0.006103
0.073573
-0.170287
-2.540273
0.899586
0.978393
0.003781
-0.669125
-0.160029
0.344333
-1.737719
-0.776556
-1.018905
-3.337255
0.394968
1.131069
-2.587640
-4.189974
0.439963
0.226460
-2.740255
-1.083623
-1.951994
-2.059240
1.151228
2.031933
0.634693
0.674393
-1.413374
0.064690
-1.869999
-0.536982
-0.685673
-0.297952
1.225542
-2.531589
-1.929069
-2.918565
-1.410442
0.279900
-3.017245
1.677847
-2.808353
0.940730
4.246534
-1.201458
-1.344882
-1.841690
-0.767929
-2.175495
-3.045517
-0.104001
-0.778521
0.192024
-0.471038
-2.343729
-3.012071
-0.060151
1.128471
-1.623740
-0.421401
-2.094901
-0.433687
-2.279778
-1.153488
1.680991
0.534121
2.469858
0.193954
-0.575613
-1.893126
0.403172
0.291921
0.597323
-0.585482
0.363724
-1.507581
-0.560756
-0.832915
-3.375539
-1.639872
-2.241578
-0.917994
-0.476204
-1.512620
0.455894
-1.730016
1.635719
-0.090710
0.044156
1.759282
2.799211
-1.639378
1.680865
-3.144577
-2.083290
1.794659
-1.085988
-0.918535
-1.347587
2.765278
-2.266443
1.369984
-1.013293
0.206585
-0.078700
1.381543
0.412831
-2.609105
-1.092800
-1.205724
-0.731435
-0.727835
-0.063226
-1.200091
3.100164
-1.567637
1.465823
2.241278
1.242882
-0.600716
-1.300479
-2.629633
0.152884
-0.531560
-0.093909
1.534760
-1.855209
-2.244784
-0.994513
-0.655008
1.619542
-0.465109
-0.757026
-4.072541
-1.657827
-3.379249
-0.578759
-1.639350
-0.853443
-0.063834
1.106880
-0.603824
-0.511172
-0.295159
-2.911334
-2.669257
-1.255141
0.184419
0.217546
-0.095586
0.690997
0.099272
-2.909138
-1.960062
-2.410262
-1.311206
-0.879735
-2.727187
-3.015784
-1.996843
-1.127663
-1.012015
-0.168878
-0.849716
-1.681702
-1.370371
-1.146221
0.314089
1.027116
2.435919
-3.657654
1.479717
-0.192064
-0.925402
-0.921606
0.122869
-0.334052
-0.885153
0.572874
-3.463974
-2.191452
2.240894
-0.608697
0.191047
-0.267593
-3.324211
-0.465403
-0.486017
0.113047
-0.469511
1.280167
-0.562762
-1.842054
-0.695729
-1.048327
-3.422787
-0.557963
-0.558504
-1.874923
0.895650
-0.500946
-0.560979
-1.360269
-1.497369
-0.642859
-1.336199
-0.035728
0.086621
0.083046
2.486922
1.425404
-2.063651
-2.205226
-0.000091
-2.395708
1.257476
0.175466
-1.875306
-1.972182
-2.580137
-2.758794
-0.089076
0.727914
1.604481
-1.315917
-0.296199
-1.940189
0.594282
-1.322819
-0.424238
-2.000954
-2.809311
-2.295660
-0.198101
-1.455991
-1.332007
-2.806837
1.743000
-1.356087
-2.599198
-2.330579
-1.700918
-1.545119
1.231546
-0.336928
1.861214
-3.408572
0.416508
-2.451457
-1.630597
0.519529
0.672366
-0.595541
1.756466
-0.062681
-0.726706
5.152331
-1.168564
-1.909149
0.012659
0.027345
-0.755075
1.261503
-1.759577
-0.476287
-3.500385
-2.848996
-1.227920
-1.829622
0.536466
-3.502010
-0.866025
1.717735
-0.209613
-2.757929
-1.360612
-1.146855
0.664966
-3.703349
1.513677
-1.095940
0.667153
0.879104
-4.761972
-2.436866
-0.060003
-2.252135
-1.632241
-2.677727
-0.628794
-1.176721
-1.212162
0.326408
0.537214
-3.127400
0.715643
-3.188718
-1.305984
-3.746115
-2.869760
0.812829
-2.780593
-1.836793
-0.618696
-2.324382
-2.732780
-3.213130
-1.292210
-1.332136
-2.332812
-1.999091
-2.126946
0.009913
-2.286613
-0.662899
-2.731300
-0.814164
-1.844614
-1.981802
-0.751118
0.239981
-1.523537
-1.642244
0.323047
-4.384339
-2.020005
0.270680
-1.123902
-1.229284
-2.045180
-2.424095
1.820307
-2.312462
-1.227558
-0.873131
-1.683289
-0.635566
-1.456464
-1.318946
-3.211064
0.043304
-2.174688
-0.053658
-2.949104
0.368670
-0.925995
0.518865
-0.650776
0.639048
-1.132770
-0.214852
-1.296353
-3.297232
3.176667
1.029902
-2.001421
-3.041881
-0.112394
-0.517743
1.133212
-1.796343
-1.021720
-1.737189
-1.106481
-0.098368
-3.052302
1.582094
1.492984
-1.494388
1.113899
-2.453986
0.327463
-1.223409
-1.597115
0.742213
1.517095
0.319518
-1.043608
-2.012098
-3.149258
-0.704844
-2.429297
0.757120
-1.495809
-2.508604
-2.101059
-1.839553
-3.991031
-1.079044
-1.519212
-3.186461
-4.799935
0.173320
-4.177643
-1.142318
-0.569259
-2.264327
-0.936158
-1.742815
-1.520577
-1.036157
-1.249135
0.314319
-2.178452
1.752866
-1.527082
3.623143
-3.281977
-1.455264
-1.361513
-0.273766
0.570805
0.264550
-1.335259
-1.636386
-1.182890
-3.299631
-1.236102
-1.027656
-1.626075
-1.324946
-1.534385
-0.132205
-0.493982
0.784743
-0.865733
-1.988226
-2.655891
-0.340519
-0.896657
0.717024
-0.051403
-0.912466
2.319367
-3.085225
-2.226928
-0.469010
0.554882
-0.612236
-0.968669
-2.706051
1.223333
-0.904095
0.071781
-0.833204
-0.092969
-4.699195
-1.448144
2.501063
1.001019
-1.351892
-0.411776
-2.380411
0.387556
-4.698272
0.919356
-2.422130
-1.794426
-2.404410
-0.218645
0.364835
-1.593838
-0.707220
-0.357544
-0.777296
-1.477260
0.093843
-0.585891
-2.171572
1.179809
-0.128013
-1.116920
-2.978871
-1.983743
-3.758718
-0.909156
-1.879848
2.451257
-2.232332
0.806322
-0.111225
-2.478680
1.623469
-0.005833
-3.342936
-3.792871
-0.471152
-2.590839
-3.250836
-0.624098
-3.282892
-0.548791
-0.638419
-0.519632
1.104079
1.238537
-1.831906
-2.259322
1.159199
-0.431343
-1.043469
0.248941
-3.837851
3.626282
1.240747
-2.322237
-3.358197
-1.779631
-1.969109
0.876479
1.318170
-1.551018
0.770856
0.096654
-0.363589
-1.673409
0.930447
3.311470
-1.332729
0.635636
-2.343923
-0.399489
-0.651764
-3.701581
1.920035
-0.983130
0.163798
-2.884182
-2.391210
-1.958671
1.116578
-2.697534
0.844897
0.197152
0.017799
-0.812618
-0.435703
-1.771164
-2.092529
-2.660936
-1.248163
-3.521531
-0.342744
-2.291826
-1.150784
-1.412084
-3.755478
-4.924926
-1.271085
-0.965917
1.055575
-4.788341
2.291824
-1.981132
0.573904
1.499786
0.727385
-0.593342
-0.515608
-2.676302
0.337155
-0.181577
-1.405469
-1.209345
1.254566
-1.114341
-0.781693
-1.553324
-1.429240
1.078206
-2.016462
0.704975
-0.014260
1.561028
-0.835886
-0.966982
2.522073
-0.208875
-3.119264
-3.767422
0.359765
0.445862
0.871417
-0.099103
1.349132
0.864616
-0.348831
0.227985
-1.219287
-1.183081
-2.551780
-2.810558
-2.207588
1.303266
-0.857194
-2.646513
0.484043
-1.089161
-1.802710
0.184331
-3.048420
-2.165312
1.747000
-2.995423
-1.109786
-0.843731
-2.821712
-1.961805
-2.784330
1.812471
-0.120603
0.054112
-2.851048
0.108229
-1.085160
-0.748692
-2.304560
2.491053
-0.973677
-0.354386
-0.029707
-2.146422
-1.681549
-2.501689
-1.912323
-1.182433
1.233035
1.328168
-0.880578
-2.693450
-0.377617
-0.548503
-0.792752
1.010221
-0.332218
-1.479148
1.808730
-0.465968
-0.364068
-0.190030
0.026197
-1.283454
1.831237
1.976107
-1.193161
-0.051415
-0.830992
-2.747693
-2.039844
-2.032219
-1.263962
-1.501478
-2.338434
-4.269753
0.339273
1.044984
-2.055408
0.609471
1.767234
-0.538106
-1.499676
-0.582956
-2.069442
-1.484473
-0.228452
-1.082693
0.946265
2.687777
-1.537996
-0.087999
-0.765396
-1.299230
-1.491033
-0.155156
0.004068
-1.115493
-1.636002
-2.144371
-3.284581
-1.580245
1.511578
-0.675025
-5.651706
0.011408
-0.873845
-2.621076
-1.019093
-1.712907
0.180259
-0.484316
-0.787882
-1.028427
0.349810
-0.875726
-1.176867
-0.661868
-2.867742
-0.586556
-3.660887
-1.290494
-2.249604
-2.697606
-3.842923
-1.100834
-2.239963
-0.600435
-2.426076
0.783135
1.604676
-0.434717
-0.456520
-2.863357
-3.350902
-1.185379
0.338435
-3.290876
-1.633504
-1.028274
-0.317673
-0.456711
-0.231353
0.506418
0.368112
-0.807619
1.394658
-1.748974
-1.614338
1.798496
-2.826332
-2.320073
-2.282046
0.664064
-1.971348
-1.653099
-3.752799
-0.727822
-0.948339
-3.018012
-2.491275
-1.626541
-1.834893
-0.071963
1.003342
2.599375
-2.062001
0.120587
-2.509852
0.184440
-2.215828
0.093168
0.464466
-1.825644
-1.180953
3.007249
-0.691641
-1.345486
-0.236355
-2.177379
-1.891602
1.281862
-1.489868
-0.858325
-2.042924
0.065520
-1.385421
0.590764
-0.767215
-2.323522
-1.014678
-2.141748
-2.065469
1.287330
-1.763272
-1.618969
-1.534103
-0.180224
-0.390484
-1.595892
-0.834035
-1.908955
-1.663445
-0.252774
2.031486
-2.724218
-1.834113
-0.710339
-0.277517
-0.332887
-2.544133
-1.398997
-1.628942
-1.838283
1.768105
-1.668548
0.863231
-0.981701
-0.677685
0.311216
-2.759279
2.603112
-0.352831
0.273850
0.651039
-2.761923
0.944661
1.920760
-2.252049
-1.158960
3.958585
-1.262960
-3.933228
-0.237625
0.130136
-2.334190
-0.246068
-2.000407
-1.456276
-1.604016
-2.338486
-2.214352
-0.813114
0.785749
-1.595815
-1.404280
-2.058449
1.724834
-2.490518
-1.247229
-3.271422
-2.019460
-2.681769
0.374468
-0.772071
0.207261
0.120582
0.501016
-2.046462
0.028826
-0.959684
1.271004
2.532354
-0.178889
-3.553158
-0.930851
-2.167134
-0.693123
-0.702766
-1.116339
-1.903393
1.550766
1.836809
-1.786259
-2.213102
-2.412777
-1.455491
0.691565
2.387256
-2.165062
0.412096
-0.195612
-2.608028
-1.701331
-0.120286
2.763320
-2.500152
1.729182
-2.643475
-2.473262
-0.942712
-0.492380
-0.148994
-0.211177
-0.955535
-1.297799
-0.960042
-0.216312
-1.735900
-2.813757
-1.274355
-1.754011
1.207991
-2.472758
-1.300987
-2.102191
-3.174533
-0.502670
0.190161
1.120082
-0.228042
0.114292
-0.528792
-0.210508
-1.272146
-0.990382
-1.547360
2.119712
-2.030065
-0.890985
1.019225
0.841914
-2.500504
-0.948794
-1.707112
1.135601
0.078670
-3.682038
-1.232380
-0.371388
1.689374
-1.336626
-3.588402
0.715219
-0.077426
-2.226500
-1.331809
-2.514689
1.566100
0.116699
-1.466103
-3.702291
-1.116584
-0.399877
-2.360857
-1.446035
-2.355659
-1.650203
-1.275048
-0.885045
-3.119174
-2.770228
4.690498
-0.934505
-0.149378
-2.175980
-2.642215
-5.104951
-3.419458
1.057174
-1.412879
1.597407
-0.026428
-1.784341
-1.508268
-3.086082
-3.551749
-0.255631
-0.784010
1.241868
-2.659312
-3.307848
-1.617383
-1.321121
-1.383753
-2.948175
2.216027
-0.660182
1.475509
-0.241368
-1.911203
-1.834381
-0.560303
-0.772356
2.178233
-1.475466
-1.509702
-0.546134
-1.808302
-1.923870
-1.545218
0.790596
-1.221260
-0.253676
0.363191
0.675166
0.134739
-0.352707
-0.603272
-2.069284
-2.519877
-2.298850
-3.134274
-0.917390
-0.490404
2.788847
-1.501926
-5.378936
-1.562382
-2.478755
-0.065988
1.513618
-0.635818
-2.199496
-1.434938
1.908003
-2.509218
-2.085639
0.511175
-3.612774
-2.416591
-3.181223
-1.890359
-0.562481
-0.749012
-1.180113
3.457885
-1.696418
-0.633314
-1.215152
-0.330997
-1.693876
-0.473446
-1.017285
-1.559233
-2.187757
-0.451916
-4.262501
-1.145330
0.043101
1.568800
-1.145558
-0.615859
1.119450
1.277536
0.975441
1.037667
-2.016120
-0.401189
1.220954
-4.438966
-1.636254
3.446464
-1.119766
-0.692815
-1.163674
-0.538442
-1.945697
-2.238016
-0.651153
-1.277479
2.702776
-1.435472
-0.761122
-2.627938
-0.192250
-0.337557
1.589983
0.678839
1.047801
1.126321
-2.463362
-1.929505
2.602618
-1.174458
-0.483422
1.752843
0.310681
-0.831080
1.872177
0.541702
-3.057342
-0.031076
0.373973
0.011538
-1.579951
1.734756
1.593323
-2.597131
0.347506
-1.225875
2.628519
-0.764888
0.907270
-2.152369
1.321112
-0.599027
-1.911851
-0.121434
0.240721
-2.242008
-2.836572
1.665330
-2.221946
-1.751242
1.907306
-2.750609
-2.796478
0.449283
-1.844386
-1.548908
-0.429804
-1.905080
-0.690917
-1.771265
-0.141080
-0.792633
-2.490252
0.497550
3.394279
-0.400400
-1.725596
-0.593923
-0.583195
-4.201740
0.267918
-3.007620
-1.616058
-1.314515
1.076779
-1.086076
-0.986229
-2.579772
-2.301704
-0.925216
1.497976
-1.609666
-2.452684
-2.207618
0.393737
2.161295
-3.713112
-1.048718
0.067579
-0.698495
0.817660
-0.986738
1.135223
-1.607651
-1.278821
-0.867347
-1.024832
-1.081805
-1.528302
-0.518023
1.942544
-0.943844
-0.874141
-0.452306
0.896750
-3.000554
-2.052210
0.916600
3.053211
1.204632
-2.632839
-0.259047
-0.815701
-1.224183
0.547984
0.678983
-0.658658
-1.223180
-3.500327
-3.235752
0.935169
-0.339984
-0.622547
0.584859
-0.983264
-0.614929
-2.140562
-0.372558
-1.315471
2.408093
-0.041496
-0.040459
-2.075503
-3.097409
-0.464346
-1.642181
0.824610
-0.194357
-5.971896
-0.933789
-3.533300
-0.763232
3.055382
-2.493574
-2.806271
-0.537183
2.769065
-0.244368
-1.430813
-1.119475
-0.898014
-1.844671
-2.428747
0.664029
-1.279478
-2.958072
0.206697
-2.170219
-1.896300
-1.691466
-0.722089
-1.257994
-1.090746
-0.386311
-2.082877
-2.234450
1.299059
2.351648
-0.640995
0.223763
-3.251931
-0.443351
-0.576177
-1.023412
-3.565342
-1.275947
-0.084884
1.276949
-1.887906
-3.498885
0.486002
-1.931680
-4.018859
-0.125577
-1.982040
-1.601235
-0.685840
-0.722510
-1.788753
-2.238746
0.186166
0.343142
-1.053649
0.405488
-0.158508
-2.088598
-0.778156
-2.660358
2.203013
3.805454
0.823630
-0.834654
1.524501
2.382425
3.237093
-0.688259
-1.937689
-1.265592
-1.317064
0.723073
-1.806067
-0.403079
0.388220
-3.594991
2.582722
0.177186
1.209607
-0.080566
-1.738535
-0.213196
0.440348
1.845347
-1.244863
0.986698
-1.803674
0.373580
-2.201124
-0.693133
-2.068441
-1.526497
1.307355
1.687350
1.175516
-2.061895
-1.224340
-0.104530
-3.863662
-2.610818
-2.721146
-2.160171
-2.148574
2.099835
-0.608866
0.880801
-0.260276
0.577939
-1.898801
0.496846
-0.554383
-0.593363
-1.581712
-2.445690
5.970719
-3.189442
-2.611878
-1.147458
-2.519020
1.001455
-3.803283
1.426761
-1.533547
-1.503227
-0.917851
-2.927771
-1.449136
-0.618133
-2.359577
-0.810815
0.569200
-0.159584
-0.572781
-0.054432
-1.382623
1.247723
-1.077573
2.186149
-1.462038
-1.719308
-1.026429
-4.335608
-1.300099
-0.443951
-1.735678
0.015706
0.259198
-2.162123
-0.789678
0.811974
-2.038105
0.465423
-0.738897
-1.800586
-3.520373
-2.720839
-0.530658
0.701550
-0.225620
-2.245398
0.219889
0.164725
1.155076
0.607730
4.462844
0.563842
2.352618
-1.002114
-0.431740
-2.510825
-0.145520
0.082932
-2.421307
-1.626192
-0.151315
-3.340581
2.535614
-0.557972
-0.804903
-1.863112
-1.966708
-2.332637
-1.682397
-2.598452
-1.218614
-1.270058
0.272979
-0.212717
-0.797825
-1.594914
-0.896961
-0.100193
0.305793
0.006964
-1.532711
-2.853476
-2.856093
-2.496481
-1.798401
-3.650767
-0.271970
-0.928157
-4.865535
-2.415345
-2.711844
-2.024772
2.482938
-3.674067
-2.650053
-3.162878
-2.745755
2.475659
0.473526
0.489972
-0.141961
0.503072
0.082785
-1.380073
-2.329260
-0.161386
-0.885762
-1.627848
0.203502
-3.269794
1.941382
-2.624596
-2.596220
-3.533495
-0.810195
-0.264471
-0.604024
-1.862615
-0.419431
-0.800320
-1.408042
-1.810962
-0.621183
2.559132
-0.279133
-3.214199
-2.362849
1.527876
-2.034148
0.453240
-1.068222
-1.863327
2.732183
-1.402693
-1.994914
0.698575
-1.020996
-3.632683
-2.194122
-0.270698
-1.963809
-0.302958
-1.591018
2.650049
-3.212633
-1.566686
-0.836256
2.426471
-1.045504
-1.989455
-0.048683
-1.388837
-3.300481
-0.582226
-1.071734
1.769931
-0.236013
-1.508746
-0.429196
-1.832045
-1.363328
-2.492939
-0.062091
-1.549410
0.705784
-3.538482
-1.157721
-1.287198
-0.169065
3.548545
1.708498
-1.805047
1.770903
1.540692
-2.272585
-1.247077
-0.654188
-1.299806
-3.633591
-2.170629
-0.488101
-1.805588
-0.057055
-0.507922
1.065259
-2.392408
-2.762440
-1.770604
1.084196
-0.124802
-2.102460
-1.313654
-0.576116
-0.314735
-1.320746
4.350623
-2.188402
-3.266810
-0.951797
-1.740168
-5.030106
0.519400
-0.633221
-1.513888
0.725043
0.667688
0.660027
-3.092769
-0.621395
0.124261
-0.928457
0.361908
-2.747308
-1.152553
-4.538713
-5.066821
-1.807876
-1.663038
0.059501
-1.317499
-2.075084
0.487846
-1.611219
-3.592933
-4.145310
-2.226742
1.158001
-1.691246
-2.417751
-2.471746
-2.462135
-0.048858
-1.216887
-1.118195
-2.877268
1.863904
-1.402206
0.949659
-1.992267
0.672272
-0.467127
-0.877118
-0.979918
-0.387739
0.979873
-1.315916
1.947961
-5.127847
-0.524817
0.900965
-2.013823
-1.840200
-2.685735
-2.078981
-0.672501
-2.336639
-3.223632
-0.391911
-1.352569
-0.599604
0.560837
-2.802063
-3.735487
-0.832421
-2.225758
-4.016595
-0.623455
-1.967633
-2.865707
-0.040240
0.070039
-1.546817
-0.829720
0.182740
-0.688153
0.565985
-3.994561
0.745486
-1.700701
-0.704280
-1.019566
-0.542348
-0.199194
1.948265
0.612746
-2.579156
1.330432
-1.750230
-1.253054
-1.714508
0.386520
-2.797713
-0.975241
4.261121
-1.462203
-0.431406
-1.078073
-0.238709
0.529636
-3.821007
0.303029
-1.386155
1.684252
-1.672236
2.712076
-0.300447
-1.893180
0.797887
0.270707
-0.619023
0.557662
1.361431
1.020981
-1.501321
1.488633
0.973735
0.296555
0.303600
-0.832426
2.211619
-1.520905
-1.142455
-2.467329
1.548335
0.362807
-0.571911
-1.319243
-2.618872
1.153773
-1.634585
-0.576480
-1.583784
-1.878552
-2.998797
0.902551
-0.875035
-0.595631
1.329387
3.525044
0.282223
-1.128300
-0.805301
1.023324
-2.116798
0.870980
0.181181
-0.470865
2.320817
-1.830618
0.275748
1.381839
3.114130
-0.644543
-2.326426
0.149227
0.164045
-1.387565
-3.609289
2.162026
0.267343
-2.874712
-0.180864
-0.010008
0.763296
-2.514055
0.014065
-1.586972
0.086382
0.218987
-1.854696
0.520924
-1.256345
-1.219652
-0.841408
-0.781482
-1.828112
-2.951123
-0.394342
-0.627022
1.957792
-2.425202
0.537851
-0.127970
-1.956033
0.203545
-1.269030
-0.139418
-1.680187
-0.811521
0.400993
1.001345
-1.275598
-1.790605
-0.663296
-1.695939
0.470174
1.929485
0.429238
-1.093327
-3.825709
-1.271834
-2.760877
-1.803108
1.529698
-1.618711
0.902268
-1.847634
-1.214558
5.033807
-2.146880
-1.324028
-4.101015
0.464780
0.269681
-0.929842
-1.378348
-1.018381
-0.852653
0.753154
-2.197971
-2.103873
-0.316563
0.186349
-1.485538
-0.825669
-0.732695
0.557305
0.149021
-0.802004
0.048548
0.010154
-1.659676
-0.190037
-0.666306
-0.866510
0.856095
-0.281860
-4.238242
-0.916016
-0.098313
0.528802
1.799664
-2.298359
-2.785353
-3.245582
-0.052735
-0.698168
-2.263607
-1.657732
-2.378900
-0.211910
-0.097940
3.530048
-2.040037
-1.863729
-1.093692
-1.974793
0.105959
-2.153469
-0.152185
-3.295590
0.524927
1.593617
-3.218141
-6.848672
-1.488732
-0.020355
-0.411433
-0.791720
-1.113747
-1.790917
-0.828338
-0.572758
-3.956889
-2.377225
-1.062540
-0.741937
-0.544356
-2.266550
4.276623
-1.606474
-0.378602
-1.178201
-1.176546
-0.760550
-2.780630
-0.076154
0.755843
-0.440362
-1.617912
-0.316940
-2.019415
2.000120
0.337441
-0.908588
-2.397449
-2.858628
-1.004549
-1.063471
-1.446973
-4.708588
-1.939641
1.813705
0.602296
-0.694982
-1.387087
-0.552691
-0.319609
-2.933928
-2.715141
-2.160010
-3.905513
2.712390
0.480239
-0.859553
0.684095
-6.234114
-0.504179
-2.667594
-0.377310
-0.163338
-1.629415
-4.872518
-0.949190
1.864867
-3.382384
0.578283
-2.438243
-1.060910
-2.484347
-1.989530
-1.128742
-0.800329
-1.054520
-0.670962
-0.631001
3.148355
0.533943
2.333781
-0.195557
-1.839613
-1.191016
1.920483
-1.299617
2.070077
-3.463700
-1.532911
-1.494906
-4.617951
-0.327608
-1.961164
-0.914776
-1.178385
2.387524
1.020820
-0.828646
-1.491086
1.256251
-0.544110
1.170750
-1.602792
-0.204258
-3.119832
2.217261
-1.497555
-1.787929
-2.244338
0.819289
-1.803931
-1.124770
-0.668393
1.093965
0.557163
-1.174445
-1.421162
0.345963
-3.676008
-2.052597
-1.529816
0.004477
-0.481339
-2.263199
-0.268292
-2.425541
0.261341
0.083183
1.041505
-0.581021
-1.588069
-2.658905
-1.151574
-0.587807
-4.550504
1.938155
0.986374
-1.945267
-0.929440
1.816157
-0.623619
1.498337
-2.367981
-0.529375
-0.705121
-1.366119
2.385736
0.020765
-0.627411
-0.754811
-1.276176
-2.024121
-0.214499
-3.242421
0.294857
1.162268
-1.562312
0.531857
-0.360757
0.056917
1.305115
-0.987204
0.859965
-0.818418
-0.607191
-3.055961
-0.382460
-2.611625
-2.106407
-2.922793
1.529028
-0.659840
1.578278
-1.026070
-0.263330
-1.152498
0.900072
-0.031563
-2.526471
-2.363319
-1.119116
-1.379360
-2.003019
-0.631432
-3.249235
-1.357655
-0.803413
-1.304409
-2.529829
1.087356
-2.918650
0.124587
3.366652
-3.091296
0.009838
2.821419
0.439380
1.138951
-2.434530
0.566901
-4.740386
-2.287351
-0.221037
-3.771859
0.256896
0.909966
-1.020879
-1.435577
-0.474526
1.256149
1.146903
3.029871
-0.885099
-0.682259
-2.877269
-1.412329
-1.268728
-1.720915
1.311265
0.987368
1.035535
0.695839
0.051907
-3.232307
-0.676106
2.696495
-1.725491
-0.262603
-0.182685
0.020367
0.257390
-0.958477
-3.131996
0.090323
0.303520
0.991929
-1.735547
0.591933
-1.363131
-0.451305
0.207005
0.829872
0.125824
0.529412
-0.499374
-0.407327
-1.353190
1.836285
-0.436794
-1.572158
-2.415424
0.861634
-0.637933
0.045650
-2.443578
-1.504833
1.307452
3.261036
-0.828645
-1.014383
1.523905
0.858451
-0.302360
-2.603643
-0.232077
-0.802896
-0.611864
-2.492380
0.646250
-0.410377
0.519513
0.872809
0.880498
-0.881030
-1.062506
-0.858656
-1.171213
0.393619
-1.358347
-0.782908
-2.266084
-0.123283
-3.178887
-1.342869
-0.144972
-4.357572
-0.933619
-2.844555
-3.625875
-1.627271
-1.465217
1.379302
2.691794
0.227536
0.681800
-1.191258
-0.565328
3.003338
-1.276601
-3.706515
-1.191101
0.322812
1.310002
4.024571
-1.453535
1.038985
0.388257
-1.530437
-0.094722
0.271992
-0.801200
-3.320055
0.396541
3.832559
1.202807
-1.149378
-2.794032
0.220392
-0.656911
0.484082
-1.014277
-0.537389
-0.470797
0.682652
0.360848
-2.576995
2.715474
0.257304
-3.162812
-1.423956
-1.932009
-2.717360
0.819903
2.957290
-1.029000
1.307311
0.781857
0.007020
-4.891170
-1.619896
0.508261
1.097183
-0.600129
-0.037589
1.102701
-3.844009
2.173905
-0.636215
0.177220
-1.059214
-0.625268
-2.779563
-2.364082
-0.415592
-0.574125
0.500612
-1.051772
-0.344638
0.602158
-1.029711
-2.157900
-1.359270
-1.388699
-0.594468
0.634145
1.479172
2.372420
0.404583
-1.196169
-2.384494
-0.138005
-2.995458
-0.731066
-3.382890
-2.143218
0.452162
-0.166585
0.499500
-1.815467
0.852984
-1.268771
-2.330786
-3.100454
0.788792
-3.006869
-2.190164
-2.192178
-0.860580
-1.089774
-3.163360
-2.587431
-1.399935
-0.062911
0.927985
-0.900697
1.055596
1.339284
1.011282
-1.442664
0.566222
-0.663031
-0.499630
-1.490225
-0.590567
-0.597923
-2.854450
-0.206353
-1.272941
-1.963534
-3.401693
-2.315593
-1.792551
-1.164910
-3.185395
-0.918771
-0.203075
-0.754711
-1.163207
-2.953392
-2.751579
-0.566553
-3.107407
-2.604900
2.098439
2.573337
0.976263
-0.988082
-1.715300
-3.332359
-4.255816
-0.705611
-2.455924
-1.882998
-0.225536
0.892598
-1.474587
-1.385859
1.359314
-0.210645
-2.480234
-2.570604
-2.405181
-2.256108
-1.713993
-2.163409
0.480621
1.314501
-2.110231
-2.965486
-2.530648
-1.686281
0.712233
-2.426258
-2.576058
0.267175
-2.893630
1.807994
-0.773375
0.097065
0.144285
0.245997
0.946940
0.049350
-0.731627
-1.524256
-2.339428
-0.472424
-1.656266
0.808750
2.750301
-0.527031
-0.431103
0.761923
-0.405752
-1.547195
0.811416
0.201992
-4.412774
0.830335
-0.682429
0.536943
-0.208265
-2.785690
0.016324
4.795753
0.268207
0.003715
1.186509
-3.618650
0.749834
-1.290933
-1.169373
-3.573346
-1.725330
-0.900670
-0.366377
-0.919351
2.715558
-1.656305
-2.339285
-1.958215
-0.499253
-2.891366
-1.138866
-4.333951
0.623850
0.141083
-1.293288
-2.031415
-0.710515
-2.656560
1.180879
-3.379445
0.941661
-2.798494
0.134871
-2.458433
2.369138
-0.126106
-3.601374
-0.174362
-0.790236
-0.854393
0.901736
0.263477
-0.184744
0.227338
-1.994834
-0.518599
-0.960757
-3.053418
-1.172508
0.705761
-1.482283
-1.676475
-1.740228
-1.037107
0.514274
-0.199135
-1.780597
3.492918
-2.979439
-2.162221
-1.692212
-1.044443
-1.340158
-0.750835
-2.907401
-1.142320
1.079474
-0.521066
0.784881
-1.938915
-0.793378
2.538193
0.047537
-0.498099
2.367190
-1.808627
2.579319
3.079086
-1.832315
-1.425620
-1.038986
-2.345922
-2.054146
-2.121238
-3.066333
-1.085299
-1.710912
-2.602890
1.988881
0.999762
-2.108757
-3.590711
0.038680
-0.746990
-1.722465
-1.242828
-0.599437
-2.071138
0.044139
-0.111679
-0.280360
-1.486446
3.451808
-0.436285
1.606963
-0.549381
-4.589143
-2.636070
1.913599
-2.234829
-4.223687
-0.415511
1.704537
0.961850
0.879061
-1.879551
2.645157
-1.103098
0.410754
-0.762234
-2.779592
-0.035005
0.978400
1.371844
0.506151
-2.182384
-2.052037
-0.532012
1.212976
0.663774
1.614744
-1.176482
0.135751
-0.882160
0.445704
-0.981588
-1.328953
2.325158
3.259896
-2.017820
0.276993
-2.667552
-0.375749
0.564958
-1.206897
-0.826782
-1.447659
-2.434203
-1.644987
0.753135
0.088133
-2.002196
-1.846621
-1.568290
-1.928923
-0.419769
-2.899861
-0.095134
-2.084243
2.947825
-0.705440
-0.072385
-2.846136
0.671758
-0.736872
-0.529159
-4.248439
-0.974306
0.225577
-3.312651
-0.574998
-1.093961
-0.959164
1.539040
2.313405
-1.539395
1.042395
4.038263
-1.810336
0.132974
1.134944
-2.051935
-1.930961
-1.323400
2.579712
-0.262925
-2.452461
-1.861349
-1.519047
-0.785288
0.241916
1.863434
-1.700349
-1.511137
0.639100
-2.222345
0.687890
-2.198066
-3.370319
1.414052
1.262404
-1.583824
-1.291501
-2.325445
-3.853718
-0.879141
0.667338
-2.384563
-1.493817
-0.017325
-0.273649
1.844642
-0.165626
-2.139386
-3.423846
-0.815941
1.178176
-1.416201
-0.788361
-3.081617
2.938303
-1.138559
-2.184569
-2.741660
0.751630
-3.035113
1.175087
0.458293
-1.774325
-1.897067
-1.280480
-1.902922
-0.569552
3.530672
0.189128
1.654954
0.308073
-2.280860
2.544620
-2.016213
-2.739482
-1.942704
-1.944158
-2.440354
-1.259311
-2.094199
-1.099178
0.093518
0.495574
1.343683
-2.211550
-1.303453
-1.160788
-0.602344
-0.499693
-1.520114
-1.812842
1.709908
-0.800898
-1.734530
-1.542449
-0.586794
-0.938893
0.910854
-1.667352
-0.639834
1.074925
-1.425987
-1.170195
-1.078655
0.827050
-1.489431
1.975510
-0.844693
-1.359580
-3.230308
0.554962
-1.633001
-0.852185
-3.318489
-3.304687
-0.019840
-1.661423
-1.727043
-1.043622
-1.316875
1.273055
-1.293439
-1.299037
1.882803
0.808723
-2.607238
-1.522716
1.912277
-0.593778
0.924293
0.754379
-0.815994
0.648701
-0.944122
-0.417480
0.264041
-1.873110
-0.063636
-0.228508
-0.943201
-0.302582
-0.909013
-0.301755
-1.539646
0.272892
-1.362805
-1.362557
-1.052085
-2.981378
-0.527398
5.497152
0.727170
-0.284653
-1.128525
-1.559971
-1.927623
-1.299252
-0.978380
-1.893087
-3.483347
-0.777856
0.903356
0.362148
1.666312
2.694186
-1.982826
-0.482460
-0.710783
-0.277275
-0.170626
0.184339
-3.388244
-0.224209
-2.494781
1.693255
2.152478
-0.084382
-1.774367
-0.458697
-2.446849
0.568657
-0.352797
0.598108
0.251847
0.443487
-1.287312
-1.260643
-0.291934
0.978739
0.129704
0.556578
-0.365632
-2.890514
-2.596591
-2.354656
-0.294776
-2.321218
-1.106586
-1.465481
-0.424443
0.302291
-2.742401
-0.081804
-2.790035
-2.155606
0.738439
-1.278199
0.066888
-1.844618
0.270041
-1.745917
-1.050881
1.669519
-1.004522
-1.740250
-0.574433
-1.606245
-1.044662
-1.667760
-1.471617
-0.694061
-0.355361
2.133561
-1.565758
-2.234771
-0.379389
-1.986292
0.829609
-1.358021
-1.082801
0.356714
0.230938
-1.373834
1.649844
1.569771
0.439276
0.245675
0.270636
0.099811
-2.462749
-0.606029
-3.515462
-1.056786
0.188275
0.110443
-1.339110
-0.398823
-0.498823
0.295103
1.493916
-2.567865
-1.062314
-1.495071
-1.955631
-2.513955
-1.547390
-0.840954
-0.555268
0.698721
-1.522815
0.248690
0.726523
-1.842178
-0.270082
-1.779457
2.231798
-0.346576
0.037392
-1.143719
-0.045258
-2.979495
-0.403215
0.858137
-1.415854
4.285688
-1.932069
-0.083076
-2.302060
-1.941316
1.559141
-1.046404
0.100936
0.877771
1.327037
-2.568017
0.789677
0.006471
-1.871125
-2.026684
1.584018
-1.850206
-1.656203
2.902666
1.899935
-0.726876
0.222708
-1.192602
0.275877
0.115416
0.770867
-1.238919
-0.090952
-1.461823
-1.229451
-1.955358
-0.706162
-1.696579
-2.177849
0.855423
-1.032631
-0.551209
1.671198
-0.003651
-2.316543
-2.179991
-3.436643
-1.396291
0.260248
-2.328163
-0.063061
-2.417404
1.116856
2.153047
0.796556
0.185588
2.169260
-2.599225
-1.535078
-0.786497
-2.879004
-3.415448
0.364212
-2.056749
0.385422
-1.986074
0.512330
-0.998429
-0.092131
0.151839
-0.079225
0.299149
-2.470482
1.056625
-2.087743
0.715656
-2.605807
1.838753
1.855722
1.105188
-1.818619
0.181084
-2.277784
-1.192284
-1.781706
-3.261543
-1.866686
0.205009
0.977188
-2.354240
0.236701
-3.165996
-2.323334
-0.052108
-1.439016
-0.429925
0.648401
-1.307534
-0.770059
-1.105996
-0.213318
-0.517362
-0.623598
0.301535
-1.551078
-2.608527
0.174046
-0.930161
-0.035404
-1.982065
-1.036876
-0.125001
2.121945
0.082711
-1.816697
0.329023
-0.651254
-3.812096
-0.657551
-1.574506
0.023465
-0.800842
2.770961
0.395171
-1.095007
-0.152995
-0.274798
-3.121240
-0.515876
0.711107
0.519560
-0.518642
-1.965525
-2.590622
-5.489426
0.534735
-0.620061
0.461266
-0.369962
-2.057782
-1.193344
-0.381856
2.201166
-0.695407
0.004036
0.706726
0.025777
0.435511
2.913723
-0.883025
0.889039
2.663388
-1.328333
-1.501230
-2.415714
0.613699
-1.120189
-2.835463
-0.326173
-1.799549
-1.868659
0.387034
-1.674397
1.554929
2.932369
-0.571827
1.352996
1.069573
0.220986
-1.411371
-1.894817
0.218852
-1.211457
0.741798
-1.488486
-1.322341
-0.287219
0.546918
-1.027456
-4.930488
-4.129906
-3.551398
0.167777
-1.316468
-1.317361
-0.436908
-1.697832
-0.720447
0.040797
-0.130632
0.941509
-2.311457
0.976465
1.547682
-0.484336
-1.960228
0.868714
-3.073440
-1.992712
-2.621025
2.719998
-0.845435
-2.381647
-2.221693
-1.144579
0.173432
-2.211665
-3.659324
-0.994234
-1.868915
-2.111189
3.246089
-1.951679
0.331173
1.190411
-0.454787
0.340260
2.351440
-3.061048
-1.066892
-2.428306
-0.480928
0.785623
-1.980478
-2.508606
-3.148294
-0.729389
-2.149695
-3.246976
1.679109
0.836269
-2.680234
-0.094925
-0.847063
-3.238563
-0.899965
-2.457381
-1.935506
1.691680
2.347358
-1.114296
-0.254544
-2.773664
-2.201670
-1.476674
-2.512397
2.561391
-0.288948
-1.831939
-2.129101
1.125805
-0.885781
-2.164481
-1.672389
-0.583543
-2.322095
-2.525465
0.060743
-2.439891
-1.641446
0.666874
-0.745985
-1.659752
0.521153
0.156395
0.938883
-0.335408
-2.674845
-1.363481
-0.574214
-1.116099
-0.160273
-2.104343
-0.213068
0.020516
-0.169633
-1.948580
1.365955
-1.724719
-0.367007
-0.593065
0.662782
-1.769926
2.302342
0.233531
1.874159
3.476719
0.098486
-1.866755
0.607555
-1.446105
0.993377
0.736694
-0.005535
0.423303
0.246701
2.326755
0.722649
0.624137
-0.856938
-0.644771
0.130429
3.940324
2.450816
-1.565534
-0.485063
-2.963053
-0.656884
0.634415
0.828397
-0.111909
-1.137530
-3.893490
-0.536004
-0.665597
-0.561407
-1.178230
1.013242
-0.478777
1.158408
-0.385437
-2.027807
0.114993
-0.646007
-1.021984
-1.722635
1.580667
-1.556342
0.693344
-2.459967
1.316979
0.353076
-2.158177
-2.249467
-0.899613
-2.927339
-1.798982
1.100350
-1.972103
-3.223508
-2.357629
-2.019687
-0.706018
-0.805938
-0.935333
0.625109
-1.288532
-2.848027
3.770339
-1.394812
1.418943
-2.636665
0.532353
-1.278946
1.554345
-1.034985
0.804949
0.472984
-3.046319
3.319400
-3.412812
-1.361198
0.666536
-2.507157
-1.720788
-0.026368
-3.391379
-0.450262
1.143663
-1.366907
-2.626879
-2.472842
2.401274
1.096798
0.957932
-0.615887
-0.936436
-0.295054
2.033567
-3.185111
-1.290462
0.580530
0.898255
0.955456
-1.367027
-3.495493
-0.599907
-2.998060
-1.817937
1.203894
-0.430597
-1.622504
-0.032327
-0.655073
0.359282
-0.715137
-1.308079
-0.773919
-0.505220
-1.311603
-1.265059
0.732080
-1.111254
-2.324220
1.270927
-2.077346
-2.134784
-3.455860
3.726402
-0.487890
-0.444993
0.200490
-0.191473
-2.100933
1.080524
0.773891
0.481439
-0.414772
-0.472037
-0.527264
-1.905670
0.206314
-1.930978
-0.243381
-0.948811
-1.981922
0.023603
-2.212735
-2.647798
-0.174212
-2.250595
-0.065213
-2.669167
1.312534
2.569248
-1.195575
0.487103
1.189575
0.536284
-1.280056
1.363919
0.050541
-0.927038
-3.138908
-1.098257
-2.378165
3.341220
0.297144
-0.911092
1.068291
-1.514728
-2.206946
-0.046215
-0.376564
-1.623250
0.605096
0.572412
-0.026445
-0.269330
0.050273
-2.533206
0.366831
-1.584972
-4.059283
-2.624647
-1.528842
0.964153
-0.459761
1.343845
1.222359
-1.061958
-1.102253
-1.384708
-1.859797
-2.618136
1.956111
-1.505443
-1.950127
-0.633529
-1.053248
-3.713620
0.254560
0.160698
-2.322664
-0.533774
-1.577492
0.327337
-2.922360
-0.192857
1.445956
-2.528927
-0.624421
-0.367052
-4.455870
-0.524471
-0.503608
-0.777265
-2.408681
-1.185033
-0.153209
0.574837
0.417700
-0.225179
-3.199208
-1.644037
0.074339
-0.436213
1.373096
-3.458179
-2.144243
-0.557936
1.661833
-0.520861
-1.193147
0.469100
-1.640088
-0.664969
-0.956464
-2.027814
-1.458683
-1.191870
0.580073
-2.333642
-1.711285
-2.961323
1.628857
-0.874964
-0.261893
1.158249
-1.046686
-1.199359
-2.465428
0.132202
-0.122109
-0.214168
2.355359
1.440966
-1.360659
-0.711676
0.111280
-0.335723
0.787657
1.044744
-0.817758
-2.577007
-0.501508
-3.614810
-0.978345
0.061830
-0.909048
-1.306205
-1.544094
-3.714069
-1.830705
0.702329
0.374639
-2.512671
0.371167
-1.264690
-2.177066
0.113352
-2.318535
-0.335707
-2.043140
-2.348878
1.736402
-0.500156
2.802707
-2.211640
-1.818807
0.483389
2.272158
-0.559589
-3.313819
-0.779642
-2.663270
-0.963942
0.897380
0.835201
-1.576198
-2.608496
-3.109470
-1.824089
-0.322086
-1.510124
-2.947742
-1.298636
-0.397216
-1.401989
0.861730
-0.682068
-1.776818
-1.233194
-0.757710
-1.379727
0.832083
-3.513012
0.634267
-1.940341
-2.836545
-2.080471
-1.907618
-3.184949
0.644285
0.208690
-2.290374
-2.703032
0.292353
1.481045
1.813275
-4.258453
-0.551493
-0.791793
-2.136014
1.416234
1.057769
-1.206316
-1.830090
-2.463422
-1.649014
-0.498479
-1.375853
-1.563777
-0.472258
-0.087162
-2.330458
-3.008920
-1.597883
-0.880209
0.070378
-1.000720
-2.619877
-1.693946
1.799579
-0.754607
-1.290490
0.575559
-1.485908
-2.950348
-0.952178
0.776083
-0.776330
-1.323761
-1.589121
-0.990809
0.147013
-1.163727
-1.092045
-2.895380
0.447782
-0.408205
-2.623765
4.289279
2.416112
0.221419
-0.348915
-2.051723
0.259103
1.372248
-0.170740
-0.668260
1.575344
-1.911839
0.079939
-2.647343
-2.222389
-0.403131
-1.286092
-1.349934
-1.345927
3.258926
-1.182591
-0.661542
-2.254721
-1.649102
0.350514
-1.313012
-2.364115
-1.416632
-2.440803
-3.219225
-1.243645
-0.153845
-3.077961
0.760158
-2.433445
-2.045970
-0.837823
-1.356400
-1.968078
-0.549090
-0.468576
-0.870941
-0.949090
-1.181933
1.773683
1.193334
2.393530
2.387733
-0.487595
-1.364779
0.519104
-1.855276
-1.033952
-0.545920
-3.226339
0.820094
0.639576
1.016896
-3.915289
-0.968002
-0.700718
-0.987444
-2.801991
-0.665453
-0.947746
0.696597
1.014115
1.566703
-1.574969
-1.513706
2.991030
1.644561
-2.203817
-1.696848
0.132303
0.222694
1.272962
0.624966
-2.254271
-0.243961
-1.883083
-0.773504
-0.346063
1.415520
-1.671293
-1.695048
-1.216563
0.361052
0.299988
1.751327
-1.683831
-0.785791
0.301823
1.437718
0.276600
-2.798036
-0.113607
-2.089024
-1.013124
-4.998615
0.508530
0.635485
0.835593
1.801232
2.653554
-1.187073
0.087748
-2.737768
1.952501
-1.404648
-0.867992
-2.401934
-0.151309
-0.943285
0.691283
-1.066271
2.275811
-2.473123
-2.319595
-1.245822
-0.507835
-2.038720
-1.161258
1.601102
0.910272
-1.009849
-1.555912
-2.332215
-0.914126
-2.173679
-0.506194
-1.851819
-1.255715
-2.547751
-1.499131
0.353555
-1.596965
1.524375
-0.065882
-0.883430
-0.133127
-0.620791
-2.106449
2.385478
0.265673
-0.187905
-0.876088
-2.140368
-0.587410
-2.214527
-0.777928
-0.728519
-3.238616
-0.288692
0.590885
-1.256281
-2.395985
0.051055
2.251818
-1.992809
-1.870596
-1.277656
-1.082382
0.032121
2.579848
-2.211804
2.567212
-0.688771
-3.112814
3.316672
0.705648
-1.002332
1.104157
-0.719813
0.229721
1.741479
-3.977842
-0.209174
0.036922
0.484700
-2.102190
-0.911206
-0.925269
-1.726563
0.176231
-0.117641
-2.375947
0.591647
-2.215561
-0.924042
-2.181194
-0.957198
0.054944
-1.422245
0.212428
0.066930
-3.547115
-1.084907
-0.891797
0.038072
-1.477823
0.185565
-0.589332
0.917504
0.434014
-0.127127
-1.526483
-1.512796
-1.582440
-0.053237
-4.004073
-0.745699
-1.127820
-0.415391
1.134228
0.858973
0.718479
-0.849741
-5.464796
-1.649749
-0.658685
-1.281090
-0.868050
0.627605
-1.327103
-1.008383
-0.509813
-3.701050
0.042496
-2.601905
-2.623691
-2.818341
-2.577648
-2.466458
-2.476595
-0.441397
0.121931
0.567293
0.598304
-2.133975
-2.166183
-1.161445
-0.493850
0.971366
-2.038702
-1.231310
0.870314
-1.224877
-3.232218
-2.009670
0.184238
-1.340943
1.090585
0.279638
-0.642246
-1.134365
1.074718
2.660850
-0.716438
1.602243
0.046144
-1.890148
-0.302973
-0.216361
-1.650514
-1.614201
2.523563
2.593051
1.124770
4.490104
-0.362031
0.932446
0.970576
-0.768743
-1.623161
-1.160467
-1.008065
-0.495123
-1.011767
-2.681140
-0.928551
-1.070409
-3.073010
0.057195
-1.785888
0.577932
0.881199
-1.850915
-1.436824
-1.606329
-0.549685
-1.849928
-0.729916
0.885295
-0.885098
1.497643
1.838412
-1.932288
-0.186902
0.245999
2.178256
-0.386926
2.178427
-0.252032
3.112532
1.080315
1.067074
0.525242
-0.516138
-3.359728
1.817812
-3.433562
-2.520181
-2.503839
-2.755709
-2.960662
2.568447
-1.944914
-1.346629
0.971689
-2.085882
0.222877
-3.220596
3.099413
-0.876355
-1.613725
-1.662511
-0.105103
1.193483
0.582709
-1.771414
1.720156
-1.914916
-0.770732
-1.084880
-1.773768
-2.729551
-1.337411
2.583449
0.401338
-1.466310
-1.688743
-2.113671
-0.540964
0.917992
2.064823
-1.607439
1.251347
-0.776724
1.023992
-1.257397
0.418952
0.893263
-0.842479
-2.714889
1.384743
-1.428093
1.293322
-2.965407
2.158822
0.684987
-0.709691
-0.669384
-3.706527
-0.591814
-2.274195
0.735855
3.410467
-0.626810
-1.133399
-2.817868
0.925388
-1.868635
-1.499120
-0.553856
-0.473852
-1.339930
-1.621977
-0.710122
-2.071403
-0.477828
-0.153698
-4.017207
-2.139879
2.021281
0.680396
-2.100736
-0.992490
-0.818496
-0.832324
-0.074116
0.715292
-1.005101
0.387766
3.109308
0.067335
2.456337
0.570038
-2.591321
-2.021848
-5.145891
-0.407098
-1.007094
-0.316517
-3.597885
-1.449379
-0.531038
-0.272562
-3.151334
0.100944
-1.073563
0.097446
0.351244
-0.294545
-0.401480
-0.149379
0.061361
0.393794
0.389093
-0.955848
-0.708254
-0.879382
0.575586
-1.563745
-3.074715
-2.011673
0.727574
-2.661810
1.375936
-1.326351
-0.809891
-0.074224
-0.295213
-1.288351
-1.105038
-4.753557
-1.857738
-1.082840
-2.385019
-1.933741
-1.903254
-1.054668
-2.143223
-1.665382
0.291205
0.034375
-3.526998
-1.173093
0.876314
-0.997680
3.688933
-3.218051
-0.420296
-0.310703
-1.254840
0.669429
-1.603809
-1.347360
-1.389424
1.754981
-1.245641
-1.455588
-2.201499
-0.591802
-0.062406
-0.019367
-2.142418
-0.191488
-1.730833
-1.091874
1.605235
-1.203094
-4.139130
0.147544
0.069469
0.639682
-0.883289
-1.114590
-0.516843
-0.088864
-0.357323
0.505666
-1.520446
-2.133709
-1.691869
4.538454
-1.654292
0.764417
0.679667
0.141880
0.600980
-0.224469
-1.236740
0.471423
0.415156
1.042151
-0.953698
-3.896250
-1.675367
1.667714
-0.639202
-0.480427
-0.618973
-2.570775
-1.763812
-2.671280
-1.674523
-4.049628
-1.635287
-1.502222
-0.831449
1.241570
-1.421404
-1.885973
-1.072391
-1.429996
1.331033
-0.374157
-1.498941
-0.708855
-1.775069
-1.840973
-0.314592
-1.450899
2.681634
-2.223084
-2.684150
-0.079850
-1.810049
-1.249724
0.641183
1.519261
-1.373352
-0.264611
1.847416
0.853308
0.926428
-1.665621
-0.325019
-1.279366
-1.392610
-1.175354
-1.274698
-2.029140
-3.225726
-0.037504
0.487276
3.838810
1.896276
3.248558
-0.282759
2.631206
-1.306894
0.327983
-1.346613
0.627967
-2.258811
1.927793
-0.244352
-1.083350
0.786677
-3.314649
-0.586101
-2.169333
-1.563178
-2.424184
2.342875
-2.262213
0.409735
-0.368115
-1.053807
-1.381055
1.392432
-2.052795
-5.364901
-0.297861
-3.598528
-3.150124
-2.597291
0.298545
-0.635214
-0.659240
-0.604279
0.952583
2.042548
-1.271765
-3.433610
0.370050
-0.907256
-0.049408
-2.860900
0.136571
0.943469
-1.518187
0.422131
0.553032
0.292163
-2.392946
0.426109
-0.924820
2.341238
-1.907236
1.348431
-1.023076
1.041310
0.861514
-1.083672
-2.971689
-1.234738
-0.268228
-2.299512
0.677630
1.410816
2.116979
-1.159129
-2.481616
-3.136580
-2.080572
-0.144112
0.997589
-1.647625
-0.647434
-2.126875
-0.882639
-1.290053
0.468864
-0.994569
-1.200660
-0.220798
-1.118830
-0.838534
-0.758699
-0.552556
-2.264750
-1.243263
-1.178932
-0.886177
0.228540
-0.995765
-1.680337
-0.216595
-1.910697
-1.236944
-0.837644
-2.451200
-2.167668
-2.624757
0.315359
-1.433915
0.840509
-0.402379
2.752515
-0.242043
-1.153650
-1.700803
-0.175838
1.182266
1.122349
0.717028
-0.990290
0.256729
-1.269609
0.849168
-1.391339
-2.361030
-1.997633
-2.595808
-0.646266
0.485307
0.450164
-0.563028
-1.448637
-0.444648
-2.593298
-0.129862
-3.535169
-2.812206
0.529116
-1.522896
-1.979126
1.181042
-3.241023
-3.775186
-0.229875
-0.899499
0.363772
-1.801980
-2.158421
-0.916843
0.317646
-1.568456
-0.486990
0.301915
-0.661169
-0.736505
-2.203307
-0.825477
-0.903970
-1.224394
1.425428
-0.747061
-0.225425
3.561578
2.893788
0.060096
2.191220
1.839702
-0.254640
0.159108
-0.982362
0.223053
-1.199044
1.195744
-1.696273
-2.156073
-2.481092
0.637978
-2.036784
1.231212
-2.667928
-1.437065
-0.455446
-3.304145
0.910733
-1.759335
0.098216
-1.848543
-2.243815
-3.110970
0.612162
-0.229253
-2.285173
-1.499154
-0.344546
-1.060943
-2.417230
-2.383763
-0.006418
0.173006
1.251179
0.590246
1.839296
0.139357
-1.214912
-0.354596
-2.401577
-1.780943
-0.461242
-3.205700
1.236048
-1.705006
-2.856461
-1.779838
3.738564
-0.833992
1.040910
2.126037
1.834448
0.147808
0.257451
-2.070095
-1.590468
0.224095
-4.488040
-1.429336
0.850655
2.175136
-2.866009
0.135343
1.420848
1.890469
-0.767248
1.806524
1.683277
0.606366
-1.321691
0.750268
1.027575
2.108167
0.005271
-0.080978
1.813570
-2.639191
1.177428
-0.681514
-1.137887
-1.078795
-0.990428
0.959288
0.844245
-0.648769
-0.694813
-1.017745
-0.845879
-0.797417
-1.747258
-0.536678
-0.234145
-1.740547
-1.719586
-0.699633
-1.283582
-0.363615
-1.147773
-0.177520
-1.082326
-0.148677
-2.287795
-0.938722
1.099619
0.019552
-0.847650
-2.199943
-0.905535
0.074763
-1.229210
0.602801
-1.634549
0.785197
-1.153125
-0.879645
-1.866555
1.077116
2.142921
-2.007818
-1.930376
-0.667782
-2.938658
0.533068
-2.648464
0.128192
-0.325619
-2.925705
0.055159
-2.880408
-0.384191
-1.093885
0.539312
-0.417014
-2.620156
-2.428227
-2.233141
0.031105
0.035455
0.347007
-3.610446
-0.397789
-0.636465
-0.401832
-2.984622
-2.571975
-1.113905
-1.132840
-2.081867
2.602269
-0.681760
-1.082020
-3.803185
-1.142682
1.406499
-0.572696
1.910027
-1.537522
0.094800
-0.649244
0.138565
0.419523
3.462125
1.437824
-0.169976
2.726298
-0.752515
-1.084518
1.311392
-0.660197
2.658132
0.718737
0.034943
-1.999140
-0.586054
0.449577
-1.059086
-3.175115
-0.171642
-1.892382
-1.947560
-1.302092
0.519930
-1.747183
-1.006778
0.325219
0.949626
-2.011446
0.082250
-2.349536
-0.024140
0.720409
2.050621
-0.244924
-0.297292
1.439366
1.129553
-1.674788
-0.478601
-0.265229
0.534575
-0.177610
0.677932
0.041676
-0.634586
-1.917375
-1.847613
-1.141206
-0.706832
-1.079409
0.261424
-0.942290
2.290744
0.041777
1.437537
-1.534174
-1.608684
0.445434
-0.842144
-0.161387
0.071630
-3.492600
-1.911139
-1.589931
2.465165
-2.955362
-2.608665
-2.054134
-0.643585
0.756299
-2.545389
-1.650144
1.627286
-3.640123
-0.352698
0.948401
1.387116
-1.817318
0.492387
-0.833627
-2.123099
-1.812090
-0.040445
0.743961
-2.190853
1.766623
-0.538965
-0.115814
-3.522517
-0.059021
-0.091743
-1.103331
-0.593609
1.383999
-1.094199
-2.512997
0.468664
-3.410354
-0.846329
-0.753495
-1.223283
-2.989978
-0.132508
-0.737815
-1.331990
-0.109010
0.876718
0.570889
-2.202286
-0.420929
-1.458453
1.556914
-3.221523
-1.371556
-0.545140
0.425371
-1.675158
-1.462094
-0.536785
-1.923707
1.066206
1.749479
3.124312
-1.489079
-1.340001
1.039791
-0.067863
-0.867143
-2.905951
-0.714754
-2.148832
0.701182
-2.659571
-0.545104
-1.797521
-4.058246
-1.970865
-0.190281
-1.430795
0.594863
-3.299495
1.179952
-0.709006
-3.134299
-0.147705
-0.825614
-0.167154
-0.818063
-0.688889
-0.633342
1.380501
-1.889967
-0.091758
-0.940915
0.319734
-0.489500
-1.007161
-1.718052
-0.375012
-0.988898
-0.855632
-0.485033
-2.301563
-0.756754
-0.360276
-1.112154
-2.626924
-0.470268
-2.591474
1.280304
-0.097080
0.925481
-1.207662
-0.082294
-3.843918
-3.409891
-0.721703
-1.202697
-1.848722
1.066423
1.719813
0.054626
-0.715084
1.254756
-0.839542
-2.020946
-0.784963
1.011349
-2.835563
1.181398
-0.709233
1.004259
-1.093821
2.160971
-0.120059
1.868960
-2.082263
2.983967
1.124696
1.144167
0.875057
-1.554280
-1.315610
-1.000927
0.495122
-0.931043
-0.320634
0.682144
0.352123
0.179593
-0.099261
0.284953
0.116980
0.833655
-1.197464
0.525782
-1.208250
1.998981
-1.171354
-2.409713
-0.374065
-3.330718
-1.214389
-0.930574
-1.355408
-0.498031
0.279449
2.099454
-2.352365
2.462206
-0.311533
1.669164
-0.254995
-2.956875
1.258204
-1.545123
-2.034048
-0.668338
0.557298
0.042082
1.206997
1.168476
-1.105071
-2.020938
-1.709036
-5.927561
-0.723227
-1.600225
-1.349513
1.707444
0.839820
0.141017
-2.628783
-2.767528
-0.975280
-2.757275
-2.338808
-2.556566
-2.541688
0.538683
0.805196
3.416586
-1.994422
-0.957279
-0.210474
-0.027367
1.512357
-0.849806
0.589567
-1.680837
0.941590
-0.643375
-2.297356
-1.678054
-0.459021
-0.973701
1.807404
-3.266600
1.755056
-2.777050
-2.676992
-2.228426
-0.459056
-0.194701
-0.933386
-1.425882
1.820333
-0.062423
0.227029
-2.628146
-0.512578
1.068542
3.615272
-0.495749
1.048027
2.572343
0.309124
1.097711
-0.303206
1.122299
0.348949
-0.465493
2.301716
-2.036849
-1.801928
0.313704
-1.309754
-1.270761
2.576687
-1.416752
-0.280271
1.473690
0.939545
-1.803968
-1.292856
0.317099
0.158376
1.007074
-1.451255
0.711159
-2.468510
-0.281600
-1.139765
-0.539634
-0.570166
-1.372684
-0.613908
1.067151
3.117411
-0.593956
-1.223730
-2.265782
-1.288478
1.715691
0.991237
-1.586249
0.015060
-0.382091
-0.007809
0.157345
-2.074023
-0.136417
-0.211882
-1.160508
-0.652422
0.206276
-1.611196
-1.455300
-2.088977
0.349500
-1.742885
2.177434
-0.689088
0.883214
-0.902850
1.712714
0.725925
-0.925105
-0.637686
0.073560
-0.357027
2.279356
-3.185964
-1.257344
0.253628
2.580867
-1.181764
-0.622846
-2.231143
2.215038
-1.283514
-0.146597
-0.397776
-1.537256
0.292130
0.350110
-0.309754
0.934194
-0.776560
-1.344315
-1.013906
0.986501
-1.353326
0.277842
-2.248430
-2.003757
-2.168293
-0.094652
-1.707050
-0.591082
-2.261873
0.862618
-1.344210
-0.520214
-0.452364
4.279258
-1.673881
2.364371
-1.012039
-1.451674
-1.090460
-0.558976
-1.164631
-1.771256
1.269734
0.021023
-0.264370
-0.088209
-2.036585
-1.424365
-1.310685
-0.831314
-2.740491
0.716436
-0.702026
-0.842563
1.421230
0.643439
-0.007193
-0.789532
-1.409277
0.515870
-0.052024
0.571794
-0.338359
0.540008
3.455494
0.981525
1.968889
-2.279367
1.154673
1.063692
2.405277
-0.932852
1.850376
-3.351292
2.072998
1.045084
-1.358272
0.210523
-0.841122
1.805790
0.278564
-1.585039
-3.381355
0.647234
-0.399379
-1.666633
0.150771
-0.846008
0.877880
1.990136
0.839328
-3.547100
-0.761216
-2.035074
-0.532914
-1.619030
-0.149416
-0.879431
-2.537652
-0.791124
-2.222972
0.594532
-1.117016
-1.514114
-0.310020
-0.876285
0.270837
-0.256772
-1.613895
-0.115264
0.625746
-1.798993
-0.122898
-2.907358
-0.958762
-0.671966
-2.470757
-0.138210
-0.948866
-2.163232
-3.162591
-1.201272
0.745258
-0.717408
1.208260
-1.391533
-1.167574
-1.487313
0.581320
-0.591542
1.189438
3.034980
0.386807
1.041922
-1.467588
-1.062950
-0.693579
-1.103212
-2.579631
-2.841643
-1.146374
1.699237
0.009656
-1.370405
-1.159777
0.979942
-1.698266
0.667619
1.871981
-2.768995
0.351339
-1.493882
-2.525089
1.849132
0.902211
-2.987663
-1.711753
-1.490875
-0.524954
1.131979
-1.995334
-2.777713
-2.821586
-0.961566
-2.240052
2.182243
2.762134
-0.326451
1.731496
-2.502942
-2.367928
0.237111
0.901287
-1.402070
-1.122228
1.002556
-2.117944
2.272668
-3.383455
1.502670
-2.494236
-0.925368
-1.558596
-2.050849
3.763607
1.160360
-0.393949
-1.234506
-1.606475
-1.484323
0.451341
-0.665877
-3.982012
-0.186146
-1.129691
-0.335579
1.349890
0.758863
-1.602036
-0.361006
0.712328
0.105431
2.436477
0.287863
0.764716
0.459913
1.938927
-0.567238
-0.460687
-0.090190
0.212877
-0.640262
-2.335648
0.194364
-0.204223
-0.272432
-0.288233
-1.729235
-1.723523
-0.354939
0.913239
-0.763534
-2.789611
-0.662135
-1.479255
-0.009775
-0.999987
-0.076896
0.628862
1.906267
-0.397804
-0.535848
-2.363811
0.426160
0.564525
-1.820028
-0.871837
0.681420
-1.477889
0.793291
-0.760252
-1.206816
-3.457329
1.734389
2.378401
-1.016049
-3.350288
-1.397270
-1.839281
0.597939
-1.092839
0.322457
-2.202394
-0.867220
-0.551900
0.891938
0.052285
-1.759482
-0.622941
-1.722833
0.101143
-0.226203
-0.304519
-0.472668
-1.362277
0.279524
1.476980
1.315872
0.737370
-1.199259
0.480316
0.968556
-1.081139
-1.915481
2.824087
-1.043935
1.749965
-1.724823
-0.124101
-1.806285
-0.684341
-1.496195
-0.431075
0.041494
-0.046379
1.691561
-0.420628
0.704549
-0.935396
-0.947411
-1.966353
-2.905596
-1.546516
0.483600
0.899617
-0.488783
-2.516554
-1.045836
0.176566
-1.187282
-0.268481
-0.471554
0.885890
-1.185995
1.614924
-3.377357
1.014938
-0.544144
-1.289372
-1.076132
-1.026654
-2.031544
-1.439020
-1.102205
1.021546
-0.808068
-0.099834
-0.428761
-2.731961
-2.512273
-0.846599
-0.653342
-1.829360
-1.066774
-1.668753
0.484178
-0.688769
1.455777
-0.181160
1.584813
0.011602
1.118263
1.821296
-1.026842
0.647072
-2.100608
0.134783
0.607538
-0.356118
-1.699614
-0.937906
-1.523193
-0.581578
0.280033
-1.091037
2.956208
-3.267261
-0.479414
-1.485353
1.611810
1.634091
-1.253020
-1.263853
0.374615
0.404798
0.020863
-1.469792
2.056025
0.329496
-2.028682
0.491018
-1.433875
5.930217
-0.594187
-1.479445
-0.572275
-1.759386
-0.562062
-1.327359
-0.258424
-3.132980
-3.255972
-0.368779
0.184589
-2.383145
-0.469804
-2.497305
-1.615672
1.115608
-1.253118
0.022704
2.627966
-1.852371
-0.613979
-0.991108
-1.371919
0.162832
4.382014
0.194756
1.439243
-1.204693
-1.481075
-0.039929
-3.109188
-0.219257
0.764474
0.604729
-0.455349
-1.117749
-1.765041
-1.232593
-0.717449
-0.487470
1.134121
-0.816750
-1.523429
-1.349721
-0.205598
-0.075886
1.953063
-0.651220
0.124406
2.206985
-0.758705
-0.826580
1.294883
1.218045
-1.180580
-1.073802
-1.678719
-0.332247
-2.607191
0.259467
-2.160534
-2.687212
-2.667356
-0.872152
0.877434
-0.303853
-1.426219
-0.828325
2.739531
0.249260
-0.487984
-0.125185
-5.057682
-0.886996
-2.339957
0.835099
1.152366
-0.588611
2.551856
-1.560834
-0.610660
-0.317558
-3.012591
-0.096504
-1.063955
-1.568096
-0.709882
-0.538834
-3.076352
-0.528524
-1.147708
0.382526
-0.753115
-0.993626
-2.364663
-1.684008
-2.154341
0.673009
0.105319
-0.471097
2.466815
-1.365730
-0.177205
1.667565
-1.875014
0.175199
-0.573829
1.746785
1.103300
2.999112
0.700880
-1.772161
-0.442684
2.797649
-0.722468
2.273866
-1.234383
0.528193
0.803199
0.157179
-1.732501
-2.155352
-0.311115
-1.987640
-0.009759
-1.612498
1.021985
-2.517550
-2.796710
-0.490634
-2.913393
-1.008696
-1.363078
-0.170024
-0.045745
-0.210312
-1.431760
-0.077824
-0.778392
-1.952925
0.622198
-0.786720
-1.846301
0.973555
2.375569
-3.206347
-1.541951
-0.933762
-1.352947
-0.081852
-3.196419
-0.231130
-2.769089
0.346370
-2.446461
-1.362237
-0.756367
0.840852
-1.812955
-0.055475
-0.358720
2.126395
-1.536047
-1.205487
0.493544
-0.656126
4.212588
3.203207
2.696193
-2.181354
1.028099
-0.304918
-0.264593
-0.950459
1.138149
-0.010976
-1.928558
0.585256
-2.921230
-0.164414
-2.450777
0.661699
0.636048
-1.501772
-1.378662
-0.819589
1.091792
0.284820
-0.285524
-1.471731
1.305743
-2.831830
-0.511606
0.678521
-0.329185
-3.469934
2.926803
-2.803226
-0.768732
-0.622246
-0.738569
-1.318034
-2.295838
-0.468994
0.067425
1.450779
-1.832916
-0.682897
-1.246568
-0.449618
-0.803148
-2.174109
0.063908
1.558871
-0.483881
3.721764
-0.234058
0.114379
-0.922238
-0.359274
0.840779
-1.982934
2.399048
-1.479836
-0.077773
0.242309
-0.878590
-0.368446
-1.024927
0.148826
-0.813762
-0.907722
0.021764
-0.891269
-0.210561
-0.761107
0.379304
-0.410190
0.190244
2.115175
-0.622554
-0.236121
0.903800
-0.731158
0.075827
0.175154
-1.726359
-0.955765
-0.058913
0.738694
-0.228531
-0.064015
-1.899440
0.269712
-2.742724
0.459670
-0.577258
-2.901581
-0.034729
1.061887
-0.330161
1.071312
-0.721841
-1.783563
-1.927835
-4.001227
-3.210033
-0.004489
-1.743169
-0.673280
0.878528
-0.734868
-0.627855
-0.853173
-0.038365
-2.253952
0.499980
1.421824
0.958355
4.114040
-2.898218
3.047591
-1.497818
-1.553658
-2.196593
-2.240011
0.346013
-3.651795
-1.234445
-0.018528
-2.256020
-2.640808
0.127596
-1.790640
-1.132854
-1.242708
-1.203217
-2.455951
-2.485352
2.824257
0.714971
-0.746500
0.611855
2.961782
4.663651
2.404335
-0.662004
-0.667124
-0.339687
0.031130
1.274685
-3.089520
0.326253
-0.549865
-0.064312
-2.827036
-1.824213
-1.340193
1.725843
-0.621545
-0.388823
1.565927
-2.737339
-0.896464
2.220140
-1.370363
-3.639752
-0.151106
-0.737232
-1.920743
-1.082407
-0.533205
0.222828
-0.972603
-1.064654
-0.738489
-1.894549
2.482920
0.714117
-0.047078
-1.141277
1.472044
-1.340320
-2.188341
-1.939627
2.115282
-1.344870
0.174509
2.266092
-1.015573
0.911243
-1.666657
-1.014480
-2.076345
-1.090133
-2.618614
1.389671
-1.302484
-2.142379
2.403382
-0.528407
0.861596
3.323139
-1.240098
-3.264585
0.495836
-1.330346
-0.826095
-1.477724
0.602729
0.818651
0.030616
-1.394283
-0.349908
-1.985114
-0.886613
1.778438
-1.634045
-0.321115
-1.279905
1.701305
-0.724895
-1.361434
-1.862001
1.207781
-0.126600
-0.415182
-2.167861
-1.829427
-1.394143
-0.466015
0.015044
0.923996
2.278801
-1.341486
-0.882914
0.010944
-0.073566
-2.136749
-1.177222
-0.011561
0.224426
-2.136381
-0.842769
-0.963330
-1.141977
0.796790
1.367303
0.461175
-0.437242
-2.083508
-1.040605
0.950597
2.064502
0.134957
-1.627712
1.099138
-1.047971
-0.285086
-1.093098
-1.781720
-1.436947
-1.546853
0.664167
0.987361
-1.066508
0.141534
-2.143522
2.503648
-1.790852
0.505888
-2.235005
-0.260143
-1.812793
-0.117298
-3.292198
1.115605
-0.119963
-1.237136
1.881829
-1.122665
1.150900
1.180118
-1.642493
-1.796707
-2.554412
1.028303
-0.503041
1.288228
-0.248444
1.056824
-0.624554
-2.180267
2.248454
0.891362
-0.847779
-1.927283
2.326440
-0.353192
0.649473
0.479701
1.127687
-0.378070
-2.302396
-1.254804
-1.254836
-0.040517
3.104079
0.286412
-0.682362
2.150270
0.189857
-1.234430
-0.155054
-0.502673
-0.686805
2.725355
-1.683423
-0.987399
-2.609579
-1.736697
-1.005553
-2.596794
-1.401614
-1.726542
1.740433
0.362711
-0.641560
1.203995
-2.180247
2.575045
-1.264638
1.079479
-3.287740
0.031297
-2.984578
0.448304
0.346700
-2.739319
0.710348
-0.626349
-0.931294
-1.077301
-2.528546
-0.809744
-0.915811
-0.845505
-0.497243
-1.710806
-0.424931
-2.526107
0.747369
1.980354
-2.497753
-2.572459
-1.657478
-2.081863
-1.059347
1.181056
-0.543807
-1.182620
-0.813299
-0.139645
-0.346755
-2.547650
-0.516827
-1.988992
-0.862286
-1.618905
-2.249061
-1.918877
-3.317215
0.217801
-2.751683
0.145300
-1.472457
-1.181836
-1.320733
0.596055
-0.730952
0.122369
0.953895
0.799229
0.358812
2.191912
-2.688169
0.258478
-3.196523
-0.243220
-1.807440
-0.497737
0.274008
-1.070216
-1.852724
0.435914
0.993804
-1.579018
-2.708750
3.169199
0.392358
0.132564
-1.401912
-0.059964
-1.128982
1.370441
0.237998
0.185416
0.305015
-2.405025
-1.182984
1.939632
-2.291952
-0.919399
-3.093908
0.376456
-1.257075
-1.019123
-0.772990
-0.436639
-0.969239
-0.710680
-0.276349
-0.161250
0.423284
-0.907284
-1.091565
-1.092219
-0.621049
-1.899231
-2.058702
-3.306664
-0.164011
-2.124384
-2.197411
-1.891245
0.385681
-2.322394
0.134781
-2.147596
0.902150
0.489958
-0.751454
-0.971608
-2.639650
-0.978026
1.704535
-0.003501
-1.270058
0.147629
0.560643
0.324010
-0.459150
-1.414172
0.189741
1.900437
-2.261412
-1.202847
1.330913
-0.397198
2.416147
-2.190146
0.122377
1.355515
-1.171769
0.486501
-1.512858
0.716304
-1.352547
0.602390
0.370043
-1.993742
-0.439558
0.634370
-1.645809
-0.733201
-1.216542
-3.787295
-0.208819
-0.129760
-3.459957
-1.576887
1.548256
-0.170043
2.297118
-1.953558
2.654456
-2.030627
-1.163194
-0.058396
-0.684264
-0.365389
1.425537
-0.366979
-0.991353
-3.186578
1.363735
1.174460
0.365401
-2.474476
-2.375457
-1.497695
0.668738
-0.050158
0.376691
1.363735
-2.881811
-1.580104
1.149413
-1.493085
-0.923343
-0.105238
-0.957798
-1.207005
-0.304466
0.584069
-0.825530
-0.622804
-0.177313
1.094515
-1.522228
0.899883
-0.874884
-1.776048
0.152970
2.118690
-1.747740
-0.575859
-0.330746
-1.680293
-1.995351
-1.027897
1.114105
-2.815434
-0.825716
-2.654372
-0.153686
-1.467492
-2.542546
-3.448340
-2.056652
-0.315016
0.043919
-0.472472
-0.208480
0.182858
0.580999
-0.986005
0.393406
0.033546
-0.326578
0.937121
-0.057307
-3.554554
3.521202
-0.656723
0.206995
-2.586579
0.850458
0.922038
-1.901405
-1.172764
-2.444892
-3.450783
-0.429622
-0.671800
0.485911
-1.120846
-2.624419
-1.861279
1.028271
-0.944928
-1.028364
-2.369882
1.264642
0.911237
-0.985652
-1.172026
0.921618
0.022297
-0.019884
-0.049465
0.255125
0.149301
1.971042
1.242524
-0.684288
-2.652807
-0.087914
0.545017
-2.385100
-0.628592
1.440454
3.960134
-0.811689
-1.542268
-3.570632
-1.224367
0.030221
0.108490
-0.458065
0.974900
0.533269
-0.227253
-2.189617
0.799991
4.031987
-3.674505
-0.127281
-1.943209
-2.307750
-1.526475
1.016412
0.488741
2.744580
-0.539449
1.425360
-0.201864
-1.325578
0.266592
-1.293563
-1.254548
2.846259
-0.998529
0.180592
-2.227834
-1.987560
1.280244
-2.300568
-1.579070
-1.669402
-1.010531
0.548997
-1.676004
0.404602
0.617921
-1.349521
-0.241028
-0.708049
-0.000623
-1.859179
2.862962
0.339701
1.079699
0.069134
-1.022980
-1.276242
-0.173573
-0.947353
-1.316608
-0.098871
1.370222
-1.557887
1.586614
-0.359429
-5.392980
0.667716
1.365928
-1.032149
-1.032657
-0.516337
0.184965
-0.875832
-3.393057
-0.193496
-3.240860
-1.624215
1.239966
0.109824
-0.010697
-1.541623
-1.066150
0.711411
3.063410
2.683488
-1.617721
0.401121
0.248309
-2.284906
-1.169612
0.282384
-1.246825
-1.821591
-0.643908
-1.001787
-1.987483
2.271259
-2.614344
-2.879669
-0.219161
0.599371
0.046290
-1.287839
-0.404095
-1.582372
-1.949243
-0.459790
-0.870568
-0.329149
-3.808891
0.328825
-2.693534
-0.800834
1.063965
-1.105484
0.619693
0.820141
-1.530294
-1.011967
-0.217880
-1.159642
-0.048443
0.513262
1.869498
-3.221740
-0.572804
0.643411
-0.590757
-0.647333
-2.056647
-0.574057
-0.230095
-1.019078
-0.288641
0.480778
1.278034
-1.563449
-2.352980
-0.552816
-0.073928
-1.886820
-0.778477
0.486078
0.441772
-0.869901
-2.132944
1.646406
0.509736
-1.350802
-0.149890
-2.151816
0.603644
1.754177
-0.870417
-1.873901
-3.218624
-1.631761
-1.154868
-0.200152
-0.184190
1.795547
1.191070
0.840910
0.464321
-1.876793
-0.814477
-0.590408
2.582476
-1.729683
2.352786
-0.219424
0.333593
-1.217905
-0.370257
1.558971
-1.969525
-1.691017
2.315113
-0.383475
0.070019
1.029390
1.280876
-1.724864
0.648016
-1.293862
-2.517344
2.138928
-0.829602
0.854609
-1.695398
1.933054
1.560430
0.267288
-0.631097
-0.277739
-5.100040
-2.327893
-1.385462
-0.522294
0.062276
1.568332
-2.456087
-1.059906
-1.472211
-1.864137
-1.134946
-0.857953
-1.743418
-0.644610
-1.984856
-1.253817
-0.120921
-0.838830
0.290732
0.810628
-1.263703
-0.312583
-1.327981
-0.343278
-1.001359
1.348740
0.844778
-0.520409
-2.252826
-1.576383
0.867541
-0.409007
-1.711528
0.007502
0.235507
0.954329
-0.307539
-1.516650
-2.132315
0.439177
-0.214793
-1.399801
3.977855
-1.658116
-1.192999
0.962738
-0.060595
1.822905
-2.700664
-0.893812
-0.525383
2.036528
-0.678154
-0.177618
-0.346237
1.142301
0.185726
-1.044107
-0.758669
-1.091705
-1.123416
0.321866
-2.445140
2.134305
4.241997
-2.483783
-0.584561
-1.412027
1.115960
1.339513
-1.826552
-0.465381
-0.066673
-0.480134
0.348929
0.454200
-0.420633
-0.932998
-2.703699
-0.177853
-2.307875
0.835428
0.402150
-0.558686
-0.267877
0.081410
0.654763
-0.640489
0.066472
-2.045979
0.100307
-0.067367
1.782118
-0.472690
-1.755767
1.326267
-0.878535
-1.160426
-3.429489
0.236180
-1.217306
-0.227108
-2.048440
-1.209568
-1.018249
0.079428
0.513410
-1.849665
0.525488
-1.123871
4.671556
-1.087022
-1.824654
0.280146
-2.100749
-2.820231
-2.891602
-1.247675
-0.223634
-0.336143
0.936948
-0.677916
-0.794364
0.029787
1.468348
-1.964675
-1.567332
-1.658866
-2.048065
-2.165566
0.032658
-1.417348
-1.612952
1.822658
4.087039
0.816000
-0.026732
-2.149323
-0.405256
0.130522
0.051833
-2.725717
-0.449314
-1.553459
-0.405128
-1.091497
-1.965744
-0.620344
-2.313191
1.225859
-1.520807
-1.702919
-0.257174
-0.540592
0.047864
1.745191
1.388080
0.190525
-1.493664
-1.214177
-1.472129
-3.566701
0.188320
-1.543845
2.269669
0.724346
-0.584356
0.343551
0.328987
1.113505
-3.313115
-1.154273
-0.630740
-0.007136
-0.449552
-1.109026
-0.664651
0.224889
-0.207891
-1.184297
-2.675032
0.336243
0.475033
0.284193
0.247609
3.072048
-1.845696
0.497055
-0.798780
-0.436143
0.739610
-1.759093
-2.027004
-1.391951
-1.925586
0.028386
-0.525011
-0.985735
-2.280371
-0.394204
-3.232982
-0.345499
1.280893
4.855144
-2.003068
-1.273760
-2.614739
-1.782024
-1.540542
-1.439060
-0.207019
1.341127
-0.095957
-2.167238
0.306258
1.907620
0.332090
-1.406173
-1.725914
-0.880306
-0.205470
0.510737
0.154252
1.476676
-1.662877
-2.200261
3.236270
1.125619
-0.499054
0.277727
-1.142769
3.076568
2.794864
-0.839260
0.781057
-1.573488
-3.442137
-0.119271
-0.930046
-0.796219
-0.019551
0.063733
0.023023
0.186031
-0.166157
-1.144589
-1.287368
0.284398
0.128518
-1.206868
-2.464454
0.554916
-2.525831
-1.211043
-0.289171
-1.750369
-1.278625
0.243661
3.028811
-0.125529
-0.197010
-2.314713
1.881253
0.383959
1.836240
-1.177675
2.272557
0.452980
-0.630299
-0.695198
-1.110348
0.863653
-1.711777
-0.293505
-0.809759
-2.210181
1.167745
-0.782436
-1.172774
-0.242085
-1.195143
2.028883
0.665648
1.131112
-1.142068
-0.479078
-3.229396
-1.409822
-1.131263
0.709778
1.338488
-2.164376
-0.736014
-0.569605
-0.174141
-2.049597
-1.520764
1.983103
-0.020045
-0.780679
2.035096
-1.465870
-1.306941
-0.992996
0.187411
-0.343152
-0.808212
-0.625371
0.894235
-0.048215
0.159857
-1.457397
-0.206789
0.275741
0.608783
-0.223565
0.231317
1.460077
0.521687
-0.506176
2.230359
1.738732
2.042349
0.426079
-1.595108
0.287397
1.066670
1.245243
0.303526
0.098620
-1.291290
0.919489
0.107755
-1.461039
0.065489
-1.381598
0.421878
-0.241919
0.068652
0.895310
0.466459
-0.342459
-1.751049
-4.244411
0.522428
-2.006974
1.357849
-0.280987
-1.453163
2.840517
-2.010645
-0.205507
0.370036
2.899346
-0.085811
-0.665624
0.906887
0.449486
-1.153415
-0.427783
-0.689501
-3.121796
-0.780624
-1.384787
0.627201
-0.985543
0.366778
-1.594993
1.363665
3.692348
-0.646486
0.331805
0.547698
-1.382501
-0.843674
3.876267
-0.502727
-0.249121
2.800847
-0.077980
-0.668999
0.989729
4.082339
-1.263106
0.105889
0.084173
-1.296923
-0.192108
0.183168
-1.303892
-0.653386
-0.153379
0.282761
2.365391
0.934905
1.535562
0.085767
-0.005122
-2.776745
0.442500
-0.389017
2.546968
0.668551
0.957778
-2.174664
-0.629400
-2.213249
-0.676415
1.263135
0.661061
-0.076172
-1.080386
1.246883
0.377731
3.750340
0.643724
-1.029361
1.972423
-0.705495
-0.129042
-0.687482
-0.573679
-0.540594
-2.374280
-1.531065
0.836723
2.816680
-2.637561
1.715837
-1.414080
4.147836
-0.368117
-2.159944
0.019676
-0.842289
-0.794585
-2.317324
-1.623030
0.419954
-2.049428
0.894012
-0.613516
-2.923311
-0.312788
0.910275
-3.530817
-0.014037
0.094475
1.533849
-0.680315
0.486600
-2.226712
-1.168612
-0.592760
0.211195
-1.720264
-1.902815
-0.344134
1.239833
-0.515804
-1.244885
-2.108622
0.206788
1.842396
0.083381
-1.020788
-1.596192
0.346672
0.524637
0.904237
-2.163121
0.395051
-1.720715
-0.383257
-1.967880
1.732559
-0.282499
0.045454
-0.332305
2.713136
-1.425097
-0.096331
0.070341
-0.726989
-1.006345
-0.873325
-0.908142
-0.498744
-0.971931
-0.068815
-1.019726
1.049274
3.196035
-0.211946
1.017503
1.078345
-0.843703
-1.383028
0.339454
1.434233
1.376104
0.010924
0.044140
-0.293395
-2.079382
-2.256095
1.216286
-1.684563
-0.479980
0.068169
-0.634487
-1.440844
0.270712
-1.348228
-1.236331
-2.653350
-0.425817
0.245549
2.261286
-0.545726
0.259036
1.490207
-0.032382
-2.175364
-1.269069
-1.472854
-1.098912
2.293512
-2.658203
-1.873313
0.423415
0.255807
1.278513
-1.870104
-1.110227
-1.039570
4.789325
-0.444781
-1.628910
-2.378540
0.357350
-4.439777
-0.594896
-0.373440
1.360613
0.398775
-1.339519
0.678138
0.677387
-0.086169
-1.452085
-1.538928
0.259794
-1.055839
1.804731
-1.261365
-2.885995
-2.781814
-0.524054
-2.264357
-1.898686
-1.866247
-1.470077
2.492658
-0.939109
-0.864311
1.730228
0.897835
1.592692
-0.329107
-0.630297
-1.030389
0.830788
-1.459438
-0.530309
-1.525639
0.546676
-2.095607
-0.689997
0.344454
0.023320
3.644133
-1.774472
1.562562
-0.492536
-1.055561
-0.076685
2.493002
-0.971826
1.054853
0.043968
-0.815323
-2.133285
0.376301
2.239188
-0.238893
-1.925557
0.027985
-0.493776
0.020580
1.079349
0.351069
-0.629602
-1.449221
-0.778181
-0.621841
5.252817
-1.068384
-1.092064
-1.497691
-1.283356
1.405007
-0.630420
-0.291569
0.226108
-1.080936
-0.421984
-1.001816
0.628995
-0.638087
-1.241302
1.881440
-1.477473
-0.933149
-2.082216
4.515582
-0.524805
1.402615
0.129180
-0.027899
1.840350
1.222390
1.586242
-0.417158
1.204580
-1.160273
0.125742
-0.951526
0.035501
0.799237
0.459211
-1.160400
1.375759
-1.007093
-1.937809
-0.282999
1.293235
-0.300582
0.942085
-0.705202
0.009495
0.312395
1.048149
-0.089514
0.580407
1.835351
-0.676431
2.559995
-1.835551
0.900723
-1.317368
-1.059032
-0.864766
0.650059
-1.680744
0.988832
-0.325501
1.091951
1.020015
-2.217858
0.121987
-1.312175
-2.630447
-3.017568
-1.008449
-2.677466
1.244761
-2.806658
-3.146655
0.091216
-1.286875
0.977570
0.305330
-1.141758
1.714783
0.647331
-1.743032
2.447329
-3.169805
0.635435
1.080477
0.500028
4.411214
-1.229928
1.994078
-1.646503
1.735855
-0.635402
-1.390130
-0.835589
1.093057
1.888007
1.982438
-2.199119
-1.995252
-0.910201
0.028904
0.081096
-1.541222
0.833729
0.363544
-0.133191
-1.369870
-1.653656
1.426651
-0.563891
-2.204753
-1.274932
0.535405
2.384324
-0.521208
-0.899276
-2.782747
-2.852625
0.057835
-1.063928
1.131178
3.704466
0.348785
-2.254127
-0.846021
-3.838006
-0.333461
2.023114
-1.025839
-0.459114
-1.335450
-0.653639
1.411102
0.056444
-0.545219
-0.815618
-0.383971
2.403040
0.862201
-0.707066
-1.393431
0.418642
-1.596334
-1.503293
-1.487187
2.352030
-0.095646
1.523211
0.417801
-1.604398
-0.554176
-1.075734
0.196050
-0.426666
0.013664
0.144696
0.875975
-2.043239
-1.759414
2.004179
0.250243
0.185615
0.201094
-0.557423
-0.658007
1.480528
-0.401336
-1.782954
-0.037710
0.471245
0.812246
-1.592032
0.641395
0.811548
-0.955865
3.808129
-0.879993
1.525768
-0.801157
0.950810
1.557364
-2.866241
2.560183
-0.922514
1.195696
-0.225161
-0.780449
2.441119
-2.012281
-1.358590
-0.459848
0.223870
-2.521886
-1.345580
-1.646050
-1.641379
0.299479
-1.977331
-0.040287
0.133313
-0.554747
-0.339577
-0.635539
-0.303853
-1.208936
0.930276
0.482273
0.146165
2.568226
-1.025763
-0.366929
-0.894009
-0.936997
-1.538555
0.225817
-0.712780
1.844159
-2.151582
-1.381767
-1.916003
-1.756910
0.007662
-1.707430
-1.428897
-0.866359
1.699297
-0.072897
-1.802545
1.831034
1.747130
0.867990
1.368823
-1.958596
0.901827
-0.306539
1.028907
1.260533
-0.861528
-3.048336
-0.814179
1.273956
-0.279216
0.719526
2.140113
1.618403
-1.433890
0.321027
-1.030810
-0.218523
-1.969651
0.057433
0.802724
-0.201754
-1.613351
-0.649723
-0.051051
-1.188481
0.213170
0.976242
-1.007200
-1.605588
-1.081423
-1.712724
-0.663941
-0.809980
-0.499320
-0.844230
-0.821259
0.534784
0.231417
-1.527062
-0.366218
-2.117023
-1.298279
0.919800
1.276716
-1.312093
-3.017950
-0.948156
-0.096415
-1.256716
1.011136
0.182803
-1.961200
-0.230072
0.816592
-0.622554
2.248323
-1.721051
1.803643
-1.049224
0.261686
-1.467730
-2.218989
-2.062154
1.533199
-0.554399
-0.263381
-3.246760
-0.205393
2.402900
1.697778
-1.087182
0.212100
-2.587696
-1.934169
2.104932
-0.741156
1.200576
-2.372265
-1.798386
-0.959711
1.910974
-3.430536
2.216228
0.825371
-0.516903
-1.885660
-1.495291
-0.732741
-1.071689
-2.929617
-2.473654
-0.641515
-1.551275
0.791350
-3.039215
-0.315953
0.510486
-2.073972
-0.925903
-0.771668
0.571899
0.160896
-0.776093
0.474594
-1.384269
-1.402522
-1.358580
0.534505
-2.065942
0.116495
0.039549
-1.519361
-1.056107
1.479084
0.710868
-1.732210
-0.630420
-0.534069
-1.165249
-1.652606
-0.248800
-2.915174
-0.476452
-0.816798
-1.257794
-1.636424
1.043584
0.342927
-1.144441
0.297225
-1.329605
0.228955
0.190794
1.899937
-1.418077
-1.359544
1.331288
0.147676
-1.605473
-2.067328
-0.259489
2.213283
4.885330
0.405209
1.885514
-0.673881
-0.054541
-3.315435
-2.701506
2.089738
-1.246400
3.474454
-0.963581
-0.681986
-0.335763
-2.015666
2.660514
-0.505389
0.477682
2.439338
-0.677694
-1.238510
-0.556238
-0.265378
-0.399894
-0.378001
0.049625
0.960745
0.980016
0.601882
-1.043519
-2.520601
-0.894324
-1.959503
-0.748469
-0.583462
2.191541
0.926769
-0.794461
0.270604
0.506899
-0.073165
-1.077893
1.359756
-0.249577
-0.480593
0.096038
1.041219
1.168229
3.465132
-0.096187
-1.392176
-0.217100
-1.256454
-0.342709
-2.967163
1.137427
0.451651
-0.091783
1.057751
-0.128164
-0.406550
0.654303
-0.907634
0.879371
1.398099
-0.129062
-1.586449
1.372935
-0.858846
-0.479453
0.447299
0.721396
-0.451158
2.887107
-1.417512
0.502132
1.914126
0.710917
1.218247
-1.306399
-2.410196
-0.756220
0.638155
-0.558982
-0.495640
0.051558
-1.638435
-0.333458
-0.936836
-0.172374
0.262158
0.012378
1.645518
-1.326147
-1.096058
-0.724508
-0.178851
0.153086
-1.285805
1.720933
-1.466211
-2.498629
2.730189
-0.650613
-1.719013
0.397337
-1.394986
0.458249
-3.016810
-0.929621
-0.190962
0.271185
0.698003
0.014171
-1.055514
0.128167
-0.166888
-0.971994
0.881294
-0.781745
-1.570824
0.509215
-0.139002
1.786380
0.027574
0.186925
-1.593481
-1.776397
1.843734
-2.032225
0.952272
2.302783
0.642652
2.629590
0.717845
-0.127437
-1.373939
-0.329433
-0.785091
-1.797637
1.682120
3.346163
0.936201
-1.524497
-0.219064
-0.048796
0.512039
-0.741016
-0.668123
-1.078534
-1.594113
-2.236326
-0.984703
-0.940555
1.653918
-2.050934
-1.957340
1.495423
-0.770447
-2.333044
0.366605
-0.301896
-2.401480
-0.225864
0.836016
-1.010960
2.728267
-1.940249
-1.279955
-0.216044
2.179252
-0.631305
-1.761117
-2.379334
-0.827515
-1.641685
1.610623
-1.847087
-2.235378
-0.716837
0.281973
1.082185
-1.967440
-0.054630
0.139514
0.310288
-0.699694
-2.549376
-1.401950
-1.139931
-0.207686
-2.147538
-0.066527
-0.394094
-1.222948
0.745015
-1.330436
-2.851538
1.023826
-1.921342
-1.270244
-0.564066
0.140570
2.451894
-0.092397
-1.338025
1.938862
-1.484181
-0.410265
-2.329083
-0.837949
-2.391776
0.467875
0.016176
1.477664
0.162347
-0.300904
-1.781833
-0.863413
0.065326
-0.931173
1.243682
-1.173474
-2.024454
1.492334
-1.302691
-1.718922
0.846296
-1.543316
-0.794126
-1.007072
-0.749959
0.032514
0.794468
1.204681
1.034048
1.842462
0.343480
0.359361
0.777474
-1.182896
-0.314354
1.889487
-0.369123
-1.357488
0.294466
-1.282179
-0.367848
1.663694
-0.042680
0.639711
-0.853003
4.551169
0.121456
-0.115430
2.668718
0.263244
-1.676266
-1.770198
-0.692549
-2.111440
0.982304
-0.299348
-2.151253
-1.542773
1.269013
-2.105744
-3.240932
-3.288731
1.832080
0.663512
0.106814
-0.978788
2.002472
-0.042240
1.776501
0.096101
-1.608822
-0.178489
0.798167
-1.515057
-1.470380
-1.017178
-1.365098
-0.831431
0.082145
2.590049
-1.010760
-1.893875
-1.597375
-0.645558
-1.218196
-0.109855
0.071175
-3.259162
1.044459
-2.324098
-0.932922
-2.698053
-0.221524
-0.261908
-1.283677
-1.584596
2.364493
-0.861614
-0.453762
-0.690603
0.437107
-1.168679
-2.231154
1.280128
-1.690450
0.259696
0.093580
0.655482
0.417640
-1.036658
1.576110
3.757495
-0.746410
-1.459295
1.235932
0.102669
-0.043289
-1.999436
1.694630
0.948396
-1.126407
0.079349
1.124025
-0.887701
-0.651936
-1.063030
-0.181794
2.565766
-1.995771
-1.020791
-1.120531
0.240350
-1.184375
-1.018575
-2.736576
0.954899
0.964659
-2.241199
-0.104419
-0.506849
0.174643
1.656646
-1.259517
1.881046
3.523037
-1.126882
2.302393
-0.893586
0.710624
0.449146
-0.954543
-1.133560
0.218633
2.377709
2.220764
-0.279970
-0.889699
-1.269803
1.192939
-1.119968
1.250488
2.066443
-2.329851
-1.161816
0.124610
-0.979097
0.647001
1.023745
0.291023
-0.315566
0.054673
1.045802
0.276604
-0.653104
-2.029896
-2.072937
1.354428
1.174471
3.302062
2.293053
2.125706
-0.857538
2.396472
2.176593
-1.000711
0.983256
-0.827058
0.925740
-0.740614
-1.670065
2.558786
-0.106530
0.711405
-1.586601
-0.636618
-0.492040
0.601188
0.759805
2.166602
0.337331
-1.742474
-0.592493
-0.551194
-0.114157
-1.488392
0.363924
-1.146411
-0.933189
-0.370616
-2.276068
-0.819677
-1.107704
0.334033
-0.652349
-0.402416
-0.628055
-2.302761
0.662371
0.673531
-2.687308
-1.719792
-0.046327
-2.019248
4.191810
-0.056972
-3.376577
0.263804
-0.422826
2.009802
-2.209654
1.081258
-1.773230
0.369998
4.126667
0.552795
1.506538
1.629253
-0.197130
1.871574
-2.878225
-0.374824
-0.001104
-2.507321
0.437282
3.703723
-1.546272
-0.392238
-1.412976
-0.857942
1.489790
-0.819945
0.699151
-1.634502
1.476574
1.327229
-0.259368
-0.297046
-0.132833
1.164741
1.796647
0.222382
1.306604
0.727258
0.258676
2.259422
-0.444688
-0.632674
0.660541
0.824721
1.570324
0.241226
-0.939482
1.206483
1.373887
3.473657
0.346890
0.235775
1.059138
2.098225
-0.810791
0.137351
-1.111257
-2.776589
2.399567
-0.861958
0.694917
-0.511490
-0.385096
-1.427475
1.098083
1.975626
-1.763982
-1.095005
0.846996
0.366261
-1.989112
3.167431
1.144263
-0.269592
-2.220538
-1.982171
-1.291921
-0.004133
-1.236203
0.427901
0.111763
4.182809
-1.977840
-1.358163
2.108243
1.270406
-0.975300
-0.551193
0.484377
-0.152526
-0.334120
0.520264
0.077676
-1.053057
-3.541559
-1.134017
0.972952
1.542236
1.551114
-1.323695
-1.587192
-1.033700
-0.882924
-0.755851
-1.146882
-0.232402
-1.740278
1.489952
-1.107314
1.828657
1.757514
0.396727
0.389467
0.347926
-0.974360
-0.848791
-0.207489
0.425343
-1.855463
-0.367228
1.231297
-2.453653
-1.072771
-1.209175
-1.073810
-0.668461
-2.126416
-1.203396
-0.268437
0.332038
1.466486
0.531481
-1.684936
-1.821632
0.192422
0.118960
-1.906452
-0.932527
-0.583280
-1.821085
0.266878
2.007024
-0.029676
-0.561159
-1.066709
0.185184
0.288585
0.577088
0.458270
0.084207
-0.412327
1.061810
-3.324940
-1.167050
0.989417
-2.202622
0.748794
0.022127
1.854151
-0.041415
-2.534143
-1.096804
-0.657109
-1.474997
0.884837
0.480706
-1.022893
-0.203742
0.696890
-1.632961
2.143579
-0.638313
-0.439468
2.158974
0.285427
0.059098
0.334370
-0.651305
2.789675
-1.231353
-0.293703
-2.110138
0.037825
-0.275941
1.700345
0.043284
-2.121514
2.680045
1.055010
3.660715
1.018095
-1.850857
-0.755524
1.207611
-1.087363
0.997848
-0.001311
1.462950
-1.659705
0.800077
-1.015493
2.263098
0.975647
-1.865904
0.828113
-2.054855
-2.451206
-0.276691
-1.163349
0.459073
-1.534674
2.667432
-2.689501
0.415754
-1.081837
-1.459330
0.754797
-1.223150
-0.208818
2.180893
-1.196076
1.097347
-0.820815
1.181630
-1.664160
1.005803
2.007861
0.007671
-1.382527
1.199733
-1.641660
0.062105
2.656603
0.349345
-1.829402
-1.186212
2.016206
-0.106070
-1.647232
-1.118804
0.822217
1.169100
-1.003901
-0.475236
-0.204485
-0.466629
-0.197311
0.133523
-0.702565
0.211448
-1.248122
-0.569681
0.644027
1.427916
0.764640
-1.234565
-0.425462
-3.019761
2.827661
-1.179285
-0.926497
-1.954798
-1.246377
-0.981925
-1.247603
-1.180401
-0.811508
-2.178636
-1.168755
0.207943
-2.573163
-1.305235
1.082039
-0.779473
2.325087
-0.348676
-2.103551
3.111572
0.690716
-3.632988
-2.121612
-0.469127
1.713645
-1.158709
-1.579663
-0.327109
0.959522
-0.207342
-0.585982
-1.275237
-1.065781
0.193878
0.039119
0.914053
-0.916764
3.359304
-0.774165
-0.493956
-0.557032
3.445125
-2.012095
-0.016785
0.850038
-1.801827
-0.251015
0.327113
0.608470
-2.030490
0.200857
0.002780
-0.150223
-1.814308
0.925758
-0.080363
-1.253091
0.476241
-0.779514
0.725163
-0.511619
-1.294209
0.771736
-1.130288
0.244267
1.097372
0.707210
0.432619
-4.138826
-1.806484
-1.270249
0.355244
0.764621
-0.355690
2.815109
1.254415
-0.661995
4.713542
-0.133335
-1.120115
-0.474202
0.796192
0.724694
-0.960897
0.528548
0.695230
-0.794876
-0.864494
-2.213874
0.161232
0.047423
-0.736720
-0.095711
3.567760
0.710585
0.827054
-1.261363
1.236099
-0.597172
-0.123636
-2.104881
2.904758
0.142152
-0.821443
0.219184
-2.297308
0.808017
0.178714
-0.984531
-0.120683
-1.543104
-0.454353
-1.265577
-0.562974
-1.407411
-1.082915
-1.458901
-0.344587
-2.383667
1.372412
-1.607626
-0.080877
-1.114596
-0.505182
0.320593
0.338946
-1.287145
-2.873096
1.169609
0.545968
1.951707
3.093769
1.403817
-0.591551
1.700950
-0.991454
-0.533465
-3.079249
0.403078
-0.563081
1.447600
0.879797
-0.304094
2.309537
-2.425623
-1.481372
-0.713710
3.280623
-2.528358
-0.395293
-1.054614
-0.161579
0.115135
0.915297
-0.352172
0.807783
-1.381798
-0.017706
-0.831946
1.629287
0.409253
1.252233
-1.487540
2.115488
-0.640041
2.430027
1.307747
-1.635703
-1.084872
0.433844
-1.415176
-2.748937
-0.344865
-0.501929
-1.641642
-1.181624
-1.068502
-0.395351
-0.519930
1.071146
-4.353848
0.408910
-1.220305
0.102810
-0.059631
-0.808776
-1.230352
0.115039
-1.989885
-0.511529
0.879608
0.856024
2.250903
1.106344
-0.520126
-0.099689
-0.250461
-0.535486
-0.143607
-1.149805
-1.954399
0.134502
0.183184
0.542668
-0.075539
-1.675191
-1.203857
-2.060902
3.523634
-0.928234
-0.710317
1.610310
0.527413
1.259835
-1.322693
1.458168
-0.728336
-1.682727
-1.386363
0.363939
-0.322065
-1.299742
-0.956461
0.042890
0.174599
-0.292580
-2.080338
-1.078735
-1.730612
-1.747315
0.441734
-0.239589
-1.601181
-1.245844
-0.324766
-0.686482
0.224522
0.178360
0.666903
-1.470419
2.527505
-1.132730
-0.144837
-1.884945
-0.878263
0.389839
-1.441078
-0.547317
3.009738
-2.418261
-1.397925
2.126716
1.243448
2.657850
0.153242
-0.747744
-1.500497
0.089219
0.964327
-0.701706
0.831468
-2.189484
0.098745
0.043619
0.036137
-0.483701
-0.846003
0.483587
0.930387
-0.323342
-0.121294
-0.575216
-0.294222
-0.293479
-1.801617
0.611731
-1.860088
0.125300
1.331377
1.436999
3.864585
-0.150736
-1.189945
-0.363289
-1.161110
0.531598
1.387769
-1.543706
-2.020854
-1.422633
0.570998
-2.021564
-0.064260
-1.844197
-0.686633
-0.423893
-0.916482
0.319511
-1.821664
-1.779658
-2.275990
-0.637974
1.477185
0.433184
-0.902962
-2.178391
-2.114046
0.084235
0.525891
-2.564031
-1.192489
-0.740066
-1.457381
-2.192810
-1.081109
-1.070536
0.202917
-0.168608
-1.097313
2.091957
-0.543638
1.964683
-0.414761
-1.098708
-3.451633
0.024817
-1.667816
-0.192945
0.570726
-0.990856
-0.833486
2.325591
-0.984296
-2.213536
-0.834163
1.221987
-0.866839
3.153053
-0.828814
0.300193
-1.459247
-1.388153
2.114942
-2.498066
-0.305957
-1.652898
-0.240125
0.235237
-2.687952
-0.541307
-1.206955
0.191012
2.197035
-0.491903
-1.097052
-1.422166
0.131084
-1.881383
-0.469047
-0.715328
-0.184623
0.980374
0.238039
0.955771
-0.173561
-0.561807
-2.197091
-0.965918
1.496275
-0.229047
1.174310
1.417807
-1.254323
-0.235284
0.883266
-0.276699
-1.665167
1.283932
-0.377491
2.384200
1.045884
-0.731303
-0.131779
-0.360125
0.174405
1.002259
0.381798
-0.232183
1.291558
-1.525051
-0.843608
2.736349
-0.879114
3.073897
-0.106466
-1.035012
1.391627
-0.352832
2.313067
0.791184
-1.473849
0.280756
0.718741
0.609775
1.600326
-2.777729
-0.284204
0.211716
-0.996194
0.794195
0.401301
-0.965662
-1.206439
1.374750
-0.816350
-0.693294
-1.765960
0.341607
-1.322386
0.277177
-1.581118
0.015689
1.267303
-0.862005
-0.953499
-1.382729
-1.092827
-1.015406
2.994369
-1.192340
-0.194411
-0.071176
-0.980938
-1.802907
0.109348
1.647255
0.168088
-0.020156
3.265853
1.313013
-0.171823
0.758431
-1.885067
4.010301
1.270449
-0.007173
-0.569088
-1.075817
-0.851178
0.107035
-0.533281
0.516831
-0.905575
-1.781632
-2.896409
0.715831
4.098872
0.333583
2.207643
-1.353758
-0.568354
-0.761879
-0.631544
-1.518054
0.638460
-1.705351
-0.122155
-2.346251
3.383794
-1.110229
0.270328
-2.608951
0.859012
-0.112322
-0.565838
-1.464765
-1.698919
-0.074569
-1.656033
-0.583968
0.809728
-1.600501
-1.092988
-0.344085
0.507848
-0.221637
-1.714824
-0.403562
-0.062878
0.498846
-2.005868
0.621458
0.457649
-1.295885
-1.242893
-2.377468
1.223518
-1.226939
-0.842360
-1.318389
-0.784246
-3.272757
-1.295220
1.480962
-1.805175
0.166683
0.983960
0.704383
-1.197272
-0.983608
-3.535220
-1.171469
-1.664385
-0.876971
-1.028980
-1.737844
1.310549
0.445266
-0.736093
-0.219413
-0.393664
-1.063743
-2.325563
-0.442295
-1.207968
-0.628654
-1.296562
-1.558121
1.325021
0.967356
2.025328
0.388378
-0.701466
0.307801
-0.280225
0.030758
3.133930
5.800756
0.880673
0.478512
-0.829201
0.583725
-0.565664
0.348689
-0.638821
-0.269995
0.643849
-0.160004
-1.157704
-2.796169
0.890652
-0.720082
0.519315
1.503873
1.872265
1.239194
1.128582
-0.882457
0.842863
0.950328
-1.073796
-1.653334
-0.946177
2.674988
-0.588649
0.140038
-1.384741
-1.840180
0.037157
-2.570381
0.188923
0.528392
2.666167
2.643620
-0.265866
-0.047154
-0.930672
-0.647624
0.438367
-1.785606
-1.307495
2.571986
0.642332
-0.719007
0.114144
-0.250253
2.411263
1.999991
-0.884361
0.526900
-1.026689
-1.593552
0.473797
-0.720050
-0.540083
-1.189187
2.054650
-0.851535
0.503326
0.946231
2.155785
1.194175
3.312263
-0.835913
-0.091468
0.176975
-1.000200
-0.950612
0.056497
1.506565
1.961200
-0.556019
-0.754769
0.321018
-0.751618
-0.817860
-2.866718
0.394381
2.343266
-0.256594
-0.501404
-0.541215
-0.240141
-1.523724
2.596848
-1.583821
-2.493492
2.182502
0.934691
-2.268989
0.424283
-1.276138
0.124609
-1.248464
-1.094533
4.112609
-0.914065
0.409780
-2.513260
-1.333053
0.432547
0.237602
1.155722
-0.147922
-2.645059
0.461724
0.009247
0.654596
0.732599
3.702675
1.244271
1.871439
-2.211857
0.539569
0.121597
-2.607078
0.379239
-0.837942
0.626462
-1.227167
-1.689467
-0.486325
-1.145774
-0.756913
0.151052
-0.611730
1.001329
1.601303
1.465792
-2.186596
-0.443840
1.612754
-2.055395
-0.854377
0.326619
-1.689204
-0.513031
-1.188419
-1.733595
-0.811857
0.318452
-0.252817
-0.961482
0.955096
1.980893
2.515664
-0.574094
-3.020056
-1.502273
-0.825471
0.031723
1.248718
-0.367275
0.543392
-1.061107
-0.995017
0.286634
-2.215361
-1.349093
-1.228816
-0.736703
1.428379
-0.405623
-1.408091
2.395714
-1.040453
1.843544
-2.661463
-0.593702
0.273950
0.564247
-0.576746
0.169719
-1.533078
-0.727855
-0.880331
1.135143
-0.353088
0.303502
2.204975
1.501052
2.510832
0.383317
-0.775241
-0.591462
-1.377091
1.442256
-0.528897
-0.930256
1.343682
-1.589851
-1.161350
4.111490
-1.209396
2.549783
-0.996506
-0.565928
1.454037
1.023221
-2.581079
0.174937
-1.941251
0.593880
-0.440277
-1.062791
-1.221919
-3.084717
1.991856
1.686332
0.151106
1.157090
-0.256033
-1.190576
-0.309313
1.596648
1.454594
-0.932572
1.016682
-1.057081
-0.662451
-1.400936
-2.193055
-0.786186
-1.030671
0.226446
0.999992
0.199720
-2.012321
-1.632382
-0.116718
4.068426
-0.701778
-0.145820
-1.972791
-0.580410
-0.979614
-1.930968
-0.564577
-1.044973
-3.014752
1.042629
2.414251
-0.514046
0.840211
-0.157124
-0.070854
-1.779023
1.240607
0.204020
-0.991728
2.103015
0.568959
1.050516
-0.074126
1.094641
-0.775336
-2.437247
0.567527
1.240483
0.807230
-1.241660
0.804293
-0.732729
-1.321380
1.338542
0.565963
0.558118
0.624575
0.502243
-1.262603
-0.366368
1.748200
0.331567
-0.497661
-2.663511
1.167593
-0.155081
0.879568
-0.860799
1.759772
-0.431624
-0.749625
0.681331
-0.809467
-0.266258
1.872271
-0.952012
3.570846
-2.402703
2.085468
-0.355319
-0.023061
0.060390
2.420491
-1.503528
0.218018
-1.184494
-0.286984
0.002540
-0.248263
-0.531470
0.579095
-0.103902
-1.253847
-0.353610
-0.255314
0.351065
0.192373
0.933694
1.897692
3.300727
-1.839921
0.013565
-0.880922
1.242958
0.329716
1.954961
-1.241735
-0.270368
-0.504453
0.997853
-0.727277
-0.037938
0.702366
-1.420523
0.102371
2.205558
-0.379059
0.989077
1.834253
-3.594651
-0.879373
0.291126
0.014168
-0.032185
-0.424675
-2.054067
-0.667217
-0.421956
-0.489790
-0.710143
-2.002266
0.357780
-1.241133
0.699195
-0.236578
1.331130
-0.006708
-1.858793
-0.590386
-0.843106
-0.071804
-0.506626
-0.917249
3.398153
0.921244
-0.991312
-1.354938
0.630415
-0.459342
-0.698227
2.283716
1.255594
-0.842382
1.732003
-0.348094
-1.039703
2.650376
-0.600653
-0.442677
1.028541
1.725939
-1.071315
-2.117753
-4.039008
0.840231
2.943237
-0.981691
-0.375907
-1.963255
-1.432469
1.372755
-0.209130
-1.581179
-0.501413
-0.627506
1.790879
-1.042567
-0.720692
-0.925277
-0.138966
-0.446544
-1.635953
-0.169741
-1.160045
0.176388
0.218921
1.082135
-2.950880
-1.584319
-1.992036
1.124593
-0.747667
1.020781
0.822980
-0.135855
0.895791
-0.364186
1.353334
1.811045
2.363595
1.066836
1.062453
2.163945
-1.185272
0.109247
1.379514
-0.181720
0.820309
-1.926195
-0.720757
0.007961
-0.962749
0.108002
1.002934
-0.556282
-1.982909
-1.066797
2.990939
1.291254
1.351587
0.246700
-0.516573
1.122221
-1.384459
-2.504126
-0.657000
4.101941
-2.030712
0.149751
-1.529949
1.001803
-0.887740
-0.489819
0.484726
-0.344765
3.466954
-1.963838
1.928094
-0.081248
-0.587753
-1.656649
2.078829
3.788197
1.416500
-1.517588
0.380492
0.205893
0.333542
-0.220992
-1.730884
-0.114522
-0.131541
1.126315
3.997654
0.910327
-0.275420
1.505220
-0.797349
0.682404
1.872243
-1.478154
1.545254
-0.587331
-1.778716
-0.890611
-1.956654
-2.033501
-0.401049
0.434989
2.609372
1.036369
-0.516330
-1.139498
0.348206
-2.853642
-0.113080
1.179367
3.213458
-1.098196
1.969868
-1.622923
-2.097599
-0.348800
0.325888
-1.553270
-0.491352
-0.868120
-2.845075
-0.390365
-0.450842
-0.833948
-0.874638
-1.900737
-1.426477
-2.294949
0.672969
0.769411
1.197226
0.530090
0.207885
-2.766328
0.588309
0.579888
-0.873978
-1.054792
0.845714
-0.512277
-1.348437
1.016758
0.218133
0.701917
-2.700299
-0.803423
0.913011
3.530664
-0.894633
1.366498
0.621440
0.447583
-2.281392
0.009887
0.003543
-1.020471
1.046653
3.972236
2.561733
-1.361853
-0.989553
-1.790866
0.848733
-0.219757
-1.015314
0.904356
-0.564740
0.872696
3.933340
0.467929
-2.027353
0.619571
1.637037
-0.754727
-0.074419
2.272882
-0.558184
1.731998
0.697414
0.036451
1.666519
1.509606
0.592820
0.706054
-0.851918
1.317731
0.881733
-1.016513
-0.165477
0.679996
-1.101592
0.120410
-0.618795
0.122100
-0.943232
0.488761
1.714278
0.127960
0.159204
1.211697
0.064728
-0.771820
0.912131
-0.139069
2.505969
-0.508633
1.937664
0.908397
1.513134
1.664430
-2.440132
2.819963
-1.475155
-0.811637
0.435042
-2.443992
1.284216
2.135011
1.745312
-0.062366
-0.151478
1.126046
1.496452
-1.685362
0.262509
-1.438459
-0.369665
1.356483
0.477204
-2.509362
-1.106509
-0.526621
0.688686
0.314049
-0.395776
-1.507584
-0.610516
1.518039
-1.340662
-1.218627
-0.577041
1.268888
-0.561289
0.689797
-1.093013
0.867906
0.797877
1.442892
-0.306359
-0.221359
0.911478
1.812297
-1.330024
0.774565
-1.459177
0.272384
-0.824065
-0.189845
-0.202198
-0.397510
-0.660192
0.772167
1.271036
2.614583
-0.860057
-1.352898
1.799430
-0.034589
1.546315
0.099304
-0.610192
-1.648556
-0.086187
2.029152
-1.572184
-2.044282
-0.259246
0.842860
-0.906679
0.321141
3.245126
-0.213934
3.141587
2.137586
-1.204767
0.028583
-1.611525
1.962256
0.587584
-1.583580
-1.408418
-0.706276
3.664907
-1.264571
1.176281
-1.891964
-0.978337
-0.011241
0.861612
-0.198609
1.245720
-1.053663
1.769765
0.649175
0.076059
-0.240805
0.211578
-0.779076
0.948616
0.249123
1.554581
-0.581428
0.087340
-2.491675
-2.380505
-0.863889
0.182055
-1.438495
1.915172
0.992278
-0.772806
0.815768
-0.831012
-3.851319
-1.786358
0.307163
4.216845
-1.036068
0.058578
-0.904233
0.920033
-1.130298
0.467955
0.581834
-0.258232
-0.246428
0.300470
-0.457272
-1.036069
0.377991
1.954666
-1.889419
2.021184
2.958690
-1.531634
1.517603
0.456148
-1.064852
1.434895
1.440111
-1.370119
2.575763
-0.888058
0.146827
2.103124
-0.554445
-1.548595
-1.594999
0.672321
1.449286
-0.930842
-0.447668
0.483037
-0.233131
-1.892259
-1.753862
-2.719451
-0.977651
1.089032
1.954022
-0.878398
1.182924
0.416523
-1.036297
2.597278
-1.106165
-2.259875
3.617235
-2.289845
-0.703591
0.384214
0.261424
-0.873960
-1.492779
3.542991
2.969854
0.446709
0.319832
-1.186520
-2.013030
0.001004
0.883839
-0.253809
1.630906
-1.179242
-1.127861
3.518808
1.982861
2.558129
-1.423713
0.769997
-0.756014
0.473090
-0.569260
2.464886
-1.159973
1.097210
-0.629899
-2.322422
-0.198486
0.967768
-0.114364
3.110150
-1.211499
-0.371801
1.439663
-0.761568
3.705700
-2.887497
0.541233
-0.591313
0.661061
0.725227
-0.566662
-1.603219
0.244880
0.489919
2.789768
0.635411
0.434439
-1.540075
-2.668530
1.221203
0.016705
-0.939034
0.318090
-0.053168
-0.862945
1.955663
1.346550
-2.170542
0.589056
-3.028500
0.297431
-0.223907
-0.163802
-0.306099
-0.786496
-2.030756
-0.126185
0.955842
0.749610
0.837653
-1.304211
-1.139786
-0.372221
3.104565
-0.876666
1.831217
-0.830383
-0.949286
-0.958475
0.768295
0.099284
-0.824932
-1.293108
-0.733014
0.851367
-0.431939
-2.971952
2.165866
-0.879572
0.074270
0.016182
-0.591664
1.971227
2.844055
0.556067
2.033422
-1.473143
1.784108
1.547803
-1.092731
-0.302226
-0.200784
0.754283
-1.217785
2.599194
0.168282
-0.710542
-1.039922
-0.354032
-0.990877
-0.597404
0.449543
-1.348562
-2.058276
-0.195354
0.430166
0.680965
-0.148965
-0.463744
-0.174312
0.081946
-1.886418
-0.279854
0.207876
0.970508
-1.507752
-0.167903
1.556444
-2.519068
-1.013018
-2.333025
1.266588
-0.284613
0.660938
0.702730
-0.551634
1.288975
-0.782697
-0.579769
-2.092746
0.931511
0.428710
0.148512
-1.409866
0.104171
-0.885950
-0.543963
-1.607956
-0.634016
-0.385621
-0.283211
0.978551
0.556203
0.054556
0.886871
2.599906
-1.161296
1.397853
-0.621704
3.441991
2.331059
-1.344265
1.754818
-0.700177
-1.151433
-2.279110
2.793329
-1.362569
0.665890
2.505964
0.034314
-1.192683
-0.133926
-0.974901
1.273126
1.364323
1.152457
3.399217
2.106140
1.360214
1.480570
0.267715
-0.897702
0.806604
1.695302
-0.946153
2.822282
0.295566
1.021496
-1.359236
-0.243303
0.798559
-2.198291
-1.585204
1.183666
1.911350
-0.967248
3.131729
-2.143023
-1.431494
0.747564
-0.247681
-0.558176
-0.741709
2.358797
-0.856012
1.415787
0.878174
1.989078
0.773085
2.748821
-0.394701
-1.343391
0.869784
-0.557298
-2.378792
-1.926864
1.323078
0.058684
-0.337391
-1.157108
-0.071649
-1.779679
-0.854348
1.801008
-0.081846
-1.893488
-1.829120
0.327597
0.202592
1.394671
0.487583
-0.409352
-0.517366
0.416847
1.701306
-0.795502
-0.575440
1.324369
-0.544609
1.972349
-0.261996
0.606050
1.596767
-1.253433
-1.050061
-0.748612
-0.166635
-0.752580
-0.518783
1.229779
1.364157
-0.828692
-1.011904
3.308132
0.347831
1.799652
0.845492
-0.945119
0.643545
0.796915
-2.304813
1.608971
1.368019
0.050803
0.429175
-0.253359
-0.402146
-1.114868
2.350429
0.331127
1.576259
1.493863
-1.266076
0.444654
-2.301181
0.496186
-0.390825
-0.449084
-0.626759
0.467239
0.356785
-1.262830
-0.278093
0.206976
-0.526573
-1.084037
2.586206
3.022910
0.776233
0.344365
1.228768
0.853695
2.928823
-1.931566
-0.616507
-0.570414
-1.833656
-1.255193
0.994674
-0.331700
-1.153225
0.210192
3.459301
-0.410830
-0.563959
-0.867143
0.051120
0.075826
0.030643
2.084001
2.934561
1.510765
-0.054499
1.652642
-0.154570
0.295367
-0.317401
-0.640230
-0.182029
-0.521073
0.903551
0.851019
0.987751
-2.285661
1.050574
0.553203
-0.052065
-2.080527
4.299811
-2.836790
1.688277
-2.333297
1.170887
-0.399113
0.330867
1.735736
-0.995194
1.356127
-0.733671
1.631115
-1.896974
-0.697147
-1.304028
0.077649
2.782320
0.303836
-1.214009
-2.583020
2.659811
1.433321
1.667860
-1.609034
0.877510
-0.195691
0.368773
-0.955944
-1.323504
0.271433
3.478084
-0.783279
0.407857
-0.732381
0.115272
1.417166
-1.402509
0.035884
2.413912
0.976074
0.028157
0.756133
2.761403
-0.412751
0.724294
-0.401722
2.351665
1.229491
-1.318912
0.440173
-0.712264
0.642913
-0.945999
0.284330
2.838854
0.453508
-0.055246
-0.716325
0.254996
-2.065997
0.616730
0.648206
1.525773
-1.331575
-2.389884
-2.030641
0.429956
1.825745
-1.563772
0.373370
0.111876
0.294672
-1.881743
-1.704214
-0.756449
-0.072888
1.263692
-1.009775
-2.026701
2.354523
1.724765
-1.086511
-0.278792
-0.208234
-0.045716
-0.145048
3.001203
0.499434
-0.302852
-0.520194
-2.210401
0.341753
-0.908281
0.974660
-1.391624
-0.164619
-0.234210
0.694437
-3.469348
0.002800
-2.186110
2.095976
1.456207
1.489703
1.731839
0.406171
0.892739
-0.127473
-0.488198
1.600703
-1.384076
1.263624
1.976396
-0.238022
0.399158
0.313300
3.169216
-1.283771
0.428182
-1.703746
1.224161
1.088677
-0.706399
0.014387
3.589448
-0.583820
0.125005
-0.734164
1.749134
-0.487180
0.436865
0.726830
-2.624307
3.174874
0.902357
-1.628369
0.345801
1.149727
1.108641
-1.307518
0.671832
1.053483
-0.138649
-0.595244
-0.874704
2.639674
-2.054992
-1.701261
0.592753
0.226507
-1.817310
1.319824
-0.324720
0.251902
0.478508
1.703713
-0.150637
2.169834
-0.538477
1.100598
1.717954
-0.751055
4.020044
0.066510
-1.856704
-1.395027
-0.200219
-0.598858
0.777947
3.325028
0.063025
0.012361
0.222386
-1.153046
0.515446
3.221761
-0.478408
0.337760
0.187681
0.855846
1.875020
1.845165
0.935427
2.386222
0.175849
2.255222
-0.465517
-2.646568
-1.880756
-0.296009
0.788017
-1.185295
1.647598
1.643714
-1.241226
0.431415
-3.363210
-0.206401
-0.932368
-0.337521
0.898027
-0.081539
0.818076
-0.903912
-1.357039
1.696937
-2.222258
3.029174
-1.465220
1.853516
0.036182
0.456482
-0.586305
-2.717818
1.919261
0.005425
-0.403991
-0.766065
-2.326143
1.342357
1.155148
-0.889378
-0.446992
1.011826
0.141084
-0.439584
0.562472
-2.183065
-1.769609
1.364648
-0.885151
2.473581
-1.774878
0.045399
-1.151696
-0.155637
-1.161585
-1.798460
0.273481
0.622872
0.000300
0.093066
3.613095
2.776676
-0.398903
-0.269972
2.148725
-1.202494
-0.611967
-1.324904
0.956645
1.160765
-0.624693
0.261758
1.434282
-2.111619
2.018138
0.921254
2.306669
0.811384
-0.877705
-0.291416
-2.118712
0.756503
-0.861049
0.993272
1.181090
2.177701
-2.021457
1.955456
-0.126442
-1.172655
1.060910
-0.897113
0.131622
0.390893
-0.301318
0.455552
2.766692
-0.697803
2.479470
-2.728839
0.750198
-0.480205
1.173377
-0.911802
3.518381
1.528100
0.216655
-3.470221
-0.635661
0.960961
-1.311854
0.402195
0.432434
-0.873720
-1.228446
-0.271684
-1.721052
0.016580
-1.135813
0.945301
0.461455
-0.167855
-3.506408
-0.517467
0.653273
-0.376286
-1.326213
0.839738
-1.442322
1.862012
1.013974
2.956789
-0.564561
1.444942
0.471577
1.852957
0.754544
-2.979431
-0.901047
1.160435
0.131461
-0.843800
1.857840
0.155255
-0.220192
-0.688089
2.338172
1.587850
2.346706
0.772742
-1.621253
3.023493
2.177544
-1.827986
1.001778
1.015296
0.711222
-0.601459
-2.554601
1.221109
-0.290734
-1.157102
1.350516
3.811035
-0.401339
-0.157717
0.279553
-1.766356
1.452900
-2.341480
1.542696
-1.305152
-1.146402
-0.225338
-0.454183
-1.117063
1.930027
-0.277306
-2.624680
1.136667
-2.279577
0.582811
1.683956
1.702710
-0.167894
0.966666
-1.536281
-1.402475
1.152722
1.120860
0.187466
-1.492397
-0.187208
0.430750
1.691821
-1.827288
-1.349674
-1.614149
-1.841363
-1.360370
0.198421
0.851808
-1.277143
0.775621
-0.350571
-1.900252
-0.712527
0.458050
0.480885
-0.659485
0.325554
-1.023939
0.175951
2.143296
-0.792626
1.925264
0.805870
0.187844
-0.420379
-0.469402
1.105750
-0.445418
1.386706
0.930787
1.673174
2.266812
-0.120703
-0.936312
0.154537
-0.877828
2.187139
-0.822574
-1.045299
0.168072
-1.243251
-1.268494
0.114311
-0.230601
0.608538
1.067667
-0.489832
0.518734
0.045039
0.158171
0.599217
-0.706636
2.366054
0.098503
-0.201175
-0.146658
-0.950281
-0.661907
1.400554
1.483310
1.151865
-1.850436
0.875544
1.217951
-1.446453
2.764306
-3.555084
2.335838
-0.122783
-0.969476
-2.363584
0.793846
-0.170855
0.895666
-0.090541
0.397346
3.262961
-1.118451
-2.456800
1.305554
0.833553
-0.708438
2.886016
2.405264
1.413588
-0.901775
-0.672686
-2.200863
1.586820
2.315647
-0.557462
-0.204915
-1.133854
1.776966
-2.672499
-0.236304
1.125474
-1.142242
0.946503
0.599131
1.454076
0.926398
-0.218760
-0.516550
0.109563
0.509258
2.816661
0.470287
0.222026
2.976140
-0.574198
2.809817
-0.682541
0.316173
2.451322
-0.738707
0.628773
-0.995685
-0.460210
-0.795485
-1.579555
0.533217
-2.175457
-0.441900
0.465339
3.027452
0.869096
1.538611
2.226196
-1.266252
2.784908
1.691368
-2.016290
-1.283371
1.427154
0.695291
1.454293
0.224268
0.345981
1.195385
2.672836
-1.971766
-0.414237
-1.155010
0.572895
-0.750843
0.641586
-0.042991
-0.865686
0.696119
1.120136
-0.516351
-0.977471
-0.043681
-0.877527
-2.412679
-2.557668
0.599294
1.275885
-0.720187
0.577656
-0.773116
0.429539
0.833654
-0.151087
-0.918977
0.841677
-2.607013
-0.432305
-0.042252
0.712952
0.564998
0.798420
1.487934
1.120189
-1.493806
1.320373
-1.982635
0.319405
0.242295
1.774446
-1.527699
-0.370951
-0.491394
1.478852
0.323193
1.802298
1.059488
-0.921674
1.468962
0.867627
0.909646
2.231468
-0.636241
1.946874
-2.752964
-0.237467
-1.375975
-0.124871
0.234249
1.972495
0.374426
0.276861
0.812610
0.251526
-0.965964
0.950643
0.494689
-1.934813
3.158808
0.411307
1.768756
-0.053574
-0.445457
1.685400
0.211959
0.582584
-1.780110
-2.003606
-0.808688
0.084309
2.322133
-0.398166
-1.360524
0.907417
-1.060832
-0.758671
-0.797508
-0.274556
-1.388416
-0.296198
-0.043906
1.852890
0.303320
0.415381
-1.287421
-0.330634
2.931151
-1.671727
-1.261299
-0.780118
0.145257
-0.416963
2.422018
2.684987
-1.253788
0.237073
1.539117
-0.561781
2.735554
1.215504
1.124718
-2.739154
-0.244890
-0.196330
0.740497
2.775364
-1.447024
0.508002
-0.178026
0.016237
1.224776
-0.312948
0.205088
1.449497
0.227484
1.277695
1.369462
0.268321
-0.971620
-1.216998
0.525816
0.068611
-0.557918
1.297224
-0.158657
0.560543
0.229523
-1.512779
-1.554235
-1.135965
0.841034
0.061107
1.628765
-1.110464
-0.429313
-1.463613
-0.713315
-0.288023
0.706489
2.075438
1.336066
-0.500875
0.197310
0.637232
-0.099677
0.099808
0.776096
-2.805149
0.100041
-0.722801
1.560718
2.492842
-1.580769
-1.960132
0.333248
0.784274
0.153225
-1.287288
-0.299033
1.285600
0.070683
0.569353
-2.258039
-1.396693
-0.515724
-1.265164
-1.006638
2.540858
1.911091
-3.389151
-0.091156
0.275992
-0.545461
0.144143
-1.585709
-0.132670
-0.401005
-0.103076
-0.561939
-1.247010
-0.432054
-2.615520
-1.818985
1.236107
-1.121577
-0.466581
1.852069
-0.060836
1.638560
1.144190
-0.064685
1.569352
0.083414
2.137029
2.073138
-0.932094
-1.242317
1.067782
-0.833512
-0.596975
2.056520
0.850186
-0.545792
-1.205327
-1.173823
-1.296282
-0.304147
-2.989032
0.984612
-0.272880
-3.578042
0.494626
2.220004
1.598819
-0.658293
-1.555305
-0.807039
-1.770050
0.871460
-2.355231
1.616051
-0.011180
1.093251
-0.132997
-0.973728
0.436884
-1.890656
3.336907
0.937496
-0.240006
-1.028451
0.055781
-1.046690
-0.016088
-0.859725
0.623945
0.823336
-3.877235
-1.604441
1.605278
-0.460387
0.501749
-0.423922
-0.882096
2.927902
-0.826564
-1.430737
-0.359475
-0.272685
0.087691
0.546900
-0.114785
-0.437354
-0.467398
0.800653
1.868521
-0.144555
-0.117868
-0.954641
-1.157719
-1.532516
-1.169787
-1.831649
-0.169640
-1.619339
2.310619
1.134194
0.283809
0.626074
1.761746
-0.799928
2.555275
-0.199445
-1.507172
0.431236
0.886768
0.145159
0.876859
1.055705
-0.497160
0.307877
-1.894077
-0.854179
0.927320
2.748470
-1.222633
1.015091
0.555945
-0.678013
0.703543
-1.343464
0.573874
-1.258600
-1.588541
-2.018018
-0.676041
0.482436
-2.119516
-0.564503
-0.497652
-0.261075
0.705220
2.447300
1.701426
-0.277447
0.281319
-2.697430
1.781957
-2.207452
1.353110
2.831296
0.260251
-0.957842
0.243663
3.460837
2.071411
1.262517
1.590927
2.218425
0.605387
3.093109
1.213937
0.907994
0.967919
-0.041023
1.091539
0.467523
2.687420
0.342340
-1.019353
0.762260
0.333467
-1.552977
-1.404514
-0.126486
0.747258
-0.075925
-1.810943
1.280764
1.333060
-1.708146
1.279883
-0.033808
-0.304366
0.428081
-0.284913
0.423598
-2.221351
-2.662154
-0.309466
-0.014372
-0.984334
0.763948
0.406469
-0.526672
0.093157
-0.370716
0.564027
-0.382880
1.092314
-2.066050
-0.160780
0.113938
0.133350
2.578504
-0.730533
0.970983
-1.260177
-1.398266
-1.151067
-0.721167
-2.136004
-1.254801
-0.609465
-2.262719
-1.360784
0.707985
1.049985
-2.568313
2.112465
-1.492876
-0.238767
-1.092746
-0.588140
0.286165
2.001791
-2.671955
-0.593775
0.578312
3.972358
-0.215483
3.373642
-0.578381
2.085553
-1.348383
-0.165395
0.499267
-1.486569
-0.830483
1.510896
-0.483707
-0.340067
0.070003
0.293182
-0.462810
-0.212953
-0.649413
0.230430
0.222757
0.354201
-1.580229
1.641479
2.241413
1.209158
-1.716392
-1.252592
3.217757
0.182298
0.788318
-0.360394
-0.696858
1.555379
0.109878
1.640817
-1.823457
1.531440
1.378334
0.540379
-1.472248
-0.377767
0.882203
0.408256
-0.057925
-0.112603
0.303009
-1.914613
-1.555964
1.157439
0.137296
0.554473
-0.077195
2.260448
0.632476
1.815631
2.320725
-1.677530
-1.530836
2.063062
0.162573
-1.170411
-1.182587
