8
1 500 1000 200 42 777 13 99
-10.574150
3.287151
-0.124918
-11.741732
-9.229569
-11.741732
-8.888515
3.380429
-10.838271
-2.222359
-2.835334
-9.174096
4.972974
1.309769
3.619168
-9.882169
-7.054664
-7.383905
-5.978257
-6.695919
-9.210472
-4.104279
-6.645943
-10.388128
-7.708927
-7.085032
-1.352776
-4.738134
-9.229569
-9.023065
-7.900808
-0.971700
-9.229569
-6.034498
-4.592167
-3.436461
-9.341908
-4.487661
-4.055630
-6.072100
-6.722653
-7.967931
-4.714403
-4.116114
-3.529191
-4.112555
-2.396112
-6.504791
0.016254
-6.121111
-8.040941
-4.435019
-3.531248
-2.991680
-5.383022
-4.450710
-8.539617
-4.357008
-1.848219
-10.229991
-7.900808
-7.004694
-11.435316
-9.819356
-11.741732
-1.848462
-3.483320
-1.475026
-1.784353
-1.190909
-0.648258
0.190138
0.101376
-0.281384
-1.328985
-1.998004
-1.122558
-2.742446
-0.229824
-0.259837
-2.051896
-8.650245
-3.241200
1.159950
1.240777
-2.787521
-1.022446
-1.693932
-1.231400
-0.531629
0.866651
-11.741732
-4.891758
-11.741732
-11.741732
-8.501696
-3.970613
-11.024768
-5.728662
-3.970613
-11.435316
-8.003010
-9.229569
-6.544059
-4.932071
-9.229569
-3.970613
-9.147062
-11.741732
-11.435316
-10.106544
-6.544059
-8.632463
-9.229569
-9.229569
-11.741732
-6.544059
-11.101606
-3.970613
-8.849715
-4.636396
-9.229569
-6.348002
-6.923775
-12.622007
-6.544059
-11.741732
-9.553307
-8.420612
-7.638672
-9.229569
-11.435316
-9.229569
-4.811620
-12.701982
-11.741732
-11.741732
-9.881129
-11.435316
-9.229569
-9.229569
-8.238622
-10.540240
-6.544059
-9.229569
-9.229569
-11.435316
-9.229569
-9.229569
-3.970613
-9.229569
-11.741732
-11.741732
-9.229569
-9.229569
-7.900808
-3.970613
-3.970613
-11.435316
-10.301206
-9.229569
-3.970613
-11.741732
-9.229569
-9.229569
-3.970613
-3.970613
-7.900808
-9.229569
-9.450120
-11.741732
-9.229569
-9.700668
-11.435316
-9.229569
-9.229569
-9.229569
-9.229569
-7.900808
-3.970613
-9.229569
-6.544059
-9.229569
-11.741732
-9.229569
-6.544059
-11.741732
-6.544059
-9.229569
-11.435316
-9.229569
-6.544059
-9.229569
-11.741732
-9.229569
-11.435316
-11.741732
-11.741732
-6.544059
-9.639976
-11.741732
-3.970613
-11.741732
-9.229569
-6.544059
-11.741732
-9.229569
-3.970613
-11.435316
-11.741732
-9.229569
-11.741732
-9.229569
-9.229569
-11.741732
-3.970613
-3.970613
-9.229569
-9.229569
-11.741732
-7.900808
3.519931
-11.741732
-9.580199
-8.405318
-11.741732
-8.490458
-10.133904
-6.544059
-7.423462
-9.229569
-9.229569
-9.229569
-11.435316
-7.751533
-9.229569
-6.544059
-9.229569
-10.622275
-11.741732
-11.741732
-11.741732
-10.131387
-9.229569
-8.907504
-9.862406
-6.544059
-7.720149
-5.498506
-11.435316
-9.229569
-9.229569
-6.929667
-10.566180
-9.229569
-10.595154
-6.484354
-3.063281
-1.446796
-0.685044
-3.059228
-3.889613
-1.405670
-2.363982
0.049503
0.483355
-3.981202
-1.034713
-3.254433
-2.509057
-3.663298
0.254852
-1.907251
-2.885007
-1.349152
0.952620
-1.850843
0.759797
0.118109
-4.608506
-6.998453
-1.964507
-1.964669
-4.852777
-0.059808
1.161286
-4.760170
-0.112715
-6.983300
-6.786420
-6.617877
-0.359859
-5.704901
-2.102086
-5.222406
-3.685628
-3.560693
1.916687
-2.323665
-3.214339
-1.764838
-3.680375
3.451814
-4.883999
-2.333753
-6.106652
-1.865444
0.685440
-1.466950
-2.089128
-2.047472
-2.425976
-0.278072
-4.692034
-3.890511
-3.052352
-0.863675
-2.895265
-5.133079
1.416804
-1.198961
0.180305
-1.554460
-0.939385
-4.397512
-1.816302
-5.431654
-2.460644
-1.026491
-6.881890
-11.428291
-7.772331
-3.360385
-3.091635
-2.621281
-2.637020
-1.332503
-4.043034
-2.056621
-0.648238
-4.553225
-3.993979
-6.091820
-4.395150
-4.362813
-1.003884
-2.321507
-1.212712
-3.784470
0.035752
-0.091214
-3.927462
-4.115762
-2.966009
-5.944026
-6.654907
-7.685171
-2.208095
-9.415168
-3.970613
-11.741732
-9.229569
-11.741732
-9.229569
-6.105212
3.231475
-8.478726
-10.808397
-6.360451
-8.274210
-4.214909
-1.109844
-4.193442
-4.632421
-6.772531
-2.444045
-4.003317
0.069506
-7.665297
-6.544059
-4.072309
-1.869748
-4.373081
-1.639532
-4.537476
2.467236
3.318955
-2.938166
-5.403003
-1.876822
-4.874048
-3.289468
-1.952056
-2.891332
-5.289289
-2.179216
-2.639341
0.036375
-0.851057
-1.305364
-4.248522
-2.855098
-8.730451
-1.645352
2.132815
-5.778129
-4.306909
-4.230393
-6.168981
-1.623549
-5.062954
-5.703698
1.001551
-3.307956
-7.539663
-5.576302
-5.267169
-4.004447
-2.718054
-1.494839
-0.513729
-1.313479
-1.811613
-2.946940
-6.722495
-2.287136
-3.256606
-0.712443
-1.681079
-6.869674
-7.709119
-1.936893
-6.568591
1.178023
-1.608977
-3.785886
-1.942942
2.316636
-10.871807
-6.778910
-1.841861
-6.693898
-4.767542
-1.912636
-5.841479
-5.204317
-3.213450
0.196718
-3.986267
-4.770303
-3.747172
-11.234629
-1.626432
-2.992663
-3.006471
-4.276332
-3.414343
-1.821896
-6.347991
-4.770226
-2.746601
-2.962692
-3.750404
-3.308786
-1.948309
-3.571821
-0.838413
-4.136820
-2.275157
-6.245561
-1.879447
-3.966457
-2.684545
-6.142386
2.496741
1.001479
-5.605764
-3.049246
-3.521865
0.772994
-2.496371
-8.480924
-0.918124
-4.654940
-8.270581
0.836459
-3.241851
-6.059687
-2.428776
-5.539354
-5.254010
-1.592543
-3.772146
1.073180
-4.446591
-2.376237
-0.432328
-7.173097
-5.816032
-3.582181
-6.474361
-1.710625
1.740537
-5.631958
-4.376784
-5.989966
-9.256705
-5.688004
0.027307
0.392244
-5.620832
-7.024385
-3.562899
1.376940
-5.181010
3.759158
-6.612932
-7.284816
-4.553778
-3.451100
-2.139389
-7.694677
-5.919097
-4.849495
-5.226384
-4.496440
-7.890182
-5.960990
-11.419275
-6.743466
-4.672874
-0.809659
-0.038060
-3.172718
-2.119008
-6.980618
-3.987023
-7.650214
-1.503488
-3.370276
0.090351
-4.497653
-1.076145
-9.229569
-7.216990
-1.898684
-7.831066
0.441134
-3.376917
-5.765122
-3.868792
-2.408584
-6.426535
-5.411752
-3.062478
-5.034961
-4.255601
-1.502329
-4.794329
-8.666504
-2.249888
-1.407220
-8.419635
2.477663
-1.786863
-2.025863
-3.506607
-8.801222
-3.686111
-2.593626
-6.518466
-6.582078
-4.055646
-1.015738
-2.672940
-2.938322
-5.897957
-2.464742
-0.043810
-5.337305
-3.469615
-3.656330
-3.970613
-6.966474
-1.880243
-1.223343
-2.657992
-5.902712
-5.145514
-1.974224
-1.254193
-1.146204
-7.298738
-2.033976
-2.307321
-4.021157
-1.437643
-2.499869
-1.838827
-2.680413
-9.126228
-4.104843
-10.120396
-2.360218
-10.825012
-5.440922
-4.376858
-6.882496
-7.665876
-6.378178
-4.850069
-4.329133
-1.910613
-4.472966
-0.891106
-7.259824
-3.285486
-7.751115
0.157333
-6.225880
-5.539232
-4.113493
-5.354817
-6.229526
1.110482
-6.982975
-4.452188
-2.706375
-1.329016
0.198594
-2.702260
-4.874300
-0.136859
-2.129662
-7.265480
-6.150555
-3.661982
-4.165657
-7.508640
-0.129892
-3.501151
1.954571
-2.430249
0.310661
-4.684466
-5.105145
-5.330190
-1.466075
-2.042310
-1.888948
-6.884563
-4.329177
-4.686402
-1.604753
-5.361841
-3.678741
-3.418635
-4.496860
-4.335570
-9.563577
-3.049360
1.455918
-5.827038
-4.302177
-3.154878
-4.756179
-5.874956
-2.702709
-7.476314
-6.703786
-4.513986
-10.407349
-9.709890
-5.923032
-5.972097
-5.942390
-6.243973
-6.046407
-7.876928
-4.027125
-4.617166
-3.487042
-4.637193
-5.936478
-5.452192
-9.405252
-5.981998
-2.989468
1.412847
-2.950571
-8.454166
-2.630116
-8.824614
-10.290689
-4.882450
-6.361011
-2.124098
-4.212887
-6.151293
-9.229569
-8.114951
-4.922009
-4.981478
-5.734572
-3.649198
-0.829640
-5.948012
-2.190476
-4.287667
-0.029656
-5.380099
-5.591322
-3.481737
-5.579030
-1.551673
-8.736892
-8.733747
-1.456211
-6.088032
-4.958525
-4.080295
-4.812547
-7.269416
-9.229569
-7.640096
-11.460539
-4.514820
-4.510407
-3.906001
-6.861605
-5.876879
-0.215040
-8.208671
-3.429677
-7.421042
-4.904127
-1.487510
-2.859418
-0.929537
-8.570238
-6.730576
-5.990936
-2.710192
-7.848214
1.459097
-0.945792
-3.072461
-7.216805
-6.146658
-6.054114
-5.409080
-1.807732
-5.049181
-5.459110
-5.280845
-4.597219
-8.570337
-1.345916
-7.176356
-3.759291
-5.970488
-3.593225
-5.907115
-2.084332
-4.962271
-2.521184
-1.602450
-4.794847
-0.642607
-1.386336
-1.874055
-2.992221
-4.877725
-4.250386
-2.525963
-0.487608
-6.584473
-5.764964
-2.715297
1.985884
-2.054671
-6.504261
-8.518311
-7.623187
3.259362
-0.726731
-10.275661
-6.711491
-3.254306
-3.143896
-3.211634
-5.069547
-4.144360
0.248243
-4.954525
-4.540370
-5.883234
-4.988604
-6.270086
-8.201553
-4.319744
-5.689205
-5.574174
-3.837182
-4.934637
-3.675400
-5.030789
-6.064947
-6.074941
-1.355244
-2.478197
-3.458657
0.125376
-5.133115
-1.622265
-5.741465
-0.805303
-5.399704
-6.762304
-6.373214
-5.201670
-1.247267
-3.068922
-5.833064
-4.786330
-2.693121
-2.910497
-1.907510
-1.985019
-6.075905
-4.559466
-6.524597
-3.591098
-13.541642
-3.526830
-4.982066
-2.213146
-9.628057
-8.225494
-9.460252
-3.579433
-4.131576
-4.991184
-2.070338
1.876261
-4.250516
-4.837066
-6.469242
-4.147322
-9.205920
-4.859482
-6.856680
-3.502770
-6.150340
-7.765099
-3.236508
-2.576325
-7.278510
-4.466759
-1.978100
-1.571821
-1.622379
-4.402061
-2.729503
-1.098787
-3.653629
-9.678539
-4.090137
-6.173628
-1.086697
-7.953634
-6.429820
-0.507975
-2.983975
-0.977864
-5.686794
-1.657013
-4.021227
-6.814902
-1.769226
-4.108047
-5.538054
-9.450067
-6.294118
-3.970613
-5.501215
-3.980117
-10.029694
1.059248
-3.370294
-2.578520
-6.887239
-5.873684
-5.816117
-0.762435
-3.606355
0.959181
-9.053191
-4.135443
-3.479392
0.536151
-5.136261
-6.323210
-7.421222
-4.497338
-7.619748
-4.516598
-3.131869
-4.538461
-1.097134
-3.931150
-9.139794
1.317940
-0.824131
-3.966329
-4.538844
-6.537107
-5.925515
-3.273963
-3.134322
-3.696161
-5.329622
-9.229569
-3.524220
-4.904014
-4.918263
-3.186778
-8.997699
-2.617221
-7.171268
-5.145289
-11.435316
-3.918417
-7.473121
-3.401165
-0.004462
-3.818684
-5.505804
-10.153050
-8.322579
-7.571516
-4.788279
-3.579385
-2.340318
-3.933726
0.288659
-3.327985
-5.691287
-3.531396
-4.312121
-4.651601
-3.468451
-9.225450
-5.714376
-2.768643
-5.535897
-4.153430
0.266228
-5.959592
-5.049917
-3.877741
-5.250575
-6.913184
-7.004388
0.762243
-7.810314
-5.721182
-3.703645
-1.229964
-4.017283
-8.286999
-13.063256
-7.475611
-6.362845
-9.508771
-4.914464
-2.513014
-6.479980
-1.408679
-3.142657
-8.363848
-5.462881
-7.358777
-4.536136
-6.584105
-3.163941
-4.543804
-6.308614
-6.395130
-3.326009
-2.858068
-4.852818
-1.281629
-5.433787
-9.001390
-4.445786
-5.627634
-4.557960
-5.876033
-2.771851
-7.161039
-0.036186
-4.676798
-4.624435
-1.652321
-6.055938
-3.609462
-2.202697
-3.716740
2.180829
-6.426969
-7.126442
-4.352221
-2.731211
-2.208681
-2.766819
-1.022785
-1.031592
-12.836201
-5.580847
-4.870832
-2.524329
-4.680379
-2.106470
-7.471816
-1.391400
-1.988947
-2.548641
-4.276665
-2.694097
-4.554950
-5.978961
-0.860046
-2.219965
-11.741732
-2.343223
-3.540379
-5.732562
-4.141392
-5.065380
-2.133150
-6.599317
-6.349521
-2.800997
-5.783381
-6.430451
-11.062786
-3.347055
-3.440710
-6.949470
-2.686173
-5.679222
-7.736377
-10.388416
-3.621516
-9.044005
-4.489982
-5.862944
-2.117922
-5.762952
-9.464279
-11.435316
-3.207057
-3.854279
-5.310696
-7.807206
-5.788984
-6.727139
-3.280823
-8.694210
-9.326014
-4.069254
-4.234292
-1.394647
-3.184418
-4.361435
-3.308218
-3.179722
-0.854992
-4.986164
-11.435316
-4.901712
-8.943174
-4.183060
-1.751261
-5.427123
-9.490124
-1.989835
-4.751089
-4.468898
-3.421790
-4.930335
-3.510795
-1.440269
-4.915528
-5.784018
-3.226647
-5.724171
-6.990576
-6.544059
-8.640545
-6.224655
-8.645600
-4.737761
-9.998646
-6.776264
-1.574036
-4.995505
-3.903689
-1.050276
-5.757530
-4.544465
-7.112116
-4.607147
-4.495683
-4.381571
-5.862360
-0.666373
-7.475199
-4.357975
-3.846070
-6.259059
-6.255569
-3.380169
-5.194746
-0.350793
-6.462508
-5.613563
-6.918657
-9.042198
-2.955711
-1.619210
-4.140647
-3.869301
-8.535954
-5.956561
-3.959706
-3.036238
-2.164505
-5.858139
-0.788377
-8.027777
-5.006474
-7.571484
-3.020785
-3.086127
-9.229569
-11.741732
-6.360621
-6.734354
-2.188932
-4.177703
-5.760854
-6.165941
-9.071613
-4.327298
-0.381157
-3.107870
-6.254420
-4.201200
-5.141971
-5.523067
-5.532545
-6.727186
-6.940809
-2.551687
-3.120486
-4.257432
-2.447873
-6.693637
-9.411876
-5.166454
-5.895827
-7.231841
-4.856507
-0.753921
-0.666907
-5.789250
-5.270422
-4.804836
-5.516931
-3.194592
-5.981593
-3.802153
-2.772585
-1.733247
-5.887273
-3.691498
-1.801665
-5.673447
-6.437769
-6.318259
-5.773777
-2.543729
-2.686149
-5.797506
-1.799956
-5.898791
-2.521970
-6.499287
-4.920793
-6.754656
-8.084798
-4.841400
-0.524954
-6.283498
-0.208587
-4.133129
-5.857592
-3.797547
-3.814873
-6.537686
-4.731682
-6.534891
-4.511359
-4.482153
-7.333198
-8.474346
-2.938496
-4.724538
-2.515688
-2.157529
-4.504319
-1.475762
-4.628088
-4.979188
-10.026374
-9.241423
-9.229569
-6.835546
-4.799315
-4.702157
-3.612318
-5.977488
-5.796039
-5.248634
-5.363255
-9.229569
-4.672853
-1.631672
-6.882617
-6.823521
-4.300653
-2.370293
-6.484542
-2.325409
-3.760304
-6.303596
-3.167267
-4.032816
-3.487955
-11.741732
-4.599839
-5.763028
-2.653834
-4.138249
-3.111923
-7.245748
-5.777351
-1.789660
-9.821413
-3.072845
-4.382833
-6.515452
-2.153475
-4.549307
-4.495925
-5.368320
-6.419711
-6.880652
-2.666110
-2.945870
-6.530865
-6.882438
-6.070816
-2.752988
-5.847637
-3.220756
-6.001059
-4.875285
-5.639411
-5.525476
-10.250240
-7.641337
-5.772994
-10.082479
-8.387670
-4.034771
-4.209265
-4.927605
-4.549753
-4.269633
-5.622582
-2.456127
-4.581945
-8.846443
-6.169294
-2.315531
-5.341169
-8.441758
-3.936924
-2.491596
-6.426129
-5.081989
-2.471585
-1.675770
-5.287697
-4.372757
-6.170358
-4.071197
-4.144046
-2.814340
-6.504747
-8.936553
-12.141000
-4.123363
-1.334743
-4.267264
-2.709906
-6.413089
-5.092337
-4.086581
-1.518347
-6.744358
-4.156819
-5.976646
-4.844762
-3.216192
-3.985855
-3.995087
-2.890265
-3.771745
-3.718424
-3.880851
-9.229569
-2.478508
-3.828495
-4.503006
-7.528342
-6.533473
-11.720697
-0.256333
-2.995288
-9.687209
-2.454927
-5.349043
-2.914051
-6.343290
-4.994091
-5.463144
-2.776758
-3.177566
-1.095328
-7.181248
-5.667010
-7.007172
-7.021588
-6.854433
-6.071927
-0.924352
-5.394393
-7.257764
-1.815202
-4.758184
-2.217701
-4.353734
-6.536568
-1.208142
-0.974320
-4.476804
-7.176435
-10.792013
-4.867376
-4.785671
-1.682483
-6.132913
-11.741732
-4.403361
-3.297158
-5.902224
-7.593676
-4.885493
-3.993143
-1.018088
-3.939419
-5.231646
-7.550416
-8.272854
-8.416038
-6.052444
-8.378883
-7.913682
-7.080956
-8.022203
-4.793488
-3.911839
-2.739314
-4.800263
-4.945116
-5.744032
0.760445
-6.594920
-6.054289
-6.255000
-9.293401
-6.259746
-2.447831
-4.837942
-5.420827
-3.255980
-9.471368
-7.296213
-4.298572
-5.764916
-4.109873
-4.819738
-2.777919
-2.087188
-9.027133
-3.421471
-6.689216
-6.788599
-3.963229
2.813175
-5.170227
-1.727114
-7.959753
-2.448319
-12.341303
-4.094480
-6.457167
-8.444672
-3.440049
-3.634037
-3.983169
-5.282189
-4.975984
-8.940134
-2.163731
-7.411889
-9.204596
-3.027084
-1.373188
-7.170997
-8.778337
-6.826494
-7.184854
-11.325546
-2.666556
-6.376363
-5.810848
-4.314631
-5.822124
-4.882030
-8.306285
-1.097331
-10.879565
-2.614315
-4.719672
-9.229569
-4.326434
-2.330681
-0.336636
-7.694016
-5.367859
-0.645569
-5.562335
-5.741083
-3.632061
-9.089062
-3.908086
-0.156931
-6.269615
-6.431173
-2.618507
-3.046842
-11.741732
-4.503253
0.659837
-8.819726
-4.617778
-1.317789
-5.901276
-3.203612
-3.845782
-5.318407
-4.885186
-1.599642
-7.371483
-3.525082
-5.616616
-5.599450
-5.523737
-5.099122
-3.710609
-7.632700
-3.927947
-4.294434
-5.126953
-5.131340
-1.931706
-8.637578
-4.183719
-1.884590
-9.627664
-5.995300
-7.607699
-4.845399
-4.221965
-5.607333
-4.921576
-1.535024
-2.884515
-8.314409
-1.114959
-3.823428
-2.679764
-7.490957
-5.751328
-5.674068
-5.746553
-5.248513
-6.402273
-4.388306
-2.462194
0.382224
-3.230895
-4.727647
-6.302627
-6.948824
-6.870811
-0.251718
-2.833169
-5.840128
-4.023226
-5.757620
-0.890647
-9.664863
-2.640483
-3.361401
-6.822222
-2.899289
-4.863794
-5.786629
-3.734846
-2.096607
-4.745468
-0.364822
-4.153365
-4.261695
-7.136883
-6.539838
-9.011078
-2.057414
-3.432924
-1.889922
-8.428929
-6.827385
-8.223975
-1.523598
-4.378434
-0.289461
-3.830944
-5.301017
-5.684482
-4.387975
-8.142468
-5.260618
-5.852848
-6.400009
-4.810837
-8.321370
-5.991935
-5.013054
-3.306277
-8.365966
0.191333
-5.391736
-5.955091
-3.725249
-5.800565
0.465248
-3.832523
-5.073043
-10.119363
-8.307804
-8.718760
-7.682664
-2.195256
-3.682379
-9.411660
-4.104280
-2.513858
-3.019164
-4.364327
-6.236963
-6.155681
-1.765934
-7.785509
-7.321128
-3.326523
-7.354365
-5.285800
-5.549842
-5.709948
-7.282363
-7.335001
-2.142528
-1.669056
-12.269522
-1.192116
-7.543961
-9.197348
-6.186608
-5.903615
-4.409133
-1.473917
0.138785
3.603112
-7.094979
-9.932098
-4.482639
-9.285464
-6.218730
-9.095435
-4.770378
-9.229569
-2.522828
-6.689817
-4.016078
-11.219357
-0.701283
-10.846613
-3.988687
-3.300320
-5.739233
-4.390168
-4.817164
-7.012876
1.152320
-12.046659
-6.194995
-4.687933
-10.711571
-3.294251
-1.180497
-3.423299
-9.549448
-6.366138
-6.288044
-9.923173
-5.212386
-7.745744
-1.864188
-5.157636
-4.749713
-4.859285
2.356726
-2.876302
-4.722260
-7.913506
-4.803734
-8.581296
-5.970578
-2.411477
-3.010502
-9.229569
-1.886627
-7.129370
-4.456728
-3.271097
-5.711321
-7.878107
-6.633308
-0.752375
-6.411436
-2.927505
-3.675346
-8.539690
-5.693210
-2.138321
-0.170592
-10.479858
-3.351362
-2.933332
-2.269227
-10.212524
-6.429385
-5.731444
-5.930225
-8.048121
-9.229569
-3.327020
-5.059184
-7.550937
0.392434
-5.201744
-5.128785
-3.427886
-11.609326
-6.527959
-5.844772
-8.640808
-5.211289
-4.340945
-0.742862
-5.206664
-8.719276
-6.427314
-12.920093
-3.690678
-7.418396
0.312242
-7.107151
-7.200225
-3.352343
-6.374079
-7.657198
-7.831631
-6.340419
-10.029928
-6.641960
-10.001806
-5.488755
-2.788914
-5.408989
-5.217573
-5.348597
-5.536265
-10.309626
-1.697175
-4.159136
-2.002896
-5.879764
-5.568030
-7.622929
-9.416162
-2.469867
-10.292885
0.602072
-9.709325
-5.894626
-7.063678
-4.433222
-5.209816
-2.765769
-5.359251
-5.978582
-0.659821
-4.477268
-2.017203
0.460352
-7.847148
-5.740739
-3.779395
-2.950092
-4.536714
-0.366004
-4.799362
-1.266256
-4.137645
-4.615452
-4.049700
-3.214236
-11.644375
-3.459525
-2.339178
-8.810429
-3.253866
-7.925691
-5.148420
-9.576857
-7.004379
-0.510231
-1.984567
-3.936483
-1.967991
-7.347493
-9.848630
-6.275357
-2.815218
-11.774817
-4.407712
-4.817992
-6.738356
-5.317068
-8.749770
-7.253026
-6.596302
-6.088835
-4.948442
-2.180336
-3.658703
-9.575221
-4.412656
-6.478682
-7.252160
-7.050890
-3.431795
-3.437738
-3.321402
-8.626565
-6.898083
-11.435316
-3.658275
-6.888560
-2.959499
-7.516316
-5.858234
-7.815747
-2.967408
-3.631945
-5.490820
-8.595731
-2.978182
-2.130043
-7.993865
-3.914743
-3.573763
-3.678131
-3.561566
-3.305506
-6.234162
-3.519855
-4.667906
-7.646960
-5.095969
-5.256348
-3.896882
-4.560337
-4.671481
-5.378648
-6.660004
-4.059059
-2.422668
-2.736738
-5.644335
-7.801998
-3.688043
-10.577975
-4.730478
-3.211226
-6.519100
-9.976909
-2.199031
-4.969866
-8.550143
-5.833227
-4.303908
-6.335472
-7.941709
-10.085813
-9.229569
-5.113633
3.464455
-4.081230
-3.880739
-3.574750
-3.875050
-3.365298
-6.451798
-6.659798
-3.260878
-2.018965
-4.432043
-8.482635
-9.648046
-11.741732
-6.037338
-2.082774
-8.737177
-8.196196
-3.424676
-8.244591
-7.443710
-3.990446
-6.891736
-3.880127
-1.943667
-5.788530
-0.761084
-2.801215
-6.825767
-8.496594
-4.988661
-3.119756
-4.584947
-3.656271
-6.796659
-9.229569
-6.173059
-4.644630
-7.632837
-6.761079
-2.611608
-3.063482
-8.409172
-6.724255
-5.357615
-6.277976
-2.845482
-6.682540
-5.304498
-2.672675
-8.521838
-4.252311
-10.531984
0.677221
-6.981855
-1.089587
-4.657310
-5.105991
-2.758843
-3.747511
-4.123504
-5.681168
-7.008909
-5.272392
-5.250210
-4.804942
-8.744138
-7.550487
-2.055037
-4.553943
-3.829905
-1.309072
-3.366421
-5.290991
-6.426806
0.668916
-3.255987
-2.470867
-4.133491
-4.999143
0.169462
-6.582681
-4.453996
-5.103426
-3.020846
-5.884396
-2.002627
-10.277650
-4.767872
-5.353342
-2.556818
-5.245479
-3.453510
-5.667872
-7.736661
-11.741732
-5.982911
-10.593923
-4.200007
-5.226239
-3.686708
-6.011869
-4.288197
-6.119377
-7.275681
-3.799359
-3.936165
-9.186440
-5.932323
-5.394937
-1.329225
-4.269343
-3.932324
-7.647932
-3.663327
-12.298985
-5.175958
-6.230276
-0.822344
-0.465467
-6.467257
-10.145761
-9.816141
-5.560585
-3.377563
-9.753243
-3.382583
-5.596370
-2.862821
-2.395744
-5.014378
-5.332821
-2.423371
-8.089046
-4.564672
-5.795980
-6.777950
-5.507678
-8.789187
-6.281868
-7.743964
-7.212582
-7.010201
-5.823517
-3.893787
-3.188826
-4.407194
-3.036985
-4.025590
-4.946114
-6.017477
-2.096561
-10.417903
-0.719309
-4.281533
-3.410135
-3.211847
-5.588115
-6.638462
-8.292615
-4.633948
-4.311793
-1.229671
-3.992792
-4.288829
-2.872151
-4.011074
-3.271198
-5.829565
-7.526949
-3.065359
-4.615704
-8.584481
-7.012981
-9.775582
-2.003001
-6.222341
-7.378901
-5.028929
-2.680370
-7.086855
-5.804881
-7.738581
-8.250775
-7.401619
-3.514413
-5.412014
-4.073668
-5.214283
-4.357506
-7.222461
-2.694650
-8.310141
-3.495814
-7.375720
-3.480354
-1.833584
-6.236554
-2.957794
-0.908567
-2.122505
-3.331869
-2.815104
-7.395185
-4.047777
-8.571805
-6.781003
-4.871307
-5.576991
-5.918652
-8.909512
-1.098914
-4.953805
-4.454873
-5.573647
-5.133016
-4.732967
-2.174488
-3.624660
-0.588165
-10.077138
-4.579724
-6.521597
-7.153677
-6.735616
-1.100393
-2.606004
-6.341274
-4.873180
-5.872412
-1.439131
-2.702170
-4.505455
-5.991514
-8.109330
-3.309155
-6.381772
-5.726900
-5.623411
-3.855054
-3.500869
-5.233772
-4.907827
-7.993505
-1.572322
-7.054217
-4.060812
-8.375009
-7.941136
-7.509497
-4.333020
-3.136891
-6.756000
-3.534095
-11.273713
-2.442886
-5.269236
-3.211866
-4.270697
-4.704093
-3.153315
-3.718105
-1.573015
-7.550921
-8.613930
-11.799789
-2.580591
-4.599751
-5.612468
-4.466269
-7.399844
-2.129238
-9.806950
-7.044799
-8.635932
-6.954174
-4.853742
-7.457954
-1.658297
-7.490531
-4.883335
-6.537731
-3.785256
-1.735938
-5.097601
-5.430762
-2.657200
-5.577184
-5.664467
-6.972075
-6.172720
-4.989471
-8.963387
-3.797295
-4.813920
-2.366004
-3.201022
-4.846878
-6.488681
-3.617889
-8.196700
-4.354762
-4.311167
-7.970748
-1.128417
-3.644612
-6.729992
-1.477100
-4.177839
-7.310232
-5.045897
-6.886622
-5.474038
-3.229317
-3.548077
-2.922187
-3.826858
-2.790292
-4.767581
-5.125398
-7.796114
-7.263726
-3.611151
-5.829558
-4.787269
-5.703637
-1.721977
-3.340696
-2.928412
-3.884657
-3.183019
-2.799263
-8.899517
-11.141961
-2.355853
-7.287084
0.323909
-11.146458
-6.540068
-6.382270
-2.799036
-4.388197
-9.832638
-6.343947
-9.236446
-2.871336
-3.020852
-6.117059
-3.259577
-3.657963
-0.631907
-6.555946
-3.085318
-4.501638
-7.298459
-0.059640
-5.865620
-7.355837
-6.879042
-4.426440
-8.316476
-10.425879
-5.846617
-4.703969
-5.131309
-8.041298
-3.581333
-7.029253
-5.616349
-7.934403
-5.669293
-1.630125
-0.898495
-7.114049
-6.363627
-5.722532
-4.045275
-4.643682
-3.387009
-4.496289
-7.553031
-5.206037
-4.081856
-2.223300
-5.582082
-6.742751
-4.713742
-6.365813
-4.846457
-4.216954
-1.962824
-5.256680
-2.611824
-3.648881
-4.121116
-5.399090
-3.894058
-5.103507
-4.695207
-4.714277
-6.513189
-8.641289
-6.789569
-4.663308
-4.005841
-9.819728
-5.130203
-4.155241
-1.496553
-5.268470
-5.899236
-3.689133
-2.242865
-4.809568
-5.076477
-7.202746
-2.406740
-9.686662
-5.209854
-4.464463
-4.052042
-12.838837
-6.545305
-0.876908
-5.160962
-6.896423
-9.199814
-1.274881
-4.381569
-6.239172
-3.700567
-1.111396
-4.607386
-7.652361
-5.412488
-8.191870
-10.854292
-7.416354
-5.960466
-3.669492
-4.806905
-3.232435
-7.379234
-11.853712
-5.609372
-7.249609
-7.061148
-8.577709
-6.323506
-1.986434
-6.328346
-6.187397
-6.128154
-4.922631
-3.663485
-2.957010
-6.510181
-6.260103
-11.435316
-6.796772
-3.658813
-6.345477
-3.679733
-6.739888
-1.374224
-3.916934
-9.242230
-3.152027
-5.226614
-2.812367
-5.579659
-5.180834
-1.339153
-6.502136
-4.635219
-7.132728
-7.669590
-5.154254
-4.039555
-5.038257
-4.178118
-8.072844
-6.328769
-3.028550
-4.956855
-6.218969
-9.226177
-3.382720
-6.179371
-5.188691
1.310295
-11.577686
-4.716984
-3.761673
-4.596998
-5.637888
-5.540301
-6.176749
-7.036316
-2.673201
-4.171206
-5.568650
-4.899050
-3.800472
-2.157775
-7.466079
-8.729474
-4.649590
-3.808857
-6.196113
-3.390985
-3.310238
-0.775131
-0.134520
-4.444561
-8.157830
-10.090184
-6.406915
-3.561089
-5.321506
-4.850704
0.372514
-8.808401
-5.484760
-3.623455
-4.365598
-2.400263
-3.625657
-2.136022
-1.330408
-11.505119
-2.004370
-9.193658
-7.132859
-7.080081
-10.217727
-1.441437
-3.422274
-3.158334
-4.751764
-7.024796
-7.442954
-4.133208
-2.447941
-7.329185
-2.514476
-2.534543
-8.273519
-11.741732
-6.895124
-4.036266
-3.684306
-6.538644
-5.253384
-5.731112
-3.442253
-11.514546
-4.752128
-3.852736
-8.007952
-3.508580
-2.567659
-9.911877
-6.185686
-5.103015
-5.021187
-5.999893
-2.116230
-5.536373
-5.445169
-1.893219
-3.515109
-4.896636
-5.404349
-8.641603
-4.338544
-11.741732
-2.129927
-5.168924
-6.366894
-3.006428
-5.545879
-8.643682
-3.311667
-6.716329
-7.876105
-5.420896
-6.108816
-8.285019
-4.514034
-1.176946
-7.917280
-8.336245
-5.366464
-5.871400
-6.173816
-3.978168
-5.571473
-4.811150
-3.453134
-8.646552
-7.181069
-4.445680
-6.720601
-3.974022
-2.885673
-4.289793
-8.170829
-3.612876
-6.468558
-5.697980
-8.062152
-7.872511
-5.865011
-2.197233
-5.570534
-5.059128
-0.155166
-5.408960
-5.300986
-7.887490
-0.982030
-3.484065
-5.784773
-7.106341
-4.079169
-5.749075
-6.039185
-4.012393
-5.451741
-3.373955
-5.809188
-4.443235
-5.521669
-3.314852
-6.499591
-3.204039
-8.653230
-7.540801
-3.431926
-9.947415
-1.553546
-5.831526
-3.606235
-4.272224
-6.873295
-6.458141
-2.500591
-6.544059
-2.854013
-0.842912
-5.325660
-3.049512
-11.583134
-1.983198
-6.506869
-4.317078
-6.702778
-5.977411
-7.025395
-8.824884
-6.635986
-7.038173
-4.462474
-4.726676
-9.012759
-4.992276
-6.927368
-2.947853
-3.265904
-3.375521
-5.145179
-3.770987
-7.809387
-8.015306
-6.518305
-1.202610
-5.196807
-2.937391
-6.773325
-5.315787
-5.185842
-3.665591
-11.166368
-6.631942
-5.888237
-4.190919
-3.218201
-5.019621
-7.872409
-1.634220
-5.811302
-6.525946
-5.498069
-7.500202
-2.846061
-5.390319
-9.404766
-5.362832
-6.458783
-4.103858
-9.104449
-7.174603
-9.229569
-8.570409
-9.665614
-3.506840
-3.897407
-5.223469
-4.170978
-3.024129
-2.211465
-7.753181
-4.001636
-7.586289
-1.622137
-3.857591
-6.257719
-4.550056
-7.689825
-3.740317
-8.206144
-9.609656
-6.700431
-5.582555
-2.837027
-5.239714
-6.308337
-9.270130
-5.537915
-8.098139
-6.035784
-3.322392
-2.871245
-4.252935
-5.039270
-10.490883
-3.673860
-4.925591
-4.406110
-3.850962
-3.475258
-8.158244
-9.621397
-4.987859
-5.105319
-9.106204
-9.229569
-7.004963
-3.387961
-5.832765
-6.963980
-4.902880
-4.676915
-6.016256
-6.108117
-3.723702
-2.040755
-5.348033
-5.589204
-9.070796
-4.085999
-3.960971
-1.016615
-8.125747
-7.026362
-7.998787
-1.389464
-9.677504
-7.910266
-5.801824
-4.882343
-8.444751
-4.501040
-5.178118
-5.617551
-1.581442
-1.569609
-4.990289
-3.611158
-7.323317
-1.204294
-4.803488
-9.350794
-4.953383
-4.461490
-3.900591
-3.049657
-4.499399
-8.315624
-6.961588
-3.691111
-7.421402
-4.716468
-6.683593
-9.127690
-4.458804
-5.005955
-6.294312
-6.321484
-5.148526
-4.955233
-5.499336
-5.190315
-7.065797
-5.840204
-6.634642
-6.054636
-3.097133
-1.903895
-2.716778
-4.595273
-5.472743
-4.622065
-7.593089
-4.610250
-2.740005
-7.225276
-5.251403
-4.687759
-7.374446
-2.673788
-3.857976
-6.931013
-3.513016
-6.253845
-3.222197
-7.174484
-6.068696
-2.394386
-8.598552
-4.632092
-5.672215
-4.088839
-2.482459
-2.629786
-4.161298
-5.218693
-5.106112
-9.229569
-6.086548
-6.482334
-6.910376
-1.746226
-3.254244
-8.425124
-11.741732
-8.381962
-1.543710
-3.370360
-5.972672
-10.132518
-7.576261
-1.128856
-4.852453
-6.215883
-1.891059
-4.990714
-4.331046
-3.067213
-4.736658
-2.718985
-5.514119
-8.178330
-2.068419
-5.371793
-6.708385
-3.665516
-6.728284
-0.260735
-3.652624
-2.840088
-2.173342
-3.710245
-6.568149
-4.904877
-4.204623
-4.327574
-5.946279
-3.089172
-3.794810
-12.019809
-7.720602
-8.519749
-4.679682
-2.789334
-4.672896
-2.582696
-10.526336
-4.893150
-2.329735
-4.343643
-5.330042
-11.435316
-11.629722
-7.167753
-6.548044
-1.951741
-0.944704
-5.548825
-4.207748
-7.431485
-5.628078
-4.080255
-6.719403
-9.603055
-0.287583
-6.477186
-4.877760
-5.306124
-9.545364
-5.118625
-4.535699
-7.182278
-7.394668
-7.111280
-1.534499
-5.188948
-9.297632
-8.342021
-3.832507
-6.105034
-4.474148
-2.897678
-6.777045
-6.165802
-5.368558
-4.193941
-6.095362
-7.050477
-4.552304
-4.052684
-9.644328
-4.174190
-10.562958
-2.458050
-0.454456
-7.283605
-5.307078
-6.983709
-5.029131
-7.941911
-3.577105
-4.128336
-5.596939
-7.343551
-3.230689
-5.109661
-6.567406
-5.747490
-2.139951
-6.526954
-9.331928
-4.708785
-5.292863
-6.163185
-4.726070
-3.432669
-3.913757
-3.667189
-2.958670
-7.169052
-3.515197
-6.820966
-3.578537
-4.815826
-6.439635
-6.575763
-8.828526
-6.358033
-5.141985
-5.082310
-4.137805
-7.308951
-8.142561
-9.807579
-6.568954
-5.016653
-7.360254
-2.758428
-4.502701
-6.781716
-5.824432
-5.714752
-2.742155
-5.810514
-4.419958
-5.392749
-6.450919
-2.765887
-11.741732
-7.233904
1.837441
-4.484893
-5.002293
-3.608165
-2.959930
-7.804451
-8.182333
-9.444798
-4.811060
-3.963025
-3.622711
-1.027605
-5.647467
-5.311350
-7.247896
-6.354974
-7.816339
-3.263535
-7.520116
-4.428322
-8.426845
-4.943817
-3.806071
-1.722723
-7.245525
-6.020066
-5.933827
-6.147209
-6.932518
-6.390497
-6.204341
-3.019283
-2.515211
-9.171845
-7.227569
-5.622306
-3.156556
-7.613192
-8.393896
-5.237141
-2.713549
-6.414580
-8.561253
-5.050131
-8.128798
-8.315691
-10.328648
-6.024023
-0.902925
-2.673867
-9.062779
-4.500860
-3.122129
-5.764484
-2.591960
-1.757855
-3.689532
-5.346241
-4.596039
-5.490353
-4.277462
-6.141546
-3.268731
-3.385158
-3.984262
-7.787639
-4.574965
-5.195819
-8.396860
-3.480693
-9.957832
-6.582380
-4.579534
-4.597212
-4.182261
-4.092293
-5.205898
-6.375134
-6.953306
-11.027102
-5.490172
-2.823002
-2.411375
-0.797290
-8.121248
-4.413223
-7.046092
-6.340565
-7.310662
-2.504556
-5.046629
-1.652376
-4.584537
-7.849782
-1.784585
-2.714326
-5.843726
-3.669801
-0.924544
-5.114073
-3.880108
-9.062772
-6.682607
-0.532884
-3.132389
-4.426387
-9.855016
-5.813317
-0.878592
-9.696195
-8.179122
-5.709054
-3.280504
-5.599477
-0.694172
-3.472197
-3.149236
0.386644
-3.542844
-4.342452
-4.384626
-1.144706
-4.806178
-7.576512
-3.810570
-5.751778
-6.373188
-5.799406
-2.522647
-4.141697
-4.641836
-7.867392
-3.723900
-1.761497
-8.171582
-5.021983
-4.075583
-3.219780
-10.124986
-4.629639
-3.831065
-7.525207
-6.164048
-1.379745
-4.214564
-3.746248
-2.943533
-11.071255
-4.084422
-4.672289
-7.978913
-9.229569
-3.459244
-4.373027
-4.069508
-2.741031
-10.393682
-8.455462
0.611825
-8.618065
-9.229569
-3.020146
-9.056416
-5.501078
-8.233262
-7.605999
-4.639984
-5.041773
-3.040235
-0.884835
-6.913196
-1.455850
-6.528171
0.716305
-11.435316
-3.848131
-3.060519
-5.501669
-6.715106
-4.830515
-8.428675
-5.354526
-3.495365
-3.521021
-9.229569
-5.046829
-5.352657
-2.244469
-5.539856
-2.657474
-5.912222
-4.447355
-6.198669
-4.431902
-5.211051
-0.800468
-4.175149
-6.905774
-3.424133
-2.983515
-4.405382
-7.283957
-4.868310
-5.732842
-3.072618
-1.184608
-6.514507
-1.658441
-6.263363
-5.328729
-6.570407
-7.298658
-4.011744
-2.769692
0.984782
-6.242212
-2.820721
-8.554567
-8.572265
-4.175532
-3.252173
-5.129612
-3.155310
-7.025216
-10.376263
-7.836974
-5.402240
-1.934086
-3.495249
-6.051217
-4.446639
-9.056137
-3.195261
-8.440465
-6.919129
-6.428792
-2.716080
-6.906168
-7.921216
-8.577651
-3.768542
-4.543936
-4.796097
-6.866748
-7.185235
-5.198988
-5.748569
-3.916684
-4.139997
-5.158954
-4.252160
-8.811627
-8.650597
-7.686487
-5.569329
-2.577145
-10.095410
-9.434836
-7.594823
-1.246324
-0.804340
-3.320999
-3.696037
-10.386881
-4.235602
-7.139463
-4.445100
-4.422580
-1.293883
-3.106252
-3.461156
-5.324071
-6.326806
-3.554081
-6.653544
-6.343790
-3.925058
-4.537292
-3.583209
-3.547020
-7.363162
-5.533404
-7.872261
-7.155657
-6.227265
-3.970613
-1.129446
-4.155506
-6.934927
-4.096518
-4.464231
-2.056841
-10.533009
-9.317286
-5.778489
-3.696824
-3.625253
-4.577226
-5.970130
-5.312902
-3.488400
-9.235230
-3.378840
-4.456278
-4.059298
-2.077138
-7.459671
-5.757160
-5.385127
0.775357
-1.302192
-3.448296
-3.953053
-4.229351
-3.418167
0.068025
-4.068831
-5.728457
-2.679380
-7.365682
-5.240506
-5.663467
-9.130695
-11.010230
-3.875926
-4.492646
-3.152737
-1.819777
-5.141424
-4.347992
-4.413560
-1.120696
-5.121801
-11.137021
-2.940786
-5.816454
-1.987591
-7.692441
-5.750819
-7.284873
-3.260257
-5.320182
-3.225322
-6.232629
-4.804303
-6.090218
-12.400578
-2.970797
-1.889079
-5.174888
-8.297332
-8.748027
-8.004938
-5.584330
-7.699195
-3.234285
-4.206038
-3.402594
-1.267366
-5.505280
-5.039114
-5.878033
-8.532395
-1.460448
-6.484913
-3.458536
-5.924885
-3.397659
-5.940188
-4.695860
-4.918182
-4.711257
-2.459394
-4.745131
-8.046881
-5.618587
-5.405116
-3.606362
-8.273913
-5.814553
-8.188666
-5.687090
-4.249589
-5.147964
-5.539078
-10.266534
-3.226254
-3.653716
-5.977991
-9.090810
-4.114137
-6.966908
-3.756925
-4.630059
-5.125409
-4.434989
-4.105101
-3.759827
-6.419647
-2.017505
-4.200909
-3.992019
-4.909223
-8.646086
-4.316413
-4.620097
-5.211294
-2.446039
-4.831881
-5.584722
-6.026338
-2.483759
-6.516888
-4.034929
-4.759156
-8.323195
-4.061402
-3.291484
-5.129561
-3.285385
-4.999039
-7.048400
-9.124516
-8.185582
-7.871358
-4.827966
-8.205004
-2.684758
-3.236099
-5.892003
-9.011501
-3.295819
-5.127862
-2.988746
-5.640554
-6.700042
-6.958947
-4.291260
-5.385474
-4.666518
-7.322670
-8.424567
-5.311096
-4.326404
-2.929809
-6.050596
-5.484624
-3.132067
-1.157521
-3.907906
-5.427927
-3.730664
-1.659305
-1.831964
-7.368523
-9.286268
-5.637881
-8.889662
-7.543736
-8.387628
-4.763451
-7.410356
-6.152161
-5.290035
-4.468298
-3.043489
-4.996209
-6.925596
-5.294610
-4.640044
-1.074103
-9.421440
-3.051038
-6.156388
-3.396803
-1.405277
-7.094708
-9.482931
-6.064409
-8.792633
-9.229569
-6.828808
-3.490053
-7.773592
-1.928595
-1.669400
-2.432297
-5.843315
-5.855653
-2.093743
-5.656152
-10.217727
-5.534729
-10.027873
-9.650440
-4.934864
-4.615387
-4.695100
-4.599886
-6.090340
-4.745314
-2.274770
-3.230981
-3.486264
-8.701841
-4.405775
-4.911410
-5.685379
-8.259065
-8.706454
-5.330092
-4.644135
-5.430151
-4.822058
-9.656261
-6.401756
-3.769143
-4.453385
-7.472611
-5.746346
-4.572643
-6.090336
-6.703796
-4.253958
-8.711741
-7.206008
-8.988508
-4.281576
-6.233024
-8.760976
-1.964773
-8.112100
-1.562110
-4.275776
-8.410151
-5.306830
-6.711224
-7.456847
-6.298872
-4.129699
-7.737818
-3.520062
-1.362542
-2.811038
-6.636005
-3.544462
-12.812401
-7.049671
-3.200303
-4.335092
-8.661322
-5.282840
-5.669847
-9.357001
-3.293107
-5.952623
-3.988968
-6.632833
-7.958017
-4.665386
0.010314
-6.211532
-1.651852
-7.401452
-8.951427
-6.041758
-8.761510
-2.637204
-5.596620
-4.466295
-5.391665
-6.753114
-3.143979
-7.612235
-2.460744
-5.407554
-2.527424
-5.671272
-1.373458
-7.903675
-2.504652
-6.717354
-3.324101
-6.654477
-4.933669
-7.115821
-6.334261
-7.875994
-6.123256
-9.556901
-9.497149
-6.685386
-5.797433
-8.546134
-4.259525
-6.082566
-2.066761
-0.822658
-6.069542
-7.131140
-7.554793
-8.319828
-6.196873
-7.338592
-6.415715
-5.255241
-7.888194
-2.666312
-8.538303
-5.205288
-4.908790
-7.736163
-4.851674
-5.505145
-7.798747
-12.463888
-5.357237
-2.913838
-6.572229
-1.795536
-5.323096
-6.444932
-5.004767
-5.822162
-5.877371
-4.870788
-10.648856
-5.013083
-6.589158
-4.048547
-7.736050
-2.994375
-8.215533
-3.668987
-6.862583
-7.218044
-6.949507
-4.001504
-2.719007
-2.741364
-9.150229
-5.467280
-3.647482
-5.426573
-8.167511
-11.741732
-8.111904
-8.575517
-6.348300
-3.711858
-2.269570
-4.831336
-3.284843
-2.903175
-5.246872
-6.986782
-3.255142
-5.858038
-7.793642
-3.412653
-3.550018
-7.141265
-9.252710
-4.969506
-2.554333
-1.952932
-4.190641
-8.559743
-2.130198
-0.907299
-6.409924
-3.226528
-6.607957
-7.175483
-4.165033
-2.673610
-10.297008
-0.730956
-6.338435
-2.556522
-5.725810
-8.419621
-5.746154
-11.653778
-9.229569
-4.916041
-4.521437
-2.948637
-9.911961
-5.283123
-12.048076
-5.542426
-5.714873
-8.786592
-4.628825
-4.063330
-6.499482
-10.879781
-3.142275
-7.253257
-4.889341
-3.987438
-3.699310
-4.488354
-8.898157
-5.965821
-2.530802
-4.510045
-8.074205
-2.642092
-3.349182
-5.047697
-2.789636
-4.822784
-2.757440
-8.487558
-6.179253
-6.769016
-6.305319
-4.016870
-4.320973
-5.337939
-7.571080
-3.631722
-11.153191
-2.312462
-5.145857
-4.451757
-6.165915
-6.169092
-6.157074
-7.271044
-3.625746
-5.669581
-7.203578
-1.742146
-1.677796
-7.812311
-7.949244
-7.563415
-2.761918
-2.201368
-8.089277
-6.495576
-2.183412
-3.656848
-4.905400
-4.861530
-8.443149
-1.468768
-4.867465
-8.031462
-1.703261
-6.499840
-2.680940
-3.656759
-7.153687
-6.427569
-11.741732
-8.935993
-3.485303
-2.570640
-5.431560
-8.494172
-5.733889
-0.225938
-7.542903
-3.286278
-4.745049
-4.922951
-3.017502
-6.342892
-6.607335
-6.109277
-6.027165
-6.613745
-1.819721
-8.650949
-1.750445
-6.130888
-5.804893
-6.679935
-6.543578
-2.487872
-5.424149
-4.637549
-10.540494
-5.151177
-11.741732
-6.159655
-1.001680
-5.761064
-4.989770
-7.309288
-12.201086
-8.405121
-5.492482
-3.863265
-12.742806
-7.716055
-3.230768
0.547334
-3.891546
-3.095732
-5.441247
-4.276232
-4.792360
-4.389986
-4.892630
-6.060134
-5.893680
-9.300596
-9.111586
-7.025908
-8.689306
-6.023994
-6.448968
-5.282265
-9.363817
-6.429627
-6.235093
-8.517396
-5.513931
-3.859817
-3.716032
-3.313025
-7.893291
-6.426420
-5.105031
-2.898471
-6.191833
-2.214489
-6.779667
-6.826514
-7.259730
-5.682082
-4.154771
-3.784682
-6.217417
-11.741732
-6.993401
-6.218614
-6.129979
-9.229569
-7.836540
-4.943861
-5.002554
-5.321632
-0.960044
-5.088085
-2.947259
-3.219368
-6.498382
-8.248203
-4.441641
-4.133338
-4.621876
-7.110992
-9.863063
-5.867435
-5.615112
-8.716464
-4.077141
-3.499349
-5.953363
-3.938731
-10.022463
-7.811650
-6.165224
-3.984277
-3.822451
-4.090715
-8.020242
-3.884613
-6.544059
-4.342096
-1.940019
-2.358710
-6.343181
-4.652922
-2.985104
-2.051588
-3.960622
-4.882545
-2.747777
-5.666339
-1.660995
-6.437492
-9.229569
-3.739137
-4.270578
-4.807827
-6.472707
-3.879972
-5.044575
-9.547819
-7.468178
-4.279179
-4.260431
-4.057658
-5.546557
-6.418742
-5.068525
-4.779605
-3.695251
-4.012519
-10.198305
-4.344734
-9.859594
-5.301024
-6.520155
-5.289083
-5.249471
-4.783254
-5.710376
-3.016186
-6.769839
-8.119243
-8.958841
-2.349478
-7.040884
-10.032800
-3.208601
-5.099119
-2.988567
-4.044754
-9.340472
-8.493346
-6.572363
-6.589344
-8.394876
-8.716050
-7.792925
-5.605704
-1.860833
-9.174376
-1.293464
-3.351391
-6.209669
-3.486382
-3.364966
-5.394543
-7.677083
-6.672909
-2.528051
-6.073186
-8.037305
-4.896651
-5.005572
-5.909385
-6.783926
-6.340360
-5.649295
-2.598280
-4.728596
-6.516577
-5.417614
-5.683846
-9.388170
-7.032215
-2.094407
-6.425774
-5.530566
-5.518925
-4.610813
-7.015922
-8.234190
-1.723335
-2.889759
-3.581219
-2.236610
-4.202161
-4.253278
-5.931403
-3.392437
-5.373835
-3.406424
-5.773133
-5.890440
-6.274447
-6.273213
-4.966497
-5.622458
-2.687320
-3.752909
-5.665668
-4.008489
-3.664048
-4.041523
-8.378260
-5.277981
-1.938063
-5.900774
-5.525823
-4.788647
-6.386353
-2.645054
-7.693708
-6.098697
-7.743579
-0.207707
-5.676841
-2.604782
-4.816648
-5.164678
-10.181274
-10.219558
-3.288620
-4.716982
-6.593407
-5.778804
-3.037145
-5.577017
-10.509981
-7.467055
-4.057460
-3.410870
-4.191959
-7.675711
-5.701108
-5.876457
-3.494292
-5.854754
-7.937995
-6.460305
-5.994280
-3.969527
-6.662228
-8.917355
-5.339231
-9.655686
-5.378565
-3.847358
-6.831419
-3.105001
-5.982403
-4.051630
-4.683354
-3.353070
-7.698012
-4.150040
-3.199494
-4.806854
-9.541234
-0.490213
-8.034853
-5.874714
-4.329802
-8.901131
-4.114590
-7.293882
-3.588963
-6.862468
-4.684073
-7.532764
-6.373637
-4.067397
-9.229569
-6.727288
-6.547356
-3.684794
-8.036447
-6.578564
-6.764884
-4.745034
-2.689574
-6.023954
-7.596654
-6.333677
-6.181138
-2.777625
-3.043035
-2.355514
-5.964365
-6.941254
-7.267614
-7.695750
-8.014815
-5.672949
-7.236388
-8.643499
-5.762957
-9.397636
-8.359746
-4.483847
0.071487
-3.054326
-3.738888
-5.166034
-7.212885
-5.727325
0.006192
-6.292757
-3.851168
-6.686579
-4.792216
-5.464535
-1.371854
-3.808569
-2.629201
-7.136650
-1.953171
-2.009884
-6.294398
-3.146221
-2.431209
-2.111404
-8.863492
-1.824387
-4.861233
-3.174144
-4.750134
-8.163449
-4.689038
-7.890294
-5.203381
-5.861992
-6.253979
-6.367426
-6.091016
-5.092841
-0.770290
-8.310890
-9.595564
-6.697945
-4.219660
-6.690892
-5.834915
-3.291697
-5.212253
-3.525817
-5.335294
-7.286829
-0.915053
-3.431124
-5.792611
-3.486466
-5.704356
-6.379314
-7.351492
-4.046448
-5.031349
-8.127500
-4.531627
-3.609145
-7.245922
-7.842697
-3.814486
-8.593006
-4.957098
-4.788198
-6.432565
-5.637979
-6.364056
-2.801675
-4.510147
-3.518492
-4.351562
-4.860989
-1.990886
-7.078715
-4.176608
-5.059190
-7.797449
-4.928266
-3.805953
-7.316201
-5.094300
-1.585464
-4.646040
-3.860830
-8.690952
-2.098819
-5.497351
-7.867968
-5.895164
-5.221549
-5.727751
-3.424162
-8.167106
-6.550563
-8.096031
-4.422377
-7.706880
-5.605088
-3.974770
-5.206381
-8.139155
-4.866533
-3.371934
-4.256006
-4.287205
-4.188096
-8.647085
-6.962575
-5.163973
-3.428321
-3.324097
-4.185202
-4.061885
-3.591786
-5.182885
-7.816525
-4.574448
-6.087196
-6.388492
-3.089698
-6.098194
-5.760360
-8.410999
-9.568880
-5.506081
-3.463654
-3.533227
-1.338006
-7.224732
-5.491273
-5.226538
-4.228096
-6.786695
-6.991693
-8.386475
-6.484966
-6.712795
-5.785142
-2.264685
-3.291273
-3.935001
-4.372399
-7.988800
-7.737013
-7.427211
-3.228421
-8.011015
-9.776720
-4.941953
-1.628123
-6.244013
-10.652054
-5.131574
-4.727900
-10.172888
-6.208303
-4.421867
-6.109777
-4.209442
-3.030535
-7.855018
-8.303160
-4.029524
-7.880413
-5.992708
-2.800978
-8.477895
-5.369293
-3.546533
-7.362513
-3.917919
-1.696419
-6.424744
-4.363485
-8.175922
-3.010341
-2.597438
-5.302649
-5.111464
-8.201156
0.665746
-5.693751
-7.341023
-4.542422
-3.826142
-7.331976
-5.923572
-4.866932
-4.845993
-4.617692
-4.829661
-5.990466
-6.271536
-5.112337
-6.455687
-4.868931
-11.435316
-7.922624
-5.891014
-8.859372
-6.432224
-5.996639
-5.702032
-9.664170
-6.468549
-7.714852
-4.072638
-4.711500
-6.638915
-5.879249
-8.592289
-6.338324
-0.017547
-6.836977
-1.714379
-5.962492
-7.012621
-6.372107
-2.475640
-7.161911
-3.102588
-4.877646
-5.937423
-4.400657
-2.156941
-6.805621
-4.595372
-12.063963
-7.712595
-9.738274
-6.581321
-8.633392
-4.466023
-3.743735
-7.480111
-5.034811
-7.242926
-7.496500
-8.061006
-11.741732
-0.470539
-4.292420
-7.639503
-4.506163
-2.872296
-5.255571
-6.688186
-2.788121
-8.607710
-1.926867
-5.055219
-6.259428
-1.398436
-6.358426
-3.504024
-5.881495
-6.531868
-6.964027
-4.449658
-6.328745
-6.539743
-4.198205
-8.092042
-9.229569
-6.250453
-3.916239
-3.478792
-2.626218
-7.237481
0.180431
-5.014656
-7.506813
-10.468203
-4.779066
-2.008565
-5.570125
-4.240267
-8.481199
-5.888421
-11.345714
-4.635631
-5.090517
-10.664190
-5.708805
-2.969313
-5.285445
-7.049654
-5.365882
-6.067533
-5.069573
-4.858958
-8.528456
-6.204679
-8.401332
-6.016726
-3.389731
-7.520127
-4.199804
-6.890123
-3.463566
-3.095154
-4.236394
-6.458438
-5.676848
-5.706930
-5.496581
-2.994894
-5.098305
-6.549961
-2.813946
-6.114869
-3.467118
-3.036752
-3.526955
-6.830667
-6.445762
-10.581001
-6.471437
-1.877796
-4.222661
-4.508332
-4.385489
-7.037192
-4.854112
-4.423759
-6.056871
-6.184458
-0.209676
-9.434930
-2.999939
-4.880324
-6.725979
-6.172881
-5.140423
-3.618034
-8.045563
-5.859900
-9.661958
-5.838617
-8.651130
-5.952088
-8.855705
-8.543662
-7.159760
-5.956021
-4.052849
-10.557201
-4.946359
-3.793661
-3.425693
-5.199043
-3.955374
-7.216765
-5.071082
-5.083302
-8.885449
-6.282447
-6.592913
-5.305376
-6.473072
-5.012694
-5.149595
-4.025884
-6.911232
-5.768182
-8.551494
-5.189367
-2.870929
-6.410808
-5.553805
-9.050217
-4.676653
-5.700089
-7.974078
-7.342447
-9.229569
-5.283720
-5.883449
-6.888263
-3.522315
-5.619256
-3.028807
-11.065363
-5.685865
-6.284142
-8.732296
-4.300147
-7.687827
-3.628346
-7.716856
-8.332132
-5.536463
-7.153512
-2.907365
-4.101043
-7.013278
-5.600702
-5.693187
-4.661691
-7.831046
-4.272947
-5.756861
-9.183388
-3.875379
-3.360853
-4.507729
-5.308891
-3.352958
-5.643071
-3.905767
-6.132077
-9.167327
-8.211220
-4.419107
-5.609233
-6.005003
-7.162297
-7.608417
-9.011977
-5.638088
-8.644675
-7.628662
-3.557277
-7.825624
-6.440378
-6.386384
-9.447143
-6.507033
-8.213496
-3.475700
-3.459273
-4.894240
-4.226810
-2.909561
-6.912206
-9.020936
-7.404657
-3.063811
-7.491437
-3.436655
-9.115238
-4.082268
-7.345523
-5.216124
-10.985771
-7.699699
-9.986165
-7.580596
-7.986880
-1.581014
-6.503102
-5.519633
-7.311748
-9.011776
-5.676546
-5.010566
-5.659204
-5.522513
-1.597143
-7.146401
-3.855078
-2.823871
-8.473416
-4.379099
-2.469070
-6.827899
-4.173004
-3.783876
-8.780825
-8.182140
-8.464275
-7.458004
-3.953551
-7.107647
-3.109284
-2.485146
-3.235428
-2.728842
-5.684591
-4.625743
-6.433013
-7.534077
-4.293231
-1.756130
-3.570171
-3.341434
-6.596115
-7.808515
-5.868649
-4.818570
-4.107218
-4.497427
-8.377544
-5.539459
-6.655502
-4.281987
-6.127171
-4.575635
-7.073956
-5.706593
-4.572504
-5.719021
-8.940945
-4.153497
-2.191565
-6.844450
-4.402124
-11.741732
-5.555760
-7.434638
-3.868473
-3.239455
-3.174146
-7.391487
-6.989675
-6.837458
-5.869409
-4.221439
-7.543463
-2.665004
-2.691671
-4.599628
-4.121706
-3.642204
-5.681128
-2.744076
-0.059862
-7.474066
-6.837787
-11.435316
-5.538874
-8.307155
-5.743097
-4.039020
-7.011768
-3.779722
-7.036327
-4.768095
-8.155759
-5.904291
-6.074927
-5.653164
-5.298634
-6.784126
-9.585226
-0.671290
-7.066974
-5.051165
-8.143888
-4.972970
-9.623155
-5.413610
-8.789437
-5.855746
-3.010032
-9.019294
-1.737574
-5.646744
-9.482982
-0.698084
-8.284755
-3.775367
-7.403295
-6.741468
-4.332407
-4.984300
-6.332355
-3.652341
-4.806804
-1.853878
-7.706480
-5.872481
-4.275833
-2.773627
-6.874818
-3.016750
-5.212352
-4.433891
-4.365343
-2.136570
-1.817672
-5.453613
-9.244837
-3.504453
-2.389177
-10.733185
-2.494750
-4.930719
-5.999048
-4.829815
-10.182174
-7.445240
-3.133491
-4.666924
-0.562489
-5.406318
-6.770125
-2.436926
-4.352384
-6.322460
-5.192511
-5.393991
-6.808054
-6.544004
-4.321345
-7.501776
-5.139834
-9.664096
-4.922152
-9.085942
-6.275215
-4.405959
-5.088508
-10.320220
-3.084300
-4.841441
-4.683519
-4.266116
-5.108329
-5.428809
-8.511850
-9.468280
-9.129685
-2.171636
-5.528802
-5.605404
-5.305453
-4.118236
-3.846995
-5.834507
-6.195357
-5.380913
-6.446869
-5.498558
-4.035559
-7.290843
-2.527668
-3.594222
-1.289503
-7.237657
-3.952507
-8.396947
-4.697301
-4.418650
-6.373065
-5.123038
-9.108712
-6.079574
-8.895649
-5.802797
-9.229569
-8.663625
-2.999411
-4.567761
-5.870405
-6.884667
-5.563779
-8.582758
-9.274373
-4.813229
-3.810356
-5.169714
-4.299131
-1.968934
-5.234624
-3.651709
-4.413177
-5.816454
-9.229569
-4.944435
-2.703143
-5.700896
-5.228335
-6.462653
-7.987517
-3.167439
-5.032205
-3.007892
-8.860525
-3.040596
-6.755951
-3.586408
-2.453332
-8.022661
-9.860942
-10.225011
-4.520288
-4.355431
-4.910721
-6.449518
-5.008409
-7.472183
-5.047061
-5.535630
-0.369023
-6.223523
-2.416410
-12.872478
-5.875482
-4.100016
-2.343469
-1.135842
-8.541452
-7.606843
-5.765340
-6.218753
-3.212119
-2.699250
-7.236776
-4.915252
-2.820841
-0.748303
-6.549072
-2.896671
-3.494539
-3.920978
-6.245019
-7.027301
-10.448366
-7.096940
-8.728864
-6.721314
-13.223800
-6.823452
-7.290373
-4.206699
-5.535522
-7.180301
-3.182185
-6.205941
-11.273691
-6.328238
-8.510889
-5.138631
-8.963564
-8.128146
-10.965714
-10.040118
-6.798060
-7.961662
-2.179461
-4.333506
-5.252309
-6.783787
-10.417258
-7.846435
-7.479015
-4.652868
-3.360908
-10.229281
-3.383794
-2.654825
-3.739207
-5.513527
-4.158097
-7.021711
-5.225915
-4.943419
-7.661989
-7.494734
-7.903143
-5.790114
-4.613225
-3.979518
-2.718354
-5.718410
-8.947363
-1.598822
-8.034137
-5.994392
-5.050809
-5.252034
-4.996438
-8.476850
-4.939028
-5.518387
-5.539256
-4.103667
-5.286691
-6.732702
-2.357851
-5.324678
-4.523870
-5.950874
-6.080018
-3.531101
-8.704123
-3.091942
-5.798688
-6.257191
-8.095597
-5.231292
-3.952763
-9.261607
-9.243182
-4.697149
-2.761285
-3.277108
-6.151268
-3.081875
-6.675953
-5.472749
-2.770507
-7.745634
-7.829254
-6.544059
-5.261949
-5.548761
-5.199292
-5.987836
-7.252746
-3.464715
-7.024481
-3.236420
-3.644802
-4.031972
-4.723830
-3.767270
-4.768356
-5.261741
-8.046672
-3.037601
-4.634021
-3.188068
-4.526725
-4.241258
-3.682390
-6.612176
-6.396362
-0.877716
-6.539417
-7.421765
-2.667422
-4.180631
-4.192802
-7.756664
-7.130018
-4.403416
-5.981171
-6.525441
-9.391171
-2.395861
-7.487882
-7.050995
-2.736802
-9.229569
-3.216257
-4.028442
-4.687397
-8.089235
-10.806975
-6.126994
-4.031332
-3.848577
-4.463633
-6.643718
-3.144399
-5.328255
-4.681236
-0.470567
-4.917998
-4.635572
-6.126094
-5.475543
-6.999958
-9.611742
-7.221971
-5.060852
-9.105135
-5.174606
-6.420678
-5.119991
-5.930037
-4.739739
-7.052627
-7.115636
-5.150310
-8.498120
-6.591222
-4.938075
-4.473474
-4.891652
-3.554005
-7.747916
-3.102890
-7.795119
-6.089129
-5.952577
-5.023981
-7.173805
-7.775487
-4.021774
-3.956064
-6.340672
-6.002356
-1.408117
-3.614558
-1.743408
-7.680772
-2.539224
-8.594690
-4.654467
-1.502045
-9.062524
-2.404603
-7.087798
-9.902594
-7.898115
-0.792676
-9.275667
-6.687963
-10.256107
-6.913823
-5.255298
-8.597602
-5.075096
-9.411458
-5.735792
-6.678281
-8.148327
-4.828526
-9.020174
-6.335031
-8.099682
-4.264041
-5.673395
-4.183682
-5.818877
-9.015647
-7.729277
-7.291479
-7.722818
-6.550346
-6.333122
-3.565814
-3.060277
-5.446023
-3.070812
-5.450115
-6.928161
-7.191060
-3.707903
-2.672443
-9.000516
-7.718064
-5.428454
-7.817309
-7.185364
-5.123980
-6.740457
-4.100860
-11.197674
-7.254499
-7.481222
-6.236021
-0.376998
-7.449393
-2.424874
-7.991183
-4.833014
-6.373250
-8.616576
-4.871961
-6.989070
-2.080696
-4.920847
-4.957016
-7.734188
-4.333590
-4.514893
-3.724378
-5.987880
0.196180
-6.597940
-7.414302
-5.654746
-0.028450
-3.879104
-3.785043
-8.840288
-6.507028
-4.177451
-3.282258
-5.340868
-3.058539
-4.327927
-4.414401
-6.998122
-7.583440
-1.540371
-4.253058
-8.906461
-6.937942
-1.236755
-3.380164
-4.077088
-4.063838
-3.961010
-5.049326
-4.301637
-8.702159
-6.783445
-5.252457
-5.325578
-3.677683
-7.023493
-9.026771
-5.754108
-8.117865
-4.503461
-1.703396
-7.207148
-2.501802
-7.032750
-6.755074
-5.832327
-4.958384
-9.229569
-6.912485
-3.111150
-4.925000
-2.774185
-4.721685
-6.881922
-4.864905
-9.068802
-6.608042
-5.308450
-1.810847
-9.118484
-3.725679
-8.200815
-4.830251
-4.632707
-2.657157
-4.834090
-3.754216
-1.003954
-5.083000
-5.407258
-4.281022
-9.229569
-4.776844
-6.151976
-5.814000
-6.308782
-4.650912
-4.011921
-6.890223
-6.027466
-6.009765
-2.850997
-4.629612
-1.787336
-4.688460
-3.970613
-7.689694
-5.838061
-0.753405
-6.227536
-5.438488
-8.319317
-6.472444
-7.026651
-4.583377
-2.670967
-5.748235
-4.487424
-9.229569
-5.163770
-7.014424
-3.207796
-5.339691
-7.532566
-6.970346
-3.911811
-11.435316
-3.164108
-8.888103
-6.828925
-6.315572
-4.802214
-4.563365
-8.036584
-7.368639
-4.765006
-3.734212
-7.877322
-2.072672
-7.814996
-5.351787
-10.317231
-7.466843
-6.058400
-6.260158
-3.912899
-5.415225
-8.792542
-5.463030
-7.979143
-7.360945
-5.986681
-5.332147
-6.597998
-5.912844
-10.090695
-5.632545
-6.710612
-7.775997
-5.490964
-3.735972
-5.415133
-3.156804
-6.786175
-11.741732
-3.409225
-9.516479
-4.168663
-5.369617
-4.340776
-5.202994
-4.186061
-6.579873
-2.076319
-6.055391
-6.267537
-4.171446
-7.166363
-8.793324
-7.442279
-8.394877
-5.653601
-4.710588
-3.334175
-5.499559
-4.099773
-7.773441
-7.876972
-4.670599
-5.332674
-5.028021
-11.417500
-2.708372
-5.720238
-0.298766
-3.865000
-8.452251
-3.602225
-3.756277
-6.233183
-8.068845
-6.346400
-3.400504
-4.349566
-4.615938
-7.986913
-6.860406
-5.205302
-4.862672
-1.837721
-1.364766
-8.050455
-6.544059
-6.157045
-6.613442
-7.754103
-7.811028
-5.176616
-6.705724
-3.634845
-7.477333
-5.389435
-4.022202
-9.229569
-0.689313
-5.818576
-3.795124
-7.487105
-6.538194
-5.534474
-9.159395
-4.218428
-7.912940
-4.243477
-5.764627
-6.527636
-2.535568
-2.798557
-9.967311
-2.668774
-5.294136
-1.041584
-6.047816
-5.231982
-4.420595
-3.306572
-9.229569
-7.091415
-4.320474
-3.535093
-6.465405
-8.454404
-6.748413
-3.145864
-3.506631
-9.991648
-2.307620
-7.997285
-4.171006
-0.114622
-1.447863
-5.247072
-0.039043
-5.625855
-2.234703
-3.849118
-5.685446
-9.229569
-2.465738
-8.681279
-5.629411
-5.508416
-5.688400
0.641461
-2.730722
-5.132371
-5.400500
-5.995856
-10.810221
-5.230691
-7.779071
-7.681214
0.926586
-8.176062
-5.790137
-0.495542
-5.696184
-1.961935
-8.378123
-7.641732
-7.624387
-6.435292
-6.579626
-8.108521
-5.414697
-8.840626
-0.089266
-6.313362
-7.064588
-3.226276
-5.809379
-3.830079
-7.917977
-2.778336
-6.436988
-5.787452
-4.450577
-3.771316
-1.960616
-8.839819
-1.127497
-8.712797
-3.332544
-5.902381
-8.554047
-6.497231
-2.864475
-2.463058
-5.029265
-4.927250
-7.108466
-8.510788
-4.359258
-6.612381
-5.559907
-0.793817
1.094469
-5.655958
-6.084530
-4.365449
-4.588196
-9.125351
-5.585904
-5.241375
-4.698986
-6.264222
-5.657541
-4.488490
-3.610619
-7.237831
-6.436929
-6.897922
-8.940323
-6.783779
-2.330769
-1.535346
-7.408703
-2.979052
-5.684276
-2.848270
-6.413323
-7.561869
-4.282143
-3.827946
-5.728175
-4.303631
-8.742013
-2.938633
-3.320768
-2.398897
-5.951720
-6.540246
-2.077138
-11.256941
-5.712625
-6.401042
-4.976873
-10.709500
-7.911934
-5.363998
-3.754881
-1.433133
-8.947027
-2.964636
-5.252155
-1.231991
-6.626051
-7.496192
-4.961431
-4.913650
-7.810654
-3.086156
-3.922839
-4.021781
-7.096589
-3.800670
-5.435675
-2.600066
-5.783476
-4.093748
-5.060333
-3.335905
-3.647973
-7.317208
-7.816068
-12.573467
-2.689183
-4.866514
-5.416092
-8.996346
-5.087371
-1.264699
-3.156006
-3.890225
-4.010733
-7.260599
-10.345491
-2.714555
-9.613094
-4.377202
-7.780748
-3.797601
-6.019047
-5.828539
-7.444565
-1.830427
-4.943752
-4.116028
-10.767785
-3.552789
-5.963140
-3.732359
-3.413441
-11.741732
-3.840142
-5.182943
-5.133437
-10.326550
-5.053586
-5.693516
-5.166679
-6.866051
-6.874880
-2.541824
-3.433138
-6.426150
-5.441672
-2.396265
-8.907447
-3.265037
-5.187558
-4.762415
-8.372156
-3.078383
-6.493020
-7.545161
-5.234013
-6.059839
-11.741732
-8.112232
-2.600722
-5.472411
-4.336224
-6.137718
-2.792842
-4.711009
-2.478556
-2.981209
-6.091693
-5.702996
-0.207901
-4.049646
-3.365104
-6.785573
-5.533372
-4.298806
-8.560823
-3.969573
-5.626782
-8.317322
-2.517499
-6.103409
-7.727970
-2.553325
-7.537957
-5.258393
0.366119
-5.744176
-5.084912
-7.528436
-4.947387
-5.953214
-7.228131
-10.121624
-3.047798
-5.652597
-9.824640
-4.952441
-4.962273
-6.102259
-1.657312
-6.163673
-3.708849
-5.990146
-2.577264
-5.931720
-6.437760
-8.224807
-8.329776
-4.801589
-4.723993
-6.221767
-2.730754
-4.150081
-7.042952
-7.988410
-2.754318
-5.642044
-4.102157
-4.292145
-4.308857
-8.351692
-5.103330
-9.361906
-4.386758
-3.637422
-5.672852
-2.519268
-6.158896
-3.603282
-5.868601
-3.103282
-5.561915
-9.880403
-7.709936
-2.820714
-9.583770
-6.810229
-6.802464
-5.073074
-3.581109
-2.420165
-3.249316
-6.963808
-4.124206
-5.411965
-6.756578
-9.318027
-4.192603
-7.613748
-5.567134
-5.176539
-3.864070
-7.211732
-4.844458
-7.669917
-2.982075
-3.936181
-6.079060
-7.215273
-2.268536
-2.613313
-4.643996
-6.914552
-5.616331
-8.282491
-2.973165
-1.860136
-7.583253
-5.445423
-3.046248
-5.594833
-8.197044
-3.973558
-9.501420
-8.387411
-2.658123
-7.086471
-4.641423
-6.063492
-0.224618
-10.355635
-5.282448
-8.181418
-3.784785
-6.369830
-3.658826
-7.566859
-1.096164
-11.741732
-7.274070
-8.064779
-4.033713
-4.506794
-4.463202
-4.252690
-6.208577
-5.539742
-1.949259
-3.117582
-4.286892
-11.741732
-2.632001
-5.482476
-3.812025
-8.056231
-10.763243
-4.415387
-5.741748
-7.512916
-3.803962
-4.660242
-5.029705
-4.455507
-11.741732
-5.424410
-4.773716
-6.023069
-3.447349
-7.009068
-7.279724
-7.059464
-7.812685
-6.038117
-2.434842
-3.716551
-6.842792
-7.297766
-4.611692
-3.491581
-4.330828
-5.779223
-8.741590
-8.183949
-7.988050
-6.255507
-7.775134
-3.654762
-6.786646
0.180674
-6.688768
-5.612670
-7.235815
-7.119350
-7.794656
-3.639161
-7.927292
-3.903213
-5.899354
-5.866416
-2.780652
-6.214925
-5.410933
-5.202638
-3.201182
-4.449266
-5.231515
-7.076612
-5.904882
-7.426449
-6.087140
-4.198162
-4.711139
-5.052787
-11.741732
-5.669329
-7.131194
-7.234320
-0.440729
-4.238305
-1.913613
-6.491760
-5.984957
-4.428458
-5.417044
-7.231716
-6.559469
-5.909040
-2.161550
-3.569964
-9.667805
-0.955752
-8.691436
-6.952014
-2.297911
-4.740255
-4.957957
-5.561705
-5.014657
-3.948400
-4.222057
-3.304881
-6.792767
-7.763705
-4.407638
-7.168241
-5.020233
-5.209126
-6.711089
-5.912281
-7.816627
-4.003701
-9.252391
-6.746478
-4.941802
-7.900808
-3.924922
-9.691429
-5.729129
1.032363
-6.621686
-4.371571
-4.204515
-6.324994
-2.352363
-7.190339
-6.221901
-6.007916
-9.901124
-1.110684
-4.417665
-7.242449
-4.950009
-1.916959
0.331032
-5.207296
-3.904479
-5.221580
-8.404307
-6.713120
-2.255970
-6.385856
-10.272710
-8.841943
-5.246438
-6.089050
-2.571212
-2.673584
-6.791715
-3.488666
-9.136470
-4.787394
-3.143252
-0.420395
-3.338823
-5.712947
-2.255416
-9.060461
-6.802696
-3.510038
-6.586722
-4.056919
-7.788360
-1.150115
-4.865798
-4.101707
-5.824384
-2.517046
-8.127815
-4.868554
-4.533601
-2.592618
-8.028815
-7.369186
-7.128794
-6.172687
-6.067722
-9.078753
-5.548179
-7.057538
-8.939656
-3.513999
-7.787117
-3.987942
-4.815352
-2.787454
-5.258498
-7.916986
-2.831918
-8.003423
-2.488614
-6.270883
-5.017742
-6.317765
-3.040107
-9.229569
-3.871710
-9.873058
-7.283952
-4.603836
-0.530090
-4.964897
-5.516441
-6.356282
-8.142529
-9.281092
-4.057408
-5.800052
-5.836989
-6.475077
-7.629450
-5.759721
-6.445552
-3.277363
-5.429674
-4.213824
-2.100682
-0.879755
-6.516735
-4.381764
-4.300504
-6.248637
-6.339973
-8.227529
-4.093173
-6.017220
-6.396413
-5.440893
-12.451935
-5.455848
-4.295335
-8.897669
-10.575125
-6.147199
-2.587981
-4.262757
-7.227050
-6.346265
-5.294068
-4.428811
-7.553739
-7.347868
-6.208811
-12.076655
-3.414520
-5.681475
-7.467696
-3.717993
-4.967325
-7.616073
-3.970613
-11.287730
-6.079953
-3.841702
-7.529228
-5.488008
-4.048811
-3.854959
-3.104611
-3.340338
-7.036583
-6.245217
-0.678324
-5.026872
-8.867595
-4.466483
-4.981538
-5.500870
-4.912298
-4.756695
-9.495568
-7.408007
-6.022520
-2.873318
-8.539729
-6.066463
-4.509160
-4.173090
-3.755848
-4.857749
-4.117522
-8.566271
-2.474781
-6.417162
-7.619853
-7.251418
-7.144234
-5.190638
-5.523091
-4.908507
-5.165367
-4.471814
-5.179551
-2.145884
-3.313890
-2.978069
-5.793487
-4.931434
-4.315091
-6.828180
-4.165953
-5.762423
-9.496353
-4.009317
-6.320378
-5.727966
-4.012602
-4.688921
-8.596685
-4.939334
-4.786713
-5.863039
-5.120546
-8.875444
-7.822752
-4.157404
-5.340618
-4.600420
-6.172444
-8.402479
-3.980155
-5.176517
-6.395775
-6.599112
-5.256583
-6.733336
-9.704719
-2.776234
-5.930055
-5.587021
-5.420702
-4.892169
-6.265882
-2.336930
-10.200404
-7.479861
-6.394547
-6.240371
-7.588134
-4.141388
-8.967054
-6.749156
-6.530116
-6.249907
-4.641920
-3.495455
-8.369862
-5.696287
-6.556314
-5.258263
-2.612315
-2.773744
-3.624376
-1.450971
-4.569040
-6.295287
-9.229569
-3.235982
-6.257143
-3.593745
-5.230107
-3.781118
-4.985133
-4.769678
-7.529871
-1.186116
-5.848087
0.502395
-8.291940
-4.519900
-6.460502
-6.456138
-3.961042
-6.118992
-3.351150
-5.656397
-11.167480
-6.620164
-5.438254
-6.637171
-1.163232
-5.610637
-3.565826
-5.563883
-1.429193
-5.727467
-5.435654
-7.716276
-5.699636
-7.688351
-8.274336
-4.914718
-7.128554
-5.278651
-7.194063
-4.923131
-8.175754
-6.119303
-7.173084
-7.368916
-11.332001
-5.600982
-9.255666
-2.432662
-4.560567
-5.837212
-8.334359
-3.197290
-6.450954
-5.757853
-6.300857
-6.299831
-4.303384
-3.797107
-9.260680
-6.341825
-4.665376
-2.856949
-5.668064
-1.552905
-5.206358
-4.596653
-8.226186
-4.427835
-11.741732
-1.750764
-7.051836
-3.611115
-1.483671
-4.791847
-5.513277
-4.145846
-5.928531
-5.670332
-4.063189
-9.969067
-4.820222
-7.418773
-7.848544
-7.206786
-7.230917
-8.012195
-3.823513
-4.383823
-4.875998
-2.697570
-10.014142
-3.522517
-4.973979
-4.971111
-7.316209
-5.521050
-8.259216
-5.576325
-4.736439
-4.723674
-8.312233
-3.297567
-7.698627
-10.729752
-7.127893
-4.100481
-9.241554
-2.862015
-4.608572
-6.459598
-6.095749
-6.688843
-6.720445
-4.268836
-5.748549
-8.455287
-3.280927
-4.895761
-7.548179
-1.131019
-5.694231
-9.126527
-7.859310
-2.345187
-2.968407
-5.939025
-5.298051
-6.638222
-9.229569
-5.042493
-6.065069
-9.503467
-2.474464
-5.840470
-9.821350
-9.552162
-6.459857
-3.640861
-4.703171
-7.522562
-3.004101
-3.371332
-2.602570
-8.930563
-4.708314
-7.356661
-5.187111
-4.401193
-4.335679
-8.277257
-6.443402
-5.601043
-8.181937
-5.184311
-3.037741
-6.968770
-9.633053
-4.027086
-6.700242
-5.846194
-8.172798
-9.014611
-8.451068
-1.749746
-1.431427
-6.581553
-6.404784
-4.021006
-2.541845
-7.860444
-5.315945
-6.965913
-5.360815
-3.591713
-4.657553
-4.815137
-5.583860
-4.998549
-5.364510
-6.312110
-5.201819
-10.644082
-8.303715
-6.443810
-3.040719
-5.365061
-4.746472
-6.742362
-4.986123
-6.745568
-6.547829
-2.287749
-2.309733
-5.011880
-5.471435
-4.702344
-6.046329
-7.861934
-3.040173
-2.866235
-1.210125
-5.495340
-1.632615
-6.941601
-3.964680
-7.650331
-3.144916
-12.602939
-7.380104
-4.203033
-8.569008
-8.241950
-5.761619
-6.037068
-4.943688
-3.799533
-6.134750
-10.315419
-4.510806
-4.186973
-5.846400
-7.796325
-6.215614
-5.839805
-4.265557
-8.965505
-4.780058
-5.011937
-3.170228
-7.648095
-7.975650
-7.637308
-6.451267
-5.851584
-5.467290
-12.041894
-5.814965
-4.491796
-5.824923
-4.917678
-6.925484
-9.128366
-7.379638
-4.398703
-4.562306
-3.521022
-2.705534
-7.030470
-3.653436
-3.440416
-2.520441
-6.678369
-7.324628
-9.165669
-3.830729
-4.048185
-8.689349
-8.130726
-2.717227
-4.708982
-6.116374
-3.781808
-4.631077
-5.880142
-2.553407
-4.995992
-3.670077
-7.109643
-4.618245
-4.048560
-4.448489
-7.679317
-4.856379
-3.249609
-3.521999
-5.979170
-3.232212
-7.332509
-9.881575
-7.949689
-4.210194
-5.672736
-1.049011
-1.851862
-3.184192
-2.459152
-4.682003
-7.195994
-9.494034
-2.939888
-8.458541
-2.134285
-3.697622
-5.060432
-1.300127
-2.465137
-5.063930
-6.127684
-7.505501
-4.693919
-6.319040
-5.316335
-4.136106
-8.110239
-6.088470
-3.901956
-9.448320
-7.626842
-7.499352
-7.845781
-5.377340
-7.095282
-4.627115
-7.605243
-7.141754
-3.571685
-3.407651
-5.650645
-3.673822
-5.072447
-7.146526
-7.055282
-5.704994
-6.367786
-3.725817
-7.358584
-2.892884
-2.982252
-4.677883
-7.666856
-4.689560
-3.644360
-5.872681
-8.748418
-3.235694
-7.544115
-3.320241
-8.562727
-3.352992
-12.983787
-4.608431
-7.312879
-6.272695
-4.806198
-4.324530
-9.226073
-6.818422
-4.683157
-4.708443
-8.055004
-5.854563
-5.870848
-9.640074
-6.355234
-7.471247
-9.053309
-6.491826
-3.726264
-4.022656
-3.734907
-4.413325
-2.875429
-5.028674
-5.417298
-6.193767
-5.154350
-6.552893
-4.022909
-6.484735
-4.287615
-4.871558
-5.995796
-5.414849
-7.631509
-6.589522
-5.174510
-3.253299
-6.108699
-3.034653
-4.272277
-4.992745
-4.680784
-5.018086
-4.619044
-4.804766
-5.313402
-5.879343
-6.887624
-4.252980
-4.480450
-4.211689
-3.762278
-4.659554
-5.099818
-5.764228
-8.346520
-10.682749
-7.773597
-6.935263
-6.417065
-4.074904
-3.350998
-4.918621
-6.697608
-7.278388
-8.851518
-4.361185
-3.835725
-4.512702
-6.078614
-6.235036
-12.119473
-6.599609
-3.682535
-5.388042
-10.774765
-3.613439
-1.480871
-4.065665
-5.088705
-5.933578
-4.433809
-5.576504
-6.459493
-5.441200
-2.997050
-4.556294
-4.106077
-5.007073
-10.251821
-6.918118
-3.620002
-4.590301
-4.774683
-7.527594
-4.144144
-9.360235
-7.390811
-3.791702
-9.291884
-6.354755
-4.716533
-5.594436
-1.765838
-2.955630
-6.430181
-3.942910
-4.869311
-5.971717
-8.095193
-7.396448
-5.270273
-2.605736
-7.276322
-6.366367
-2.372110
-5.312036
-8.502106
-5.678987
-3.563162
-5.558368
-5.719623
-7.398842
-5.015833
-5.853468
-5.805941
-9.248981
-4.689765
-4.555650
-5.888159
-3.125034
-8.712656
-5.360362
-5.242206
-7.146255
-4.088950
-3.456323
-8.515960
-5.205916
-5.873960
-3.603232
-7.379720
-2.749525
-5.904562
-5.972752
-6.948694
-3.225921
-6.826497
-6.772371
-6.848461
-8.380966
-8.372293
-0.929055
-4.146099
-3.052529
-7.750517
-6.198852
-5.145432
-3.939917
-4.754958
-5.382159
-3.303723
-8.254134
-5.995608
-9.252528
-5.054801
-5.153014
-6.993851
-10.935803
-6.424848
-10.008468
-6.732665
-4.933352
-9.150169
-7.637966
-6.684139
-4.696756
-8.138907
-9.669640
-10.395401
-8.275400
-6.130639
-4.334784
-4.249240
-3.970613
-5.420093
-4.927624
-1.415481
-5.863439
-4.973843
-11.325221
-10.393403
-2.362180
-5.570235
-4.707881
-5.233000
-3.538701
-8.581122
-11.982872
-3.198267
-10.575382
-3.355097
-6.075799
-2.927040
-8.492155
-5.688075
-4.773643
-6.068891
-9.584167
-5.636656
-5.189875
-5.016633
-6.054134
-5.661760
-8.108860
-4.732253
-10.657142
-5.558637
-4.454639
-10.889917
-11.480247
-6.011849
-3.619296
-7.645637
-6.441341
-3.064589
-2.893607
-6.540587
-5.558457
-2.846473
-5.367072
-4.355050
-2.042231
-6.099380
-6.693618
-7.171123
-5.295412
-6.377282
-9.162981
-2.571499
-6.870674
-5.180361
-4.347483
-4.344786
-4.632838
-6.502583
-7.832480
-7.331407
-4.693921
-7.007001
-5.769530
-3.193505
-4.357388
-5.430837
-6.050094
-7.233154
-8.674224
-7.448221
-5.901675
-4.117659
-3.002320
-3.524385
-1.862219
-3.856919
-5.586392
-8.116252
-3.324053
-3.091514
-3.844421
-5.512203
-6.070280
-3.722814
-8.444921
-1.868274
-4.420510
-2.351793
-4.227346
-8.440374
-5.496201
-7.899120
-12.185184
-6.422657
-3.398096
-5.842619
-6.578034
-4.642618
-9.011814
-6.138036
-0.810210
-7.843995
-5.120646
-8.335821
-3.897418
-4.167862
-5.239332
-5.945327
-3.423286
-4.223864
-5.223752
-1.254450
-4.722270
-5.084986
-3.924351
-3.854461
-3.080770
-9.690129
-7.153157
-3.058403
-4.127176
-7.893699
-4.702195
-5.818716
-3.564916
-5.964809
-8.218136
-3.261472
-5.003517
-9.645037
-6.486542
-8.198158
-7.180913
-7.497426
-6.568141
-8.033141
-6.677169
-5.135067
-7.058814
-7.807578
-7.071645
-2.593171
-4.863755
-3.970965
-4.991928
-6.632838
-4.600401
-8.457552
-6.753018
-4.512080
-6.225885
-11.741732
-5.780874
-2.569679
-9.502910
-9.724410
-3.634271
-7.751823
-5.125168
-6.972761
-6.326887
-6.405314
-5.703989
-7.296651
-4.565463
-7.112894
-8.264644
-8.202912
-5.986088
-2.942079
1.472571
-1.676013
-7.325859
-3.221610
-6.487953
-6.788332
-4.174855
-8.950007
-3.688666
-6.092064
-8.664300
-8.299494
-4.307022
-8.084221
-6.126833
-4.639809
-5.957067
-5.590230
-5.084944
-3.959128
-7.430507
-7.654864
-7.278414
0.251217
-4.106163
-5.791228
-3.164840
-7.561945
-6.887931
-5.380597
-6.307694
-2.658648
-5.153070
-7.522841
-5.173106
-7.626103
-8.557992
-7.649318
-4.592642
-4.190544
-7.510802
-9.440504
-6.194300
-5.063778
-9.340957
-5.440060
-6.909877
-6.121736
-5.698480
-4.472335
-4.132416
-2.886581
-5.060393
-5.599311
-2.196338
-5.372615
-4.916616
-5.222161
-4.690334
-6.653698
-7.608733
-5.779126
-3.159518
-6.002526
-8.658130
-2.733033
-5.794162
-4.012650
-10.309154
-6.811057
-9.782310
-11.371531
-5.749935
-4.797721
-5.463221
-9.092097
-5.576182
-7.071674
-6.673023
-7.169448
-5.373580
-3.921926
-6.481800
-5.216930
-4.913279
-1.918339
-6.273988
-3.690727
-3.418186
-8.261525
-5.277836
-3.250305
-4.457424
-3.340208
-5.682619
-5.087009
-7.098675
-7.589574
-3.496120
-6.259255
-4.404190
-4.599826
-4.445285
-4.265787
-5.680101
-5.196494
-6.660035
-7.043005
-0.179615
-7.498520
-3.166262
-7.782832
-9.618073
-5.025784
-4.980730
-6.374471
-1.756007
-8.338850
-10.247845
-5.137064
-6.114860
-4.382446
-1.188033
-7.406551
-4.284685
-4.115228
-2.219701
-5.228489
-6.641530
-6.568698
-4.266111
-3.445137
-8.833431
-9.388909
-7.036671
-6.566613
-3.799640
-6.716197
-4.017766
-5.675421
-5.490064
-5.193038
-4.946020
-7.070259
-6.870076
-4.293446
-4.245584
-5.779781
-5.592202
-6.459394
-8.284795
-7.162142
-6.409442
-12.171830
-10.867110
-5.117724
-2.397705
-5.815304
-7.005013
-5.331615
-2.769096
-5.361504
-3.165190
-4.113355
-14.961645
-5.815643
-5.479124
-6.631147
-4.304453
-7.203135
-8.715420
-4.686513
-4.921995
-7.146062
-8.435008
-3.796266
-6.958340
-4.416212
-5.849611
-7.632647
-5.888436
-8.114393
-7.572513
-6.518254
-7.650087
-7.568336
-5.860496
-6.814756
-4.649306
-5.938170
-6.695230
-9.474381
-6.735238
-4.466478
-5.405866
-5.868419
-4.062055
-4.282172
-6.785171
-3.780828
-5.109063
-7.785247
-6.230451
-7.383169
-8.238705
-7.028219
-5.039640
-3.707215
-3.586087
-3.881262
-2.995972
-2.225351
-5.670424
-5.949703
-6.473214
-7.614697
-7.496070
-4.066514
-10.000950
-3.661384
-4.553712
-6.787544
-6.563427
-3.619789
-7.244707
-8.819777
-8.204311
-6.598260
-4.886543
-5.530914
-5.417974
-7.621833
-5.978880
-7.086008
-3.416262
-5.166583
-4.034202
-1.858950
-2.884266
-3.611263
-8.740728
-5.981369
-5.895613
-6.371575
-3.343356
-7.675514
-8.915839
1.618270
-7.045125
-6.239888
-5.957408
-3.373556
-8.399934
-4.142457
-6.828352
-7.306288
-6.655763
-7.897701
-4.193037
-2.476539
-7.616957
-2.601569
-12.374278
-7.340543
-6.928427
-9.176942
-4.603418
-6.020776
-3.078857
-3.508463
-8.717903
-5.993624
-7.371493
-8.873616
-3.723535
-6.420675
-7.252286
-6.949575
-4.994217
-10.299513
-3.390894
-7.169250
-4.648923
-5.647754
-5.858079
-6.098015
-7.217450
-4.926191
-8.694982
-6.888292
-6.097948
-7.150169
-5.081146
-4.851262
-5.121143
-4.963401
-5.559213
-5.655657
-7.010169
-4.766043
-4.894417
-6.955299
-6.834655
-8.298452
-5.248051
-7.642353
-4.714138
-4.898935
-8.967572
-4.697089
-4.745071
-5.836445
-6.193343
-4.597402
-7.139285
-6.763078
-4.127947
-3.805502
-6.964468
-9.057589
-3.337429
-6.736840
-7.205523
-7.904556
-1.428145
-4.045009
-6.902600
-2.500536
-2.937768
-3.226748
-0.902219
-3.652055
-4.396071
-6.600031
-4.017153
-5.716660
-5.156476
-3.614974
-4.963291
-4.427804
-6.461338
-5.203516
-7.369993
-2.696766
-5.056971
-5.176781
-2.390720
-6.806811
-4.900893
-3.671818
-5.018794
-4.298912
-5.759404
-3.529378
-5.117857
-4.388843
-5.866991
-5.322795
-7.697659
-6.376756
-4.964812
-10.773306
-9.849994
-1.974054
-3.568755
-5.679542
-4.364361
-5.233507
-5.990685
-5.195222
-2.078690
-7.598366
-6.729572
-6.813795
-3.920430
-7.757952
-3.663771
0.652340
-4.936730
-7.852349
-2.635485
-6.479330
-8.263269
-4.441073
-6.316327
-4.608314
-6.691838
-6.718518
-6.663221
-7.687830
-6.944904
-3.403556
-4.341235
-4.833567
-9.181899
-3.386459
-7.516206
-3.857414
-5.868962
-4.530828
-3.824815
-3.369627
-8.039922
-7.893325
-4.798112
-7.382893
-7.808550
-9.244545
-5.229019
-5.267151
-3.139720
-3.910572
-11.512707
-9.673404
-5.347462
-4.142733
-6.223721
-9.918840
-4.766617
-4.600324
-9.076718
-6.831030
-6.449811
-5.782782
-3.393279
-3.902408
-5.162639
-8.555199
-6.694790
-4.740506
-8.730577
-8.404482
-3.525878
-5.981212
-5.461138
-4.136517
-1.927004
-3.799053
-6.803193
-3.462175
-8.256174
-7.451937
-8.533949
-6.343432
-6.889625
-4.561040
-13.078632
-6.123550
-6.818523
-6.615275
-4.562794
-0.195087
-12.418139
-5.111448
-3.004955
-8.017125
-8.419036
-3.927357
-8.203572
-7.625347
-3.801427
-3.239720
-7.061252
-5.640138
-4.985956
-5.362747
-5.955928
-7.075481
-9.858822
-6.454502
-9.787416
-8.444499
-1.729829
-7.296967
-5.702416
-4.695454
-4.768975
-3.037673
-2.215852
-3.550757
-4.919270
-6.797521
-5.110275
-4.343101
-8.853167
-5.035891
-5.880647
-3.436572
-6.473928
-5.491955
-6.777339
-6.054616
-7.674437
-3.430898
-3.282828
-2.648382
-5.340952
-4.113238
-6.426569
-7.399344
-5.210367
-5.168649
-4.138225
-6.850659
-5.147346
-1.951265
-2.782900
-2.444254
-5.276536
-6.104594
-9.011840
-4.694481
-8.350904
-6.480339
-10.964211
-3.621194
-4.742960
-3.473259
-6.293313
-8.750682
-9.451771
-5.454331
-6.176159
-7.516067
-4.833212
-7.082156
-4.512463
-8.227862
-5.913696
-3.201579
-5.017694
-5.118497
-7.373627
-6.314517
-5.769879
-8.605392
-1.678052
-5.755507
-3.925742
-7.092914
-4.847354
-4.936557
-9.371032
-4.184238
-6.394389
-4.300660
-9.609476
-2.070787
-2.261834
-9.048090
-3.697644
-9.596057
-8.156548
-4.814258
-4.508804
-7.196434
-8.258582
-7.554639
-7.190611
-6.595701
-7.649019
-6.784029
-4.314660
-6.777419
-7.739189
-6.713467
-5.281977
-8.605160
-3.429075
-4.609078
-4.700783
-6.793972
-7.878851
-2.260810
-3.716100
-7.841790
-4.210717
-5.390105
-3.342617
-6.852190
-5.460592
-4.871913
-6.950445
-5.371988
-5.259414
-6.404239
-4.757613
-2.998349
-7.122729
-2.944390
-3.619170
-6.051229
-4.341238
-9.932517
-3.926902
-4.328248
-6.141989
-3.922080
-2.275252
-5.556633
-6.296286
-7.453737
-3.368086
-5.662939
-4.675631
-6.970409
-4.605080
-5.112915
-3.766712
-12.577148
-7.106501
-3.873267
-6.543730
-1.989563
-6.880501
-4.656235
-8.398640
-5.429981
-4.040933
-3.063083
-6.763236
-5.313463
-7.659632
-4.028969
-6.355253
-6.566318
-3.803607
-9.865144
-5.013661
-6.430499
-11.741732
-4.412157
-6.714635
-5.405327
-4.533113
-6.360659
-3.602696
-7.024946
-5.872087
-8.178267
-5.229037
-6.084391
-4.049703
-5.048357
-4.301410
-5.327226
-4.051682
-4.148306
-2.432417
-5.175003
-7.314882
-3.571093
-5.241893
-7.160111
-6.255270
-3.468625
-6.153670
-8.459891
-4.809527
-7.458925
-4.816231
-6.214175
-6.562548
-7.047580
-2.393569
-6.015280
-6.824381
-3.472353
-5.589557
-4.146163
-6.836225
-8.217342
-5.676065
-8.548285
-4.437956
-8.189017
-6.323205
-9.314240
-4.626275
-5.614832
-5.253953
-5.848457
-7.178582
-11.947992
-5.774792
-7.651719
-8.309932
-5.636455
-7.448019
-7.978320
-5.782464
-5.263576
-2.181785
-7.709064
-4.210261
-3.520685
-7.028473
-4.041344
-8.544666
-8.817670
-3.156550
-8.042306
-6.187135
-10.509729
-6.972823
-3.668324
-9.229569
-4.676143
-2.313276
-6.073131
-6.971716
-4.502979
-2.021200
-7.552245
-3.390956
-5.120634
-6.966857
-3.727103
-1.871204
-8.477445
-7.144533
-4.899400
-7.258121
-7.844385
-4.791318
-5.920501
-9.868166
-5.958701
-5.505661
-5.934123
-4.117138
-7.669702
-8.442290
-8.040396
-11.435316
-4.979068
-6.149603
-6.121655
-4.914541
-7.630435
-4.524834
-4.023585
-7.714929
-6.055851
-8.873667
-3.697427
-4.292789
-5.532688
-6.705498
-3.076618
-5.165135
-4.885703
-10.609834
-5.417453
-5.696648
-6.442812
-8.495352
-4.778684
-4.733780
-5.562080
-3.015131
-2.532573
-5.208709
-4.024813
-7.778895
-7.595801
-5.778321
-7.631847
-9.536795
-4.331583
-10.848433
-6.299289
-7.847786
-5.799522
-11.413791
-8.314473
-6.185551
-5.845964
-1.589830
-5.415739
-5.710381
-5.321519
-2.858946
-5.566864
-7.383599
-9.157276
-4.378206
-8.540587
-3.852219
-6.661242
-3.667366
-1.428040
-6.066687
-3.846232
-6.878866
-2.602229
-5.820028
-4.620471
-3.868910
-4.661042
-6.636471
-4.053175
-4.358101
-6.259283
-7.004019
-3.417038
-4.675710
-8.982040
-6.487371
-4.054393
-7.098081
-5.657902
-6.161672
-3.502020
-7.410707
-5.130046
-7.032098
-11.021873
-8.499525
-4.183105
-6.211024
-6.913133
-4.274434
-5.606644
0.277290
-4.819607
-6.122386
-5.394124
-3.772404
-4.468565
-8.619061
-8.198770
-3.839325
-7.941127
-3.427307
-4.291403
-4.486799
-6.247323
-8.100745
-9.429908
-7.197797
-9.229569
-8.573711
-4.180346
-9.313094
-3.414353
-7.183979
-9.562460
-3.465327
-5.690652
-4.626482
-5.906231
-6.066665
-4.612230
-6.424138
-5.348478
-6.383515
-4.369142
-8.623362
-6.590228
-7.990330
-6.735271
-5.510901
-6.031500
-4.572913
-3.363380
-4.243880
-2.129753
-5.188080
-4.128845
-5.976960
-6.720138
-7.584640
-6.142343
-3.207490
-5.629978
-2.785747
-5.314960
-6.378826
-4.312753
-4.377019
-4.952426
-4.835270
-6.098143
-10.461376
-2.343034
-5.490058
-1.787556
-4.585939
-5.185895
-1.996092
-0.492642
-2.984410
-7.669168
-5.893803
-2.173142
-9.261123
-6.167811
-7.898602
-5.676499
-1.744544
-2.846914
-9.976773
-12.844989
-2.874180
-6.161595
-6.413668
-2.051687
-4.687230
-3.938082
-6.730364
-6.214975
-8.190981
-4.684527
-6.168906
-6.348872
-5.503702
-4.956119
-6.577122
-5.603634
-4.427017
-11.895526
-6.204157
-3.712708
-1.576484
-3.650794
-5.225842
-5.318419
-5.528163
-6.212563
-5.296883
-5.932106
-8.045511
-6.015919
-7.370859
-5.527574
-5.656624
-8.658907
-6.731184
-7.251162
-6.191887
-5.578081
-4.843555
-2.773296
-4.769004
-4.338172
-9.783797
-4.269990
-8.022832
-4.418852
-6.692664
-4.590194
-5.479559
-9.576218
-5.588603
-5.664546
-6.148472
-7.823221
-9.241041
-7.402371
-2.229851
-11.435316
-7.755204
-4.109015
-4.868083
-5.659207
-5.719690
-5.056021
-6.711332
-2.632490
-3.153147
-3.069805
-4.748177
-7.196821
-8.609103
-10.231130
-4.740438
-4.913688
-3.080658
-5.729249
-7.002789
-9.797818
-4.761540
-8.648378
-3.458649
-6.900242
-13.497621
-3.394306
-3.885287
-6.077754
-8.238333
-4.482508
-4.632758
-4.096542
-4.040715
-4.800601
-8.403760
-4.718962
-5.617364
-3.561367
-6.707998
-5.648663
-4.377683
-7.327356
-4.432728
-6.089035
-5.755503
-4.779430
-3.240136
-3.375865
-7.445513
-3.476505
-7.547435
-8.904662
-5.549116
-6.330053
-5.986597
-8.132507
-1.905236
-2.111599
-3.832335
-2.867147
-5.288912
-7.290541
-4.383218
-7.286221
-5.868924
-4.638144
-4.540825
-2.431558
-4.316252
-3.476002
-6.039797
-6.078121
-4.269331
-6.524149
-7.992747
-6.310812
-3.068205
-4.087164
-7.345323
-5.615639
-7.711979
-4.240256
-4.281777
-5.765579
-3.524704
-3.964247
-6.733568
-5.336988
-4.970969
-4.230077
-2.090835
-5.118341
-8.582023
-6.404892
-9.749445
-5.304789
-7.198787
-7.631042
-7.829620
-2.394626
-6.091033
-8.682158
-6.752405
-10.004443
-2.265490
-6.896455
-5.369761
-9.742309
-4.445631
-6.243471
-5.918498
-4.450632
-8.308984
-4.995284
-11.741732
-8.380231
-7.986713
-7.083509
-10.027945
-3.824970
-3.828127
-3.549346
-5.817826
-5.157054
-12.003594
-6.362377
-4.288672
-4.530875
-5.631408
-4.803681
-8.482036
-7.336739
-6.473388
-4.353127
-6.583037
-4.841983
-6.119373
-5.089148
-8.682125
-3.074179
-11.647079
-7.028344
-5.515534
-5.315325
-5.390851
-7.167019
-6.530475
-4.716802
-7.872942
-7.665434
-5.781593
-4.437691
-7.001523
-3.581585
-8.382371
-8.895888
-6.547932
-6.633899
-8.028048
-3.590220
-9.050982
-5.436066
-7.412972
-0.326021
-3.114724
-5.679071
-3.644991
-4.833736
-3.699852
-3.444027
-7.928530
-4.793827
-6.456833
-4.568476
-1.186049
-6.504995
-7.207750
-7.533615
-4.347921
-3.251737
-5.605656
-8.746133
-3.269630
-6.859937
-7.842921
-7.420904
-2.475334
-5.756951
-6.228402
-5.735008
-3.640398
-4.463693
-4.606802
-6.884481
-8.704458
0.033268
-6.045797
-6.114543
-7.628959
-3.398855
-5.498228
-5.719513
-4.549507
-7.354299
-8.596151
-6.024855
-5.955293
-6.119730
-7.442128
-3.671229
-5.047083
-6.331581
-8.097694
-6.928955
-10.125122
-9.199778
-7.152813
-6.858700
-3.539706
-5.988190
-10.460618
-6.004095
-3.970613
-2.237809
-1.113104
-7.235780
-3.220139
-6.626386
-6.661433
-3.308170
-6.096635
-5.146175
-7.800069
-7.196826
-4.956583
-5.127434
-5.819692
-11.606409
-9.877657
-8.038156
-6.434298
-6.681228
-3.650000
-3.493168
-7.710146
-3.972771
-6.978667
-5.660553
-7.330594
-1.964105
-6.985748
-2.737899
-4.425160
-6.671867
-5.315544
-8.525251
-4.182482
-2.665061
-5.002730
-6.472904
-4.200436
-5.113557
-5.700177
-5.953428
-6.313261
-6.309949
-3.478114
-7.602539
-4.651168
-3.302924
-7.473938
-2.542678
-3.694762
-4.415485
-4.333775
-9.074471
-6.246672
-6.993174
-8.341675
-7.452055
-6.601368
-10.133259
-5.850266
-7.598712
-5.304809
-4.883438
-6.795392
-6.202521
-5.574869
-6.644151
-5.723034
-8.033270
-4.440080
-8.417715
-4.962390
-4.678472
-7.318434
-7.042427
-2.904572
-5.618547
-7.223328
-6.878266
-5.552565
-6.776310
-8.360763
-6.377153
-6.354751
-4.870374
-3.317331
-9.229569
-11.435316
-7.408061
-6.226762
-5.152377
-6.509458
-3.351295
-3.862262
-3.950981
-3.760638
-4.082937
-6.799954
-8.068903
-3.885004
-4.436454
-6.158562
-1.309548
-1.174691
-3.478323
-7.042419
-8.552015
-6.046315
-8.041706
-4.916723
-9.064696
-6.482945
-5.967132
-7.865020
-4.311868
-8.541487
-10.282421
-5.955294
-3.793473
-3.205746
-5.443146
-3.407698
-4.090890
-5.238045
-5.256073
-5.002192
-4.638168
-2.594263
-4.739978
-4.230080
-10.909733
-6.631905
-5.711388
-5.900990
-4.031603
-4.996606
-6.394206
-5.396963
-4.515059
-5.942466
-5.350401
-3.953875
-3.713557
-6.612811
-9.404820
-7.113890
-7.867826
-4.813313
-5.933494
-4.833804
-6.064464
-5.182559
-4.487842
-6.574633
-4.693652
-6.731767
-4.985693
-5.661645
-2.616400
-5.311921
-1.668824
-5.582132
-5.887119
-7.163768
-9.384986
-4.736818
-5.536548
-4.510593
-2.716524
-4.190284
-3.554033
-6.677520
-4.522037
-3.184128
-7.129006
-3.815139
-5.071243
-8.819764
-9.358385
-4.272183
-5.936816
-5.695369
-1.045932
-4.607366
-5.997913
-4.273732
-5.948586
-4.913504
-4.995963
-11.496821
-3.785130
-10.705806
-7.825786
-2.539159
-5.083463
-4.429035
-6.950121
-6.088240
-9.782953
-5.141228
-13.290386
-5.654637
-5.060509
-8.729646
-3.885982
-6.293049
-5.357847
-3.346390
-6.110652
-6.545762
-2.470548
-8.390096
-7.653637
-3.407267
-4.457302
-6.278771
-6.644863
-3.846837
-4.764788
-4.746656
-9.415928
-8.578637
-6.448718
-3.060564
-6.766985
-5.964711
-4.976710
-6.292717
-2.552852
-3.318028
-5.491928
-5.405342
-5.838151
-7.930891
-5.085088
-4.128984
-2.936520
-8.154133
-6.136970
-6.699424
-2.134267
-5.038035
-4.057358
-2.703063
-3.885625
-8.030673
-9.232043
-6.902494
-6.482746
-1.723071
-3.470878
-6.593261
-1.569855
-6.753438
-3.781003
-6.905412
-7.230292
-6.677413
-4.753417
-6.362350
-7.914208
-4.551983
-12.003502
-7.018709
-8.349555
-4.332539
-6.582514
-8.468633
-4.282116
-3.873117
-7.474367
-7.076406
-9.235226
-7.173828
-3.246434
-6.828979
-3.346374
-3.797769
-7.848932
-3.208497
-3.293967
-4.014303
-4.926059
-4.163465
-9.032090
-5.612126
-5.256095
-10.248882
-3.766554
-5.390815
-5.737924
-8.812894
-1.512307
-8.795228
-2.796345
-4.389741
-4.052778
-5.447646
-4.920790
-7.357876
-8.421792
-4.134489
-5.055583
-6.561342
-3.209718
-5.422635
-6.640227
-6.617517
-4.882296
-5.933990
-8.689710
-6.235261
-7.099113
-8.245516
-6.656393
-4.324122
-6.219029
-4.453460
-6.387878
-7.504032
-8.162609
-9.563406
-7.186728
-2.964921
-5.334144
-4.305935
-4.935400
-6.655589
-3.261694
-5.104296
-7.079782
-9.561975
-6.112302
-6.129869
-5.314111
-5.252302
-4.712308
-5.824937
-4.388211
-7.170609
-7.397789
-8.318542
-4.970020
-4.309760
-8.952900
-6.242751
-3.379954
-5.991972
-4.873712
-5.167130
-8.650511
-4.078434
-10.140372
-7.222434
-7.879622
-2.638381
-2.265769
-3.130046
-5.174680
-6.447615
-5.750166
-8.661942
-6.154247
-2.715507
-3.182760
-2.688780
-4.184534
-3.904960
-3.243430
-7.689034
-4.318185
-2.705217
-4.848773
-4.902439
-5.001679
-8.035800
-6.468099
-7.529972
-2.784261
-3.153888
-7.993767
-6.352622
-5.227631
-13.781664
-6.297479
-4.673708
-6.653343
-4.816683
-8.235976
-4.781896
-8.889247
-3.071144
-5.130948
-7.794452
-6.742785
-0.847747
-4.571432
-5.164395
-3.328487
-6.761097
-5.533787
-4.195615
-5.786682
-7.181370
-8.478308
-6.276879
-5.879374
-7.810972
-6.258202
-5.497324
-4.153183
-10.460307
-2.457334
-9.419218
-5.033927
-5.690629
-7.229327
-1.757594
-5.609821
-8.518970
-5.923032
-4.266809
-8.389868
-3.024086
-11.741732
-1.861381
-2.276186
-5.933260
-2.513521
-6.957463
-3.754824
-4.853090
-6.530967
-5.930191
-8.353424
-2.599535
-6.187182
-10.620905
-6.581625
-11.435316
-6.891486
-5.498084
-6.246516
-2.316603
-8.055091
-7.780402
-4.966649
-7.053416
-4.503258
-6.616675
-7.376820
-6.872189
-7.272474
-4.839811
-6.631484
-8.128060
-6.332178
-3.611565
-10.431351
-9.447062
-5.929102
-4.805968
-6.782393
-9.974058
-5.535501
-7.243073
-3.233166
-3.313182
-7.220540
-4.630583
-5.245030
-7.719095
-3.633281
-6.515757
-7.066540
-6.462970
-1.581297
-3.598238
-4.653568
-6.270039
-4.475084
-7.762822
-5.512940
-4.545115
-4.430729
-6.808876
-4.508527
-5.288071
-6.221069
-6.206584
-3.036503
-9.244153
-7.216547
-9.121678
-3.790180
-7.652661
-7.390222
-3.263073
-7.093003
-8.020591
-4.072793
-7.342402
-5.478687
-6.275418
-5.628418
-5.887935
-3.879838
-6.178422
-4.341918
-2.841817
-3.393141
-4.519254
-7.058788
-7.748198
-6.592071
-6.725235
-2.340326
-4.743371
-6.275873
-7.090042
-6.662763
-1.979246
-5.310548
-7.625250
-5.505202
-4.845447
-6.792739
-7.589412
-7.291598
-3.040345
-4.562729
-7.319027
-6.902539
-6.196115
-5.136260
-2.378229
-6.250841
-3.780480
-5.654649
-2.767336
-5.682240
-5.744570
-5.039923
-10.932594
-4.213513
-5.906259
-5.429269
-2.623074
-7.321737
-9.008052
-7.356975
-2.552701
-6.702382
-6.703550
-4.050838
-4.547718
-5.266963
-3.081848
-7.642448
-6.657402
-7.244017
-6.557739
-6.174718
-5.786695
-3.655855
-3.560323
-4.930575
-7.274321
-6.426984
-4.573792
-0.742522
-5.793497
-3.721838
-7.472669
-8.418054
-7.108328
-6.980184
-2.227967
-4.689922
-6.996458
-4.997804
-5.711282
-5.683455
-4.210702
-6.608022
-7.783401
-3.278843
-7.695788
-7.088801
-5.067718
-3.197159
-5.316354
-6.252823
-4.988086
-7.301530
-3.832669
-4.617393
-7.538246
-5.783787
-6.168460
-8.796820
-9.075057
-5.243349
-5.755068
-5.093931
-5.614620
-8.891218
-9.583813
-6.930942
-6.885531
-4.630775
-5.454593
-3.456516
-5.189848
-11.718414
-9.003512
0.333358
-6.248769
-7.548007
-7.397609
-4.716878
-4.432021
-3.131307
-4.143954
-7.348267
-3.992842
-7.065349
-5.657792
-5.380970
-4.305154
-5.532541
-7.977147
-7.539154
-6.811800
-4.632641
-8.499838
-2.802104
-5.100818
-9.229569
-3.746878
-5.591321
-4.404170
-6.895493
-5.583580
-4.403413
-5.153694
-4.445320
-4.673316
-8.563684
-4.738503
-2.718528
-6.368535
-7.177786
-6.172917
-5.591025
-4.510536
-5.498688
-7.463602
-5.924751
-6.697992
-6.122382
-4.830181
-5.588919
-8.437071
-5.080181
-7.368914
-1.954744
-4.714735
-8.837668
-4.752837
-4.402184
-5.036912
-4.000599
-8.449269
-5.564777
-8.078812
-8.216580
-4.494250
-4.678792
-4.415363
-1.056915
-2.081339
-3.628443
-6.234842
-5.798935
-9.301120
-7.034873
-9.216343
-6.276565
-5.799147
-6.203908
-6.799427
-5.315650
-4.474337
-10.193060
-5.232499
-3.498906
-7.787285
-7.785107
-5.892874
-9.343863
-8.890736
-6.406172
-7.629492
-2.912071
-3.607658
-6.222298
-3.695493
-3.864403
-5.585714
-7.826323
-3.693420
-5.062493
-7.154418
-6.384729
-3.490476
-5.421936
-3.253872
-6.879556
-7.558526
-5.038821
-6.748737
-4.227024
-9.537608
-4.329193
-4.300573
-5.077680
-4.949109
-4.761912
-7.376629
-4.946235
-7.090322
-5.823912
-7.183300
-4.012513
-4.688418
-3.855859
-5.034504
-4.227886
-4.181492
-6.799057
-8.915239
-7.153183
-4.870529
-6.338325
-5.098624
-5.147324
-6.744095
-3.821902
-5.713425
-4.425248
-7.408711
-4.647609
-4.726218
-7.162979
-5.878207
-5.824151
-7.188136
-2.798130
-8.227489
-4.621517
-4.765042
-11.047985
-7.436375
-4.967988
-11.437914
-5.694984
-6.851541
-2.351810
-4.056549
-3.526730
-3.775564
-3.918086
-5.358797
-4.995500
-6.489074
-6.430641
-7.458310
-3.677463
-4.942147
-4.109710
-4.774540
-9.812031
-4.677565
-7.542374
-5.604713
-3.222811
-7.143790
-8.267062
-2.411046
-6.994272
-5.244628
-10.306745
-6.704582
-8.449663
-5.718798
-2.093430
-7.545764
-4.783180
-7.906336
-3.133330
-8.916472
-4.805313
-4.950796
-7.261810
-4.514558
-8.391410
-3.951246
-3.902603
-4.436021
-8.163930
-5.222181
-5.789270
-5.130657
-9.720549
-4.331701
-6.741567
-8.464585
-2.349881
-7.775200
-3.890440
-7.217234
-2.972659
-7.460675
-2.077642
-9.951933
-4.474700
-4.143980
-4.120720
-2.556223
-5.098613
-5.667890
-7.329782
-7.266952
-4.737640
-4.006007
-2.709073
-5.990521
-9.622346
-2.398123
-9.196059
-5.934136
-1.256656
-6.240302
-8.297096
-6.208644
-2.684309
-7.602828
-4.031834
-7.139804
-5.335491
-8.947409
-7.503816
-6.039855
-6.367507
-4.375521
-8.556682
-4.231287
-3.940174
-5.628840
-7.404792
-5.716001
-3.537483
-9.350898
-3.062967
-5.241293
-4.810486
-3.910251
-7.144235
-5.880722
-2.238175
-7.544006
-5.918591
-7.367520
-6.328567
-8.559908
-6.173940
-5.802757
-4.435028
-8.086089
-5.026438
-8.841635
-6.043785
-5.927443
-7.095751
-8.979887
-5.171206
-6.123671
-7.512815
-4.074781
-7.521286
-6.249010
-7.932150
-3.260370
-4.899137
-7.949805
-2.372442
-4.860559
-3.117307
-1.888332
-8.509457
-3.986846
-5.630130
-3.383821
-7.033631
-6.996696
-7.866463
-8.960266
-11.521415
-5.580801
-5.926634
-4.519085
-9.411937
-4.038638
-4.381880
-4.992682
-6.835643
-5.493590
-7.505887
-4.704146
-5.948115
-3.922499
-5.495365
-8.536287
-5.864038
-4.177627
-5.140254
-7.646596
-6.007568
-6.001364
-8.103956
-6.536961
-5.648219
-5.055963
-2.942800
-5.236004
-6.918877
-5.641638
-5.008357
-1.030753
-8.697416
-4.226370
-6.381072
-5.857387
-11.644001
-6.780476
-6.880428
-6.027679
-6.479750
-3.069380
-6.326795
-7.309672
-4.215896
-4.864785
-5.387023
-8.496634
-5.436139
-1.528482
-4.434443
-1.300135
-6.041718
-5.369256
-4.767344
-2.781249
-2.655602
-10.783680
-8.719695
-6.968625
-6.854894
-7.650609
-4.963218
-4.247420
-5.774332
-6.989517
-3.888391
-3.487427
-5.955466
-10.567638
-3.305582
-6.126972
-1.796637
-4.760512
-5.523636
-5.492794
-4.789907
-6.809932
-4.397017
-7.058585
-2.665010
-2.629424
-3.019610
-2.075528
-5.962327
-3.908043
-9.585905
-5.596129
-4.368298
-4.305950
-3.422251
-6.264660
-4.841515
-4.763180
-7.176374
-5.799666
-3.430044
-2.510878
-7.217206
-7.963674
-6.437076
-5.026072
-4.805374
-6.045901
-6.868003
-8.528728
-7.311273
-2.816957
-7.619888
-6.162953
-9.821709
-8.694589
-5.768025
-7.155271
-8.562425
-5.619987
-7.917557
-4.970917
-6.643034
-4.062166
-6.470781
-7.863428
-3.532296
-3.171419
-5.581402
-4.844553
-6.198655
-5.686891
-6.834911
-6.996881
-5.130651
-3.857732
-1.752638
-6.080962
-2.678369
-4.686689
-3.901124
-5.753874
-5.160199
-6.716218
-2.048603
-5.686318
-3.862156
-5.791045
-4.931301
-3.001187
-6.111533
-6.011024
-5.794679
-7.190118
-5.876829
-5.219968
-4.532909
-6.960896
-3.033353
-8.124319
-8.044720
-3.459204
-9.627031
-6.721984
-6.789126
-4.698517
-4.976038
-2.374087
-4.971351
-7.589335
-6.951526
-6.795434
-9.655968
-8.358052
-6.923760
-5.795633
-3.940055
-5.281822
-4.762042
-4.410248
-5.231627
-8.595558
-9.229569
-4.475169
-6.268116
-6.917462
-9.348454
-6.645992
-6.802859
-10.204084
-5.683248
-3.625790
-6.504516
-6.164012
-6.958581
-7.440062
-3.003591
-5.074792
-1.796818
-5.356173
-7.811872
-3.695010
-6.010438
-5.289769
-6.613919
-5.410612
-6.471017
-4.856672
-7.532075
-2.697242
-4.582125
-7.317378
-7.348305
-9.262977
-8.714957
-6.816699
-1.676991
-2.434021
-6.333003
-4.821685
-7.388640
-3.797726
-3.865213
-7.797900
-7.776882
-4.121911
-7.932808
-5.773207
-4.968486
-4.374624
-5.836050
-5.250335
-1.854161
-4.823829
-4.801738
-6.852171
-5.328339
-4.273779
-4.792322
-8.345374
-3.379675
-6.330995
-6.085330
-6.325022
-6.832246
-6.394425
-4.522325
-2.918302
-4.350190
-4.466770
-7.112486
-6.805352
-4.946160
-5.087407
-4.509083
-5.202036
-5.846541
-4.147843
-7.425917
-6.157959
-6.064014
-7.146950
-3.816885
-6.428418
-3.292560
-8.299502
-3.964566
-7.767532
-6.229253
-11.435316
-5.867033
-5.409378
-6.345775
-5.418315
-9.065632
-3.655546
-8.272855
-4.438877
-4.355146
-9.311099
-0.860353
-5.470058
-4.211579
-5.953490
-6.446509
-2.699000
-4.531442
-5.818558
-5.210747
-6.176991
-7.192983
-5.775918
-4.464461
-5.208054
-3.660958
-5.815862
-6.677425
-10.293890
-6.016262
-5.560963
-3.355884
-4.465173
-3.967651
-5.227454
-8.181427
-6.184658
-3.733377
-4.734868
-4.961492
-5.177119
-6.757361
-4.094642
-4.487639
-4.426920
-4.787315
-4.579939
-6.587864
-1.976785
-4.970536
-5.108955
-8.410396
-10.590258
-5.729643
-7.080324
-5.638076
-8.152056
-9.559559
-4.468989
-6.693496
-7.723582
-6.719746
-10.071169
-7.711977
-3.909685
-2.078043
-5.984377
-9.229569
-8.512520
-5.555892
-4.798170
-5.633196
-5.265345
-4.276125
-5.892222
-4.190735
-5.805138
-9.195991
-6.347938
-3.217931
-4.988578
-8.718853
-7.036570
-5.077565
-5.639202
-6.478158
-3.685328
-4.728782
-6.009207
-8.026816
-3.144526
-7.529821
-5.979001
-6.829950
-4.191168
-3.212850
-5.842224
-1.800116
-10.659501
-8.632331
-7.669976
-3.164558
-6.439732
-8.906736
-6.408094
-6.748536
-6.617987
-7.656379
-8.261846
-8.833980
-6.688938
-8.638786
-5.653574
-4.162487
-5.746402
-5.496902
-4.603229
-5.937692
-5.318542
-7.666182
-5.311303
-5.745811
-5.717491
-2.486480
-6.464707
-4.180943
1.856309
-7.428446
-6.420759
-6.121229
-5.940808
-8.017893
-9.594897
-3.316402
-5.668807
-2.647560
-5.223528
-7.819172
-5.000636
-3.688759
-4.967393
-8.979066
-6.920926
-4.986889
-6.356652
-5.312589
-6.371089
-6.253593
-6.229117
-3.918621
-5.948809
-6.150271
-5.727291
-7.462644
-6.562668
-8.961873
-9.569539
-5.415614
-7.837339
-6.579302
-9.954548
-2.782680
-6.046885
-6.053466
-4.886754
-1.110214
-7.509387
-8.443387
-6.400749
-5.048942
-6.305239
-4.846069
-3.381522
-3.533755
-6.828578
-5.318656
-6.130516
-5.012416
-3.455966
-8.790819
-9.373443
-6.255360
-6.432538
-3.760267
-6.331856
-7.553125
-6.058867
-8.125643
0.811619
-5.418518
-5.601274
-5.926367
-5.121514
-9.446154
-3.051201
1.168122
-6.259044
-6.261014
-7.596395
-8.551735
-5.930541
-5.314910
-8.093411
-6.861384
-8.064284
-6.967264
-4.219669
-6.898948
-5.507304
-6.330578
-6.228657
-5.508647
-5.090348
-6.513372
-5.653131
-7.150250
-7.744579
-6.841590
-4.594811
-5.716434
-4.184106
-4.789870
-8.044201
-7.687423
-3.807741
-6.252764
-7.837233
-3.052617
-6.879277
-8.253806
-7.284487
-5.338120
-5.906486
-3.118006
-5.071360
-7.979924
-5.188698
-6.759196
-6.595869
-3.296052
-1.766010
-7.247443
-8.203505
-7.533108
-3.128416
-6.764363
-8.996350
-2.716871
-4.612890
-10.283605
-5.345041
-3.340497
-4.073419
-5.306124
-5.936783
-1.205965
-7.682621
-1.992878
-1.474157
-6.357096
-8.949987
-6.483104
-8.570691
-4.034472
-3.800875
-5.138887
-6.780514
-7.544206
-3.096521
-3.996854
-4.462158
-7.396882
-3.250570
-4.413685
-4.618603
-7.554672
-4.914760
-5.792495
-5.104617
-4.738864
-6.056611
-9.313763
-4.221497
-7.548111
-6.700252
-4.818044
-4.993654
-6.631347
-7.230749
-4.800199
-3.278697
-3.946448
-6.217699
-7.925417
-2.012558
-6.573071
-8.095013
-5.854858
-7.674796
-2.810007
-6.867427
-4.864174
-7.104576
-7.435305
-4.118431
-6.560332
-5.996807
-5.021327
-6.826697
-6.140117
-0.720549
-9.647572
-6.057861
-4.842206
-3.072704
-5.537044
-5.042056
-4.189393
-7.048961
-3.896875
-3.771722
-7.872360
-5.664153
-3.702491
-3.902580
-6.829528
-8.578659
-7.031650
-4.819272
-7.052889
-10.861159
-6.406196
-3.837351
-5.302508
-5.663965
-5.316776
-2.710762
-3.681847
-2.089860
-4.708749
-6.459751
-5.643274
-5.936390
-7.914761
-7.475266
-2.126643
-4.914266
-6.010139
-3.435906
-4.594300
-4.410257
-8.746971
-7.032011
-6.069760
-3.793540
-5.302878
-4.554104
-11.253079
-6.155143
-5.870324
-6.607039
-2.735909
-6.643896
-8.034685
-6.641466
-5.761214
-5.988466
-4.809240
-6.649213
-5.028189
-4.056060
-5.664303
-7.663052
-11.435316
-5.190953
-7.502562
-6.784010
-7.292618
-6.977618
-7.588171
-3.658523
-5.942748
-6.436985
-9.374403
-5.218249
-3.950741
-7.076668
-7.383041
-2.658861
-6.510248
-5.284029
-4.536044
-6.218199
-7.855165
-4.773252
-10.801569
-4.369954
-10.038161
-4.808149
-6.601247
-4.219547
-5.373942
-5.072732
-9.025975
-3.646666
-7.440391
-4.620507
-5.364752
-7.266433
-6.751455
-3.759351
-6.172478
-5.224632
-3.309549
-7.348298
-7.638166
-3.608192
-8.136255
-6.109013
-5.254374
-3.557066
-4.122412
-4.152400
-5.773723
-3.415399
-4.162582
-6.481142
-2.688416
-3.470674
-4.787574
-4.402856
-6.352159
-6.738990
-3.630933
-5.445502
-6.955442
-6.564966
-5.585093
-5.374538
-5.160144
-5.517080
-5.753134
-3.301842
-4.400571
-3.367825
-6.329912
-7.518109
-3.460119
-6.940279
-4.263804
-8.600631
-9.380208
-1.823411
-10.530859
-5.258392
-10.767282
-9.930661
-7.814401
-9.994842
-9.025723
-5.463106
-6.368258
-6.494917
-6.308793
-6.337710
-8.588677
-3.866265
-8.011170
-5.745069
-6.800313
-4.494146
-5.186672
-6.315270
-6.568599
-7.145846
-5.526807
-4.955721
-4.567020
-7.771465
-4.802190
-4.350525
-7.066839
-8.338882
-5.722125
-4.896682
-5.387129
-6.482676
-6.259828
-8.977556
-6.411273
-7.136312
-5.845477
-6.182837
-5.937474
-10.722590
-8.168391
-6.429570
-5.689592
-6.735549
-2.690308
-6.117229
-8.625430
-3.605974
0.756941
-9.284922
-8.575909
-5.569088
-9.145895
-2.580426
-6.606997
-5.809659
-5.349751
-3.500039
-2.372952
-7.603106
-6.636026
-6.842467
-6.161977
-6.142100
-5.176148
-3.207283
-10.608620
-10.118715
-7.852015
-6.111040
-5.854887
-9.178349
-6.249337
-6.480204
-2.672687
-5.807019
-6.832025
-7.287312
-3.623023
-3.426356
-6.969635
-5.563827
-8.075930
-4.993325
-5.973257
-3.674470
-5.689527
-7.543009
-5.695879
-7.871339
-4.465553
-4.881732
-4.692540
-1.987609
-6.264001
-6.760615
-5.189049
-6.437506
-8.096057
-8.040388
-4.327525
-5.421290
-5.998829
-1.564239
-3.102605
-7.569472
-8.161597
-6.206896
-3.541407
-8.424906
-5.011851
-5.735507
-5.193154
-3.425603
-4.749423
-6.523820
-7.661943
-4.765384
-6.399990
-6.105392
-8.347754
-7.217204
-4.570366
-8.571826
-4.579040
-7.568737
-4.985697
-3.941660
-3.506089
-7.383675
-7.965162
-7.305335
-6.412708
-4.171376
-6.299757
-7.064973
-7.782962
-5.900752
-7.713583
-8.325624
-7.111837
-8.847250
-5.406563
-4.480867
-2.556493
-2.484268
-8.610095
-6.148637
-6.964592
-5.356546
-4.786659
-7.259171
-3.950509
-6.081450
-1.845312
-7.512565
-6.553515
-6.513269
-4.617579
-8.318822
-7.319924
-7.718272
-9.466859
-6.710437
-7.244631
-8.513613
-4.464583
-6.297184
-5.221543
-7.114976
-6.703356
-3.167143
-7.357313
-4.838385
-7.073427
-4.727303
-8.322411
-4.981225
-4.919800
-4.725726
-5.932575
-6.773944
-5.103461
-3.255293
-4.604890
-4.797616
-6.548436
-7.059083
-8.496031
-5.333500
-4.291464
-8.951637
-6.784862
-7.324674
-2.415568
-2.458806
-6.776615
-5.901117
-5.224884
-7.748817
-5.248641
-3.564730
-7.334642
-5.424214
-5.998770
-4.914196
-5.489979
-4.460947
-5.336131
-6.080776
-6.064896
-4.493064
-7.604071
-1.377620
-6.284529
-7.562441
-2.964065
-5.733258
-7.753193
-5.607759
-2.288068
-3.904728
-7.147295
-7.209666
-4.335688
-3.414718
-5.614072
-6.291111
-6.338398
-4.007445
-4.152837
-5.288930
-6.223907
-8.064428
-4.518792
-4.850608
-6.942636
-8.812997
-5.633492
-2.179839
-5.767294
-9.017049
-5.498021
-5.490571
-4.447170
-9.229569
-4.592374
-4.510818
-7.466929
-5.140692
-4.469492
-6.646748
-6.550666
-7.366854
-6.054258
-5.283360
-4.670836
-8.281034
-6.968976
-5.085068
-8.364682
-6.420887
-9.929083
-5.061848
-6.144262
-3.619375
-4.620441
-6.211937
-0.953747
-6.437798
-4.342033
-3.449166
-7.119759
-3.396907
-6.590743
-3.874905
-7.607022
-5.518993
-6.986521
-3.036526
-9.989827
-10.119913
-4.576574
-6.308852
-4.204510
-6.538558
-3.504878
-7.940586
-6.801191
-8.210509
-5.692158
-0.464864
-7.122682
-4.609815
-7.519247
-6.724397
-3.021208
-1.601114
-8.669842
-4.485608
-7.418439
-5.278441
-3.805748
-3.283069
-5.444795
-7.147612
-7.933269
-5.257078
-9.515751
-5.813416
-6.431202
-4.866405
-8.040109
-3.596160
-2.294004
-7.697347
-7.221437
-7.538199
-6.512891
-4.608973
-2.042796
-7.542019
-8.120735
-4.712191
-4.504078
-5.705064
-5.602872
-8.179172
-5.496986
-7.163339
-8.634575
-4.997105
-6.265367
-9.100833
-5.588844
-7.506547
-5.844739
-2.988544
-3.796658
-1.519356
-7.791317
-5.545352
-6.232222
-3.705027
-2.923002
-6.716064
-4.410701
-10.316177
-8.127202
-8.834453
-6.202509
-2.213900
-6.888228
-3.113146
-8.790826
-2.304295
-5.260553
-8.244520
-5.277572
-4.240573
-8.610921
-4.007214
-5.079563
-7.422330
-8.487966
-6.670939
-7.692182
-5.209285
-6.532445
-4.656117
-6.306099
-2.819865
-6.889309
-5.539980
-6.296554
-6.155883
-5.163912
-3.284117
-3.722633
-3.472786
-8.115724
-0.282387
-6.323507
-3.924635
-1.387174
-7.768024
-6.117603
-7.380225
-5.800035
-7.292690
-4.325408
-1.332360
-7.479533
-7.139018
-5.497551
-6.445031
-7.970390
-6.628837
-5.681709
-6.491709
-1.747848
-4.495512
-7.349506
-2.938531
-8.848746
-6.558613
-5.309759
-6.809542
-6.930719
-4.278654
-4.134734
-6.501843
-10.578259
-4.792106
-5.969573
-8.943862
-6.982692
-7.613965
-4.643041
-5.266126
-9.112268
-4.447503
-9.505530
-5.235877
-7.048410
-3.759535
-7.126701
-4.525221
-3.690654
-8.331894
-6.166953
-4.323131
-5.819783
-8.259944
-4.262087
-6.527745
-4.265952
-5.034090
-4.240855
-6.710669
-5.191485
-7.422008
-6.851931
-6.281595
-4.847061
-6.375826
-1.472171
-7.635944
-7.382133
-11.921226
-5.826507
-7.106607
-6.505220
-10.026165
-7.433167
-6.977787
-3.748198
-1.987595
-7.093396
-7.504817
-10.119846
-4.994155
-7.061345
-4.245651
-6.259732
-3.886910
-2.442806
-6.719237
-7.185902
-10.630371
-4.605475
-0.948898
-6.658826
-7.270329
-4.832453
-5.744951
-6.293698
-6.518385
-6.743454
-7.902637
-2.411817
-4.924713
-8.891131
-7.321728
-8.525006
-5.417478
-3.922199
-9.947301
-6.288664
-5.253104
-5.255821
-4.921875
-7.600215
-5.900964
-5.984760
-9.174015
-4.318130
-6.184333
-3.662379
-7.620514
-10.163752
-7.540764
-4.669811
-5.905428
-5.639970
-3.409024
-5.638171
-6.880076
-4.280777
-5.445238
-4.711902
-5.541639
-5.944499
-7.843610
-6.586924
-2.326904
-5.672503
-4.471617
-7.885417
-6.851437
-4.853199
-5.734992
-4.514157
-5.792564
-6.357997
-6.103827
-5.220672
-6.787165
-4.595826
-4.783619
-5.547398
-4.013277
-4.434558
-6.782769
-2.020298
-6.392927
-7.266290
-9.748365
-8.323626
-7.063509
-5.481523
0.013082
-10.373884
-10.318302
-6.900814
-5.754084
-6.756326
-6.136374
-10.639498
-4.591593
-6.483584
-5.897817
-5.017294
-5.397890
-6.227220
-5.820422
-5.267744
-9.631943
-6.563501
-3.791765
-10.733809
-8.113511
-2.063496
-2.993130
-4.110839
-11.032375
-8.387736
-4.202832
-8.387972
-6.847101
-6.297098
-6.941648
-9.870417
-5.548174
-3.242930
-5.862043
-4.266949
-5.512195
-6.255619
-7.937917
-7.755607
-9.041879
-7.408906
-8.232523
-3.470839
-8.936286
-10.314787
-7.268555
-8.850030
-9.151815
-6.179040
-5.415651
-7.151940
-6.162313
-3.797530
-5.475752
-4.176008
-7.696695
-5.682694
-10.267874
-8.247637
-4.808144
-4.920249
-5.652601
-5.398646
-5.336449
-8.642294
-5.752163
-7.143265
-3.537199
-3.595438
-5.727551
-7.368464
-6.604469
-0.704844
-5.201901
-6.475576
-7.197943
-3.197629
-7.828283
-5.818954
-5.862936
-5.467663
-5.701005
-7.710162
-4.631029
-2.751204
-6.742220
-5.589825
-6.299927
-5.749264
-8.177739
-5.277653
-8.317952
-8.335098
-6.770481
-6.068167
-11.826097
-4.562822
-8.560057
-4.217084
-4.646591
-2.904712
-9.553541
-4.728909
-3.500926
-4.472334
-5.378530
-7.665747
-5.942499
-7.274282
-5.413254
-5.751469
-2.865783
-6.441600
-8.659242
-6.885537
-7.376499
-7.239510
-4.820493
-2.385291
-5.249724
-4.040698
-4.605576
-5.917845
-7.311294
-6.841651
-4.411269
-9.628733
-3.911605
-8.518997
-4.946885
-6.695880
-6.371754
-4.370171
-6.558539
-4.334822
-4.780255
-8.657132
-3.389407
-3.520196
-6.586189
-7.182381
-5.848346
-6.879463
-7.329756
-9.253860
-6.122660
-7.365605
-6.330901
-6.786280
-5.519998
-4.669231
-8.297764
-6.288170
-5.790808
-6.342562
-6.225709
-3.305948
-5.982116
-8.582534
-6.301738
-4.754203
-4.166762
-5.318049
-4.441486
-3.056781
-7.010005
-4.555777
-8.916023
-3.396285
-7.797338
-3.617116
-5.686280
-6.741724
-3.389392
-4.168485
-7.300394
-3.777551
-7.824015
-3.721340
-5.452923
-5.145311
-5.321774
-2.841021
-5.236418
-7.642303
-6.894118
-6.165725
-6.220427
-5.027891
-6.041696
-6.518397
-6.372623
-7.557696
-8.424515
-6.130448
-5.957345
-8.071584
-5.447773
-6.934475
-4.883116
-5.759829
-6.295322
-7.071301
-4.561836
-4.657189
-7.640382
-2.463440
-4.320936
-4.098242
-5.098921
-5.037641
-3.307387
-6.245844
-7.073120
-6.185220
-4.048254
-4.079505
-8.858641
-8.198709
-6.370618
-6.500730
-3.366599
-6.723140
-3.945735
-3.609039
-3.935798
-5.271391
-7.118029
-4.552643
-7.798122
-7.782451
-7.974386
-6.361193
-5.748371
-11.182600
-7.092658
-5.864040
-3.941523
-5.479069
-5.399969
-8.573816
-4.114759
-4.787312
-4.798385
-7.130668
-6.525846
-6.167535
-6.646111
-5.391969
-0.658883
-4.324099
-6.756388
-3.916134
-5.514312
-3.878778
-5.260582
-8.041482
-9.669127
-5.348963
-6.368537
-2.562699
-5.116015
-2.864911
-5.487640
-2.625890
-4.948909
-7.112412
-4.832989
-7.407646
-3.690808
-7.432334
-6.733681
-4.821082
-6.099142
-6.667335
-9.121352
-8.275179
-5.078589
-4.184432
-4.431092
-9.611684
-7.781168
-3.590420
-1.140043
-9.562187
-7.310745
-4.296062
-4.423518
-1.087993
-7.734563
-7.002552
-2.692475
-5.060357
-5.752616
-5.124781
-7.650040
-5.466429
-10.913872
-4.050258
-11.254439
-10.164528
-10.683381
-6.508626
-7.042213
-8.956239
-5.824375
-5.161165
-5.156197
-7.172405
-5.103303
-9.943297
-4.047122
-2.769567
-5.756736
-5.132921
-9.150427
-5.056938
-2.891964
-4.782858
-5.022189
-8.825910
-10.091514
-5.887044
-6.225550
-3.813026
-4.328191
-3.164715
-3.970613
-5.463612
-7.624125
-5.614790
-4.472184
-3.313069
-5.710689
-7.119965
-9.100219
-2.378380
-5.064598
-3.867959
-7.933516
-3.266271
-4.113929
-5.867821
-6.947927
-3.164279
-6.909055
-4.848461
-4.198884
-2.024156
-5.196734
-6.871953
-6.930886
-2.833464
-10.434229
-4.397607
-6.249297
-5.605174
-2.566135
-6.424489
-10.584524
-3.728898
-4.339911
-5.772615
-6.851732
-6.642900
-10.547922
-5.878925
-3.837480
-7.160899
-5.320264
-7.416055
-9.511119
-5.957408
-3.031885
-5.823652
-5.808545
-6.004317
-4.592721
-2.803415
-1.734004
-5.433440
-6.861144
-5.139796
-4.714840
-6.570707
-6.579399
-7.471914
-3.472159
-5.741538
-7.417716
-7.297087
-5.876281
-7.771593
-9.598590
-4.994397
-4.707191
-6.514055
-7.810263
-8.529961
-6.742382
-4.679379
-8.224103
-5.867699
-5.164242
-7.808817
-8.091275
-10.622511
-6.160400
-4.413992
-5.765058
-7.411502
-9.331955
-6.613165
-3.703130
-4.190022
-8.508512
-6.874578
-5.762492
-5.831582
-3.927418
-4.960362
-9.228615
-4.653706
-5.417881
-7.502512
-7.299355
-2.194506
-9.047892
-8.183396
-5.179706
-1.634827
-3.845034
-7.573362
-6.338566
-6.878872
-3.414315
-6.650426
-4.879524
-8.378004
-2.953690
-7.741060
-8.447377
-7.875024
-4.924660
-7.798361
-7.460145
-4.534046
-6.807743
-6.269932
-6.515971
-5.859782
-9.293269
-6.942286
-6.945779
-7.014960
-5.595494
-4.891837
-11.741732
-8.398537
-7.416778
-5.062521
-4.907711
-5.149688
-8.945059
-9.604231
-9.570686
-8.894075
-4.470416
-4.551111
-8.981499
-3.728055
-9.289810
-3.636991
-5.826413
-2.983018
-6.507992
-8.739408
-4.214393
-5.378049
-3.463639
-6.374316
-4.366776
-6.506251
-6.776369
-10.232427
-3.502268
-5.096407
-5.522056
-3.949795
-3.068406
-4.216331
-3.369739
-6.940436
-5.042388
-5.495418
-4.997045
-4.749026
-4.282887
-7.205094
-6.053963
-4.851984
-5.961149
-5.332971
-5.216630
-5.788781
-4.330702
-6.379960
-5.175799
-4.642216
-3.957036
-3.024518
-10.371779
-5.035551
-8.738139
-4.975107
-6.976589
-9.772913
-5.535387
-11.255539
-6.273552
-6.998182
-4.756635
-6.693305
-5.814507
-7.879888
-4.041493
-5.254191
-4.886863
-5.990931
-4.161903
-3.106810
-9.394525
-5.253546
-5.332983
-3.147690
-4.482161
-4.992533
-7.823690
-4.662430
-7.678733
-7.123757
-7.862133
-7.025033
-4.214243
-5.714530
-6.846571
-8.800043
-4.802420
-7.258239
-8.551372
-11.155077
-3.825825
-6.761700
-7.489765
-4.804306
-6.690066
-4.908628
-6.594985
-2.524926
-4.286025
-3.061189
-5.453824
-2.053363
-6.639790
-4.694598
-8.057790
-5.495813
-7.014215
-4.211320
-6.260172
-11.178425
-5.753673
-4.084621
-8.615847
-10.356826
-6.368409
-11.278046
-3.719897
-9.968228
-5.223998
-4.079404
-8.184357
-3.700219
-6.154825
-8.903362
-3.519634
-2.862212
-3.765915
-9.430275
-8.461364
-4.704957
-9.407721
-5.614269
-4.464004
-3.285338
-7.346825
-8.512547
-6.662660
-9.495202
-5.610038
-5.772172
-5.188047
-3.256978
-7.533001
-6.045092
-3.612181
-6.177006
-8.920398
-5.492505
-3.434179
-4.664403
-8.222302
-2.724620
-4.231619
-6.447964
-8.815631
-2.634146
-6.948632
-7.351882
-7.132552
-5.147777
-4.111219
-3.699821
-6.239920
-10.675399
-2.489395
-4.334200
-6.102414
-5.020778
-6.311924
-3.520992
-5.176103
-10.353421
-3.779122
-7.884337
-5.840519
-4.418548
-6.353144
-3.659527
-6.788281
-4.585834
-7.018231
-3.538385
-5.096263
-5.157706
-3.213265
-3.841362
-6.674710
-2.950917
-5.953537
-5.828125
-6.718787
-6.016959
-3.026359
-3.707000
-5.295622
-4.304619
-6.029396
-3.530410
-5.972002
-7.344373
-3.782291
-9.301354
-4.387243
-2.844541
-6.682430
-7.294618
-3.492381
-6.889279
-4.763821
-7.239605
-2.516297
-3.825286
-4.291729
-6.731093
-2.937645
-8.318168
-9.751431
-6.068875
-7.636520
-2.373425
-5.702209
-4.646867
-5.891666
-5.418505
-5.720202
-8.197555
-4.247174
-5.467299
-9.235749
-6.432930
-6.580372
-5.461120
-6.066391
-9.242043
-6.471567
-6.910985
-6.510598
-3.944218
-3.123087
-3.961645
-9.507986
-7.597081
-6.312498
-5.721027
-4.260627
-8.168748
-6.379086
-5.689864
-6.725757
-1.599574
-5.468354
-5.333347
-1.503925
-8.470683
-6.513656
-5.241798
-5.610344
-8.018133
-7.612277
-6.439841
-5.324278
-2.879711
-6.679784
-5.629446
-6.590399
-3.334087
-9.101840
-7.019676
-4.991498
-5.920626
-5.603946
-6.712656
-7.732342
-8.101626
-6.232351
-5.095375
-6.560173
-7.415899
-4.588523
-5.916900
-6.064360
-6.006473
-9.288491
-4.715234
-5.738609
-4.596523
-4.051779
-8.162754
-5.946317
-7.834163
-5.680490
-9.111776
-7.680531
-8.212432
-7.731967
-6.694968
-11.564984
-6.124732
-4.224465
-7.628099
-6.012693
-7.662236
-11.328499
-5.081245
-4.145128
-3.582921
-9.044007
-6.465859
-2.080661
-6.603903
-4.055667
-5.544473
-7.129670
-9.161444
-4.598486
-4.507241
-4.927838
-4.811891
-2.011017
-4.567617
-3.280247
-8.380277
-5.801063
-5.335891
-6.579092
-7.572318
-5.087351
-5.749713
-6.905487
-7.114835
-3.099358
-4.000474
-5.316226
-10.650832
-3.990192
-5.001100
-5.688181
1.015807
-7.658195
-2.048193
-6.236627
-11.803202
-8.288146
-5.693769
-6.306186
-11.435316
-3.717616
-6.286154
-6.315621
-9.441736
-5.546206
-6.635816
-6.400388
-1.900791
-6.394367
-5.873966
-10.470304
-4.998655
-8.079587
-5.281755
-6.830415
-7.364962
-9.209087
-5.551266
-6.115206
-4.554626
-7.478241
-5.109215
-5.312294
-6.842401
-5.852836
-3.788313
-8.440902
-5.839386
-5.578799
-6.012718
-9.552015
-7.394945
-6.314996
-1.211720
-5.821504
-7.983730
-5.100705
-4.813192
-6.976835
-6.346642
-6.982708
-3.920088
-8.256198
-4.434910
-7.410430
-7.198730
-2.202232
-6.569654
-4.297773
-4.488729
-2.777902
-7.093710
-1.747703
-5.463883
-8.605183
-6.249156
-7.024518
-1.970538
-7.791290
-7.275247
-2.728734
-5.613620
-7.350986
-7.214592
-4.680177
-7.979426
-5.718268
-6.811995
-4.572631
-4.988799
-5.708752
-9.059248
-4.630228
-4.848083
-8.813083
-4.765989
-4.090461
-3.639554
-10.690442
-4.308765
-5.474588
-6.366161
-7.523372
-6.242245
-5.724197
-4.735757
-8.749770
-7.498093
-6.770306
-6.473368
-8.355645
-5.434549
-3.107634
-6.654765
-4.075839
-5.884281
-3.936548
-9.493524
-4.665097
-7.310345
-4.221314
-6.281289
-6.434788
-4.898355
-4.344308
-8.466471
-7.186210
-7.719608
-6.714415
-6.373057
-3.169689
-7.744742
-6.533863
-7.754669
-7.104694
-4.864050
-5.875713
-9.790091
-6.875621
-8.668553
-4.750618
-4.182065
-6.310459
-4.690416
-12.456395
-5.463921
-6.618656
-4.473169
-9.557034
-7.705322
-4.303119
-5.755109
-3.478575
-6.105782
-4.968804
-1.451114
-8.138056
-8.032609
-4.235778
-8.376624
-3.018424
-8.286570
-3.560368
-5.272476
-5.111221
-9.667887
-4.124949
-4.051865
-5.635639
-7.893606
-3.598687
-6.096375
-5.476466
-6.244227
-3.251768
-5.999985
-5.422369
-5.660690
-4.570185
-3.500630
-1.819398
-5.315385
-6.432610
-3.491366
-5.289177
-7.342450
-3.841058
-5.495277
-4.419164
-8.645976
-6.212898
-4.311180
-8.603560
-4.981951
-5.773559
-4.555576
-4.305685
-5.814710
-3.374075
-7.297871
-6.639974
-11.251866
-4.331126
-5.550681
-7.373318
-8.502565
-3.292960
-6.877644
-5.380892
-7.644898
-9.833549
-7.261901
-8.000271
-8.476969
-3.083131
-4.324068
-5.325886
-6.074255
-3.557600
-9.245709
-7.362143
-6.774664
-9.496973
-6.860447
-7.660409
-8.419012
-3.030177
-8.993196
-5.660883
-7.035084
-3.613800
-7.324825
-6.546114
-2.689352
-9.077566
-3.943300
-5.082970
-4.177176
-7.153690
-6.569422
-4.849900
-4.007455
-6.075109
-5.817376
-5.235396
-6.026989
-6.390575
-4.754415
-7.052613
-7.246524
-6.425061
-6.982743
-8.050961
-4.565860
-6.172142
-9.261662
-4.824759
-6.856465
-5.454820
-3.524898
-7.200087
-6.573567
-5.326004
-5.503647
-7.637011
-8.123797
-7.403619
-6.574437
-4.058108
-8.547293
-9.599703
-6.935366
-8.764135
-9.370097
-5.391692
-5.786383
-10.166653
-6.728495
-6.473813
-6.050956
-6.124641
-10.845971
-6.671881
-6.950269
-4.925146
-4.997801
-11.837148
-4.350608
-3.923252
-5.791059
-7.378938
-6.967793
-5.454889
-3.655730
-6.009460
-3.179543
-3.360314
-5.528593
-6.774265
-6.897557
-8.631824
-6.319251
-6.335316
-6.180367
-7.168775
-6.787855
-7.452249
-3.484207
-4.581602
-4.762714
-6.900359
-6.214810
-4.579996
0.300570
-4.674691
-4.599302
-4.917550
-6.150946
-4.355305
-5.474430
-2.715206
-5.389762
-3.903426
-2.427855
-5.882798
-3.743164
-3.438475
-2.650652
-2.906220
-6.927566
-5.526585
-7.213037
-5.866992
-5.026273
-4.974586
-5.206432
-10.153006
-6.005876
-10.159529
-4.032146
-6.715347
-6.535500
-8.436464
-3.850135
-5.860489
-5.855022
-5.397552
-5.721201
-6.152359
-7.393036
-4.679144
-6.176702
-8.418294
-7.417157
-8.779716
-7.217360
-5.443576
-5.573212
-6.617489
-4.109066
-4.423599
-3.694266
-6.688002
-6.893402
-7.212011
-4.750095
-6.698751
-5.096529
-4.627833
-8.104923
-4.818922
-5.993297
-3.925663
-6.941304
-3.759309
-5.049660
-7.033818
-3.962401
-6.121673
-7.459734
-3.809235
-2.894663
-6.003829
-5.261624
-7.054371
-4.007512
-11.563470
-6.361385
-5.337273
-5.930279
-3.603962
-6.566112
-6.523562
-6.980337
-3.158165
-6.113654
-4.722155
-7.673417
-5.779251
-7.972207
-5.690689
-3.096346
-6.734097
-6.447077
-8.403811
-7.831546
-4.853059
-8.925025
-3.601128
-4.564128
-8.228825
-1.232981
-9.703869
-9.410587
-7.985255
-7.384015
-6.707045
-2.767078
-5.306965
-9.229569
-4.158845
-6.693514
-3.988192
-5.997958
-4.215580
-6.118268
-5.453381
-5.299478
-4.324754
-4.003729
-9.349937
-5.483466
-5.799227
-3.043243
-6.750746
-3.252642
-8.581867
-5.650312
-7.135599
-4.651184
-4.506723
-7.413728
-4.394570
-2.387095
-5.168133
-3.639166
-5.253565
-2.916225
-4.473138
-3.934679
-5.553085
-6.660223
-8.398652
-3.986155
-8.131007
-5.721365
-6.925254
-4.812863
-3.436223
-2.970405
-6.745289
-5.156127
-7.124746
-5.133647
-5.729825
-6.648080
-5.901138
-6.023341
-12.533954
-7.922814
-6.028010
-10.589152
-2.432348
-1.099966
-5.719045
-6.041693
-5.093837
-8.228430
-7.188477
-6.982296
-2.979359
-6.626486
-7.329770
-9.835901
-6.325152
-5.949829
-3.762174
-4.905635
-5.985859
-7.002377
-6.038324
-5.499759
-4.487625
-5.016892
-7.749407
-3.658402
-4.898530
-2.812527
-3.906901
-7.508177
-5.699327
-4.139105
-4.777881
-3.940614
-7.155347
-6.839609
-6.007378
-6.790272
-4.990582
-5.482027
-8.771893
-6.260177
-5.523490
-8.284484
-6.205592
-9.101564
-6.454138
-7.948413
-4.839141
-7.110581
-7.165158
-4.761065
-6.428437
-5.872303
-6.637898
-5.434520
-7.205842
-7.387460
-3.536196
-6.206270
-3.690802
-3.699327
-8.402956
-6.955411
-5.599721
-9.073084
-4.451826
-5.230448
-4.586822
-10.522114
-9.238518
-9.892550
-6.528984
-7.041586
-7.713270
-8.801030
-6.705687
-10.008674
-6.009413
-9.115911
-7.477161
-4.027990
-8.614915
-6.813640
-6.402936
-5.155184
-3.418764
-6.788399
-8.657083
-3.181686
-3.469254
-4.333546
-6.472340
-5.709438
-6.150639
-6.740897
-6.956528
-4.020039
-6.338194
-3.606118
-3.509785
-4.901491
-4.990345
-5.110682
-6.436776
-5.607080
-9.918992
-4.462561
-3.002439
-6.089708
-9.309493
-6.901801
-5.352298
-5.813448
-6.536702
-5.519870
-3.560622
-5.578293
-5.900427
-1.689847
-6.207245
-8.356532
-3.123951
-5.328385
-5.129551
-6.807504
-5.096189
-5.573645
-4.712466
-4.883323
-7.375847
-4.700116
-4.742455
0.434102
-8.026091
-7.034148
-4.407863
-5.727441
-5.848590
-4.208526
-3.640093
-2.518871
-7.108728
-4.840150
-4.328122
-8.796906
-4.353115
-5.762292
-5.493318
-4.723497
-6.740839
-9.123013
-8.182249
-6.879463
-7.197112
-8.018577
-7.139427
-8.224731
-2.127516
-10.324079
-10.586122
-4.706317
-5.396943
-6.071201
-4.563845
-4.290790
-3.043949
-5.883657
-6.110716
-3.596416
-6.970798
-6.720700
-5.956205
-4.587502
-5.472269
-6.007458
-4.090465
-5.760157
-5.010165
-7.750655
-5.398628
-7.762681
-2.308666
-4.091880
-7.475815
-4.979228
-4.903774
-6.176011
-5.499390
-6.380700
-10.514504
-8.022445
-4.397998
-7.481421
-5.874225
-3.465076
-3.902240
-5.399479
-6.684759
-8.176983
-8.915514
-7.046148
-6.995610
-7.245675
-7.421971
-5.043028
-4.707533
-7.916221
-3.721133
-6.781624
-6.236961
-6.262379
-5.928368
-9.327102
-6.524394
-6.454857
-4.708582
-5.335888
-4.678364
-6.262611
-5.762030
-6.631498
-4.906088
-6.311113
-6.246978
-7.633252
-5.626335
-6.106239
-6.645828
-1.276815
-7.205516
-6.092138
-4.966949
-6.175008
-7.925957
-6.042675
-13.595187
-5.979028
-7.719905
-2.558563
-4.834232
-4.730286
-3.647918
-9.491794
-7.731488
-4.563751
-5.979290
-5.214302
-5.381835
-10.972822
-7.110804
-8.591003
-5.380308
-6.674444
-11.270462
-10.934148
-4.212964
-6.306468
-6.778760
-2.776592
-7.547773
-10.182161
-6.747925
-8.256087
-8.310838
-5.054859
-4.621039
-6.089929
-4.976829
-6.676991
-9.587301
-6.195034
-7.894100
-2.517148
-7.371948
-4.457730
-3.066730
-4.715237
-5.154786
-9.849148
-6.265436
-6.753076
-6.770545
-1.828982
-9.963137
-7.951328
-4.363566
-4.942327
-7.534008
-4.704252
-5.843731
-4.743918
-6.611687
-3.429542
-3.717480
-5.301555
-7.928183
-6.413654
-7.910667
-4.329957
-5.209099
-4.641756
-9.792622
-4.040452
-4.005521
-6.268488
-4.676633
-6.361105
-6.359042
-3.959053
-5.656302
-4.011744
-5.241926
-5.559278
-5.661597
-7.239842
-4.018136
-5.887527
-7.408111
-10.074319
-3.171179
-3.040960
-7.918165
-6.277441
-7.222590
-3.651024
-4.512959
-1.242153
-7.151556
-9.030234
-2.450482
-6.695810
-5.546999
-6.052774
-5.358214
-8.640476
-6.153707
-3.481579
-4.127712
-6.547919
-5.494650
-4.974104
-4.414067
-9.194107
-2.181436
-7.223479
-9.963013
-2.278989
-7.304490
-8.892311
-7.859990
-4.955177
-5.153872
-6.468635
-9.753602
-5.920155
-8.115326
-6.506728
-4.531260
-4.669894
-7.281233
-6.724432
-5.533709
-5.363275
-5.467603
-5.027774
-7.222725
-6.103586
-5.447894
-2.489500
-4.822700
-6.218845
-6.472779
-5.039721
-4.412205
-6.983246
-9.008724
-4.111512
-7.870794
-2.071779
-8.812552
-4.347100
-6.186638
-8.661016
-9.177741
-2.007500
-4.292718
-5.480749
-5.471013
-7.621255
-7.831251
-3.361079
-8.462768
-2.145597
-3.844584
-4.558589
-8.069684
-5.553776
-8.249003
-6.601182
-8.711439
-7.900636
-5.250563
-3.561130
-6.369610
-11.435316
-2.496430
-5.348746
-8.167517
-5.228663
-5.725920
-5.170112
-6.646938
-5.131073
-7.698142
-7.131896
-6.009906
-5.153743
-7.737781
-7.756376
-5.534110
-2.631889
-6.011602
-7.436853
-7.146703
-7.239749
-7.181143
-9.657443
-6.316071
-4.377645
-3.675661
-2.770033
-9.380807
-6.333911
-8.087046
-4.867822
-5.709648
-7.464476
-4.794980
0.147337
-9.649058
-5.369970
-9.198745
-5.406204
-5.910401
-6.565429
-4.350524
-7.500044
-3.773513
-1.313841
-5.794480
-3.290529
-5.605868
-8.298355
-6.449864
-8.898035
-6.872509
-8.206833
-5.246977
-3.738565
-4.021809
-5.214383
-6.951390
-6.628124
-10.062304
-4.548553
-7.274179
-8.740398
-4.989109
-4.202275
-5.952822
-10.023502
-9.231716
-6.435987
-3.477558
-4.836579
-9.878132
-7.108880
-12.297946
-6.565408
-8.763757
-2.856926
-6.766294
-7.954114
-7.320613
-7.668900
-9.190505
-7.083522
-8.167905
-4.994775
-5.445101
-3.844385
-6.241497
-5.742253
-5.026744
-8.883018
-6.046650
-6.807439
-8.625135
-4.498834
-2.827205
-6.679996
-6.456457
-3.032265
-4.534400
-7.477976
-2.717614
-5.363904
-5.663499
-7.923041
-9.125033
-5.878574
-5.049351
-5.786361
-4.976137
-5.758101
-5.233236
-5.836090
-8.091436
-8.700554
-7.666467
-4.889964
-2.128288
-9.625888
-5.849839
-5.370011
-8.335662
-8.361266
-2.396092
-13.354172
-2.915411
-2.477785
-3.290961
-7.996440
-4.813681
-6.745959
-4.394383
-11.035468
-5.680273
-4.631668
-8.504300
-8.424279
-8.081114
-4.984467
-6.368850
-5.620746
-7.895226
-5.771616
-2.771146
-2.814354
-6.371234
-4.329996
-7.926359
-7.135295
-7.917411
-3.038578
-5.760239
-6.010832
-6.268237
-7.606984
-7.566080
-9.765855
-8.379605
-6.848036
-6.538333
-7.184734
-3.701694
-5.937337
-6.549600
-6.455022
-5.552351
-8.363318
-6.104365
-6.574798
-8.005680
-11.500921
-5.091048
-9.746370
-6.451113
-3.495853
-3.886095
-4.000451
-6.604746
-10.252673
-5.524497
-3.309184
-5.535434
-3.740244
-2.978994
-4.822468
-8.095786
-5.894157
-4.742574
-8.548561
-3.800511
-8.545943
-5.003849
-4.463527
-3.082172
-3.258238
-4.597534
-4.771804
-4.992696
-3.300173
-8.610505
-5.505115
-6.725292
-5.846870
-5.864617
-8.673731
-4.030717
-5.028814
-1.956912
-2.483684
-9.491025
-5.763603
-6.124630
-4.666830
-7.718146
-8.468226
-4.670340
-9.316607
-4.028413
-7.489118
-4.518854
-5.206929
-5.513754
-7.889618
-7.383254
-3.880836
-5.003686
-3.877739
-8.849020
-8.694028
-5.228447
-8.240482
-2.461631
-12.983565
-4.436594
-3.544225
-5.682904
-5.625912
-2.688284
-4.349790
-8.987267
-8.099431
-6.809853
-3.466410
-8.851121
-4.331179
-5.791801
-7.028058
-5.938360
-4.775004
-4.492786
-4.815869
-4.865311
-5.124205
-8.733479
-9.510620
-6.706620
-7.051280
-4.771032
-6.006990
-4.540675
-6.544059
-7.745514
-8.478141
-1.602412
-6.430064
-4.811949
-4.297571
-6.924199
-5.216979
-4.163777
-6.402792
-4.997303
-5.175544
-7.235121
-3.435185
-5.482594
-5.827869
-4.439784
-5.495096
-4.392242
-4.916092
-2.774931
-7.475722
-5.903511
-6.726941
-6.914655
-6.758747
-5.615075
-5.332056
-3.976550
-8.441968
-5.221009
-5.333302
-11.127444
-8.758058
-3.077879
-8.884205
-6.698708
-5.658331
-5.662124
-7.411346
-5.689587
-9.168646
-7.054832
-5.228720
-7.038245
-7.154152
-13.032171
-3.930512
-7.224741
-9.114139
-4.985318
-3.323969
-2.612029
-4.810464
-5.481130
-4.028442
-6.114812
-5.633529
-8.108696
-7.010621
-8.543716
-4.092906
-4.595430
-4.854594
-7.827068
-6.117788
-5.013698
-7.573560
-7.053994
-2.212635
-10.930868
-10.325472
-4.551728
-2.315538
-4.603051
-4.860635
-4.729008
-9.233707
-2.693286
-7.002165
-5.075492
-3.699781
-7.978960
-3.972262
-6.431616
-4.167925
-4.987579
-8.900993
-3.947869
-4.251575
-10.673250
-5.536041
-5.701911
-5.262348
-4.692564
-7.327687
-5.467764
-5.583109
-6.323385
-6.927373
-5.229908
-6.254590
-7.467877
-7.072391
-1.934783
-8.335575
-9.529706
-8.145713
-7.561255
-7.066862
-9.176886
-7.359240
-7.921709
-10.428057
-4.842954
-5.495978
-10.847331
-7.850560
-6.729284
-8.664515
-5.963473
-6.171521
-5.417832
-4.907992
-6.587414
-6.959587
-5.211391
-9.747659
-5.563675
-9.942783
-6.981190
-3.055103
-5.073484
-4.616115
-7.328469
-8.989895
-11.952682
-4.487808
-6.037108
-4.319493
-6.228565
-7.877978
-8.440976
-6.420709
-4.778119
-4.320239
-2.709738
-9.229569
-4.320395
-4.762480
-5.641661
-4.066247
-5.209215
-7.120076
-8.089170
-4.804247
-8.757310
-6.849963
-8.695127
-6.674531
-5.487745
-6.095297
-6.897335
-8.585335
-6.014764
-5.001874
-9.033698
-6.198217
-9.648888
-7.298730
-3.056666
-8.109027
-4.481358
-10.051592
-5.104457
-6.182379
-7.180226
-5.006878
-6.142624
-5.119622
-8.478395
-5.939277
-5.350356
-3.758231
-4.030457
-9.672665
-2.291116
-5.920200
-7.756250
-8.333983
-10.668876
-5.885143
-4.449031
-4.563583
-5.163429
-5.525589
-7.539803
-2.107804
-4.241356
-4.114118
-10.983150
-6.470019
-4.935113
-7.219441
-7.151741
-7.165098
-6.688513
-6.248282
-3.969264
-4.993400
-6.584272
-1.726929
-7.665606
-5.833731
-4.537000
-8.427271
-9.198799
-8.883092
-3.401667
-6.945775
-6.189398
-6.647758
-2.414808
-8.821871
-8.078924
-8.669660
-4.551784
-8.027618
-6.993256
-4.538198
-6.455848
-8.737847
-3.729114
-4.133280
-5.009794
-8.351878
-4.400092
-6.809082
-7.767015
-6.622891
-8.002689
-9.226166
-8.277687
-8.874029
-3.713988
-6.514348
-5.046000
-7.675507
-7.238754
-5.784091
-7.295303
-2.675445
-6.971688
-5.001594
-5.420280
-6.130566
-5.160074
-10.576459
-4.235283
-2.270930
-8.059817
-5.103215
-6.892745
-5.945859
-4.735610
-4.222243
-9.413307
-7.404299
-9.368352
-5.994298
-4.626504
-5.574334
-4.077004
-5.489601
-5.708590
-6.361634
-9.407410
0.588420
-8.317119
-8.873882
-4.300158
-6.375465
-9.291630
-5.516641
-3.892159
-6.961100
-6.393761
-10.008146
-5.169683
-4.867305
-7.964239
-12.179790
-8.549585
-3.809596
-5.426144
-2.941695
-4.357854
-5.793108
-3.575753
-5.999126
-10.136948
-5.174676
-1.772355
-5.482724
-8.171426
-3.314171
-4.970679
-4.416820
-5.636180
-6.118301
-7.150770
-6.694000
-9.464457
-4.114410
-2.386836
-7.918704
-8.832967
-5.806748
-4.771203
-10.066244
-5.929348
-4.777519
-5.592090
-8.159824
-6.032658
-5.555660
-4.507234
-9.144186
-7.822117
-8.922053
-7.804598
-4.151617
-8.413712
-7.309490
-5.898363
-6.759479
-9.025726
-8.028357
-6.520629
-4.992895
-6.064155
-7.060420
-8.151666
-10.500450
-6.383471
-7.752516
-7.023683
-8.323782
-9.260030
-6.779711
-3.654360
-5.476083
-2.747545
-3.592951
-4.663739
-7.157437
-7.809064
-7.392570
-6.413351
-3.416499
-6.675809
-7.473327
-7.187209
-3.796748
-5.529800
-4.584251
-6.150680
-10.146638
-4.783036
-7.339333
-7.092718
-7.160359
-7.587945
-6.092740
-5.748258
-6.138136
-5.917525
-5.333604
-9.358191
-4.133832
-5.134744
-9.283530
-2.999831
-9.242250
-7.158382
-10.850565
-8.751890
-6.041575
-4.164841
-6.647676
-4.923029
-6.443442
-9.913500
-6.482830
-7.404435
-9.377143
-7.337436
-5.763545
-6.957150
-4.937422
-4.416505
-3.680051
-7.140589
-4.209147
-10.856451
-5.584023
-7.720194
-6.770222
-6.910624
-4.758676
-3.750523
-6.459274
-3.834471
-6.231190
-6.721169
-6.883243
-4.590560
-4.776877
-4.601912
-6.102663
-6.033385
-6.256875
-7.229439
-5.092150
-2.368330
-5.013751
-6.002748
-7.171057
-2.492802
-4.569566
-6.116435
-8.277492
-4.947439
-6.252516
-7.574587
-5.928696
-2.975314
-7.547679
-2.390239
-6.522002
-7.137456
-9.403697
-3.729955
-8.177272
-5.283885
-3.687729
-6.903484
-7.924291
-7.194020
-6.629785
-4.594351
-4.167055
-8.849908
-10.218675
-6.721684
-10.097202
-7.698265
-8.406677
-9.669192
-5.238676
-5.214628
-6.394011
-6.699968
-7.740987
-6.967078
-5.463022
-5.966715
-3.060505
-8.045420
-7.514408
-8.004896
-8.415325
-6.138390
-9.440934
-6.990885
-5.237914
-6.231635
-6.231923
-7.291031
-8.148471
-7.553473
-3.461342
-6.315444
-7.712121
-8.210297
-8.346229
-6.269754
-5.573589
-4.265220
-6.006104
-3.553785
-7.396951
-5.387290
-3.679914
-2.433290
-5.315900
-5.324603
-3.584100
-6.380182
-6.037693
-6.362278
-10.520082
-8.996922
-2.708423
-7.802503
-2.710794
-4.662723
-6.523474
-7.713453
-11.581576
-8.349351
-3.678971
-5.113537
-7.460544
-4.674128
-6.375256
-5.399092
-6.559722
-3.932891
-6.563709
-9.056704
-7.591027
-8.787519
-3.845011
-8.690766
-8.224915
-5.779447
-4.866326
-4.543853
-8.217801
-7.174398
-5.221218
-5.417457
-7.126834
-5.839034
-8.907162
-9.327391
-7.603964
-9.513171
-11.656171
-10.051413
-10.865396
-4.599015
-5.258578
-7.912344
-6.232459
-7.008589
-8.773030
-6.298044
-4.264191
-9.755975
-2.588954
-7.876086
-5.753210
-5.575146
-2.687571
-9.166234
-7.386369
-3.805866
-7.392787
-1.712517
-2.931981
-7.949039
-5.941416
-5.482829
-6.800524
-4.590656
-5.237387
-7.457942
-7.747845
-6.345028
-3.849102
-10.441364
-5.290833
-2.515495
-5.288254
-4.464037
-6.369387
-5.603253
-7.110716
-4.694921
-7.238636
-15.580891
-5.527636
-6.345305
-8.113911
-6.286784
-5.491661
-2.799779
-7.800892
-4.449310
-5.475000
-3.285178
-3.275429
-4.791950
-7.357435
-7.532066
-4.068663
-5.313046
-5.639339
-5.209523
-5.871679
-5.918986
-8.371769
-4.831719
-8.235123
-8.662685
-5.642166
-6.965051
-5.811643
-3.163587
-6.061269
-10.387386
-6.281470
-6.789084
-3.556352
-5.458889
-7.194109
-8.433249
-8.168986
-8.116057
-3.858036
-5.965173
-6.332710
-8.198369
-5.721927
-5.441819
-6.963176
-5.378644
-5.515691
-8.175287
-5.414183
-9.282164
-6.255056
-10.093772
-7.900064
-4.230728
-6.663739
-6.317795
-8.939779
-5.826507
-3.158593
-6.843188
-7.552570
-4.353545
-5.725410
-8.213656
-9.751986
-4.604212
-3.902782
-4.016324
-5.733057
-6.749306
-5.989879
-5.587587
-4.550355
-2.265709
-2.942962
-5.656802
-5.509053
-7.855906
-9.793968
-6.899030
-4.509569
-4.386586
-3.662055
-7.240957
-4.640504
-1.343898
-5.267340
-9.274454
-6.336743
-5.650336
-7.963559
-6.271186
-6.096332
-6.954079
-6.974100
-8.060293
-4.705376
-5.765218
-2.118417
-7.955152
-6.014227
-6.012162
-6.754567
-5.191903
-6.990285
-10.163412
-5.724386
-5.544436
-4.736924
-7.225320
-5.252454
-7.960642
-4.232661
-11.795569
-5.691871
-5.445397
-9.048452
-7.273243
-3.899575
-7.160107
-7.856390
-5.142523
-5.345812
-5.366446
-5.953918
-5.507068
-7.156785
-5.628518
-7.744106
-6.461028
-6.489408
-5.343554
-7.539290
-7.963876
-4.405810
-4.390910
-7.163294
-6.081273
-5.938277
-5.815913
-6.530431
-7.888285
-6.829463
-3.988053
-3.855039
-9.141465
-13.182451
-6.135337
-5.915748
-7.688344
-9.200865
-8.534517
-8.026004
-6.439604
-7.407082
-7.947825
-7.205576
-4.722754
-7.169320
-3.832073
-11.168890
-3.151510
-7.532366
-5.850008
-3.607540
-5.861612
-7.062069
-5.744853
-7.381352
-5.473665
-5.848655
-7.526869
-8.736499
-6.667189
-8.568942
-3.962697
-5.852539
-7.172164
-4.356559
-5.111535
-6.833807
-8.578974
-5.644515
-6.338073
-7.292175
-7.066375
-6.130426
-3.399788
-7.075792
-4.624170
-5.925650
-5.936469
-6.697124
-5.708158
-6.081045
-8.654332
-6.261810
-7.118415
-5.651542
-8.724649
-7.460989
-7.418616
-4.958063
-11.923323
-6.095864
-6.649495
-5.969911
-6.950309
-7.810429
-6.726225
-4.500739
-5.276485
-4.443465
-4.291533
-6.174361
-7.729710
-5.319161
-4.763112
-10.549961
-6.820165
-7.149292
-7.008441
-6.767791
-6.535903
-5.864198
-10.209171
-9.383055
-7.305846
-5.943758
-6.461707
-9.697844
-7.803148
-7.774371
-4.893252
-3.695221
-8.620777
-5.628829
-6.658797
-8.353084
-7.732807
-6.409555
-8.900445
-6.335313
-7.173994
-3.952552
-6.120255
-8.901964
-5.382327
-7.310136
-4.860830
-4.611562
-6.412899
-6.546387
-10.063596
-7.867671
-11.964098
-5.506909
-4.223404
-6.458361
-6.064197
-3.106072
-4.224719
-4.631841
-7.453607
-11.717401
-3.196592
-7.826308
-5.101280
-8.022086
-4.860439
-3.339970
-6.783815
-3.536601
-7.315067
-4.090620
-7.872640
-5.937986
-8.155746
-4.714741
-7.132375
-5.114851
-3.560658
-5.878716
-6.920543
-7.128017
-8.987204
-7.928203
-8.558021
-3.532315
-4.778336
-3.383444
-5.829394
-10.502360
-4.451700
-6.376628
-4.024812
-5.377781
-3.359720
-4.800369
-8.541108
-5.597053
-8.929473
-8.003534
-9.548285
-7.133198
-2.720155
-8.380242
-8.541896
-8.402452
-5.986939
-6.378629
-3.396378
-4.120039
-4.443536
-7.285361
-5.019595
-3.567566
-7.572290
-4.547245
-4.455868
-4.165464
-4.118443
-6.012898
-5.744644
-7.421678
-7.569933
-10.049265
-4.119456
-11.583454
-11.106731
-4.681234
-7.604107
-4.091071
-7.061830
-5.176830
-5.795417
-3.395440
-4.612533
-6.158652
-0.840735
-7.379733
-8.103397
-5.005888
-4.508579
-8.242986
-5.982373
-2.913559
-3.800220
-6.068086
-9.091653
-2.674726
-5.279005
-7.003525
-7.995483
-10.437038
-8.885496
-6.273009
-5.858822
-9.692687
-3.971094
-5.862069
-5.611566
-6.411058
-7.001280
-7.190020
-3.289776
-3.826995
-8.379508
-4.399428
-4.126621
-6.320732
-4.675088
-5.820777
-5.193912
-4.564076
-7.364946
-3.604071
-3.522064
-5.048680
-5.020628
-2.072358
-4.541475
-5.074903
-8.868322
-3.088579
-7.146434
-8.043251
-7.254653
-3.857155
-5.669559
-5.363559
-4.478446
-5.308313
-5.302052
-8.677544
-6.361475
-7.188791
-5.054804
-7.087404
-4.953843
-6.826533
-6.858692
-6.091955
-4.015882
-7.270059
-8.574437
-4.130053
-6.622885
-8.659614
-5.481667
-4.385335
-7.756324
-9.407416
-4.231140
-5.753123
-3.665820
-15.283553
-4.146496
-5.206115
-4.481582
-3.316770
-4.386340
-4.024342
-7.687679
-5.997765
-6.572210
-7.519172
-9.217336
-8.684282
-8.680294
-7.507751
-5.660710
-2.290959
-6.665587
-6.971133
-6.831229
-4.227232
-5.529314
-4.184245
-5.988023
-5.484220
-6.700512
-5.282462
-9.444876
-7.843537
-7.139513
-4.628579
-8.332284
-9.210965
-7.222347
-7.080455
-4.373934
-10.179290
-7.778426
-2.807937
-2.832757
-1.830356
-5.515802
-9.435244
-5.414867
-6.379957
-9.133841
-5.675128
-6.144648
-7.537881
-3.193007
-6.760872
-5.147154
-7.006144
-7.020998
-5.839144
-11.346227
-5.244514
-9.263629
-5.572584
-5.985339
-7.045352
-4.995306
-6.234652
-6.237439
-5.412960
-4.380721
-7.249473
-5.440741
-5.375103
-3.130459
-5.723721
-9.132754
-5.764001
-7.959832
-7.568298
-4.507170
-3.215843
-8.913683
-6.228999
-7.008358
-7.802091
-9.469464
-5.291034
-6.326127
-5.447067
-3.687125
-8.973754
-7.590111
-5.173788
-10.666562
0.221905
-3.492717
-6.553633
-7.491567
-10.429497
-6.900122
-6.549255
-6.484022
-5.982944
-9.144936
-8.911779
-9.176094
-7.399687
-4.532375
-3.118596
-7.510557
-8.903449
-2.385154
-3.881373
-6.478061
-10.358475
-4.856259
-7.258068
-4.264799
-6.623041
-9.781965
-6.541394
-10.015759
-7.966868
-6.334813
-4.295783
-3.168990
-7.068014
-6.175416
-6.666220
-5.871289
-3.120262
-9.163673
-7.208350
-7.018947
-5.909696
-7.800959
-8.740718
-6.537580
-8.248251
-7.404788
-7.267003
-6.570022
-6.019615
-2.408816
-6.104642
-7.218333
-5.011164
-9.138705
-4.986060
-6.362591
-3.760426
-7.898767
-3.140403
-4.274000
-9.836448
-4.358976
-6.544059
-4.561226
-5.672226
-4.894436
-6.010237
-6.657418
-5.958624
-6.305488
-6.946098
-5.063141
-3.151905
-6.584556
-7.601235
-1.851886
-6.390181
-7.781715
-1.005684
-6.209375
-5.273637
-6.903183
-5.117020
-4.201960
-5.088340
-6.313256
-11.073521
-9.873270
-5.198509
-2.553941
-2.921516
-7.990963
-2.513671
-4.317708
-4.690487
-8.446385
-6.260320
-6.796817
-4.425451
-7.542520
-6.779407
-6.175900
-3.405882
-6.154459
-6.518728
-3.992488
-6.761418
-5.189457
-4.021317
-7.206384
-5.833614
-6.032286
-7.329023
-9.486156
-5.735993
-6.822876
-6.842908
-8.320365
-5.898029
-7.226029
-7.333160
-6.270697
-5.595262
-8.157544
-6.228361
-6.515609
-4.824915
-8.080915
-4.884305
-6.387503
-7.131811
-7.016452
-5.014500
-3.243047
-9.223090
-7.010175
-2.947993
-6.571827
-5.554947
-5.174283
-7.588444
-5.422378
-7.796895
-8.186097
-5.612092
-5.596730
-9.462200
-5.041462
-6.537457
-4.164043
-7.771210
-7.135873
-1.462316
-9.318350
-3.608708
-7.495660
-6.570106
-5.949484
-6.153038
-6.242873
-3.385892
-2.181104
-4.342399
-9.458692
-4.461959
-6.517267
-8.717969
-6.076736
-8.064101
-4.060925
-3.166400
-6.014917
-1.603338
-3.165397
-8.371354
-7.442335
-2.306160
-4.636941
-4.810818
-5.728768
-6.225772
-5.517800
-5.905093
-9.763909
-4.276344
-3.927776
-4.678985
-7.084916
-8.929560
-6.476309
-4.864428
-8.248446
-9.302773
-3.707631
-5.080092
-3.365703
-8.107290
-4.946270
-11.300490
-3.019593
-6.150794
-0.844325
-6.198990
-4.063031
-3.026769
-5.497142
-6.327091
-4.370605
-7.633177
-5.937405
-8.191218
-5.390798
-6.939069
-9.580072
-6.515614
-6.259140
-6.186923
-12.734222
-4.343289
-6.458245
-4.613187
-5.593972
-6.333898
-5.925386
-5.888872
-5.675987
-5.746838
-3.673253
-10.438371
-4.849277
-3.606953
-5.223554
-5.761328
-4.028916
-6.806004
-4.512100
-10.003941
-3.927956
-5.595863
-4.115261
-6.415720
-4.449095
-6.442287
-11.367356
-6.378018
-6.596173
-5.544949
-8.683417
-4.464694
-5.515059
-6.320793
-6.308347
-5.598008
-5.028310
-8.373366
-6.257553
-6.708236
-1.447733
-9.443183
-8.383640
-9.218787
-11.142076
-5.977636
-4.554159
-5.905272
-3.750912
-5.126754
-5.469861
-7.987650
-6.684056
-2.742836
-4.392998
-2.497475
-8.632763
-4.915036
-3.108565
-7.901630
-9.443823
-8.710176
-7.716913
-5.465558
-7.655091
-7.113560
-3.432849
-6.474103
-5.636204
-6.388816
-7.525718
-7.646311
-7.946131
-7.622045
-5.103015
-8.731005
-7.864538
-5.695904
-6.495573
-7.499712
-4.456500
-6.330986
-2.777122
-6.714314
-5.702874
-3.899198
-8.358319
-7.685085
-9.117708
-6.058854
-8.104548
-3.817954
-4.868739
-4.894455
-6.864610
-6.697097
-6.412759
-6.858279
-6.909401
-4.264447
-7.820742
-5.934104
-3.950561
-1.484311
-6.084867
-7.444474
-3.940711
-7.813121
-2.762526
-7.188744
-4.446995
-5.202408
-3.733558
-1.472895
-4.048056
-5.998597
-11.376541
-7.312952
-9.722297
-9.229569
-3.141957
-11.654584
-4.554585
-8.063709
-8.529312
-5.642698
-4.565342
-3.777359
-6.903183
-3.640178
-5.733141
-7.741894
-6.591222
-5.345969
-4.570420
-5.369119
-3.633986
-7.816278
-6.725332
-7.087465
-7.546605
-5.048653
-12.426887
-2.180909
-8.468650
-7.864292
-8.152985
-8.144122
-5.889561
-8.381393
-4.196739
-4.100991
-6.614008
-6.543876
-2.799547
-5.615464
-5.412011
-5.730996
-3.379349
-4.733841
-5.242637
-5.663630
-6.324701
-8.079557
-5.370973
-4.335106
-6.649531
-8.023244
-5.865798
-4.433541
-4.216364
-7.510954
-6.535408
-4.372961
-6.185897
-8.359571
-7.300134
-4.027171
-7.665381
-5.572789
-4.615658
-7.212526
-6.440039
-8.247523
-6.031481
-8.331768
-5.443419
-6.350588
-7.126138
-6.824079
-7.112810
-4.619275
-7.261040
-8.843238
-5.726259
-4.155708
-9.445324
-5.381084
-8.787768
-6.331375
-3.155094
-8.035562
-6.048544
-4.049135
-4.388247
-5.728427
-4.686331
-3.064843
-7.835633
-2.838561
-7.455627
-7.171390
-3.963592
-6.216272
-6.675762
-8.108721
-6.929474
-5.447393
-7.690875
-3.841226
-2.716586
-5.391959
-8.472290
-4.293742
-5.066278
-7.515021
-5.298804
-7.774135
-12.122583
-7.062540
-7.005319
-5.175017
-7.193886
-6.177887
-12.188167
-6.866722
-8.598577
-6.265107
-5.539109
-5.909951
-9.229569
-6.166132
-10.966413
-5.109065
-7.659620
-3.861733
-6.385899
-3.888935
-4.569925
-7.968266
-8.191778
-5.837548
-8.311752
-7.482250
-3.769443
-4.274442
-7.391522
-5.705158
-4.798826
-6.892457
-5.654909
-4.337916
-6.936863
-8.727701
-3.564969
-7.226573
-10.805673
-6.528583
-7.886443
-5.621288
-8.373022
-2.767537
-5.727726
-7.751553
-6.606844
-5.943109
-12.654987
-4.682092
-4.870713
-4.936968
-6.442699
-8.180225
-9.818005
-4.870114
-2.900900
-5.493725
-8.344799
-5.138653
-4.059783
-5.214097
-6.526876
-7.266527
-2.945344
-7.111691
-11.804335
-10.176300
-7.565084
-5.792470
-9.698866
-4.926895
-5.035163
-2.904267
-7.944287
-6.103456
-4.611843
-2.289279
-6.975581
-5.597092
-4.805930
-8.143618
-6.072634
-5.147073
-4.730185
-9.111697
-5.327933
-6.738904
-7.244654
-7.870080
-7.955471
-5.018529
-4.923385
-6.206702
-10.246014
-3.952606
-2.723855
-3.898529
-6.702273
-10.852139
-5.160771
-7.408462
-9.416352
-5.138815
-9.567980
-9.552055
-6.410270
-4.610250
-11.543774
-2.018306
-10.045089
-6.615646
-5.895048
-8.125903
-5.817266
-6.668167
-8.904097
-10.153172
-7.063342
-4.554050
-3.913699
-4.524868
-10.236600
-2.028871
-5.079748
-4.902223
-5.584147
-4.212224
-6.482349
-4.446543
-0.924066
-1.154533
-9.132637
-5.316963
-7.351888
-6.238021
-6.147635
-2.535798
-4.735357
-11.991635
-8.743966
-7.117891
-4.418510
-9.229569
-4.171363
-6.092872
-6.103324
-7.754241
-8.169338
-5.647284
-7.395068
-4.601630
-11.032233
-6.834063
-4.681998
-6.988131
-8.280357
-6.011674
-6.281928
-4.590111
-6.244639
-5.020009
-5.688285
-4.428816
-5.712886
-5.743423
-6.557212
-7.441695
-7.357524
-7.077281
-4.851990
-4.608193
-7.571661
-7.320202
-4.681913
-9.892555
-7.616476
-11.844670
-3.799300
-6.599619
-5.710757
-8.208874
-5.947286
-4.559019
-6.393623
-7.017559
-7.018440
-4.375607
-3.857159
-7.612763
-5.693338
-5.147672
-3.656125
-8.834264
-5.391223
-8.473190
-8.491446
-4.356763
-4.963510
-6.972639
-6.826242
-5.216517
-3.483489
-6.075321
-7.990892
-9.659357
-6.674945
-7.137126
-9.793839
-7.444798
-6.170086
-7.938999
-6.218169
-7.366167
-3.972026
-9.056605
-4.337442
-10.803922
-7.174465
-6.965958
-2.929117
-6.592409
-7.550673
-8.622083
-5.762238
-5.304831
-6.994172
-4.978985
-1.457109
-5.830884
-5.905363
-7.937717
-6.362734
-5.514822
-5.296958
-5.845154
-4.703372
-6.315729
-7.103525
-7.549333
-3.563760
-4.811101
-4.016376
-8.230213
-4.803789
-5.935068
-6.305079
-7.090113
-5.798868
-8.054685
-6.408303
-7.637326
-5.632308
-7.492353
-4.744250
-7.401062
-7.152660
-8.138744
-7.994735
-6.072649
-9.107135
-4.199604
-5.687409
-4.522952
-4.969188
-9.563088
-8.112600
-2.294980
-3.955952
-5.796432
-4.226788
-1.036578
-6.625551
-4.378792
-9.513272
-7.690345
-4.015989
-3.401289
-9.074158
-7.802206
-5.231620
-4.894201
-4.309740
-4.266671
-6.103900
-8.111755
-4.714830
-4.827182
-4.572442
-5.266151
-5.530704
-2.289028
-6.913885
-6.649993
-5.410618
-7.063724
-7.101161
-6.966292
-5.950361
-4.706154
-7.337116
-8.986472
-5.783377
-5.101332
-5.349434
-5.801028
-8.778876
-4.811585
-7.324101
-3.912133
-7.145799
-5.093015
-4.002463
-7.505792
-5.243609
-6.570541
-8.200174
-3.932360
-6.627736
-5.233842
-8.622791
-2.147500
-7.369886
-7.181847
-6.523809
-3.854352
-5.490411
-3.148239
-9.975533
-4.853436
-5.490163
-4.825943
-2.628832
-3.849045
-5.494326
-1.989156
-8.039272
-7.525558
-7.807426
-6.843890
-7.330559
-8.849136
-4.673549
-2.929801
-6.014645
-10.379900
-4.925806
-6.544092
-8.737258
-7.080723
-4.903387
-7.376502
-9.229569
-7.094573
-4.005791
-7.332971
-1.258087
-4.659006
-4.679783
-7.126363
-6.884022
-6.864032
-5.244058
-8.023226
-8.407207
-8.698458
-5.355626
-5.218732
-6.572383
-7.713998
-9.495038
-9.654494
-10.768991
-7.344112
-10.240235
-5.181852
-3.515177
-4.874770
-4.055664
-6.944379
-3.370818
-6.303534
-3.514824
-6.415967
-7.139617
-6.804736
-4.850224
-9.610572
-4.749221
-7.334082
-3.449918
-8.402554
-6.877448
-11.303413
-3.400639
-5.385453
-6.262478
-8.217866
-5.179851
-6.207770
-5.132243
-6.094239
-6.262117
-2.336810
-6.612871
-5.922000
-5.108887
-3.803793
-5.257350
-3.919479
-9.443748
-3.808391
-6.269801
-5.974710
-6.290669
-5.082126
-7.393626
-6.842128
-7.220224
-4.704348
-4.382625
-4.988915
-5.092237
-4.693514
-4.622674
-5.868629
-8.181069
-4.198862
-6.653433
-5.251619
-3.638923
-8.277308
-5.482898
-5.818976
-5.884725
-2.992506
-3.332434
-5.140744
-6.371291
-6.559602
-9.622927
-5.650909
-7.597479
-5.657484
-6.714035
-4.306757
-7.304979
-5.747630
-6.857948
-5.001319
-6.158945
-2.518973
-8.506408
-6.599714
-7.542349
-5.953819
-6.846492
-11.395233
-7.910892
-5.772120
-9.461722
-6.006581
-4.872187
-6.147916
-3.676406
-5.647162
-5.241498
-5.552241
-5.528011
-5.132875
-3.804965
-5.818926
-6.538387
-7.974030
-8.829140
-7.945899
-7.578758
-4.274930
-3.586513
-7.780142
-8.879355
-9.256317
-3.101219
-9.438918
-8.218293
-3.889743
-6.424764
-6.821349
-8.373320
-4.852191
-2.936597
-7.113949
-6.581800
-6.775599
-7.243594
-4.726658
-8.587376
-7.654652
-7.300235
-7.774677
-4.537035
-5.067119
-6.997573
-7.046543
-6.729576
-7.678494
-6.861357
-2.733689
-6.426184
-7.319456
-3.902787
-5.747226
-8.002207
-7.600619
-7.138473
-6.964782
-7.245745
-8.212280
-7.281996
-5.532666
-8.105270
-8.054191
-6.435255
-7.753086
-6.867986
-7.784623
-6.505919
-3.510222
-5.814299
-6.020205
-7.541201
-6.780780
-4.930884
-6.359746
-9.701363
-6.538366
-4.225787
-13.020628
-7.769003
-7.845870
-6.020515
-5.865365
-5.460789
-7.320828
-5.096911
-8.560748
-5.529207
-6.815560
-6.787523
-7.483873
-7.361312
-5.256637
-9.676311
-3.595001
-5.357255
-8.660376
-6.653860
-7.396849
-5.845796
-7.500852
-7.783378
-8.153450
-6.224797
-5.877095
-8.887653
-8.276642
-5.349955
-7.308257
-7.875120
-8.061765
-2.870161
-11.906549
-6.442816
-2.112257
-3.510797
-4.494774
-7.373987
-7.429955
-1.281634
-8.761181
-2.677570
-10.298269
-11.023776
-1.851705
-6.551124
-5.444603
-7.592046
-7.852546
-9.765501
-5.202327
-8.662832
-4.898149
-8.177637
-11.471750
-5.265881
-4.672800
-2.390450
-7.152876
-8.395120
-6.303633
-8.256146
-5.040310
-5.972672
-7.225150
-7.872357
-6.798929
-5.361840
-3.670577
-8.754524
-7.189683
-5.214093
-5.021147
-5.069353
-8.174323
-5.106279
-3.684600
-5.973952
-2.781658
-6.467152
-7.653861
-8.328100
-6.698059
-4.706408
-6.304341
-7.256264
-7.971692
-3.821063
-5.016221
-7.483652
-6.259133
-6.125042
-4.560921
-4.778835
-5.809340
-5.686644
-4.344827
-8.678031
-4.322427
-6.317686
-3.270867
-5.590258
-9.153749
-7.325134
-4.395111
-12.509996
-6.663405
-3.665855
-9.161405
-9.709682
-6.746543
-7.503523
-5.919092
-5.213869
-6.672750
-5.854630
-6.204946
-9.556266
-5.213838
-4.839271
-6.253655
-6.583382
-9.207859
-7.608050
-7.623159
-9.522906
-11.273947
-7.946685
-5.868022
-2.907761
-6.363758
-9.812126
-6.860446
-10.784892
-4.908377
-7.806051
-6.147477
-8.887597
-9.457511
-6.710814
-8.459299
-8.388888
-9.153891
-4.191525
-3.438545
-3.607806
-4.310637
-5.355306
-3.108234
-6.305279
-6.946342
-8.703244
-4.075169
-6.518813
-5.614601
-11.396039
-6.764571
-7.056092
-10.384945
-6.922729
-8.422929
-5.398309
-4.722360
-11.422357
-9.741575
-4.042034
-8.890610
-5.294209
-6.412748
-7.400781
-6.323511
-5.212200
-4.548780
-10.661607
-3.945066
-8.556663
-5.216067
-6.635827
-6.471262
-5.045866
-7.085267
-4.541505
-8.495683
-3.333751
-5.448721
-6.233769
-10.557492
-6.538902
-8.002874
-3.942241
-7.461472
-5.670878
-5.994181
-6.292123
-5.038979
-4.234956
-11.393265
-8.631120
-7.066487
-5.322413
-5.569403
-10.794316
-4.938818
-9.460395
-5.948290
-7.738842
-7.943133
-7.911622
-6.769237
-10.529777
-0.631833
-7.463106
-8.890947
-5.511600
-7.686522
-5.881214
-7.099817
-5.611836
-9.447129
-4.418680
-8.912183
-7.441814
-9.410853
-10.062949
-5.428447
-9.866057
-8.148523
-2.820520
-5.775237
-3.403130
-8.328361
-8.359191
-8.108985
-5.581913
-10.544965
-9.400332
-8.240119
-5.600631
-4.675320
-2.324897
-5.023587
-6.776847
-7.442265
-5.485569
-4.580757
-6.060766
-6.309697
-10.146302
-7.821006
-10.774650
-2.676843
-4.116339
-3.351012
-6.691894
-4.088691
-11.171094
-5.644770
-6.611008
-6.722748
-5.556693
-6.215849
-6.443688
-5.645709
-7.870916
-6.011382
-5.349758
-6.826930
-6.369167
-5.321687
-3.664493
-6.358563
-7.557479
-7.199413
-6.755682
-10.842965
-7.164461
-8.982009
-6.823570
-7.853238
-5.301498
-7.908916
-7.746112
-7.298692
-6.063474
-8.227342
-7.164278
-4.438474
-8.042167
-6.356306
-2.073892
-8.059683
-3.474567
-6.769512
-3.610696
-3.951476
-4.941233
-5.500986
-6.465146
-6.914775
-6.549419
-7.130940
-6.805137
-4.928536
-3.738228
-7.226460
-8.300677
-4.834543
-6.975639
-6.965292
-9.484659
-2.869536
-6.578353
-4.497211
-9.824190
-7.465813
-5.616347
-5.051302
-6.945144
-4.746960
-6.757957
-4.555833
-3.143701
-5.503834
-4.396717
-9.372821
-6.473969
-7.503396
-8.150864
-4.601250
-7.831185
-5.490268
-5.725727
-2.765105
-6.325186
-5.842074
-5.931997
-4.980285
-7.906155
-4.965982
-6.210679
-5.338640
-9.674914
-5.586902
-10.305726
-4.303461
-2.311397
-3.383014
-8.524414
-8.610727
-5.319774
-7.714105
-8.982800
-6.126482
-5.349865
-5.323364
-5.448927
-7.756657
-4.297287
-6.912676
-3.952579
-7.106720
-8.393802
-5.592637
-6.530101
-6.711298
-5.215257
-5.093017
-4.596335
-5.732298
-5.775727
-5.796868
-4.049740
-6.100727
-7.618248
-7.590603
-10.204359
-3.160859
-8.304317
-6.526718
-4.375136
-2.978219
-4.297594
-6.729287
-5.096589
-4.128045
-8.531359
-8.675364
-4.482812
-6.286234
-5.267434
-3.649902
-4.838144
-5.980772
-5.845008
-8.106335
-6.430909
-2.142282
-7.220470
-5.786422
-4.699695
-10.362778
-5.603844
-8.432527
-6.064616
-8.504963
-9.213284
-5.440328
-6.510675
-4.618296
-10.581882
-5.768384
-4.850142
-4.259633
-4.802803
-7.609354
-11.706430
-6.308125
-8.570465
-9.311699
-3.782727
-6.994562
-5.459148
-3.426922
-8.969914
-8.357496
-12.851093
-4.382971
-3.590881
-6.014567
-7.019488
-5.286846
-9.534442
-6.739152
-9.810265
-5.758873
-8.802085
-8.657927
-6.729228
-7.956284
-6.103752
-7.375934
-4.070007
-10.908949
-8.399883
-6.049804
-6.356912
-9.892794
-7.277154
-7.896450
-8.670923
-6.958944
-8.894356
-4.712490
-11.383869
-4.426511
-6.740962
-5.528954
-4.770912
-6.944246
-6.692472
-7.500433
-5.345250
-8.301969
-5.784590
-8.463089
-6.946082
-6.362387
-8.074871
-7.777597
-4.015558
-7.131616
-6.385598
-6.609704
-7.258378
-5.781444
-4.569921
-7.731581
-8.589484
-8.409433
-5.851698
-4.149776
-6.329748
-8.411868
-6.827914
-9.417975
-6.363322
-8.348047
-7.232076
-9.369726
-8.556594
-4.972845
-1.957231
-6.284821
-4.809450
-6.247937
-4.332125
-7.562056
-3.805128
-8.106715
-8.438795
-6.754742
-9.995693
-4.624415
-6.564490
-5.137970
-6.098047
-6.123315
-4.349839
-10.481783
-6.615036
-8.008467
-3.723519
-7.935806
-2.426970
-5.019767
-6.563414
-3.952738
-4.500427
-7.269235
-6.904888
-4.524873
-8.299783
-4.192907
-7.703757
-3.388069
-7.216959
-5.487724
-10.773428
-2.609276
-7.258934
-10.798886
-7.974018
-6.576855
-6.932462
-7.734818
-6.778782
-9.134058
-7.550610
-6.731791
-7.012620
-6.668992
-5.994856
-7.430070
-5.921208
-3.741963
-3.954009
-3.997329
-4.231934
-6.774085
-5.113291
-3.319340
-9.175890
-5.625401
-6.610419
-6.640622
-3.783523
-6.999825
-3.102304
-7.680869
-5.123080
-5.300261
-4.956291
-8.610617
-12.243103
-7.219474
-5.102191
-9.021919
-5.049429
-6.847939
-10.474497
-5.389297
-5.632172
-10.938478
-7.988334
-10.274259
-5.759373
-8.205193
-10.181793
-7.253419
-8.573970
-8.340263
-4.477225
-5.182173
-8.484934
-7.546093
-7.024371
-7.147372
-9.384418
-6.282016
-5.889529
-8.811173
-3.911718
-4.454342
-4.798301
-6.560946
-9.058783
-5.047402
-4.625535
-3.568926
-8.950960
-5.955851
-9.418816
-6.527470
-6.658979
-7.177094
-7.197722
-3.467951
-7.843332
-7.790693
-6.488996
-10.532480
-3.697922
-7.927344
-7.789477
-4.689882
-10.497699
-3.763982
-8.819203
-2.502169
-5.986389
-8.205514
-7.690835
-6.548432
-8.532651
-7.400920
-6.140255
-2.918832
-7.664104
-3.271985
-4.645743
-8.907130
-9.673553
-4.865901
-6.948901
-5.526085
-7.120846
-7.325451
-5.588679
-5.749609
-5.145391
-5.189832
-6.440351
-5.518797
-3.796406
-6.044433
-9.243274
-5.410390
-10.786490
-7.103038
-5.983837
-9.001778
-7.329336
-8.490143
-6.022796
-7.985318
-7.249136
-8.438654
-5.735585
-7.784913
-7.561549
-7.982819
-5.098548
-10.483041
-7.890831
-4.396293
-6.436319
-8.776562
-5.596192
-5.617856
-11.277156
-7.291029
-4.956555
-6.072127
-8.169417
-11.138547
-5.472870
-8.379596
-10.762295
-5.342332
-4.135651
-4.813249
-3.794340
-6.150453
-7.490184
-6.567951
-5.352230
-8.702234
-7.855837
-5.728032
-4.498641
-5.065032
-6.355442
-5.507221
-5.926496
-4.885998
-8.189248
-6.587605
-5.584143
-4.943038
-6.256461
-10.436698
-7.585428
-2.949625
-4.917862
-10.270802
-5.846087
-6.426662
-9.229569
-4.880337
-5.916118
-5.548458
-8.359868
-4.977631
-3.081339
-2.330800
-7.536003
-6.139260
-6.678059
-3.970613
-5.810402
-5.343140
-5.679062
-7.511126
-5.965756
-7.720936
-7.378193
-9.498133
-8.806674
-7.826500
-6.009920
-8.287594
-6.327385
-7.964121
-3.536189
-6.716039
-7.631826
-6.179937
-7.337702
-7.134500
-5.710165
-10.693513
-7.494136
-5.958363
-5.882559
-4.294976
-5.543486
-7.255419
-9.974365
-4.610201
-5.645272
-4.998113
-4.732385
-6.803459
-9.920860
-6.261467
-6.437724
-7.065982
-5.982295
-3.493257
-4.147769
-6.679590
-5.472011
-8.904565
-8.019858
-4.933860
-3.898555
-6.090652
-7.118263
-4.992390
-6.724781
-6.271282
-5.170646
-5.712654
-4.990786
-5.175183
-7.262191
-5.184643
-4.694468
-11.465329
-5.228966
-7.243035
-3.754227
-8.322113
-8.840096
-6.346383
-8.910708
-4.955344
-5.919312
-6.387168
-3.888960
-5.509086
-7.313390
-6.629284
-4.262745
-2.506924
-7.622719
-12.987307
-7.492669
-6.239941
-5.551262
-7.218515
-3.432947
-5.541018
-5.151706
-9.759103
-8.140561
-7.672552
-5.186219
-10.724970
-4.127325
-9.629396
-7.377103
-11.347116
-7.969648
-4.736892
-6.240957
-4.388503
-8.946577
-5.992300
-5.880309
-9.431834
-5.823218
-9.646685
-7.794361
-4.275147
-6.661312
-2.534320
-8.384428
-9.095754
-6.990757
-5.798167
-7.410612
-6.679490
-6.621316
-8.352914
-4.775664
-6.533339
-7.326097
-7.478490
-3.912349
-8.920628
-4.941378
-4.184277
-6.995124
-1.196551
-8.373375
-7.057003
-5.561018
-9.229569
-5.833432
-4.283959
-3.183565
-3.735552
-11.766759
-5.371366
-7.390348
-12.921571
-9.833017
-6.996438
-8.246391
-8.462531
-8.251934
-5.673959
-6.307852
-7.326844
-8.881019
-4.892143
-5.522159
-6.608381
-5.324238
-6.495321
-5.091119
-9.530271
-6.652896
-8.753988
-6.699716
-4.019604
-8.819276
-6.963394
-4.910225
-4.900814
-5.370957
-5.299182
-4.430588
-7.044061
-4.410950
-6.952239
-2.623752
-4.946321
-6.857427
-3.204840
-1.092589
-2.189862
-5.816984
-5.442668
-6.407426
-4.165832
-2.960278
-6.016690
-6.640297
-10.197094
-6.669688
-7.640311
-8.611738
-4.352598
-7.964906
-4.789823
-5.512311
-3.890317
-6.377038
-8.632879
-7.907846
-2.180556
-5.449027
-5.478327
-6.490908
-8.849143
-6.885176
-5.762003
-6.663063
-6.102118
-4.791660
-6.357707
-6.054433
-5.311932
-8.860786
-6.758389
-7.947670
-7.257002
-5.412552
-9.130630
-5.399826
-12.371902
-9.075739
-8.124732
-4.157404
-5.511710
-4.081831
-6.864593
-6.180747
-5.113020
-3.896265
-5.567071
-9.229569
-9.291311
-5.251593
-8.195548
-7.086622
-6.735890
-9.886537
-3.122788
-7.969989
-6.763421
-1.948915
-6.299071
-3.634080
-1.559696
-7.348779
-6.199413
-6.760718
-4.641703
-9.723152
-7.879387
-9.166757
-4.918950
-5.699274
-4.640295
-4.730368
-7.466069
-6.002908
-4.734397
-3.358135
-2.838039
-5.551221
-7.139866
-7.025249
-4.151424
-9.288489
-5.628847
-4.645324
-8.789099
-6.832138
-10.717395
-3.326875
-6.233088
-4.307014
-6.050090
-9.377925
-3.182422
-4.688840
-6.136650
-8.317998
-4.919370
-2.453576
-6.578043
-9.566901
-8.348099
-3.810272
-6.716005
-7.035183
-5.957428
-10.288656
-5.300402
-5.173215
-5.773993
-6.227632
-5.536956
-5.523636
-5.960240
-4.063725
-11.564200
-4.855146
-6.737458
-7.491575
-2.698666
-5.824226
-5.610646
-5.778764
-8.193163
-8.381907
-7.628699
-8.292014
-4.657043
-7.448948
-8.281034
-9.507950
-5.630299
-5.060186
-6.877462
-5.747184
-3.142884
-5.069946
-5.487124
-4.302934
-8.792126
-5.808969
-7.011947
-6.415206
-7.693941
-4.580956
-6.393582
-7.076224
-6.993218
-5.018966
-6.394287
-6.671250
-8.216413
-7.910852
-6.878873
-6.877769
-10.077094
-4.284911
-6.374080
-9.561054
-3.645316
-3.701149
-4.247737
-5.683971
-2.938286
-5.549667
-4.833314
-6.135995
-6.999798
-6.857191
-4.340867
-6.696034
-6.230758
-6.097892
-9.234166
-6.059947
-9.396647
-5.998785
-3.781332
-1.744191
-12.123977
-10.268881
-4.415463
-4.846626
-7.433352
-5.379118
-4.851014
-8.498031
-3.305526
-5.500669
-7.211952
-4.439870
-8.487619
-6.419218
-8.037835
-9.534538
-6.878015
-8.948599
-7.098560
-4.058817
-8.190279
-5.317818
-4.433985
-8.137970
-3.354306
-11.087548
-3.352808
-6.930007
-4.211717
-4.875425
-7.749852
-6.317898
-6.033294
-7.777831
-3.499223
-5.982396
-3.975784
-6.306150
-6.893116
-5.801487
-3.787311
-5.699850
-7.312827
-9.070389
-3.590480
-8.903064
-6.338121
-8.093516
-7.849380
-7.486914
-3.151611
-5.497353
-6.525015
-8.577984
-2.037390
-4.182869
-4.610419
-5.263640
-2.518412
-8.165764
-5.493130
-6.408814
-5.299229
-0.708522
-5.690129
-6.575169
-10.182203
-7.883948
-8.598884
-2.470175
-5.964630
-7.236175
-3.885873
-10.530993
-6.743521
-7.877690
-7.017818
-3.990330
-2.212638
-7.706807
-5.962939
-7.657965
-5.552027
-10.086216
-9.156094
-11.346860
-11.052219
-4.113489
-9.382739
-3.619778
-4.719296
-5.249121
-3.994313
-9.229569
-7.575860
-4.785731
-6.661224
-12.174271
-8.095886
-7.791499
-4.602185
-6.547768
-6.706724
-4.032218
-8.755424
-2.924870
-5.885028
-6.442347
-4.056069
-6.236091
-5.230749
-5.198396
-5.608799
-10.077250
-4.310544
-7.503449
-5.792538
-11.312349
-6.147563
-4.835167
-7.016695
-6.157982
-6.342093
-6.587442
-8.449739
-7.239841
-6.534734
-6.249799
-6.930462
-4.535450
-10.834302
-5.524045
-8.845932
-4.571798
-10.001336
-8.495759
-5.354986
-3.748309
-6.206488
-5.479346
-8.811368
-9.940750
-6.876396
-8.609843
-3.844843
-4.716836
-8.186223
-6.252743
-10.044193
-5.604014
-9.215967
-9.091756
-7.425018
-3.975924
-4.201934
-4.785850
-4.799588
-2.172085
-7.176935
-7.353059
-7.532032
-9.143096
-4.723738
-6.280563
-5.582020
-3.821172
-8.709489
-10.619888
-9.192686
-6.607288
-6.259295
-6.684244
-8.597333
-2.839755
-3.939099
-4.884503
-3.279273
-2.590973
-8.769385
-7.112327
-6.906200
-8.129124
-7.229402
-6.532819
-9.985395
-5.920489
-9.897885
-3.862856
-4.866159
-2.372893
-1.384445
-6.872235
-7.122203
-7.888167
-6.923086
-4.978517
-3.570343
-6.797153
-6.286943
-3.723963
-6.104056
-3.147515
-4.488508
-6.125709
-7.622250
-5.501018
-7.195883
-8.359817
-3.931742
-6.253257
-8.371114
-7.703558
-3.441929
-4.222546
-4.976599
-2.766436
-4.514361
-8.211775
-7.631758
-7.592994
-6.749161
-6.016638
-9.530907
-7.121170
-7.591226
-10.282056
-4.717988
-9.285785
-5.218507
-5.123933
-7.883651
-8.466808
-6.808655
-8.435313
-7.328282
-10.034964
-5.567118
-5.393279
-8.246907
-8.303466
-3.267466
-8.140005
-9.116097
-9.361924
-8.139441
-5.319358
-8.872850
-3.801974
-5.231673
-11.435316
-7.097453
-4.370510
-6.899494
-7.748011
-4.012594
-7.854426
-6.946900
-10.218379
-4.793039
-3.897123
-3.542578
-3.705451
-7.072561
-6.703113
-10.078365
-7.000642
-8.913243
-9.136322
-10.246089
-4.229247
-1.354347
-9.896715
-7.315113
-7.214319
-10.173615
-7.518735
-6.595705
-4.808607
-5.429789
-9.558673
-9.947134
-3.283485
-6.876395
-4.774796
-11.446464
-10.069877
-8.197620
-13.048577
-2.895665
-5.076047
-6.004763
-5.734271
-5.791317
-7.534063
-6.542015
-7.613332
-6.399395
-7.284585
-9.580701
-7.344486
-7.143148
-2.966662
-8.314390
-6.594186
-8.068563
-6.368174
-6.020259
-8.509970
-6.849455
-4.976533
-7.064513
-5.130706
-5.632806
-3.916251
-8.542291
-7.027448
-6.406417
-6.873537
-5.501542
-7.826045
-6.371346
-8.081042
-8.444202
-6.043234
-5.593773
-7.480670
-5.186821
-2.111659
-2.171176
-4.165699
-5.799788
-5.522567
-5.062773
-5.833727
-6.443573
-8.029640
-8.823630
-3.660606
-10.116951
-7.171806
-5.507608
-5.444823
-6.081682
-7.058455
-6.306170
-5.029883
-8.383398
-8.635819
-9.851583
-6.964207
-8.516523
-7.972905
-3.243336
-7.962294
-4.037978
-6.199721
-6.440707
-5.464000
-4.427001
-6.949970
-6.985499
-6.175754
-4.789899
-7.385349
-5.292472
-5.784132
-4.553838
-7.326404
-2.090345
-7.047041
-8.761374
-5.430200
-6.629572
-8.263128
-7.349626
-5.332476
-8.534348
-7.852866
-7.543315
-8.770504
-4.435091
-6.765434
-6.202084
-3.849599
-5.391025
-4.284779
-4.665163
-4.229469
-9.540356
-5.005500
-9.194772
-8.714593
-6.211375
-7.975263
-6.701143
-5.318189
-5.752212
-5.662083
-4.598350
-1.349870
-5.710204
-7.903321
-8.763492
-3.984632
-3.351872
-1.642291
-6.980817
-7.172406
-9.662518
-11.435316
-11.435316
-5.334753
-10.274439
-6.224295
-8.506445
-6.561131
-6.408908
-6.078035
-5.716024
-6.483118
-5.517679
-6.912404
-6.524667
-2.889888
-5.330103
-6.641282
-1.339699
-7.840905
-7.306755
-4.453661
-6.519819
-5.648548
-9.175567
-5.566798
-5.263447
-6.401295
-5.980303
-6.694707
-7.074901
-7.155875
-4.184626
-7.806086
-8.179951
-7.182149
-4.287433
-5.432396
-6.112071
-5.749295
-3.282690
-5.895341
-8.806329
-8.133902
-4.972438
-9.062529
-4.552972
-4.444101
-7.923903
-3.862753
-7.005614
-8.940794
-5.530602
-6.502938
-6.130131
-6.616426
-7.904782
-11.209756
-9.229829
-3.536898
-5.237549
-2.070536
-3.988932
-4.331402
-5.412071
-4.519698
-6.822221
-2.666823
-6.633794
-6.513626
-5.172518
-5.984983
-7.243783
-3.765104
-6.637768
-6.356981
-6.955992
-5.878747
-5.073163
-9.819331
-7.754153
-6.650307
-5.316263
-3.410362
-5.193374
-10.263330
-5.607798
-6.385664
-7.000047
-6.298117
-8.112657
-3.971283
-4.142980
-6.042232
-4.949996
-5.783816
-7.294283
-8.503226
-9.925912
-11.242650
-10.491086
-7.123154
-6.783627
-0.638117
-3.300614
-4.755582
-7.731153
-5.758927
-6.991075
-7.828593
-4.668832
-4.766784
-7.851184
-6.246812
-3.035549
-5.785624
-4.003954
-6.054976
-4.666716
-7.471529
-4.025445
-3.174093
-7.404466
-5.933479
-3.937896
-2.868697
-5.049900
-6.562661
-9.174410
-10.337597
-6.076965
-6.828746
-9.412514
-3.678360
-5.049459
-7.822818
-8.707315
-5.884542
-7.509619
-5.165184
-9.405635
-7.270253
-2.997732
-4.483681
-8.326562
-5.671613
-8.210891
-6.716063
-6.090666
-8.659984
-7.631157
-6.440450
-7.587729
-2.317622
-5.072472
-4.981493
-3.844048
-4.846897
-8.017281
-5.450121
-5.562379
-4.778648
-4.623790
-9.794795
-3.750162
-6.928873
-8.635193
-8.376792
-11.584727
-3.436259
-8.145413
-5.097264
-6.541113
-7.219899
-4.679508
-7.612416
-7.881469
-2.433250
-8.220099
-5.788533
-5.602242
-9.568813
-10.557351
-5.857207
-3.217028
-7.537501
-8.867229
-6.964877
-9.496861
-10.061917
-7.552457
-6.131272
-5.027586
-6.378299
-10.521532
-4.261524
-4.175897
-5.243673
-5.617283
-3.174131
-7.043266
-7.173211
-7.142494
-5.290682
-3.329151
-5.908467
-10.222748
-5.664756
-5.888538
-6.207877
-7.858103
-7.369887
-4.469330
-5.668719
-4.595653
-8.482016
-4.204949
-6.582934
-2.629438
-8.993066
-4.596712
-8.867551
-3.794390
-7.711438
-9.051105
-6.869769
-6.780956
-10.115928
-4.709892
-2.885080
-4.707065
-5.888400
-6.511680
-6.665390
-5.477578
-7.536661
-1.364213
-3.696297
-5.806798
-9.288581
-6.047276
-6.116934
-5.923440
-5.172439
-9.129069
-7.222851
-2.356196
-8.853089
-4.097081
-7.378933
-7.733099
-5.565868
-10.171145
-6.362466
-5.810263
-4.813341
-7.968056
-8.289750
-6.766638
-10.595127
-10.271382
-6.737314
-10.553908
-5.690804
-7.807700
-4.131526
-8.878858
-5.750891
-8.355165
-6.325978
-4.972806
-4.570610
-2.245203
-7.264583
-7.640410
-7.634425
-6.489223
-7.303067
-9.175217
-5.967367
-5.879578
-5.782254
-6.542663
-8.502542
-5.789233
-3.280056
-5.719865
-8.570694
-5.079046
-6.971271
-5.615484
-4.527362
-6.525887
-6.548723
-7.192911
-5.485734
-9.245451
-5.293861
-6.211312
-7.616883
-4.757581
-4.484157
-9.088421
-6.897398
-5.323884
-2.998093
-4.812024
-6.163918
-2.919886
-7.950150
-6.117978
-5.696754
-4.284245
-6.508971
-4.397751
-3.892378
-1.198894
-3.919236
-5.041815
-5.609050
-7.283347
-7.351962
-6.016935
-3.575918
-3.140897
-1.636080
-10.923235
-6.574560
-8.191753
-9.066246
-6.438820
-6.470983
-9.196528
-5.806990
-11.435316
-3.825606
-6.768135
-6.462824
-7.724072
-7.290060
-4.016386
-3.302564
-3.575958
-3.395860
-8.648398
-6.755050
-9.029883
-7.388550
-4.490450
-7.588413
-8.021801
-9.152572
-8.093234
-6.414247
-7.480026
-7.239011
-6.722064
-5.775851
-3.404488
-4.547668
-5.828226
-7.316313
-9.627162
-5.861260
-5.275114
-5.671342
-8.110682
-4.393661
-5.259588
-8.187754
-6.251840
-2.619401
-5.095524
-7.053655
-7.380846
-4.580938
-5.911156
-7.249300
-9.856816
-6.024931
-9.634765
-10.737365
-5.263243
-3.412947
-6.698623
-4.897674
-6.735510
-5.822874
-5.065088
-5.072795
-6.495164
-5.874278
-9.090039
-8.961286
-6.640586
-9.229569
-7.770319
-3.971664
-7.921652
-5.627570
-8.594521
-6.073963
-6.820377
-1.774989
-6.431293
-5.926875
-6.554251
-7.391889
-4.904729
-8.239354
-6.358009
-3.591169
-5.952536
-7.775474
-6.079696
-8.992173
-5.635850
-8.935073
-4.369845
-6.069247
-5.933859
-5.954701
-6.043417
-7.189512
-5.091925
-3.496659
-3.686867
-5.360585
-6.080033
-6.217279
-4.956989
-7.352907
-6.989611
-5.083460
-6.606957
-6.378787
-5.596790
-6.122513
-4.057947
-6.581661
-7.953344
-7.860280
-2.765325
-4.364515
-6.339032
-6.836602
-6.621666
-7.526771
-7.673011
-7.936862
-5.354373
-13.685369
-6.665036
-6.859037
-6.164196
-5.945347
-8.274529
-3.968807
-6.458951
-6.286628
-5.521013
-6.032504
-8.196716
-8.075221
-5.423111
-4.763165
-4.496119
-5.225740
-8.856434
-2.673069
-6.205429
-7.468634
-9.604291
-5.803612
-6.966353
-6.373188
-4.785346
-6.612059
-2.853191
-9.634167
-7.767408
-9.418340
-6.350327
-9.293684
-5.354033
-6.858369
-5.686553
-4.371009
-10.814621
-9.760667
-5.629754
-6.054583
-7.477484
-8.800200
-5.403194
-7.293907
-4.078279
-5.926917
-7.125346
-9.482808
-6.910858
-6.946338
-8.508876
-8.338095
-10.407611
-7.534951
-7.576827
-7.434481
-5.069772
-10.052824
-9.592679
-5.897890
-7.887625
-7.099809
-6.257396
-5.570399
-2.495663
-11.349482
-7.293356
-9.255035
-8.468072
-6.507210
-12.211167
-3.300748
-8.289186
-10.188662
-7.326604
-7.650965
-5.591205
-6.291823
-5.995041
-7.916648
-9.345385
-6.824437
-8.036197
-9.198993
-7.169210
-8.309534
-9.599132
-6.161422
-11.478897
-7.416167
-8.731797
-6.183517
-7.185148
-9.672197
-5.238326
-7.498026
-6.310948
-6.046313
-5.549129
-4.657047
-9.597280
-4.404710
-7.606353
-9.605195
-4.820661
-5.748642
-6.077041
-5.438330
-9.075561
-4.362303
-8.985271
-6.668966
-8.641807
-7.800070
-11.657323
-8.143203
-2.958972
-6.945189
-4.675387
-7.020569
-7.066892
-8.226615
-7.924703
-5.363889
-4.698787
-9.710791
-5.635075
-7.718757
-7.421007
-3.670400
-5.361738
-8.542420
-3.937155
-5.570653
-1.443450
-4.754732
-11.382509
-4.475973
-7.738252
-7.950218
-7.850958
-7.449497
-8.541884
-5.702725
-7.810158
-6.801184
-5.148017
-7.031117
-6.490665
-4.846149
-3.688334
-6.940883
-4.043163
-5.800899
-5.755163
-6.598079
-4.207970
-8.030588
-7.498401
-6.811391
-9.877345
-6.821627
-4.579258
-8.913640
-5.255978
-7.636215
-5.179096
-4.874219
-6.241247
-7.091891
-8.141694
-5.432796
-6.254856
-4.987680
-6.456915
-7.539671
-7.682208
-8.647223
-9.921748
-3.544282
-5.813167
-3.884717
-6.987337
-8.058661
-6.496476
-6.787903
-5.239093
-8.270555
-5.786802
-5.491378
-5.724942
-7.478300
-7.149740
-7.759012
-4.158193
-8.521585
-3.761300
-6.745195
-4.233880
-7.074162
-4.341878
-8.037910
-8.652063
-5.553470
-6.096066
-4.914450
-9.428804
-3.301897
-4.597303
-6.483628
-7.972020
-7.633196
-4.714821
-6.458014
-5.221532
-8.883274
-8.021856
-2.174685
-8.075892
-5.140928
-9.198812
-12.006048
-4.579546
-6.761795
-7.061663
-7.233897
-8.081126
-6.464180
-5.495584
-4.523879
-7.780942
-6.281736
-9.730654
-5.969232
-8.633400
-2.910951
-6.939423
-4.608611
-3.243447
-3.364660
-8.528446
-6.706652
-7.776741
-2.727128
-5.587901
-6.830451
-7.965495
-8.995655
-10.870524
-9.030157
-6.449370
-4.306502
-7.388715
-4.443333
-6.601072
-8.077600
-7.116689
-4.163941
-11.234515
-3.271777
-2.229975
-9.471169
-6.109759
-7.610301
-6.017396
-5.177535
-10.195406
-7.058473
-6.298570
-4.870341
-5.374696
-7.070723
-7.571244
-5.694983
-5.223478
-7.475384
-7.557111
-5.874936
-7.360012
-6.093544
-7.667231
-5.241230
-3.973634
-6.904822
-5.663470
-8.225896
-7.932342
-6.586555
-9.623580
-7.971030
-5.095898
-10.712538
-7.782750
-7.289973
-10.630133
-6.724120
-6.137990
-9.266050
-6.295577
-4.259626
-4.759686
-10.068034
-6.405008
-4.412589
-4.606682
-8.936090
-4.866103
-8.400446
-6.252687
-7.543997
-6.390961
-8.580060
-5.915011
-7.556697
-7.386029
-6.928431
-4.880390
-7.666316
-7.346843
-7.130144
-7.016654
-3.100182
-6.432050
-4.630938
-5.424911
-3.768587
-6.339532
-6.025972
-6.568828
-10.408920
-4.476595
-6.764420
-7.613493
-9.972355
-10.265151
-5.709599
-4.794842
-1.474695
-4.985937
-6.249363
-4.991854
-8.920310
-3.330011
-2.799711
-8.407404
-9.724441
-6.211277
-5.044726
-6.275740
-8.801583
-10.333798
-7.038951
-7.023916
-6.289542
-4.612657
-3.100308
-6.461266
-6.356837
-5.763358
-5.000089
-9.073845
-5.389239
-7.771676
-7.315261
-4.102777
-5.865804
-4.528965
-4.532614
-4.368600
-11.817378
-3.158052
-3.822140
-4.939689
-4.598091
-8.119285
-5.574653
-7.482464
-8.296051
-7.624394
-6.236097
-6.194492
-6.820417
-9.754475
-8.212901
-6.977235
-9.392941
-5.281626
-6.902157
-3.944083
-5.827449
-7.253054
-5.400924
-5.515348
-4.987616
-9.066527
-11.999092
-7.608027
-7.364274
-6.572255
-11.250653
-3.662728
-6.458361
-1.232164
-7.523196
-3.577092
-10.412662
-5.662245
-6.462123
-4.810391
-8.406392
-3.622511
-3.831820
-4.870718
-3.880704
-4.385097
-5.536807
-6.974699
-6.113540
-5.223893
-6.943606
-11.454621
-8.382586
-8.217375
-8.383072
-5.645276
-6.722229
-9.683235
-4.951974
-7.262462
-7.212494
-6.496897
-6.719040
-5.366382
-5.756132
-4.094278
-6.039491
-6.564000
-7.843645
-4.215907
-8.151115
-9.788655
-6.762129
-7.368785
-8.788273
-8.297076
-5.708141
-5.295582
-7.144916
-8.910687
-8.598607
-5.437525
-5.010363
-8.966769
-6.473476
-10.086305
-6.954004
-8.830648
-1.854041
-6.491466
-6.342305
-7.291223
-8.737772
-8.181951
-4.691837
-5.478028
-9.300097
-6.487050
-4.709892
-8.017528
-7.145004
-6.070971
-4.304109
-7.021114
-4.414729
-4.545801
-8.507276
-5.961294
-7.240315
-6.738115
-9.464827
-9.943080
-5.850974
-7.965715
-2.769975
-3.389030
-6.921056
-3.203180
-2.055538
-7.817631
-3.664914
-10.219571
-6.923768
-10.208026
-6.222327
-8.448489
-3.599052
-7.803226
-3.249195
-8.021558
-7.043720
-5.806921
-7.319479
-4.855569
-6.777736
-3.774971
-7.657271
-6.988320
-6.866324
-9.587740
-9.402083
-6.113251
-10.694022
-8.712565
-4.536380
-8.193975
-6.082522
-7.225947
-6.878677
-11.162972
-4.724258
-4.157010
-7.490587
-6.385898
-8.311765
-4.661746
-8.023921
-3.191202
-4.850291
-6.882619
-9.017169
-6.244796
-6.450820
-8.459539
-9.311677
-8.704801
-8.324373
-6.385690
-6.898448
-5.022857
-9.173840
-5.797038
-5.315021
-4.845833
-7.778838
-10.521984
-9.157834
-3.632792
-6.529280
-7.097324
-6.573787
-5.906620
-5.832781
-9.294009
-7.738062
-5.117979
-4.754147
-5.944000
-8.824041
-7.894597
-5.188129
-8.904870
-8.496969
-6.296648
-8.054812
-5.605648
-4.177154
-6.366188
-7.669691
-8.694814
-7.254250
-7.082413
-8.181242
-7.420289
-4.535528
-6.738950
-5.594326
-8.463979
-2.415146
-2.951482
-3.456723
-9.106494
-6.040699
