8
1 500 1000 200 42 777 13 99
-9.235769
6.501135
-1.798354
-5.864286
-6.289426
-6.686031
-6.192059
6.847258
-6.861093
-3.487602
0.434057
-11.628786
7.417849
-0.287392
1.694551
-8.156491
-3.125723
-3.881283
-5.715514
-8.352187
-3.494713
-9.227730
-8.166487
-8.565379
-6.958174
-4.550913
-4.518231
-6.557589
-5.864286
-4.783623
-10.672519
-2.143306
-10.672519
-3.943712
-6.226492
-7.622890
-3.089962
-8.905860
-9.692476
-7.954481
-9.830944
-3.473462
-7.557820
-3.156648
-7.922581
-8.676876
-6.674941
-5.429942
-8.325397
-6.041483
-2.796003
-5.040104
-3.454117
-8.398523
-4.780561
-6.383953
-3.085230
-7.871499
-6.681610
-6.079858
-9.716715
-4.172223
-3.866941
-8.842967
-10.319541
-2.234537
-0.306548
-2.229267
-1.020964
-2.419031
-6.144384
-7.112957
-0.508323
-1.779577
-3.313621
-0.643869
-3.787951
0.319870
-0.476364
1.171228
2.842953
-5.995763
1.464851
0.674000
2.879885
-4.134964
-1.002534
-2.955380
-3.498207
-0.373317
1.813708
-8.526428
-6.207154
-6.996053
-9.548520
-8.435879
-8.024120
-5.864286
-4.226626
-7.773107
-7.246631
-6.431828
-6.681446
-10.672519
-7.275640
-10.672519
-5.768686
-6.870682
-6.424713
-5.185251
-7.611954
-10.672519
-6.610564
-5.137005
-6.163734
-10.672519
-9.251369
-7.484178
-10.651733
-4.476560
-5.951861
-8.838893
-5.545814
-5.289984
-3.127886
-3.343709
-6.228877
-6.414490
-5.487000
-5.230939
-10.672519
-10.574554
-7.857330
-10.174162
-6.141835
-7.454694
-8.613936
-8.486959
-3.343709
-6.280868
-10.672519
-4.977051
-9.288437
-10.672519
-10.574554
-10.672519
-7.750143
-5.779706
-9.439917
-9.548520
-7.423916
-11.360943
-10.672519
-9.773197
-4.962123
-5.195992
-7.799783
-10.672519
-10.672519
-5.540444
-6.445446
-6.426381
-10.672519
-8.838893
-5.227651
-6.737339
-5.137005
-10.672519
-8.760081
-7.033548
-10.672519
-6.637464
-2.783388
-10.672519
-10.672519
-5.661491
-3.343709
-2.839957
-10.672519
-6.316535
-8.471212
-6.309338
-12.524467
-7.980489
-3.211170
-5.768686
-7.966769
-3.534692
-10.672519
-4.369004
-10.672519
-4.931396
-5.185251
-5.768686
-4.336293
-8.613936
-10.672519
-8.302761
-8.526428
-6.667097
-2.395931
-11.360943
-6.615638
-12.679915
-5.473013
-6.228543
-9.435651
-6.879621
-3.343709
-1.503333
-8.526428
-10.672519
-6.065773
-5.768686
-9.548520
-8.838893
-10.672519
-4.665490
-10.080770
-8.057146
-8.838893
-3.942716
-8.656865
-3.006098
-7.136073
-5.864286
-8.999266
-5.849286
-7.427530
-7.677574
-5.054471
-10.672519
-3.343709
-10.672519
-8.284083
-7.778677
-3.211170
-6.445446
-9.611978
-3.811361
-8.600426
-4.139340
-8.210730
-10.672519
-5.627030
-8.930428
-10.672519
-9.077444
-4.530885
-4.180878
-6.445446
-5.915396
-5.513074
-7.536923
-10.672519
-5.398880
-6.961450
-1.914446
-5.874150
-2.077741
-5.165252
0.894191
-2.623871
-3.630817
-0.880664
-2.210345
-3.940165
2.156705
1.166303
-2.756176
-3.054514
-3.650225
-4.742148
1.062195
-2.308799
0.911962
-4.610899
-0.864090
-2.380636
-3.619273
-0.890411
-7.610237
-4.203372
-5.612640
3.417955
3.439033
-4.411491
-7.390465
-2.402917
-3.490578
2.355202
-2.052878
-6.177409
-2.881975
-6.843461
-0.137396
-7.476561
-2.999224
-0.193944
2.971209
-4.487719
-4.587444
3.906139
-5.465431
-4.230327
-0.823328
-2.646433
0.049174
-5.169105
-3.452508
-2.102258
-6.990762
-1.172470
-4.113980
-6.215291
-4.230410
-2.061994
3.455829
-6.046317
-6.719458
-3.412763
-3.142692
-3.626094
1.435625
-6.463443
-4.969153
-3.267533
-3.092500
-0.505641
-8.248550
-8.684004
-6.964861
-3.882707
-0.044276
-7.273661
-7.011436
-0.875327
-6.195922
-6.149130
-2.849803
-1.113832
-1.145136
-7.130344
-3.340861
-4.157118
-4.622502
-3.367549
-1.887447
-7.904986
-2.779376
-3.938499
-12.037986
-1.170499
-4.480489
-4.668786
-4.671451
-7.861159
-2.485321
-7.146638
-5.768686
-9.716715
-3.211170
-10.672519
-9.379810
-2.768510
3.017873
-3.697828
-7.750129
-4.416507
-7.840286
-0.141816
-4.273318
1.528392
-4.026101
-1.872891
-5.274778
-3.810638
-0.846156
-6.663293
-10.672519
-6.019129
-8.487603
-5.735188
0.966590
2.013165
0.232253
0.374349
-3.985975
-1.176713
-2.457914
-6.407524
-6.906110
-1.906573
-5.856775
-3.393093
-6.622602
-2.786484
0.637753
-2.989714
-6.397497
-4.801848
-5.453858
-4.086889
-2.641991
-0.801629
0.627087
-3.043985
-5.398195
-1.742404
-5.510974
-6.658175
-4.261393
-2.444527
-5.095872
-2.168953
-7.889593
-7.923362
-6.239537
-0.427376
-2.469341
-3.102211
0.470270
-6.319363
-3.295551
-4.548327
0.283854
-6.233912
1.478353
-3.405064
-8.813129
-4.426716
-3.224736
0.391971
-2.127818
-4.938787
-4.285947
-1.886437
-1.391612
-9.044542
-2.400711
0.706927
-10.167759
-5.883996
-1.540100
-2.875207
-4.076701
-1.048348
-1.170547
-3.366546
-4.892508
-4.405608
-8.128298
-4.761548
-1.894499
-2.966772
-5.086051
0.006611
-2.732016
-8.219395
-6.440072
-2.876849
-3.046569
-5.008058
-3.945136
-5.243477
-4.187066
-1.280136
-10.166681
-1.595675
-5.748937
0.413213
-5.207621
-2.486308
-3.845967
2.152415
-2.534725
-4.636301
-4.015222
-3.390930
-6.492067
-2.140387
-7.193285
-0.674176
-7.020892
-5.283978
-1.400184
-0.302942
-1.590129
-0.817006
-10.179104
-2.636229
-4.008430
-8.422798
1.777460
-5.322064
-1.724105
-6.041081
-5.086904
-4.214684
-6.259278
-7.153780
-2.112112
-1.254616
-4.751954
-8.159231
-7.606174
-8.609114
-7.958521
-4.535111
-2.678940
-9.664057
-3.062855
-5.034539
-1.813181
-6.934727
1.463424
-4.423112
-7.304725
-4.975279
-4.109779
-5.179747
-8.938997
-5.725827
-3.004642
-4.953320
-1.893361
-3.942703
-8.146276
-9.213214
-7.599756
-1.532929
-0.925377
-1.968941
-0.681954
-4.927289
-3.676571
-8.458751
-7.808194
0.303511
-3.954353
-6.118622
-9.255369
-3.224339
-5.588127
-7.986244
-1.567700
-4.176209
-6.527746
-6.464389
-5.847239
-1.739888
-3.900056
-2.919002
-6.525010
-4.359611
-6.940201
-5.183508
1.079851
-8.038440
-5.354589
-1.372831
-2.653967
-2.933186
-4.379628
1.796851
-1.179726
-4.923727
-6.278682
-6.424459
-5.641401
-4.600031
-3.993175
-2.490908
-2.248382
-1.269024
-6.324648
-4.199515
-5.739352
-3.681176
-9.523567
-3.484363
-4.710650
-7.966769
-1.270685
1.053831
-6.445765
-5.408343
-7.938115
-3.506571
-5.745296
-8.198734
-5.323317
-7.250804
-3.443767
-6.194590
-1.249867
0.016977
-4.920192
-1.887078
-6.649797
-9.963196
-9.051147
-6.648976
-0.728866
-4.963589
-4.313904
-6.971096
-2.872532
-10.957874
-2.432671
-2.956578
-3.724394
0.348310
-7.129716
-1.489011
-9.519843
-2.812612
-4.562406
0.770087
-5.888001
-6.216665
-6.637633
-8.868646
-8.801265
1.060527
-6.534797
-3.660712
-6.028639
-3.044275
-2.515598
-4.393440
-2.830496
-3.594081
-2.876079
-1.667329
-6.585751
-6.749784
-4.471800
-11.716492
-0.469485
-7.752549
2.508972
-2.438658
-3.526582
-5.347579
-8.238945
-3.548643
-7.328530
-3.769959
-5.619196
-8.262964
-5.186811
-6.402429
-0.274032
-5.382088
-6.943245
-3.659526
-1.879588
-3.069145
-5.388080
-6.426575
-0.217070
-4.624856
-7.201282
-0.448887
-3.757496
-6.532344
-6.689511
-6.308884
-8.317513
-6.254529
-3.213249
-8.690353
-9.496969
-6.409863
-6.258472
-3.090513
-6.982638
-5.696633
-6.319229
-6.293394
-7.779341
-6.698564
-7.740133
-6.235617
-7.036404
-4.896924
-3.832074
-2.355825
-2.827647
-8.539939
-3.166642
-4.599441
-4.480316
-3.655746
-3.469593
-2.017880
-6.153577
-1.980523
-6.445446
-4.066417
-5.546732
-7.347177
-3.065008
-5.808157
-7.763871
-7.625580
-1.124879
-7.434422
-3.534449
-1.249860
-5.950439
-10.170630
-5.748109
-5.633914
-3.196802
-4.900809
-0.317168
-6.499271
-8.398933
-4.041040
-3.014929
-0.071522
-2.839957
-6.408930
-9.619820
-4.743167
-4.477311
-6.168269
-7.780984
-7.293836
-2.327865
-8.124122
-2.075660
-1.962811
-6.763472
-6.345970
-1.987796
-5.013975
-6.802898
-5.916628
-4.659377
-5.367748
-4.212664
-1.827650
-4.474369
-5.465991
-7.970612
-6.033396
-6.586119
-3.905455
1.871626
-5.850851
-6.460858
-8.561371
-3.009016
-5.381690
-3.597205
-4.455511
-7.930820
-5.687830
-8.007502
-8.874428
-9.947901
-8.223808
-1.749848
-5.258895
-3.986591
-3.346496
-1.028162
-6.501571
-6.386695
-8.396734
-7.072716
-4.983771
-3.688152
-1.411472
-5.967664
-2.327432
2.341420
-7.289844
-8.059336
-9.096248
-3.356012
4.280806
-1.306812
-6.043545
-6.353711
-6.705389
-1.585743
-4.609433
-10.112111
-8.374754
-2.074330
-8.696906
-6.099737
-3.552256
-4.648187
-0.497314
-3.545401
-2.356306
-6.709814
-3.802123
-3.576032
-4.640121
-5.044158
-9.867197
-3.828341
-2.214273
-5.445805
-0.795865
-6.047203
-0.336019
-4.036419
-0.561076
-4.729971
-5.885089
-5.964985
-13.150543
-4.837591
-5.613765
-3.760356
-5.275262
-4.084522
-6.008733
-0.057612
-0.338127
-9.541380
-2.261497
-6.582129
-3.394930
-9.250446
-4.683348
-7.053463
-2.993361
-9.723845
-4.445117
-3.633609
-6.073718
-8.378463
-3.538550
-1.913329
-7.230036
-6.756816
0.118116
-3.528958
-6.445044
-4.627121
-2.913492
-7.808811
-1.940434
-9.091718
-4.362645
-3.602593
-7.352095
-3.105765
-3.532035
-5.269268
-2.617928
-6.126046
-3.706785
0.611459
-5.905410
-0.139192
-0.681803
-5.056088
-3.351626
-2.418168
-11.550138
-1.428496
-7.548793
-9.376358
-4.210678
-4.170644
1.726928
-8.197011
0.999825
-3.165298
-4.444516
-5.894461
-6.665138
-6.703388
-2.306585
-6.470801
-9.341390
-6.878766
-5.404035
-8.465602
-3.428325
-8.942387
-3.822037
1.247237
-7.244711
-8.045697
-4.117997
-10.001380
-2.775888
-12.880377
-6.455553
-5.153686
-1.622390
-4.363935
-5.392956
-4.103280
-6.797897
-7.352271
-3.040709
-3.315912
-5.620165
0.188899
-4.451142
-11.447534
0.815907
-9.394949
-4.658959
-4.065516
-6.850847
-5.553574
-0.915675
-5.332921
-8.897384
-1.931772
-7.427530
-6.700788
-2.110092
-6.578970
-7.298623
-5.557618
-0.558678
-6.556634
-7.069638
-4.974911
-4.333873
-5.656775
-3.604815
-2.285405
-1.702531
-4.561439
-6.911639
-4.869204
-8.093092
-6.897825
-1.819999
-4.684101
-6.659676
-1.598190
-3.542431
0.162434
-3.066024
-6.263430
-5.277380
-2.810311
-6.960823
-7.069110
0.613604
-10.594164
-5.753381
-1.937762
-1.151139
-0.758018
-6.103878
-1.686019
-8.116603
-4.750020
-4.136615
-4.010073
-6.513429
-6.834026
-1.525275
-0.910319
-8.090540
-4.970204
-6.620876
-8.405313
-3.418456
-1.599200
-8.037760
-11.425934
-7.084411
-3.977239
-4.501422
-8.574522
-8.263820
-5.592081
-9.242870
-2.248473
-5.694932
-4.901802
-8.724913
-5.477720
-6.679749
-6.279934
-1.994357
-3.185935
-2.509632
-2.368656
-6.327779
-7.744256
-7.653789
-4.350132
-9.014447
-7.581443
-2.693246
-4.651760
-5.681693
-9.102630
-3.798792
-7.531278
-2.163466
-0.435503
-7.474029
-5.948489
-3.934004
-6.286700
-7.904529
0.514001
-2.672769
0.506281
-6.369028
-5.714778
-3.725862
-3.681882
-7.547378
-6.690322
-8.932959
-2.840923
-8.674614
-4.335340
-2.763342
-5.908667
-6.167250
-3.832681
-5.264537
-6.204946
-8.600426
-2.247504
-2.642767
-7.777332
-5.271338
-5.401462
-2.760180
-6.552116
-5.796749
-4.053756
-2.864714
-3.972203
-5.421000
-5.108964
-5.881133
-8.287357
-7.726301
-3.798613
-7.163524
-8.711086
-2.035560
-4.439729
-7.466253
-3.188497
-1.512118
-5.292466
-4.974729
-5.864286
-4.198032
-2.802864
-10.718030
-4.758573
-2.836275
-8.884111
-4.757601
-7.283659
-12.376011
-3.583905
-7.019166
-4.591597
-1.630470
-7.221996
-5.696667
-4.126072
-5.222244
-4.920710
-2.839957
-8.176915
-6.639961
-5.893895
-4.421844
-5.533819
-8.186029
-5.190721
-8.302245
-8.702145
-3.183733
-9.540992
-4.031199
-2.788993
-5.266899
-6.082971
-5.865272
-6.256957
-4.812195
-8.526428
-0.768885
-2.861500
-5.991847
-5.271687
-6.640242
-5.940638
-7.385894
-7.661200
-13.339018
-3.102210
-0.524839
-4.000138
-5.551790
-8.666177
-0.166320
-5.669965
-6.007970
-6.687452
-7.605611
0.438031
-5.733007
-5.688257
-4.537268
-8.504095
-6.146117
-0.446942
-3.541776
-10.502434
-10.200936
-6.209123
-1.058056
-3.272706
-10.583068
-10.880156
-5.230069
-8.077770
-6.506899
-3.759573
-1.166595
-2.022300
-1.988794
-6.158492
-2.977203
-6.927273
-5.730794
-2.995887
-10.672519
-8.526428
-5.987845
-6.292925
-1.862741
-7.538049
-7.354148
-6.406003
-4.043880
-4.470911
-1.839867
-4.198209
-6.238241
-5.111971
-5.328110
-6.471731
-1.298956
-5.433731
-4.989750
-3.580792
-5.854108
-5.772834
-6.667323
-9.171934
-7.595914
-6.482584
-9.117756
-3.499298
-10.305294
-2.463449
-3.418436
-5.884198
-3.938831
-3.244913
-8.533797
-6.256488
-3.640055
-7.564837
-3.767298
-1.450898
-6.430365
-1.922431
-3.812766
-1.641311
-7.138907
-3.807727
-6.115896
-6.163936
-9.073833
-3.758508
-5.590712
-6.474636
-2.631465
-7.686294
-5.458139
-5.732986
-3.696569
-8.365937
-7.529677
-7.076024
-0.517211
-2.921572
-8.098433
-1.083729
-9.052444
-4.476567
-3.074687
-4.896576
-10.802478
-4.240567
-4.217866
-10.597585
-6.067424
-9.532667
-5.949958
-2.336199
-6.138717
-3.378338
-4.359414
-4.711483
-7.314892
-6.202119
-7.857330
-7.697143
-5.778088
-7.607109
-2.996767
-4.852066
-4.792656
-4.816119
-3.639638
-10.672519
-2.646587
-6.955052
-7.309944
-8.899834
-3.513572
-3.329978
-9.054751
-4.734625
-4.666055
-11.705622
-4.193737
-5.811385
-1.744603
-7.513797
-6.280440
-2.238090
-2.344802
-9.094584
-7.649750
-5.986742
-6.017014
-5.679974
-9.106708
-3.175219
-7.345016
-7.884588
-6.054493
-5.317910
-2.610237
-0.545999
-6.828781
-9.220324
-1.180219
-4.955606
-4.778619
-4.833553
-7.446784
-6.731094
-8.321866
-2.315278
-1.831763
-4.367479
-3.127180
-1.294882
-8.482841
-3.520224
1.700097
-8.824742
-6.470758
-2.616143
-6.934505
-1.438931
-1.930640
-6.305229
-3.449367
-8.473815
-3.490311
-5.849816
-6.951418
-1.759130
1.584038
-5.448967
-2.691190
-2.294812
-3.625198
-6.161091
-7.457963
-3.755269
-1.217841
-3.180779
-4.720048
-5.271276
-0.823441
-3.632415
-8.071321
-8.434421
-8.646055
0.575478
-4.794407
-2.891389
-4.029390
-8.743753
-3.704078
-3.989200
-3.462019
-8.592762
-6.030594
-8.657598
-7.060163
-4.216890
-3.173941
-2.202388
-10.730227
-4.738880
-10.947079
-6.489129
-3.211170
-0.695261
-4.971323
-4.762090
-8.921192
-3.868142
-8.392881
-1.817154
-2.745970
-3.031448
-4.394435
-7.299140
-1.504200
-6.988763
-6.145539
-3.281254
-5.424447
-5.007920
-3.166514
-6.816829
-9.452049
-4.777784
-2.316149
-2.068607
-9.090343
0.088927
-5.588656
-4.668226
-6.612753
-11.938562
-4.246015
-6.069236
-1.576760
-3.483254
-1.893179
-5.087977
-3.829114
-8.935253
-3.455600
-4.009627
-3.564796
-5.626282
-7.454694
-1.411168
-1.690556
-10.608564
-4.826890
-5.604475
1.263919
-4.568386
-5.211963
-2.575449
-7.272655
-8.528358
-4.692128
-5.555270
-8.037752
-8.295126
-8.790369
-9.296822
-7.220500
-5.537815
-8.117169
-6.577524
-5.151442
-8.182173
1.004375
-5.708844
-5.104228
-5.836275
-8.641939
-6.538771
-3.283342
-5.140075
-0.188247
-2.035062
-7.562744
-5.997281
-2.703317
-5.136644
-2.109237
-5.686232
0.469413
-6.929923
-5.416800
-7.046541
-9.132864
-8.267638
-6.467960
-1.811829
-11.721695
-4.412768
-2.582412
-4.360169
-5.850215
-2.689589
-4.394006
-3.780625
-5.585746
-7.076113
-3.645423
-6.063493
-4.981026
-6.746922
-3.047766
-6.445545
-6.816088
-7.014942
-1.311284
-4.749475
-5.774405
-6.541306
-7.250152
-7.431903
-3.766390
-3.666484
-7.245594
-3.408026
-6.253556
-6.451120
-7.051150
-0.272179
-6.811623
-5.167150
-3.548966
-10.804050
-7.635005
-6.442308
-4.504129
-5.172488
-3.993566
-3.176506
-1.793272
-7.382560
-2.151071
-6.205565
-4.354323
-0.304977
-3.898138
-8.021192
-5.638051
-5.322704
-9.716715
-5.356333
-5.603548
-1.490579
-8.665676
-3.813669
-2.436425
-2.883526
-8.252444
-4.036296
-5.255440
-7.486946
-6.734676
-2.021131
-5.847868
-4.357952
-6.909932
-3.945642
-8.471355
-5.388522
-3.015444
-4.833989
-4.111810
-4.714123
-1.347707
-6.571573
-3.154074
-4.317579
-3.218534
-4.020877
-6.513245
-4.107271
-6.028400
-4.582699
-9.013624
-8.820786
-5.244750
-3.957896
-7.117942
-1.468476
-2.001175
-6.572432
-4.545812
-7.245035
-7.086789
-7.301439
-6.872844
-7.082087
-2.438614
-3.299546
-2.403221
-9.880692
-3.611888
-7.577378
-4.649453
-3.882598
-7.452180
-5.258601
-4.058337
-6.855033
-3.857114
-4.666870
-5.910073
-4.219396
-6.219923
-3.625440
-0.624861
-3.918793
-8.361013
-3.556674
-7.991033
-3.492147
-3.165925
-4.917366
-5.113214
-5.673804
-8.288939
-4.330198
-7.209538
-1.270233
-1.242129
-0.488089
-6.558536
-3.334973
-1.061524
-1.583447
-6.706737
-6.926569
-2.171845
-10.692713
-3.699387
-6.949632
-7.670588
-0.699359
-7.902853
-7.473539
-5.461317
-6.809568
1.791530
-2.620203
-4.186879
-3.114672
-7.983798
-7.574544
-7.772575
-7.435305
-4.095787
-1.167182
-5.899265
0.939528
-8.219113
-6.019775
-2.703869
-3.430672
-5.804688
-8.196546
1.096366
-2.269757
-1.770670
-3.404895
-11.582119
-2.679114
-6.170133
-4.545773
-3.203659
-1.690999
-7.216882
-5.922687
-6.784258
-5.745924
-6.500801
-6.233689
-5.302365
-4.297265
-0.953676
-6.239529
-8.281254
-5.287569
-6.165569
-3.803705
-4.340561
-0.386277
0.752564
-6.601932
-2.550210
-2.491815
-6.361108
-6.058859
-8.120303
-7.535252
-10.672519
-5.041434
-6.926612
-5.386693
-7.519601
-3.593345
-2.622307
-7.701212
-6.745650
-6.311815
-1.142330
-4.893412
-9.093048
0.248120
-9.360868
-9.507730
-3.749238
-9.785728
-5.872488
-7.390247
-8.913437
-4.678583
-8.270938
-7.688669
-3.576331
-5.783056
-6.990704
-1.346909
-3.166557
-8.976355
-4.648784
-0.050434
-1.227135
-4.564793
-5.563785
-7.160097
-11.805068
-10.552228
-5.381439
-2.958730
-5.195992
-1.143159
-8.449297
-4.932609
-3.523842
-8.934497
-5.613596
-5.642508
-5.024744
-8.293322
-5.515203
-7.459764
-2.741699
-5.011754
-2.608965
-2.900205
-4.190505
-6.124743
-5.680604
-5.595180
-6.968722
-7.775002
-5.917741
-4.873481
-8.344788
-6.342975
-5.764742
-6.776918
-9.731859
-3.632009
-8.155828
-6.771812
-7.762068
-8.937053
-5.248257
-7.895075
-3.244083
-6.524515
-4.018687
-5.349868
-4.279294
-3.876242
-7.180577
-6.424235
-6.668884
-4.740404
-5.387146
-3.332828
-5.495991
-2.753466
-5.858670
-5.637639
-4.238325
-10.790312
-5.794795
-6.588518
-9.194651
-5.291006
-1.289811
-5.506398
-4.570422
-3.954030
-7.776923
-6.296137
-1.104095
-1.127551
-4.520066
-7.149467
-3.175467
-8.928009
-9.216940
-7.456512
-5.424054
-3.439240
-8.034437
-9.496967
-4.507984
-6.189552
-5.206421
-1.321860
-5.192539
-0.926254
-2.430810
-4.247018
-4.642017
0.611852
-5.503131
-5.339437
-8.486164
-2.656418
-2.072903
-3.964174
-4.388833
-6.089979
-8.011601
-4.887712
-5.297462
-3.424555
-5.388422
-7.262427
-1.602346
-5.993753
-2.725159
-5.647707
-4.484448
-4.656232
-4.198952
-4.579545
-5.770432
-3.151254
-12.016655
-7.470283
-3.530463
-7.011786
-9.450310
-5.770850
-3.248358
-7.455219
-5.923958
-8.604511
-4.088491
-4.982680
-6.061814
-7.035599
-5.919722
-6.092201
-1.609596
-10.099237
-5.927613
-7.388982
-7.499461
-7.738708
-6.220251
-5.391456
-8.549153
-11.768488
-5.210128
-3.211170
-3.984083
-4.665541
-8.816653
-7.325565
-8.048188
-5.758538
-4.209923
-5.653249
-6.245553
-5.320239
-5.447656
-5.481955
-5.292812
-2.421381
-6.207452
-7.465459
-7.840672
-7.722403
-7.984692
-2.554160
-7.608183
-4.703031
-7.206149
-8.571342
-6.062160
-6.584404
-6.071819
-8.940810
-3.032183
-3.039839
-6.588469
-5.735021
-6.387967
-7.088927
-7.831965
-3.345859
-2.831888
-7.105151
-4.979773
-3.390318
-5.638423
-7.933766
-3.091257
-8.083747
-5.239391
-4.930928
-7.297029
-4.908587
-11.360943
-6.139749
1.029507
-4.350653
-4.646574
-6.718051
-6.688019
-1.465546
-9.963549
-3.010994
-3.303171
-4.256017
-0.686421
-5.819353
-3.465306
-3.343709
-5.382864
-5.634123
-6.345131
-7.774960
-10.946657
-5.408124
-5.720836
-5.424034
-5.871436
-3.018372
-7.102867
-6.625599
-4.261474
-6.785117
-3.371072
-5.091572
-7.191155
-3.623252
-3.371490
-4.685680
-6.303346
-8.526428
-5.149651
-4.804568
-2.100884
-2.844777
-7.874928
-6.397700
-7.113158
-4.941480
-4.003774
-6.145623
-7.094493
-6.143798
-6.961590
-5.854755
-8.061621
-0.793145
-7.570210
-0.716734
-3.492563
-2.897537
-7.996493
-6.053177
-3.050283
-2.967840
-0.617993
-3.575139
-5.837592
-2.520598
-5.561415
-2.154198
-8.293672
-0.028576
-4.562698
-3.968008
-9.128185
-1.763498
-6.839912
-4.615926
-2.203779
-0.737748
-2.977647
-1.775340
-7.697414
-2.909284
-6.174208
-5.988962
-7.482069
-3.642550
-2.363719
-5.813132
-5.858451
-3.209937
-8.162462
-6.610845
-1.080796
-3.910201
-4.261598
-4.040619
-5.473676
-4.994512
-3.937529
-8.325306
-6.572026
-3.476261
-6.318018
-5.848219
-5.048528
-8.454689
-6.229177
-6.093767
-5.472601
-8.136710
-4.962010
-8.714658
-7.016407
-5.800792
-3.191189
-6.824295
-1.594202
-4.386243
-5.276794
-6.104189
-5.151545
-2.095346
-3.177983
-5.968454
-5.718108
-5.761714
-3.879953
-6.526797
-5.461003
-2.898116
-1.420583
-4.543102
-5.211319
-3.578092
-6.218660
-8.157526
-4.684434
-3.155189
-3.965175
-6.563153
-7.131417
-5.454259
-7.001420
-8.562879
-7.567862
-8.603913
-6.583447
-3.052387
-6.163742
-2.379466
-6.002828
-4.957159
-6.407734
-1.231055
-7.949392
-6.369950
-2.049419
-4.536955
-2.722071
-2.164723
-9.445745
-5.806249
-1.226057
-5.929081
-8.373218
-5.473761
-6.761214
-1.443393
-10.715858
-5.880054
-4.831324
-5.331621
-6.735646
-6.729890
-10.532698
-4.575563
-5.345432
-3.925506
-4.634865
-5.480299
-4.376910
-9.157442
-6.757855
-6.165666
-1.812018
-9.390427
-8.113869
-1.604621
-11.051373
-2.137077
-3.464252
-5.166927
-5.061532
-7.181026
-4.341666
-1.888138
-7.204407
-4.968454
-4.679389
-8.888891
-3.231104
-2.125949
0.683826
-12.389891
-5.618621
-4.714566
-6.000793
-2.324476
-5.062286
-6.163662
-8.001807
-5.375668
-5.798774
-0.444512
-4.614275
-4.743049
-2.837954
-9.312952
-12.098281
-3.447979
-5.982254
-0.465701
-5.348717
-7.074216
-6.210721
-7.908406
1.558514
-6.053412
-4.678748
-6.937609
-7.314305
-4.389536
-1.823485
-3.251247
-6.143687
-9.791693
-9.472977
-1.979840
-4.171532
-9.066376
-8.010551
-5.830562
-7.981538
-5.125030
-7.027547
-5.904890
-3.242576
-9.348362
-5.079364
-3.905472
-5.365592
-7.937860
-5.129001
-1.894661
-6.142557
-7.030467
-4.608838
-6.899085
-3.157727
-4.608132
-4.593575
-4.565328
-8.666751
-3.765016
-3.131238
-3.614067
-3.856921
-7.008814
-2.028662
-3.314306
-7.022708
-2.685181
-10.327274
-1.104130
-7.367100
-9.638425
-6.602222
-8.221535
-8.746746
-8.896667
-4.276306
-4.381574
-1.796731
-1.236907
-7.594769
-1.447787
-5.910428
-4.135818
-5.602599
-3.803872
-10.627882
-6.668856
-6.416014
-3.202888
-5.588467
-4.753666
-9.886194
-3.829490
-6.152608
-8.158619
-1.177034
-7.995591
-4.811226
-5.156740
-3.226167
-6.726945
-2.451748
-6.967364
-1.330528
-4.474781
-4.554193
-9.888716
-6.988250
-2.705167
-3.141469
-4.251674
-4.853476
-0.379878
-5.745596
-4.948352
-5.067025
-5.063457
-8.372305
-5.319790
-3.729268
-5.945769
-8.816814
-3.712589
-3.387104
-1.619268
-9.528979
-1.455370
-4.751991
-4.402943
-8.561238
-2.102188
-6.745681
-9.987839
-5.917761
-3.604020
-3.939340
-7.207880
-5.009010
-5.006292
-6.295587
-5.640087
-13.418570
-5.942912
-4.023345
-9.334063
-3.266334
-1.908172
-7.276411
-5.950144
-5.048680
-7.679237
-4.728827
-5.269807
-10.811060
-7.310450
-8.043694
-5.783883
-6.227694
-6.960750
-2.886273
-3.505682
-6.198993
-8.418272
-4.477957
-7.321033
-6.628961
-4.829884
-9.144769
-4.241690
-4.588732
-3.284168
-4.032468
-3.893395
-1.910005
-6.671965
-5.185714
-6.855352
-1.654483
-6.418692
-7.738912
-9.913565
-3.993487
-7.513306
-6.802208
-3.442696
-6.234313
-2.848985
-1.573449
-9.021326
-2.138445
-7.709625
-1.487894
-6.541415
-2.370356
-4.310530
-7.343612
-7.004387
-7.299397
-7.810587
-3.160848
-4.357039
-5.936051
-4.084348
-3.850615
-4.434671
-0.327646
-1.894080
-5.950438
-6.900925
1.582795
-4.855850
-2.619796
-6.975288
-0.991786
-7.157554
-6.491868
-2.014773
-2.363145
-4.714750
-3.466454
-2.597604
-5.382753
-7.023387
-6.534417
-6.937340
-7.542840
-5.946383
-2.507767
-3.192523
-5.820206
-5.344492
-7.768645
-11.827823
-5.938424
-4.515922
-4.970257
-6.818428
-1.335580
-6.632760
-3.969269
-6.286677
-6.893515
-6.936706
-5.002911
-6.492052
-4.548108
-5.213649
-6.877593
-1.682393
-6.466045
-9.363203
-1.434361
-7.961596
-4.416106
-8.985651
-4.574937
-5.425369
-3.086434
-3.568908
-5.819840
-6.883832
-2.197991
-3.774298
-6.597176
-1.526604
-4.720387
-5.216945
-5.406570
-5.219066
-6.164474
-8.399418
-6.459983
-7.818952
-0.629366
-7.255607
-2.162191
-7.744802
-3.954928
-7.991987
-3.237731
-8.488204
-3.929070
-8.266222
-5.418272
-12.706161
-6.079384
-6.974042
-5.624017
-6.812422
-6.688257
-4.832539
-6.188235
-3.142434
-5.427681
-7.250489
-1.395013
-7.118369
-1.702112
-3.266615
-6.784145
-0.566039
-3.515562
-7.612043
-5.164790
-4.993103
-4.456384
-9.739713
-3.236440
-0.412412
-1.291392
-0.953644
-6.440954
-7.917000
-5.620536
-2.769900
-7.648834
-5.737269
-2.733455
-8.541935
-8.575978
-4.946280
-1.976288
-7.886235
-8.676358
-5.360096
-3.827239
-3.371650
-10.849655
-2.649915
-6.565046
-5.852844
-9.350098
-6.244856
-5.162326
-3.145470
-5.214699
-7.309349
-7.886676
-7.451536
-8.243335
-4.456403
-7.359674
-7.779627
-1.628261
-1.852617
-5.480846
-2.479431
-4.776297
-0.130716
-4.654011
-6.336635
-7.980143
-7.109527
-5.926055
-4.768517
-8.426289
-7.881732
-3.090906
-5.228595
-8.128027
-2.753008
-4.835989
-2.929735
-6.279984
-3.395666
-4.939011
-5.144267
-7.810623
-5.391385
-6.182551
-7.307010
-6.097980
-4.156782
-10.672519
-6.731036
-3.735229
-6.765283
-2.645901
-6.177787
-3.558626
-6.200334
-9.220612
-3.415605
-5.496530
-5.240421
-3.593182
-4.441055
-4.471617
-3.926824
-6.769773
-3.176976
-9.266239
-2.215264
-6.933531
-5.862123
-6.582529
-8.760155
-6.648038
-10.173306
-5.970006
-7.661600
-7.485304
-6.255569
-6.167628
-9.626503
-1.425362
-7.637140
-3.757778
-7.494476
-7.331761
-6.346171
-5.244593
-5.521801
-1.889414
-3.356593
-2.759106
-1.760293
-4.372366
-7.804153
-6.727390
-7.731945
-5.097398
-6.538631
-6.262560
-8.914759
-2.745637
-6.017001
-4.236120
-4.767421
-5.764362
-0.300707
-4.952744
-6.370897
-5.299550
-5.511258
-3.523668
-6.234994
-9.381178
-2.145363
-2.923423
-2.441428
-4.459464
1.435849
-2.312703
-1.664312
-6.228543
-6.155003
0.965450
-9.923078
-3.087414
-9.509895
-4.282449
-3.721449
-1.692602
-4.169453
-5.457294
-8.446756
-8.448900
-4.372169
-10.028029
-5.370989
-8.415657
-7.377689
-6.604692
-3.002617
-6.139930
-3.589442
-3.743181
-6.249538
-4.468894
0.392694
-5.319681
-2.908082
-3.257331
-10.878592
-0.880572
-9.888931
-2.871597
-12.113678
-4.669666
-5.071104
-6.822935
-8.023621
-6.542973
-6.011090
-3.780479
-5.886498
-5.507347
-2.837765
-4.944464
-4.586230
-8.080524
-7.731396
-6.653740
-9.436142
-3.124063
-7.064875
-9.452138
-9.423063
-4.908647
-6.280868
-4.013778
-7.329920
-3.325205
-8.629209
-6.097283
-6.280607
-4.618652
-9.294827
-5.719378
-5.700635
-5.217241
-3.001659
-7.844386
-7.483651
-2.741177
-10.912591
-4.997594
-2.581395
-7.335175
-5.887809
-5.513682
-1.988531
-6.344352
-4.685567
-6.934776
-5.494051
-7.497062
-6.942199
-8.288260
-5.458258
-4.065826
-2.162107
-6.595034
-5.245128
-4.198805
-6.136945
-2.447038
-4.056236
-8.845505
-8.560759
-5.643550
-6.427962
-7.868548
-7.966769
-5.909256
-7.455356
-8.311442
-5.425596
-1.518764
-4.594507
-5.874774
-3.554240
-0.397864
-5.838193
-6.482305
-3.222326
-4.790303
-4.782733
-8.610020
-5.916025
-10.734335
-4.218712
-7.569374
-2.056627
-5.577353
-5.453164
-4.979577
-4.220454
-6.939923
-4.741350
-4.452725
-7.159414
-2.469018
-4.409571
-3.612674
-4.270242
-6.522891
-3.692412
-5.638291
-6.860250
-1.305481
-4.896527
-4.305362
-8.802518
-6.557892
-6.101873
-7.085042
-7.216810
-5.961273
-9.263784
-5.068530
-5.598571
-5.635219
-4.871998
-6.665636
-5.830636
-9.936353
-4.107553
-4.474613
-9.002384
-7.589375
-5.379491
-6.064913
-3.420984
-0.472393
-6.053649
-6.251003
-10.690504
-8.161763
-3.867585
-6.405707
-6.332406
-0.934523
-6.925695
-8.502704
-5.475685
-8.648137
-6.071315
-7.567945
-7.259849
-6.416373
-6.034373
-5.458895
-5.703575
-6.932150
-6.761801
-7.233226
-2.234377
-6.384955
-5.399739
-4.969273
-4.133410
-8.160901
-6.561952
-5.023084
-3.211170
-5.739957
-1.931350
-4.511641
-3.734530
-5.844937
-4.525479
-9.538788
-5.343644
-5.081642
-5.500843
-3.917675
-8.895587
-4.944845
-4.193249
-5.643367
-4.263663
-4.677716
-5.665188
-9.531025
-6.989209
-3.828401
-8.763885
-7.067432
-9.503250
-4.090286
-7.471663
-3.347188
-7.207310
-4.645665
-1.585796
-2.903935
-8.495543
-6.583356
-3.290987
-6.186796
-2.546009
-2.687831
-1.680517
-5.347660
-10.140799
-4.076906
-4.871454
-7.772504
-8.966483
-9.947664
-6.926935
-3.009713
-3.542336
-4.159436
-7.286102
-8.043054
-3.486130
-9.477677
-10.574554
-8.784815
-9.499716
-2.915740
-1.921080
-4.486294
-8.473065
-3.153097
-5.996875
-7.657501
-7.196468
-6.853999
-3.472508
1.651504
-11.863371
-8.961643
-6.887347
-10.731595
-5.765191
-3.692137
-6.479100
-9.354818
-7.439870
-0.409940
-8.463892
-4.404254
-3.534009
-7.730139
-7.809402
-7.154284
-8.297768
-4.582912
-3.603322
-3.444728
-9.770907
-5.555865
-4.613035
-8.654081
-4.479223
-7.279492
-1.891696
-6.514072
-1.247190
-4.890180
-1.330857
-4.107519
-6.935589
-5.434643
-7.610777
-1.781409
-5.130196
-5.307258
-4.009212
-5.437679
-9.405787
-7.547682
-3.644908
-5.103277
-6.173525
-11.549584
-3.567759
-8.043251
-3.459328
-4.416188
-4.703894
-1.011698
-4.174948
-5.854051
-8.014963
-0.664207
-2.761064
-4.518417
-6.621611
-6.723076
-5.639359
-7.987432
-8.213573
-8.252563
-4.708898
-1.437488
-2.692996
-9.348307
-10.438707
-10.609116
-3.828623
-5.083871
-5.355424
-3.948227
-4.336231
-6.547138
-4.087379
-7.108819
-9.367910
-4.074051
-2.630742
-6.613687
-3.599502
-9.548520
-6.715035
-3.991122
-5.403660
-4.749653
-1.831504
-8.687077
-6.848650
-7.058560
-6.559712
-3.363902
-8.002436
-5.542336
-3.124073
-8.579866
-8.495661
-5.103233
-8.445351
-4.828533
-4.385934
-9.319221
-10.422741
-4.433374
-10.861013
-2.819489
-2.189927
-7.436875
-2.807839
-3.353743
-7.701917
-6.320313
-12.685324
-6.574482
-7.569222
-5.578535
-9.434084
-10.401900
-5.937663
-5.432662
-7.495629
-8.887285
-9.153623
-8.731795
-9.902729
-5.117739
-10.737053
-4.225697
-6.669960
-8.593996
-9.912521
-3.282078
-7.091891
-1.206722
-5.099959
-7.550714
-9.424633
-3.675854
-1.336941
-8.222115
-6.703724
-6.632032
-6.039918
-4.975147
-5.019452
-6.159127
-2.475412
-3.338089
-6.113577
-6.826247
-7.195836
-4.633344
-6.168701
-8.107013
-4.201220
-3.612812
-7.801309
-5.507450
-6.594680
-4.869200
-7.713499
-3.234944
-6.134686
-8.380339
-6.043902
-4.973946
-6.516193
-7.939683
-3.057275
-6.291033
-6.501249
-3.890214
-3.661545
-5.191387
-3.444221
-10.523282
-7.779281
-6.823458
-1.087328
-3.329849
-6.008875
-5.966698
-9.338962
-6.895189
-6.519821
-1.518652
-7.560876
-5.655869
-5.667526
-6.440721
-1.344568
-6.762662
-7.133867
-10.049455
-7.810361
-7.221184
-9.642695
-1.112191
-11.532341
-3.841705
1.460178
-6.380318
-5.799808
-6.984166
-1.335251
-2.670912
-8.765240
-2.557040
-6.183333
-4.030313
-5.047444
-3.557054
-6.693868
-6.485175
-5.045952
-7.094510
-4.264416
-6.519475
-4.961498
-9.916094
-5.483572
-6.576744
-7.264624
-3.220716
-8.610327
-4.660701
-4.236986
-10.961627
-7.055204
-6.077941
-6.374683
-1.771630
-6.917229
-10.855725
-6.280868
-5.511119
-9.891908
-5.865848
-7.115705
-7.667234
-5.548872
-5.523593
-4.367016
-5.095710
-1.773038
-5.523539
-10.565891
-7.981158
-10.098510
-4.668811
-7.799356
-4.199162
-3.471359
-6.044609
-5.014373
-3.756706
-4.298093
-4.974911
-2.546654
-7.215703
-2.876292
-2.740363
-6.775632
-3.511369
-4.209413
-5.057076
-4.833602
-7.256139
-6.418923
-1.809098
-4.188026
-2.470686
-2.636195
-5.723471
-8.274913
-5.871167
-2.510745
-4.210243
-1.351439
-9.010859
-6.619020
-6.720446
-5.934382
-5.372150
-4.876399
-4.150854
-5.029410
-4.164859
-5.757947
-4.105390
-4.607814
-6.592102
-7.070689
-0.087480
-9.524346
-6.096428
-4.701383
-1.315489
-10.048697
-6.651102
-4.627258
-2.592188
-7.993099
-2.827738
-7.374869
-0.989703
-5.864874
-7.196155
-6.422382
-4.810269
-6.275298
-5.277077
-6.064982
-7.388702
-7.835247
-4.613104
-6.993288
-7.285481
-5.510310
-2.810006
-7.373535
-6.389696
-5.165818
-7.645645
-7.177546
-6.411198
-2.887535
-9.758543
-4.138876
-5.636348
-7.902721
-3.411442
-6.095464
-6.984838
-5.611066
-7.144888
-5.121656
-2.476220
-1.643556
-7.409525
-5.796662
-6.531727
-8.250618
-3.758812
-4.268645
-2.614179
-6.295347
-5.900953
-3.854836
-5.908292
-5.602057
-3.491539
-7.215165
-6.511057
-7.382648
-4.858013
-6.505603
-5.033479
-1.710638
-4.093421
-3.367493
-2.868698
-5.885463
-2.032318
-6.988353
-1.549001
-7.265625
-7.348450
-10.672519
-5.197314
-7.567946
-4.676855
-8.640757
-6.380833
-2.180998
-6.867544
-7.275056
-3.735851
-4.869477
-6.874447
-3.980801
-7.950552
-9.428066
-4.033615
-3.887218
-3.684306
-5.226257
-5.740801
-5.552633
-5.592481
-4.795461
-4.035326
-10.742620
-5.218256
-2.737330
-2.807188
-6.183799
-4.228109
-2.885390
-5.426745
-8.059311
-2.988214
-6.809769
-11.657370
-2.331314
-2.532800
-3.319282
-6.596424
-6.470046
-6.062679
-3.257618
-1.829269
-5.477755
-7.781923
-3.828465
-5.516381
-5.684886
-7.124016
-5.051255
-2.520780
-2.222126
-4.983193
-6.171106
-8.707669
-7.235837
-8.159297
-4.574587
-2.472813
-6.146606
-6.383219
-5.149767
-6.120595
-2.341233
-6.006168
-5.807579
-5.591487
-4.706697
-8.109943
-5.899340
-6.135616
-5.946743
-2.457293
-5.866340
-3.249493
-3.417808
-5.867670
-2.136294
-6.694500
-4.953262
-8.788660
-4.551381
-4.759309
-7.755781
-6.957413
-6.757401
-1.823830
-5.481678
-8.589181
-10.832921
-7.779159
-5.834237
-6.042105
-4.230393
-5.422803
-6.571874
-4.553245
-5.658208
-7.339427
-6.442592
-6.386568
-8.878860
-7.129461
-3.019671
-4.862368
-13.126616
-7.254697
-6.407718
-5.650737
-5.030387
-6.500273
-6.896764
-8.351550
-3.467457
-7.525642
-8.689029
-6.269278
-9.104166
-8.164343
-6.133030
-6.493524
-2.618121
-3.127884
-4.823638
-7.395316
-5.269946
-7.363323
-2.360672
-7.350327
-10.027277
-2.814011
-2.585088
-4.641503
-5.298534
-4.294607
-6.795330
-3.489993
-6.614470
-3.967287
-3.629553
-7.411103
-9.819256
-7.964269
-6.666431
-6.975745
-6.410682
-6.064065
-1.368264
-2.616556
-7.493443
-6.510081
-6.098219
-5.046843
-8.760378
-9.295101
-6.861521
-4.547287
-5.000742
-8.359774
-6.584698
-8.185553
-4.959456
-7.566960
-3.789158
-4.991354
-7.734938
-2.742245
-4.672883
-7.044615
-8.529015
-8.272307
-6.682904
-4.523519
-7.500841
-7.266888
-7.772878
-9.861648
-8.271805
-4.113887
-8.882883
-2.855968
-8.260247
-5.702257
-4.889896
-5.369392
-4.960101
-7.690182
-7.416791
-5.629660
-3.842274
-2.802224
-3.630012
-8.747681
-7.747079
-6.065773
-5.067340
-3.183187
-4.756521
-2.825461
-7.776129
-6.664866
-7.050662
-4.629798
-2.465166
-5.109576
-7.812055
-4.049360
-6.750400
-5.627251
-8.176057
-7.241208
-7.329373
-4.275743
-7.583774
-9.651291
-8.871717
-5.530632
-2.872439
-4.049253
-1.363111
-6.539715
-4.054319
-4.367662
-7.172808
-5.126222
-5.739810
-8.997950
-4.968800
-7.904645
-6.271182
-7.722113
-4.705321
-6.790833
-1.838167
-2.776431
-8.948508
-8.515717
-6.546591
-6.324405
-7.831402
-8.736032
-5.171947
-4.149211
-5.971634
-2.342428
-7.623133
-7.813074
-5.796232
-4.727131
-7.310895
-6.732167
-8.847885
-6.596981
-4.000753
-1.474392
-4.769325
-7.494323
-4.891211
-1.818349
-4.535756
-5.013915
-9.146715
-9.177336
-2.364172
-6.240993
-3.460386
-7.271930
-5.106421
-5.032858
-6.751021
-6.114516
-2.130205
-8.275383
-5.180541
-4.666761
-5.627507
-4.072937
-7.770159
-6.638788
-6.362868
-6.658278
-1.745639
-3.240738
-3.561532
-5.033398
-6.421766
-9.462111
-7.821839
-3.007122
-7.398702
-7.066029
-6.748976
-4.104293
-6.865302
-1.591969
-4.100144
-5.319580
-7.814081
-6.053211
-8.259814
-8.406678
-5.908714
-7.424633
-7.979171
-5.921489
-9.038047
-6.845155
-11.234488
-4.839290
-7.376103
-5.867939
-2.950444
-3.953594
-5.541305
-7.003788
-8.052595
-5.079077
-8.964665
-6.535965
-7.010005
-4.286957
-7.758165
-7.504222
-8.575377
-7.737156
-6.338173
-8.807693
-2.594857
-0.594269
-8.133994
-3.950152
-6.722896
-8.067946
-4.777662
-2.429311
-7.432278
-1.459161
-9.029531
-2.219340
-6.796346
-4.731298
-6.596735
-7.723830
-7.859405
-3.628876
-4.693682
-9.562232
-3.453816
-6.629244
-2.337366
-5.879275
-8.107490
-3.418879
-9.341603
-8.454921
-8.651236
-13.416054
-4.930029
-4.422052
-10.445470
-9.189779
-6.314294
-6.704292
-6.329390
-6.098454
-7.280916
-9.368841
-3.716300
-6.986979
-8.809646
-5.626903
-7.076545
-7.667242
-7.240945
-9.835089
-8.497353
-6.351874
-9.309529
-6.288638
-12.499523
-8.412786
-6.699235
-6.025376
-7.820437
-5.416303
-5.444732
-8.808784
-4.579594
-8.406793
-6.816011
-5.348808
-7.132195
-4.884485
-4.492253
-5.949894
-6.044989
-5.413295
-5.269708
-10.672519
-7.066321
-5.797405
-6.323325
-8.224620
-4.912218
-6.035663
-5.343867
-1.850965
-9.654346
-3.716195
-4.794575
-1.735279
-5.554143
-7.761950
-5.335072
-8.248530
-9.446314
-3.865248
-7.885675
-5.864076
-5.578326
-0.803012
-3.249414
-8.662780
-4.667717
-3.930650
-4.996175
-2.569100
-6.323782
-4.529637
-3.280773
-9.442584
-4.195118
-3.479689
-6.270185
-6.069411
-6.471154
-6.883275
-4.648874
-8.011077
-2.079578
-3.568105
-2.165502
-11.398760
-4.844025
-6.469652
-5.151769
-6.219769
-5.390746
-4.477052
-5.926788
-3.071069
-4.501356
-7.999534
-2.977542
-5.985534
-3.952506
-8.187557
-7.651502
-3.514280
-6.224144
-7.944860
-8.024849
-5.322096
-6.249163
-6.612664
-3.744002
-2.207792
-6.076340
-4.550001
-9.243965
-10.366057
-7.573143
-8.763689
-9.069391
-3.910217
-4.330026
-6.629743
-6.697821
-2.861780
-7.985624
-3.545737
-8.332299
-9.383419
-4.884569
-1.872763
-7.665182
-10.787675
-2.608624
-9.320460
-8.360852
-9.985389
-7.195925
-5.172752
-11.296780
-3.618874
-2.573292
-6.074141
-1.715822
-10.564684
-2.135947
-3.556656
-6.592436
-2.839957
-4.129196
-4.216300
-2.852214
-7.142170
-8.352960
-3.798656
-8.319529
0.531650
-6.444003
-9.618715
-9.271507
-6.247972
-2.033771
-6.104189
-3.231885
-4.858732
-8.848282
-8.789375
-4.451415
-2.281735
-6.305956
-7.079145
-5.475405
-8.539543
-6.287148
-3.624733
-5.821681
-5.740377
-4.574816
-3.577677
-1.899019
-2.847331
-6.302203
-9.865973
-3.591788
-4.307909
-6.547817
-5.729161
-6.958655
-8.710768
-5.999333
-5.030524
-4.561126
-8.029683
-7.980926
-6.471570
-1.205686
-4.994655
-7.543198
-6.824844
-3.211170
-8.591425
-3.032552
-6.176250
-9.548520
-7.829166
-8.921058
-4.748785
-5.654490
0.131566
-8.317247
-2.871128
-3.427370
-6.839469
-11.607450
-2.365968
-3.501243
-5.132010
-2.208791
-1.804329
-4.078882
-6.444120
-5.614661
-9.324057
-5.572518
-10.077208
-5.854499
-5.003733
-6.350407
-9.014881
-7.060020
-1.942267
-5.084644
-7.962901
-2.852376
-10.672519
-7.720634
-4.703892
-6.146595
-8.799147
-4.882038
-5.763565
-1.927633
-5.600110
-3.766423
-11.754670
-7.347143
-10.275812
-8.499842
-6.103617
-3.084178
-6.817614
-6.190726
-9.977893
-3.075180
-10.941673
-6.106837
-5.133364
-5.478593
-3.712165
-8.394558
-3.989255
-11.201059
-3.400887
-8.116743
-4.197853
-4.887488
-4.243583
-6.878259
-8.526278
-6.831938
-8.335657
-5.458416
-3.095968
-1.428331
-1.568446
-5.224967
-6.439232
-5.901168
-5.433662
-6.495378
-6.137333
-6.039855
-8.812492
-6.673653
-5.680362
-8.738935
-6.977635
-6.024837
-6.345787
-7.095862
-8.063691
-5.640812
-2.444099
-5.505797
-5.178909
-4.420817
-0.445223
-6.355018
-7.465163
-4.319870
-4.380733
-2.600915
-3.482301
-3.005474
-7.024492
-4.275799
-6.012617
-5.628372
-8.181713
-8.413712
-5.806246
-11.304092
-6.400174
-6.003325
-7.686009
-1.985844
-7.630001
-8.434280
-4.065618
-6.904204
-2.541499
-4.088751
-3.569070
-4.487466
-6.930421
-5.220674
-5.097747
-6.879392
-2.334674
-3.181010
-3.966216
-5.491083
-7.953317
-2.434947
-3.883568
-6.904902
-5.938321
-5.809647
-6.813152
-8.020367
-2.588290
-3.822939
-7.595840
-2.928509
-6.830193
-3.654580
-7.132504
-2.138473
-4.678482
-7.275789
-3.371169
-1.719666
-6.408603
-4.847135
-5.663198
-6.715949
-2.218802
-4.199723
-6.618953
-8.356383
-7.358947
-6.276040
-5.387261
-7.420884
-5.170847
-5.880243
-4.148187
-8.086751
-4.605596
-5.284395
-0.849181
-7.192686
-6.209504
-10.427479
-3.450019
-2.803848
-6.336081
-5.593745
-7.569651
-8.128650
-8.064278
-5.623321
-8.179016
-6.456348
-4.760540
-6.859887
-7.498964
-7.059137
-9.528001
-1.218431
-7.799715
-6.456457
-3.122713
-3.985557
-5.536946
-5.530090
-5.863882
-4.626485
-6.825043
-6.159291
-6.074279
-5.129862
-8.367552
-7.481382
-5.840329
-2.079622
-3.609963
-8.424785
-8.943821
-4.286293
-8.110190
-6.360218
-5.029707
-4.852947
-3.812808
-5.657861
-8.910528
-10.672519
-5.220846
-10.407058
-4.784903
-5.708371
-8.798592
-7.469007
-4.189178
-3.123239
-9.008128
-8.303246
-4.742168
-7.296310
-2.701512
-2.855556
-3.354939
-9.959185
-9.516281
-4.426727
-2.215533
-3.924048
-2.005701
-4.967821
-3.042244
-4.830733
-3.364398
-7.304395
-3.421255
-7.477641
-2.628536
-8.714769
-1.579528
-7.464784
-10.305034
-3.197979
-6.622646
-8.478806
-7.162026
-8.271175
-12.065440
-3.365611
-4.345017
-2.983436
-6.777648
-5.608187
-3.659437
-4.595697
-7.405717
-6.307703
-5.706272
-8.633359
-4.068870
-3.873597
-4.822466
-1.788592
-7.004953
-6.125450
-3.891174
-7.462190
-9.398885
-5.382084
-7.381515
-4.064518
-8.090750
-8.424241
-4.588579
-6.468225
-5.740711
-5.932552
-1.751745
-3.026169
-8.381038
-11.527340
-5.580281
-5.851126
-5.322377
-5.687706
-3.963636
-10.418852
-5.854288
-5.310820
-7.047488
-5.853372
-1.127923
-3.803550
-4.985927
-8.173309
-5.768364
-10.821436
-4.767254
-4.050202
-9.041729
-3.947030
-6.938291
-4.275143
-3.879530
-4.587924
-6.475370
-0.957663
-3.150698
-9.653985
-2.772989
-4.705722
-6.717629
-6.343215
-5.049524
-5.464362
-5.551719
-3.899178
-1.985495
-9.264109
-7.125595
-5.273691
-4.040717
-8.077482
-3.745275
-8.787502
-2.969153
-5.931701
-7.860644
-6.727088
-4.644547
-10.315420
-3.027463
-7.614405
-4.644024
-5.905760
-2.074377
-4.110766
-9.250397
-3.845976
-2.095357
-7.897560
-3.987920
-6.494581
-5.823585
-4.669211
-6.164845
-8.453571
-2.301769
-7.651074
-6.871325
-5.527698
-4.264917
-7.193583
-5.666437
-6.950458
-8.222740
-1.719159
-6.945473
-7.389780
-7.771884
-4.382806
-8.485369
-10.176043
-3.896043
-5.124690
-6.802096
-8.712470
-3.865471
-8.596272
-11.375893
-5.140671
-5.360825
-9.082705
-5.289089
-7.575308
-8.263858
-6.137745
-3.935591
-5.257389
-6.106977
-9.865742
-3.450154
-11.244322
-8.688599
-3.602110
-7.539486
-13.431421
-6.377675
-5.244823
-10.635695
-4.793990
-5.226124
-4.657835
-9.186373
-7.373717
-6.108199
-3.920047
-3.982818
-5.508746
-7.870525
-4.149970
-5.583996
-5.562701
-10.326809
-7.977986
-4.002042
-8.596015
-5.736642
-7.052663
-4.347844
-5.346507
-4.628731
-6.407423
-10.125584
-6.051508
-7.792428
-7.187021
-8.970537
-7.574650
-8.870135
-7.682994
-3.194675
-3.957263
-6.899665
-9.277918
-1.034399
-5.996116
-6.191260
-4.085190
-8.614745
-5.729134
-4.715526
-5.371751
-5.323269
-10.672519
-8.635333
-7.663976
-6.070484
-4.730494
-8.050537
-7.469443
-4.020889
-6.687573
-7.375200
-7.128965
-3.211283
-3.455167
-5.328963
-5.992263
-2.046285
-4.577219
-2.051083
-2.646353
-8.665512
-5.154692
-6.243259
-7.209003
-3.986577
-5.305351
-5.605935
-6.495346
-4.835519
-6.843211
-5.309143
-8.519917
-7.673941
-5.203921
-5.323024
-6.288900
-5.445020
-4.915170
-7.329000
-6.659594
-6.798040
-6.789369
-7.123437
-7.949492
-5.576431
-6.154647
-5.269346
-2.487313
-2.654489
-5.155135
-2.714842
-3.532052
-6.694598
-7.214375
-4.385087
-8.218254
-5.870222
-5.596725
0.247884
-6.573610
-5.250280
-6.246422
-4.655046
-6.693771
-6.664450
-8.643841
-8.468525
-2.566185
-3.343709
-5.613396
-6.938222
-6.510084
-5.114727
-4.533140
-6.639984
-4.598165
-0.406977
-3.694134
-6.958233
-6.178618
-5.629398
-1.223329
-7.773704
-5.818146
-5.134402
-4.226790
-4.184052
-7.509524
-6.058318
-8.181618
-9.016908
-7.094729
-5.656377
-7.073975
-8.307207
-9.451556
-9.900275
-6.725820
-2.075604
-2.228393
-12.555904
-5.997657
-2.939167
-9.644420
-4.734575
-8.065848
-6.062757
-9.785372
-6.979388
-2.461088
-5.714859
-6.007320
-3.966724
-3.955711
-3.798153
-5.128936
-0.780111
-8.049274
-6.762162
-3.409441
-5.056825
-7.317478
-3.535429
-6.208685
-7.622058
-3.853269
-2.571946
-7.786672
-8.096081
-4.554708
-11.189531
-5.497299
-10.039243
-3.339314
-7.272144
-2.647038
-3.650445
-6.738336
-2.067671
-4.237720
-6.305257
-5.858131
-11.089401
-8.385789
-4.911943
-6.169271
-3.547068
-8.088962
-2.457520
-5.358884
-4.899789
-3.398258
-7.374825
-3.571788
-5.507319
-7.523861
-3.218886
-4.455558
-2.801255
-7.568430
-5.869011
-7.339213
-10.460367
-5.701728
-6.565063
-5.474108
-1.760210
-3.232783
-3.687086
-10.269254
-11.220842
-3.953339
-7.392440
-8.150107
-6.677308
-9.138526
-3.328766
-10.448046
-5.507352
-6.836411
-5.864286
-5.540776
-5.205941
-8.109125
-3.906176
-6.929913
-5.435680
-7.791149
-6.425287
-3.742369
-6.195334
-7.032139
-11.384605
-8.489512
-4.842512
-4.029828
-4.430890
-7.034859
-3.469032
-9.891560
-8.343235
-7.215201
-5.462636
-6.845875
-5.928757
-4.070226
-11.010768
-4.927307
-6.172759
-4.393342
-6.101305
-9.797435
-4.505947
-9.638748
-7.156666
-6.577374
-6.967715
-6.936533
-4.587107
-10.589869
-3.571053
-5.047856
-5.003106
-5.489978
-2.420611
-6.637650
-3.035334
-5.402913
-6.210591
-8.517555
-5.580144
-3.938138
-2.792937
-4.228351
-2.661374
-5.626423
-9.541967
-6.701669
-3.886984
-3.947548
-5.381236
-5.878999
-1.579689
-5.240190
-5.850605
-7.103929
-4.558043
-2.534494
-5.904167
-3.841213
-9.708439
-13.890734
-5.871753
-6.527884
-5.077183
-2.568803
-6.450745
-9.230464
-7.643092
-7.057311
-10.182069
-4.740507
-2.621165
-10.027031
-9.174094
-2.411428
-6.244463
-7.170903
-6.105098
-6.198055
-7.936924
-4.161318
-1.506996
-6.921317
-6.294125
-4.113070
-9.740707
-2.834177
-3.113388
-8.433063
-6.165237
-3.852299
-5.149984
-8.180764
-8.195015
-6.632466
-2.796515
-6.505633
-7.357090
-6.032549
-6.044494
-4.438289
-9.271860
-6.051717
-4.145267
-8.870252
-5.515035
-7.642166
-4.460666
-4.248303
-5.547767
-5.253417
-6.282292
-2.753024
-9.472596
-9.092016
-3.717059
-7.340437
-7.702993
-6.361925
-7.307064
-3.191978
-5.186883
-6.282402
-6.837047
-11.770870
-1.482955
-5.197229
-7.561443
-6.114450
-8.708066
-10.193980
-3.853758
-3.533994
-5.518954
-1.583873
-6.050395
-6.963376
-6.595380
-7.140607
-3.490502
-3.842873
-6.833076
-3.442453
-7.812055
-4.567570
-4.508584
-5.260886
-3.609105
-9.683876
-4.925426
-4.461262
-5.876209
-4.878527
-5.597466
-7.549720
-3.894077
-1.950407
-8.269273
-6.890903
-6.534935
-6.163977
-8.117595
-8.671353
-10.167223
-4.469522
-8.096694
-7.261752
-5.471136
-5.641384
-3.619848
-6.823378
-6.397437
-7.489307
-4.377530
-7.343361
-10.316324
-7.122123
-11.399343
-2.620139
-8.155826
-5.072737
-9.076330
-4.313440
-5.726009
-7.530580
-6.265617
-4.160257
-7.555820
-9.708553
-3.531368
-2.586692
-5.926867
-6.079663
-5.553108
-7.357573
-6.293410
-7.740185
-2.597244
-4.461961
-9.700121
-6.181536
-2.877318
-7.444010
-7.752495
-5.357306
-6.483558
-7.376981
-4.170412
-6.375854
-7.287594
-8.149614
-7.961927
-6.011596
-8.347892
-3.354073
-4.146146
-6.966272
-4.316259
-6.550879
-5.456131
-9.695603
-8.234179
-6.310908
-5.921996
-3.374261
-9.981919
-7.362771
-5.402087
-2.090765
-5.640328
-1.708319
-5.629839
-8.581936
-6.763990
-3.520357
-3.756101
-6.676744
-5.388000
-4.866495
-6.443270
-6.202314
-3.686864
-3.736173
-3.569200
-2.488784
-5.969395
-5.242020
-8.531269
-5.315042
-8.418371
-4.304861
-1.537583
-8.688793
-5.752557
-2.728803
-8.899698
-7.026824
-3.848210
-5.876814
-7.570374
-4.861946
-3.349260
-6.047913
-8.416019
-10.249737
-9.959551
-6.678939
-6.709501
-5.021577
-6.958287
-6.058558
-9.649574
-8.916210
-3.954056
-5.651027
-11.029914
-2.722180
-6.046412
-4.621819
-2.376400
-6.786404
-6.847498
-2.839957
-8.689610
-5.143284
-7.372655
-2.760225
-8.702375
-5.540503
-4.753828
-10.772341
-8.114941
-7.727468
-2.459490
-8.735395
-9.730313
-6.969112
-6.935305
-3.511176
-7.693567
-3.885457
-8.671177
-5.167974
-6.936738
-4.360231
-10.436427
-6.732296
-4.211433
-1.604897
-5.388126
-10.317705
-9.388331
-7.416728
-8.605932
-7.719701
-4.436334
-5.068938
-8.594658
-10.222314
-10.739292
-5.755270
-4.746828
-5.508691
-6.435968
-5.564360
-5.764013
0.235441
-2.583028
-8.811360
-4.173324
-6.743446
-5.963156
-5.636174
-2.131871
-5.399794
-6.432883
-4.525087
-4.403998
-4.587535
-5.902514
-4.626546
-9.115380
-4.936601
-7.510731
-5.244590
-6.269796
-8.059760
-8.867781
-6.298648
-7.427240
-4.026343
-7.511462
-6.486904
-7.561572
-1.556176
2.065122
-5.367165
-8.625809
-4.761457
-5.831381
-4.782797
-6.939069
-3.041765
-8.035566
-2.749003
-3.401595
-5.383772
-7.432693
-3.526363
-7.446107
-7.130209
-2.595429
-5.919998
-5.899896
-3.035011
-10.705597
-2.316346
-7.136638
-5.859728
-6.912381
-3.935789
-6.490477
-7.451127
-8.095501
-5.727646
-5.384306
-5.406051
-8.649195
-5.841126
-2.308693
-7.521453
-1.368171
-5.983026
-5.923484
-8.351855
-2.968095
-5.426419
-2.343151
-7.039603
-6.605131
-5.399292
-5.158053
-4.035399
-3.322372
-8.427676
-5.233149
-5.675765
-2.513980
-8.545151
-9.886061
-6.843572
-6.456448
-6.125689
-5.578145
-1.909405
-4.666206
-6.904803
-6.224232
-6.061142
-3.343709
-6.947263
-8.559567
-5.614825
-6.240796
-10.473813
-9.578081
-8.834926
-5.467956
-5.826089
-9.042299
2.654077
-4.581112
-1.512790
-5.652037
-6.384633
-6.604504
-6.315456
-4.874385
-7.345537
-2.750834
-8.043268
-3.645401
-3.424825
-4.347934
-6.821261
-6.829031
-8.749607
-4.358847
-5.260116
-7.859004
-5.449101
-8.074423
-4.356164
-5.939283
-5.222572
-5.349008
-7.822446
-7.990400
-4.037069
-7.718713
-7.386779
-6.424218
-4.579037
-5.825237
-5.099318
-4.418991
-6.996840
-2.296333
-9.421275
-6.022718
-3.381568
-5.089233
-6.191045
-6.212505
-5.185473
-5.471427
-3.132211
-2.662131
-6.371717
-6.620004
-4.809229
-7.133315
-6.297669
-5.634996
-8.225748
-6.326461
-11.203372
-4.984417
-6.239508
-5.928383
-5.867237
-4.055828
-4.550561
-8.942867
-6.685407
-4.941898
-7.137222
-5.654438
-6.243750
-6.590661
-3.036649
-6.641620
-1.664619
-2.139951
-5.029066
-8.609012
-2.803518
-5.804179
-5.484810
-4.039266
-8.626480
-3.849402
-4.547921
-5.395104
-5.403563
-4.958668
-5.487363
-6.133467
-6.193145
-9.107232
-4.623208
-7.737209
-6.222982
-12.933731
-6.298046
-2.941775
-5.246041
-2.104278
-5.959412
-2.471612
-4.777733
-0.791312
-5.322933
-5.150169
-2.519787
-5.734951
-6.726175
-10.317280
-8.181087
-5.383689
-7.696532
-2.867963
-9.959644
-1.739939
-9.784056
-6.221169
-4.151975
-4.980425
-2.294251
-3.539065
-6.147187
-7.674191
-3.542005
-7.701311
-7.359943
-5.365590
-3.530936
-12.065542
-4.903844
-2.804933
-7.382754
-6.923042
-5.329061
-8.276508
-3.848713
-7.741938
-3.492120
-5.580117
-9.130491
-2.772253
-6.332798
-5.814457
-6.929338
-6.060198
-7.675619
-6.916201
-10.713552
-4.198195
-4.410301
-7.921913
-6.651164
-4.072100
-8.785924
-8.280587
-1.959098
-6.528028
-12.370691
-3.716233
-4.482594
-5.062909
-6.125431
-9.769762
-7.022649
-5.362346
-3.617709
-4.376369
-5.852131
-6.875169
-2.298421
-6.112502
-3.631485
-8.085640
-7.969047
-4.155415
-6.071595
-7.580202
-8.715804
-4.765784
-5.478075
-5.366229
-7.499257
-7.511646
-10.598995
-4.927857
-4.428959
-6.288662
-4.045779
-7.734070
-7.272114
-4.957704
-7.341679
-6.465861
-2.724249
-1.668125
-9.354317
-4.986195
-6.529793
-6.637832
-6.384745
-6.161604
-8.690019
-3.770596
-8.163581
-5.542964
-4.890287
-8.482430
-6.480511
-7.444635
-8.458102
-10.051346
-2.196797
-10.464799
-4.854476
-4.784352
-3.329552
-5.599890
-6.710068
-4.459740
-5.559386
-6.183491
-7.018147
-2.886856
-9.709751
-10.402336
-4.684894
-10.127916
-4.208203
-9.786987
-7.709638
-6.190191
-7.977133
-6.364414
-5.728515
-3.424648
-5.118373
-7.673059
-8.399445
-6.466282
-3.199629
-9.151110
-5.392273
-9.210623
-7.918272
-5.975457
-5.860867
-10.276584
-6.063623
-4.138325
-6.678750
-4.439479
-11.870082
-3.967197
-9.548520
-4.550769
-0.086814
-4.970515
-7.842471
-4.965943
-6.566605
-7.122140
-7.454694
-2.694963
-8.222336
-3.613398
-4.230272
-3.697338
-6.697869
-8.977378
-8.595613
-8.787752
-5.272079
-6.848536
-6.241417
-7.749639
-3.675017
-6.996641
-2.109436
-5.980813
-8.001101
-8.834855
-6.021839
-6.869012
-3.802714
-7.732900
-5.348362
-7.958847
1.403449
-8.672612
-8.091316
-6.858889
-3.384060
-5.899707
-3.197747
-8.963274
-11.074967
-4.567382
0.904804
-9.271599
-3.211170
-4.252921
-5.865211
-7.343998
-3.268147
-3.854791
-6.017161
-3.196638
-6.571350
-3.734191
-6.067213
-5.315864
-9.404453
-7.265384
-3.294566
-4.822963
-4.142132
-8.162596
-3.955773
-7.854071
-6.400789
-4.771289
-8.603925
-6.271299
-5.864085
0.522902
-3.918908
-8.469924
-6.274817
-8.489498
-8.838548
-7.276960
-3.946953
-4.947462
-5.624076
-7.506135
-4.744372
-5.309515
-7.762318
-3.854875
-5.236873
-7.808359
-5.404918
-6.340849
-5.694421
-4.939820
-6.551532
-8.994404
-7.812055
-6.318181
-6.018960
-7.424250
-7.652339
-6.621582
-6.182147
-1.162225
-6.696450
-4.144814
-4.125020
-13.057494
-7.425962
-2.044335
-4.012204
-3.850024
-5.903593
-5.945966
-10.810518
-5.878033
-6.255518
-4.426310
-3.005765
-6.500435
-7.027928
-6.828523
-6.744778
-6.265320
-6.040141
-6.401368
-9.656794
-9.512045
-8.290111
-6.843770
-10.672519
-3.725757
-8.177221
-4.153905
-8.347221
-2.974166
-8.378779
-4.726448
-3.353455
-8.608011
-5.917425
-6.103977
-5.777864
-6.341615
-9.267590
-7.360351
-6.199249
-8.132365
-4.229590
-5.384862
-9.126949
-3.196250
-5.179387
-8.632144
-8.792393
-3.705038
-5.770659
-6.866402
-7.361454
-6.744710
-5.948070
-6.643607
-5.603970
-5.239447
-8.673328
-5.689672
-7.185816
-8.301202
-7.937207
-1.793908
-5.281706
-2.424893
-6.208652
-4.360415
-9.915285
-6.261928
-5.023151
-5.034787
-6.010274
-7.387041
0.987840
-6.055872
-8.432523
-9.499223
-2.007899
-1.894117
-4.164448
-5.929337
-11.478134
-6.210553
-7.750219
-5.860406
-6.108865
-10.317587
-4.587770
-8.660790
-4.144822
-7.653557
-3.087535
-8.007912
-2.649244
-3.558968
-10.210136
-4.945518
-5.304110
-6.991380
-7.573624
-7.509127
-5.190887
-3.974192
-5.067012
-7.791734
-7.376211
-5.298248
-8.921972
-7.811249
-5.822947
-5.258074
-7.870814
-6.731184
-9.614498
-5.340106
-5.899639
-5.603378
-7.334930
-6.295765
-3.960043
-5.454909
-4.157455
-3.889431
-7.468946
-5.098744
-5.323440
-7.801971
-6.396202
-9.985609
-4.733273
-1.731013
-1.749845
-2.658796
-7.646213
-3.959284
-4.915540
-4.109438
-2.824927
-2.825162
-8.165920
-9.597323
-6.203333
-8.059987
-8.750937
-6.916232
-6.617078
-10.162231
-5.297990
-9.495182
-4.382311
-8.759683
-5.918496
-3.841707
-7.732265
-8.536398
-6.854395
-4.871632
-6.820188
-4.892748
-8.269291
-4.175916
-6.144329
-4.897079
-8.831373
-3.833931
-5.407244
-8.938934
-8.607616
-5.193243
-3.881700
-4.085714
-2.282316
-11.143789
-7.573472
-8.848538
-8.199202
-4.785179
-2.434147
-2.999132
-12.808157
-1.900759
-4.291174
-4.852232
-7.587446
-6.330060
-9.057248
-2.002147
-8.028999
-0.486418
-3.588393
-8.966938
-6.543720
-4.123083
-4.925654
-2.289014
-10.263582
-5.014968
-9.518120
-8.177517
-8.110768
-8.024120
-2.882066
-5.881683
-7.550396
-9.630263
-4.922256
-2.597503
-4.876354
-5.878573
-1.924516
-11.630507
-7.187707
-5.150397
-7.559939
-7.671557
-8.975421
-4.457828
-8.513023
-3.519289
-4.248750
-4.992303
-5.347345
-5.492880
-6.520787
-3.200305
-8.613936
-4.604317
-4.942105
-3.924091
-6.160560
-1.856156
-3.928568
-6.276449
-4.018786
-7.395217
-5.307765
-6.260299
-5.466467
-8.946014
-8.450869
-6.704171
-5.630673
-2.405593
-7.600810
-10.012963
-5.575424
-7.037153
-7.923214
-9.436208
-4.537554
-4.735592
-3.708482
-4.451762
-6.570240
-5.111552
-2.745838
-5.561884
-7.333494
-6.376874
-9.257222
-3.885106
-5.012980
-8.145931
-6.964415
-2.911016
-7.582342
-7.752174
-8.187799
-5.981770
-10.566777
-8.941145
-5.944894
-8.483269
-6.373875
-6.737975
-5.434766
-4.557161
-7.979151
-3.839360
-6.037613
-7.322123
-2.707726
-3.166023
-7.857985
-3.844597
-3.104688
-5.740481
-6.457149
-5.795567
-5.214129
-1.960553
-6.567938
-4.595574
-4.140181
-6.199936
-9.737114
-2.637368
-6.448808
-0.923271
-5.017975
-8.579856
-8.138141
-4.808207
-5.117274
-8.075801
-7.507771
-4.038861
-3.907439
-5.295076
-5.195856
-2.540060
-6.160722
-3.138247
-6.387892
-5.814479
-9.759635
-7.817555
-4.786487
-3.228585
-5.815100
-10.708163
-2.558101
-2.157521
-7.050915
-3.479587
-5.193381
-4.175277
-6.720453
-4.690399
-6.164679
-8.641195
-5.397221
-8.644366
-2.330435
-8.584431
-4.042153
-2.160101
-1.478846
-6.010426
-4.683197
-7.292127
-2.089251
-4.063589
-4.736658
-4.690421
-6.103650
-8.277271
-4.978881
-3.709866
-7.312741
-5.893794
-7.095160
-5.512353
-7.465823
-5.360806
-6.990826
-10.672519
-5.987507
-3.540954
-11.876928
-8.265921
-5.753166
-7.019669
-5.153066
-3.997414
-3.661277
-5.904041
-3.090166
-10.672519
-6.328028
-6.584177
-5.869681
-6.923431
-7.307060
-6.667764
-3.793452
-7.742230
-4.840586
-6.958941
-10.056301
-6.680335
-5.864286
-4.800143
-8.601864
-5.784032
-7.907689
-2.463400
-6.391544
-6.515546
-6.800378
-7.244868
-5.071199
-4.991610
-5.233425
-7.640008
-10.012911
-5.247642
-8.208294
-3.273464
-5.615725
-5.804770
-4.301756
-2.877307
-8.957473
-5.765009
-4.810574
-6.658572
-6.023624
-5.376204
-2.941187
-8.502858
-6.964453
-6.064748
-7.171138
-6.082887
-3.947840
-8.680617
-4.741831
-10.386073
-3.990828
-8.366741
-6.799780
-9.903738
-8.545155
-7.642816
-8.126411
-8.232483
-6.280683
-10.765821
-2.010834
-4.115700
-6.009974
-6.915549
-9.461692
-9.461276
-3.569332
-3.420068
-1.148254
-9.483933
-4.791474
-7.577083
-10.419397
-6.466122
-7.948276
-0.986493
-6.107116
-5.566839
-2.390362
-2.517481
-5.818569
-5.582202
-5.492319
-9.188588
-4.028870
-9.037632
-4.488629
-6.716654
-7.661736
-6.376714
-7.562960
-6.621550
-3.184871
-4.647519
-5.053598
-7.436375
-6.994238
-10.892759
-8.719263
-8.281608
-2.917538
-5.551294
-5.328215
-5.699574
-5.097129
-5.334077
-8.897528
-9.567250
-5.348736
-4.768216
-3.934637
-9.081713
-3.123203
-4.546571
-3.748610
-5.949594
-6.077310
-6.330963
-6.540854
-8.310158
-7.900640
-5.270241
-0.580930
-5.333293
-5.700634
-6.489189
-5.010861
-6.925261
-5.480300
-3.229379
-3.307692
-7.225479
-3.967551
-3.365466
-9.538624
-4.762347
-2.535745
-6.261453
-3.863428
-7.051605
-7.571131
-6.629062
-3.729451
-2.787819
-6.119736
-6.950705
-5.671208
-3.050384
-5.170248
-4.537637
-5.708485
-7.038447
-4.777784
-4.677181
-8.053098
-4.830895
-8.335134
-7.828830
-4.450115
-8.839222
-8.657304
-5.629641
-2.947358
-3.805177
-5.675281
-5.036082
-4.932585
-3.575238
-2.169352
-5.823637
-7.212090
-4.371424
-6.113981
-8.658323
-8.480295
-3.669569
-5.338406
-9.548023
-6.030833
-6.492135
-8.726706
-10.373691
-7.807099
-5.351682
-10.702030
-8.778542
-6.166294
-10.220174
-5.534419
-4.713258
-6.609809
-7.229720
-5.260884
-5.176995
-6.705176
-6.250667
-5.606876
-5.761126
-7.147108
-6.590528
-5.918810
-3.905043
-7.773084
-6.593943
-4.772131
-4.408749
-4.219082
-10.015707
-10.683046
-5.052163
-2.912172
-7.312192
-6.139350
-6.478127
-5.851764
-2.841500
-5.666525
-6.912472
-6.518677
-8.034141
-0.774107
-7.239795
-12.029662
-8.990014
-0.784272
-4.599598
-7.718828
-6.430049
-8.481822
-7.279160
-6.204492
-4.278815
-5.214617
-7.859331
-12.113209
-6.502416
-5.805393
-7.423146
-8.731250
-7.199129
-2.798737
-7.813626
-7.652131
-7.228026
-8.875942
-7.689597
-4.675610
-1.737095
-4.072337
-5.233640
-5.785336
-2.903108
-9.368569
-5.255322
-1.821871
-2.417385
-6.731552
-8.025414
-9.960735
-7.126520
-7.525863
-5.977619
-6.586610
-8.534078
-5.361567
-8.020453
-9.697135
-5.772824
-8.435703
-10.649261
-1.123681
-6.116184
-6.424113
-6.499764
-7.158528
-9.615005
-6.820133
-3.599253
-8.678277
-1.383526
-2.744104
-4.830856
-3.289544
-9.784500
-6.494961
-6.367027
-3.097543
-5.620376
-3.552066
-5.377935
-8.100939
-2.182266
-7.337151
-4.691087
-5.220799
-6.353091
-5.254920
-4.119173
-3.406570
-4.315196
-4.306676
-9.033441
-5.644794
-6.032181
-5.482101
-2.547681
-4.099078
-5.299320
-6.490620
-7.234129
-5.534092
-11.311144
-8.177576
-3.897561
-7.375738
-7.821891
-5.090907
-3.526103
-1.879132
-4.930069
-5.832323
-10.002550
-3.571397
-5.550865
-1.788200
-4.579934
-6.103897
-6.247643
-4.679357
-7.567814
-4.603737
-2.384201
-6.210809
-6.466562
-7.897317
-6.859062
-10.476704
-5.831327
-2.998468
-7.542712
-7.164602
-8.381071
-7.498521
-8.281096
-10.672519
-7.927750
-5.758041
-3.488641
-4.536135
-2.275448
-5.029730
-5.369145
-3.264309
-7.021895
-2.346706
-4.770619
-3.040986
-8.740704
-8.089885
-5.669839
-1.949925
-8.106723
-7.355232
-8.557843
-9.550369
-3.729782
-8.093742
-3.442918
-4.248609
-6.141024
-1.336429
-9.219500
-7.129838
-7.294509
-7.389387
-9.430183
-3.259963
0.779987
-10.771312
-1.769924
-6.588165
-9.564718
-6.754727
-10.475846
-11.572340
-6.989102
-6.138235
-3.521638
-7.596559
-7.751201
-8.020509
-6.204071
-6.236996
-3.860823
-9.018353
-8.656528
-9.199814
-5.621418
-3.020398
-4.720520
-7.484281
-8.371418
-4.579175
-4.570091
-5.537808
-4.963537
-4.199445
-4.672507
-6.832942
-6.173675
-6.491356
-5.200756
-8.613936
-8.417326
-1.822091
-10.390474
-5.394116
-9.877195
-6.061892
-3.455371
-7.829073
-6.347617
-2.540691
-3.986472
-4.315285
-8.733817
-11.588118
-7.223975
-5.892299
-8.785394
-5.817734
-10.006458
-5.133912
-6.268632
-6.132209
-7.446133
-7.213546
-7.220114
-7.969350
-8.208492
-6.836475
-5.140826
-5.347698
-5.751867
-2.419686
-1.022418
-6.858487
-5.778406
-6.410502
-7.037587
-5.200984
-4.997007
-5.824033
-1.691131
-8.290949
-5.933539
-6.630589
-6.553142
-3.208362
-8.905905
-5.711737
-6.628052
-6.976295
-4.271454
-5.565824
-6.445446
-5.352014
-3.275465
-5.007150
-3.312913
-5.854599
-8.424533
-8.734562
-9.359185
-11.736506
-8.783717
-5.752551
-7.550799
-9.296523
-5.681311
-8.287224
-9.892496
-3.909620
-6.837505
-1.205735
-6.809790
-1.756990
-5.716247
-6.214048
-8.230667
-8.665716
-5.029977
-10.140492
-6.318519
-9.048539
-7.440553
-6.932553
-4.386566
-8.993134
-7.943316
-8.427581
-4.562124
-6.029521
-8.050406
-2.941612
-5.284200
-4.532152
-0.753057
-6.333576
-5.764598
-8.583799
-7.916685
-3.787632
-5.805133
-12.191332
-9.846045
-5.753089
-4.985994
-5.730120
-4.047774
-5.954603
-5.414888
-6.919011
-7.594543
-8.622502
-7.454789
-2.160347
-2.577840
-2.794157
-4.221867
-7.790932
-3.592319
-8.954754
-7.601402
-11.200888
-7.267967
-5.743902
-4.819121
-5.579802
-6.635957
-4.803302
-8.494209
-4.257240
-6.196722
-1.718772
-7.634003
-6.418052
-6.249786
-6.446933
-7.428067
-5.552042
-9.714688
-1.254391
-6.611099
-7.551901
-7.669196
-8.722803
-7.177223
-0.975558
-4.354116
-9.986088
-2.530950
-5.715038
-4.419592
-6.626160
-8.752155
-10.048294
-7.047532
-6.111068
-4.351581
-6.437679
-4.174030
-8.597442
-2.821032
-9.764582
-7.343697
-5.852204
-7.701113
-11.128879
-3.663082
-4.816504
-4.918393
-7.022621
-2.577349
-3.372846
-11.066067
-4.772922
-6.482110
-7.201230
-7.154870
-6.185883
-9.821454
-11.230068
-8.842091
-5.809630
-6.701803
-4.379738
-5.143568
-5.390256
-3.707563
-8.801266
-2.254300
-4.104943
-6.432329
-6.180556
-3.976302
-6.719249
-5.686323
-3.675104
-4.644609
-4.310030
-7.234340
-5.890491
-10.323536
-2.516446
-7.867174
-7.267522
-5.288390
-4.907914
-6.848319
-7.776576
-5.068904
-6.985903
-4.560291
-5.745168
-10.517993
-6.650240
-7.639888
-7.829877
-7.823395
-4.043335
-7.787611
-2.204707
-7.461936
-5.686927
-2.781863
-4.763000
-4.025062
-6.178520
-8.398871
-6.884205
-8.040779
-4.259410
-2.689534
-8.770284
-5.876309
-4.893315
-5.456106
-7.269063
-4.879296
-10.072167
-6.914336
-3.431390
-8.127553
-4.568120
-9.044266
-5.169548
-5.124122
-6.711260
-8.750009
-6.586518
-8.288773
-3.982385
-4.335112
-5.625612
-6.370519
-6.418060
-6.974756
-7.743163
-0.443793
-6.154884
-10.150129
-7.951769
-8.759335
-5.353047
-6.967609
-9.960972
-6.595518
-3.323837
-6.082692
-6.323387
-3.408450
-5.428344
-6.016983
-5.512180
-7.335266
-8.093103
-7.256516
-4.992537
-5.351763
-6.453169
-8.364488
-7.551429
-4.416641
-3.012978
-7.685685
-5.070724
-6.231302
-6.652218
-7.239737
-4.543139
-2.981396
-10.561581
-7.111775
-6.112539
-2.522053
-3.690473
-6.603540
-8.750858
-3.557386
-2.606973
-8.294220
-6.991481
-6.056674
-9.800665
-10.420574
-7.988586
-7.111827
-7.214799
-2.811164
-8.883819
-5.869357
-6.281867
-5.157014
-7.156075
-5.853886
-7.063558
-7.952672
-7.593477
-3.327436
-3.187797
-6.178782
-7.277273
-3.180360
-10.966720
-7.713089
-0.767204
-2.046210
-7.115741
-6.432190
-7.648689
-10.923342
-1.234801
-7.866707
-2.402280
-5.075931
-5.779900
-2.312878
-9.601291
-5.208686
-7.869439
-8.882895
-8.813305
-4.546597
-6.970319
-7.835096
-5.537615
-3.910633
-5.295099
-9.241541
-6.442285
-6.453712
-4.149795
-4.649961
-2.944643
-4.931970
-5.104909
-8.792128
-5.520995
-5.362301
-7.124062
-4.794884
-3.875267
-5.114247
-10.464528
-2.634440
-9.392284
-1.948385
-7.193759
-5.905206
-4.112733
-6.570108
-5.727109
-5.425287
-7.073224
-2.780433
-3.264044
-5.521614
-10.376399
-6.520226
-5.661460
-7.529930
-2.373982
-7.055505
-4.952804
-4.810412
-7.150494
-2.589687
-7.516549
-3.825717
-6.374329
-2.106520
-6.891899
-6.962294
-4.020445
-11.466518
-5.688431
-3.045690
-4.917798
-9.370137
-4.653352
-4.474916
-5.888597
-8.264026
-3.906259
-5.835440
-5.845422
-9.655973
-4.297895
-7.471725
-3.630274
-5.822475
-6.595412
-2.312703
-7.954629
-4.098548
-4.781509
-6.396248
-6.511977
-1.990659
-2.791668
-4.247070
-8.812896
-8.260211
-5.130639
-7.763455
-5.056472
-11.474347
-2.866199
-6.679430
-8.276175
-3.657523
-6.697656
-10.261177
-6.938828
-8.215858
-5.115890
-2.791625
-9.045284
-6.682742
-5.880424
-10.078788
-6.303473
-5.565067
-2.202756
-2.807208
-3.806637
-8.651152
-6.248355
-3.921668
-5.555976
-4.158025
-7.855538
-6.086923
-5.111292
-8.288921
-5.361067
-3.179490
-7.799783
-5.305676
-3.982407
-13.723453
-7.084840
-5.280933
-6.769802
-7.119226
-5.757337
-3.678688
-8.430528
-4.098873
-5.419185
-7.333298
-5.526545
-8.137373
-7.626005
-6.887762
-4.518475
-9.715599
-8.143503
-6.812513
-5.246101
-9.308978
-7.864562
-6.761258
-6.058537
-1.235219
-4.123967
-5.141750
-5.743671
-6.399777
-4.720143
-3.427424
-2.514575
-7.310965
-10.880574
-4.775754
-4.718079
-2.137416
-2.445957
-4.590879
-3.494890
-8.466677
-5.078381
-6.190862
-7.925618
-5.619061
-5.865970
-5.879008
-4.470676
-5.853144
-3.201158
-6.758379
-3.287118
-6.069022
-9.056976
-1.768127
-7.243558
-5.837019
-6.705316
-4.275759
-8.743538
-5.903702
-6.709903
-4.611115
-5.186557
-4.193089
-5.027407
-5.651024
-7.316131
-3.534790
-5.962975
-7.882704
-5.390828
-4.662994
-7.192372
-5.010137
-3.102191
-5.617236
-6.738591
-8.835203
-3.917303
-5.449481
-5.941143
-7.748322
-0.673054
-5.984016
-1.866028
-6.950726
-5.102974
-8.645491
-3.014005
-5.458732
-2.969370
-4.546013
-6.070004
-9.931021
-6.919139
-4.922024
-6.387577
-6.695761
-5.714809
-10.255735
-4.998344
-5.210371
-3.266030
-5.933902
-4.421491
-8.387095
-3.402923
-5.524047
-4.159087
-7.631269
-4.583025
-6.132278
-7.379298
-6.950873
-4.213332
-7.829299
-3.671135
-7.688667
-3.906091
-6.487393
-4.942167
-6.860107
-7.725056
-4.194016
-4.721187
-6.772799
-8.149411
-5.441460
-5.249736
-5.762770
-4.050799
-7.572344
-11.263350
-6.802239
-4.463052
-5.960734
-4.811384
-4.022023
-9.856513
-8.182008
-6.143800
-4.640361
-3.088862
-3.638358
-4.360831
-10.159039
-6.460457
-6.102685
-5.447086
-11.498423
-11.075638
-8.838893
-7.598145
-3.548866
-5.654184
-7.752491
-4.897889
-9.875925
-5.780749
-7.040657
-4.511109
-7.587722
-5.892808
-9.878113
-8.407031
-7.965796
-8.202902
-3.616912
-5.730300
-4.254633
0.669948
-3.704468
-8.118927
-9.383430
-7.173351
-7.926701
-9.165155
-9.930031
-2.911367
-5.664837
-8.812102
-9.687698
-7.098171
-8.269745
-12.019377
-4.439342
-9.953299
-1.912181
-5.775178
-6.455068
-7.181988
-6.430008
-8.466807
-4.705241
-5.178638
-5.387858
-7.960853
-3.271833
-3.234933
-4.106288
-4.410297
-4.988225
-6.310813
-6.975853
-3.800066
-5.379986
-4.759505
-10.882284
-5.574070
-8.695278
-6.220215
-5.360749
-8.205469
-7.161052
-4.757745
-7.331157
-8.998037
-5.307107
-6.468952
-5.952737
-4.543683
-2.749881
-6.906450
-5.409657
-8.691297
-8.166007
-7.278829
-7.199070
-7.474569
-3.432922
-3.881703
-10.132956
-1.295733
-5.323675
-8.570015
-4.309534
-8.244138
-5.591873
-5.314913
-4.148294
-7.343741
-4.578235
-6.711983
-5.017951
-2.694057
-6.448217
-5.292346
-5.018826
-5.920914
-8.733258
-7.639351
-4.865983
-5.677366
-3.363340
-7.809991
-6.711286
-7.957226
-5.917305
-7.129291
-9.591320
-4.400732
-8.506986
-4.767381
-9.431448
-7.153792
-6.413264
-5.353065
-3.482764
-7.657386
-6.660274
-4.269174
-4.726862
-7.205781
-8.239217
-6.305500
-5.878574
-5.418551
-10.514520
-5.187532
-7.171925
-5.032201
-8.071532
-8.123673
-3.845969
-5.885067
-13.974407
-3.863469
-5.393006
-7.817479
-3.101973
-6.267646
-5.238122
-4.995222
-7.839593
-5.219484
-5.864993
-5.515410
-5.860343
-7.388812
-5.952338
-5.327912
-4.633824
-1.887625
-6.492029
-5.353691
-5.700224
-8.155036
-4.241871
-1.130221
-9.173913
-2.980000
-7.182384
-1.339052
-9.117104
-5.969449
-6.981345
-7.330482
-7.743722
-9.712481
-7.323949
-4.506503
-6.526124
-6.659624
-5.906615
-6.652426
-7.543746
-10.718683
-5.674982
-3.774959
-4.733821
-3.790915
-7.679706
-3.390396
-7.286246
-11.958158
-7.314550
-8.849977
-6.272625
-5.822324
-4.236273
-4.602670
-6.333003
-6.141333
-6.616128
-8.858568
-7.218865
-4.755529
-8.119673
-8.038684
-5.120001
-6.933580
-5.813484
-2.394340
-5.569540
-5.399032
-6.766275
-1.231172
-7.756047
-2.720556
-4.458388
-5.285190
-9.600779
-5.531778
-8.862223
-7.158537
-4.064490
-9.354563
-5.510644
-2.376169
-5.097213
-7.747859
-7.779109
-7.995963
-10.797891
-8.879406
-4.169307
-5.226211
-4.698036
-5.390556
-2.124732
-4.229258
-8.890983
-8.771862
-1.353427
-8.175202
-6.583911
-6.742627
-6.298409
-5.018077
-5.665221
-7.034385
-6.793928
-6.907623
-9.704261
-8.351541
-6.335794
-5.633796
-5.984725
-8.870551
-2.588148
-7.725296
-4.898171
-9.943701
-4.844414
-1.917260
-5.966458
-6.266093
-4.710570
-5.654209
-3.163157
-4.115693
-7.654240
-4.035721
-5.203781
-3.167967
-5.480539
-5.381282
-4.676465
-4.684723
-10.133747
-5.569454
-0.255914
-5.220057
-3.572231
-5.259486
-10.731754
-5.515650
-4.334458
-7.563468
-7.803001
-5.912074
-7.872879
-5.392417
-7.524641
-7.312863
-1.994609
-5.145639
-7.491323
-10.821114
-3.777112
-4.025143
-4.328049
-5.072697
-8.240101
-5.134647
-5.825132
-7.704099
-5.344093
-5.377188
-3.827415
-3.150995
-7.989793
-6.011074
-5.462300
-4.650638
-3.250732
-6.423353
-4.325116
-3.351294
-6.106460
-5.100338
-4.456987
-5.734468
-2.101464
-6.419532
-7.631200
-5.244428
-6.565042
-8.939398
-6.622190
-3.542097
-6.068003
-3.808436
-10.285277
-7.656498
-5.698420
-7.575836
-6.126865
-7.922690
-5.684386
-6.035453
-5.786246
-5.567491
-6.770247
-8.042380
-5.946705
-3.694129
-4.319128
-4.642840
-7.573685
-8.965952
-7.567904
-5.307097
-7.250087
-5.526265
-6.861117
-4.472411
-7.417867
-5.274916
-7.949689
-0.770372
-3.717529
-8.449898
-5.146956
-6.483545
-0.568687
-5.434827
-4.567493
-5.538203
-6.604611
-4.181578
-6.301532
-6.591535
-4.115255
-5.069213
-5.723620
-2.794718
-3.128744
-5.295145
-6.824714
-6.577507
-11.181008
-4.263116
-5.734076
-6.587564
-6.543871
-8.643514
-1.733321
-7.290362
-6.172501
-6.001098
-7.359697
-6.646426
-7.330601
-5.724340
-9.004177
-7.043455
-8.761116
-9.579834
-5.342667
-8.591286
-6.827663
-9.171013
-7.194358
-3.732165
-6.699580
-5.085517
-6.559631
-7.715489
-6.725389
-5.240267
-6.074546
-6.501002
-4.946206
-7.928843
-0.315835
-4.929038
-5.210297
-11.709528
-6.544038
-3.549508
-10.883141
-5.054497
-7.600836
-4.479107
-7.354870
-6.558052
-7.500061
-7.328807
-3.382178
-3.981778
-2.620230
-8.147077
-2.665304
-8.142246
-9.658781
-3.720070
-10.492510
-9.015774
-9.433682
-2.346460
-5.742956
-8.379671
-4.559096
-7.993888
-8.182211
-7.207068
-7.962645
-9.075384
-7.968632
-3.198615
-8.104909
-2.845982
-5.732471
-6.936051
-7.372222
-5.965214
-4.306063
-7.998134
-7.401360
-9.292003
-3.276423
-4.820507
-1.948414
-3.124357
-7.485413
-2.992979
-6.428530
-3.647827
-4.761042
-3.244033
-4.710256
-8.831972
-7.565714
-6.881884
-3.245979
-8.431012
-4.827269
-7.828386
-7.127686
-6.055110
-4.594758
-8.340603
-8.609581
-7.087383
-3.623004
-2.742384
-4.427773
-4.849550
-8.435464
-5.156425
-3.527869
-4.885831
-3.935955
-7.002630
-6.710201
-5.691342
-4.169784
-3.775419
-8.000975
-7.541098
-11.148428
-4.691825
-7.547574
-6.562259
-1.860166
-5.309280
-7.701872
-2.506215
-5.791288
-9.441460
-7.999591
-1.201503
-6.542250
-6.009426
-7.167811
-8.844448
-6.765620
-5.376518
-8.917298
-7.470053
-10.139844
-5.673959
-9.017236
-7.343666
-6.323310
-5.594444
-5.297578
-6.553034
-9.817979
-4.613633
-5.884326
-4.270883
-5.934734
-8.025971
-3.457701
-4.783584
-2.453586
-7.844517
-6.939666
-9.631411
-1.929760
-4.868165
-7.415784
-7.314038
-3.675622
-8.443369
-5.586949
-9.652037
-7.762816
-12.478519
-5.797585
-7.876995
-7.708061
-7.468374
-4.592006
-10.045010
-5.264506
-6.720497
-7.976501
-5.421258
-6.846628
-5.989160
-4.354979
-7.040712
-4.812373
-6.958447
-4.788626
-4.226811
-5.915606
-3.572407
-6.213419
-7.480560
-4.741480
-4.997579
-5.512471
-12.229269
-3.166813
-4.875261
-5.651942
-7.273389
-5.003453
-5.185923
-5.478883
-6.161307
-2.935562
-7.114718
-3.464782
-6.085802
-3.033034
-8.813295
-5.340033
-4.935045
-4.949452
-6.962481
-2.095174
-5.909781
-6.269441
-5.538104
-7.679691
-7.810149
-7.147674
-6.509490
-4.826540
-1.872489
-4.865977
-4.519535
-4.128469
-10.491147
-6.084882
-4.070002
-7.663197
-2.892867
-8.245678
-2.092419
-5.103251
-6.012023
-5.394634
-7.694947
-8.546203
-7.395481
-6.457867
-5.517637
-3.593501
-6.175735
-8.172012
-4.145415
-6.287883
-6.525408
-6.916904
-4.904799
-9.459221
-8.836417
-9.426919
-10.230619
-3.503203
-6.978473
-3.827603
-3.544912
-7.729963
-6.611572
-8.486734
-7.381860
-6.089273
-4.472109
-3.854416
-6.030736
-5.221994
-4.959401
-11.044061
-1.523099
-6.145743
-4.717530
-8.412367
-3.157455
-8.063639
-3.394702
-6.031927
-6.916948
-7.680243
-8.526428
-10.431692
-6.135697
-5.058994
-5.964627
-3.296731
-3.306141
-10.704481
-7.421384
-6.846533
-7.432090
-8.497999
-8.246838
-10.115271
-6.345064
-7.684306
-1.084211
-6.697462
-8.127609
-5.932857
-8.607100
-4.951926
-7.015123
-8.104383
-3.163069
-9.335163
-8.459959
-5.440861
-7.746105
-1.348301
-7.268135
-1.533251
-4.517524
-7.798887
-4.464917
-5.299438
-9.477383
-7.992980
-5.300379
-1.144984
-7.100646
-6.238340
-7.258554
-7.053359
-6.735713
-5.700402
-6.050866
-4.317706
-2.101619
-4.768892
-8.327582
-6.691123
-7.153306
-11.344801
-10.064189
-4.213447
-5.136210
-7.301105
-5.869685
-7.889263
-2.098177
-7.054910
-4.638750
-7.437029
-5.994075
-4.710950
-4.378930
-5.525444
-8.709229
-8.336385
-8.480770
-3.275553
-8.620062
-6.584969
-9.570692
-7.477942
-6.538255
-7.010917
-5.132685
-4.112370
-4.287220
-5.854353
-9.148635
-4.779566
-5.948744
-7.975281
-8.777757
-4.740585
-5.808939
-7.109700
-2.882418
-4.003337
-9.466608
-9.120854
-4.162189
-4.054178
-5.928529
-5.707363
-9.348101
-5.916342
-7.158999
-5.478112
-6.437190
-8.402179
-5.864286
-7.234937
-6.827724
-2.295621
-4.505048
-9.272006
-6.263735
-7.343402
-8.531673
-4.296360
-7.217777
-7.619566
-6.467271
-10.231428
-8.630657
-2.567916
-7.510498
-8.200207
-3.427040
-9.078632
-9.371884
-5.155187
-4.864196
-4.006783
-5.428081
-3.752486
-4.422407
-7.502846
-8.758865
-1.869043
-7.748615
-6.043733
-7.909839
-8.677694
-6.379513
-8.436275
-5.319727
-6.445766
-4.109981
-0.851315
-2.037006
-5.250877
-8.051266
-3.885379
-5.131338
-4.883872
-9.841408
-5.074149
-6.205212
-5.260840
-4.470629
-9.636799
-1.871716
-6.916314
-4.254365
-6.508881
-5.402208
-4.037045
-3.586491
-4.093318
-3.432600
-6.513708
-6.150387
-6.247625
-2.008154
-3.855056
-7.229705
-3.094159
-6.769227
-9.189043
-4.748649
-4.759148
-4.443560
-4.141119
-8.742048
-5.384949
-8.315922
-3.288416
-6.775497
-4.877126
-6.041055
-6.859823
-12.124184
-5.307252
-8.276812
-6.883117
-7.899770
-4.978800
-7.372099
-8.751791
-9.226017
-5.887135
-2.861666
-4.719527
-9.563980
-4.596098
-6.822973
-4.540942
-2.804681
-7.054882
-5.267056
-7.127075
-4.909589
-8.626516
-3.488491
-5.114968
-7.531517
-6.065773
-9.295504
-6.511903
-7.695451
-2.353719
-8.738670
-5.940272
-3.846784
-7.081167
-4.164572
-6.153183
-6.907389
-2.803814
-3.391937
-5.483093
-7.607652
-4.097042
-10.508410
-11.274811
-8.334438
-4.840104
-8.210782
-5.899864
-7.385470
-5.313160
-6.452056
-5.633038
-4.909748
-5.485034
-5.802271
-5.118172
-5.557952
-9.106784
-3.839491
-9.798882
-6.177646
-3.259115
-5.814888
-6.542314
-7.670860
-3.188066
-8.118829
-7.522542
-5.864767
-7.050755
-8.573041
-5.554358
-5.150781
-6.510088
-8.037977
-6.703643
-4.898174
-6.673181
-0.354779
-7.909537
-7.790262
-8.389648
-6.366989
-4.948900
-5.179144
-6.437150
-6.359688
-5.289118
-9.043394
-8.389870
-7.446408
-8.793283
-7.129671
-6.699833
-3.181359
-7.232458
-7.574950
-5.682164
0.552483
-8.840292
-3.482772
-6.658961
-6.195753
-9.583107
-4.813117
-6.017879
-5.985667
-7.641582
-4.398190
-8.116490
-7.739527
-7.430425
-8.556385
-7.859385
-4.715324
-4.610345
-4.026980
-8.074274
-5.597580
-6.573647
-6.663141
-5.163159
-6.532453
-8.419456
-8.140658
-5.943966
-7.500050
-0.875319
-2.197892
-7.374842
-7.065525
-6.820348
-7.668088
-9.151129
-3.811508
-5.075013
-3.975109
-3.118910
-7.467524
-7.050221
-6.458061
-4.142789
-7.159826
-6.357234
-8.393404
-8.302761
-7.089647
-8.454522
-4.615019
-6.174433
-7.725699
-7.648129
-10.030298
-5.003192
-5.818258
-3.504588
-7.111892
-7.749957
-4.335573
-3.625422
-5.798139
-7.085982
-6.527356
-1.883351
-6.978698
-6.172845
-6.600365
-7.361119
-6.626192
-5.908836
-3.995212
-7.352291
-5.000235
-3.721289
-3.050285
-8.865934
-5.298057
-4.294310
-2.223553
-4.186649
-6.073258
-5.410874
-2.918662
-7.127820
-7.047956
-7.554832
-5.053924
-5.640179
-5.126825
-5.122836
-12.634293
-8.614217
-3.770399
-3.342228
-6.134412
-4.759871
-5.637176
-5.090449
-9.366696
-5.085856
-5.668528
-3.342562
-7.538897
-9.373604
-5.398468
-4.809101
-7.858375
-7.356011
-8.335601
-5.860464
-3.750504
-3.735821
-7.737146
-1.690831
-5.822936
-3.979511
-5.628802
-6.400736
-5.106556
-4.962599
-3.542293
-3.708510
-4.737527
-4.578122
-8.481483
-5.164177
-6.930562
-6.452406
-8.409711
-7.348646
-3.336933
-7.372336
-9.474121
-6.649722
-8.853535
-6.037630
-2.813231
-8.112918
-4.949807
-7.383749
-5.769983
-3.454748
-7.734082
-6.181217
-7.956982
-9.007597
-5.079627
-6.946990
-6.557636
-8.903069
-6.879089
-7.451100
-7.316989
-4.420026
-7.072131
-7.657089
-5.834971
-8.301580
-6.858113
-5.965323
-7.256139
-3.850147
-8.200680
-5.215361
-7.469413
-3.851606
-7.492490
-7.338013
-6.208569
-6.621657
-7.159072
-5.941496
-5.743273
-7.499833
-7.442751
-4.647524
-7.220857
-5.682361
-4.353317
-8.620934
-7.606266
-2.533536
-8.458934
-8.511999
-4.600875
-6.792737
-9.292589
-7.315763
-8.488633
-8.230049
-4.597335
-3.622732
-5.037063
-5.108042
-2.993367
-6.480612
-6.556955
-5.073817
-8.516714
-10.323062
-6.434431
-4.246248
-9.806498
-2.577452
-6.970541
-6.115342
-3.777240
-8.167677
-6.449735
-4.803297
-6.124338
-5.917158
-2.392274
-6.064889
-6.513054
-7.514486
-8.859697
-5.851920
-6.980594
-5.215968
-5.173601
-9.337436
-5.619334
-8.192217
-6.930615
-3.662349
-6.969092
-7.366657
-7.688432
-5.608774
-11.383534
-3.657716
-4.273542
-2.578404
-7.844684
-7.855501
-4.732214
-4.595737
-7.521589
-6.675011
-7.118582
-8.208369
-9.320212
-5.436372
-8.634927
-3.141820
-8.016874
-6.718737
-6.006950
-10.057470
-9.537284
-5.329642
-4.323344
-8.049937
-7.835480
-2.736346
-3.735592
-6.312531
-7.244022
-4.661092
-1.814923
-4.660883
-10.947851
-5.630514
-9.119645
-7.336717
-5.079500
-4.816670
-8.391644
-5.285363
-7.086679
-5.203568
-9.087673
-11.189474
-5.667001
-4.421555
-6.701855
-7.165929
-9.135736
-2.030945
-4.880317
-6.913986
-4.537538
-5.610658
-6.742724
-8.853756
-7.034797
-5.559486
-4.437865
-5.345607
-5.618579
-11.679173
-1.977171
-5.270365
-3.695162
-13.237024
-8.405207
-5.217090
-7.661641
-6.114766
-7.990702
-5.678999
-8.657235
-7.139456
-9.633645
-7.906251
-5.182089
-6.868984
-4.577110
-4.759386
-2.466114
-2.460260
-5.946668
-5.629698
-9.377198
-8.867043
-7.408811
-8.404587
-6.583665
-5.135743
-7.850882
-7.030326
-8.236777
-4.670756
-5.943304
-2.227636
-6.703195
-3.106284
-5.392794
-10.004530
-5.751297
-7.846116
-6.469934
-7.099873
-8.013251
-8.780215
-7.865664
-5.579523
-6.505905
-7.632860
-3.909477
-5.629593
-9.999094
-5.652102
-2.787796
-6.972085
-6.231590
-6.137786
-6.227048
-5.816990
-9.586325
-1.947989
-5.235746
-2.534288
-4.894254
-5.195992
-6.777859
-6.306826
-6.213372
-8.189562
-2.458313
-3.627208
-7.056473
-7.285161
-4.982937
-5.061090
-5.009452
-8.350063
-4.573994
-2.885675
-6.476550
-11.951567
-6.122928
-6.726440
-4.185702
-9.339825
-6.262359
-6.536795
-2.237518
-5.205249
-4.861472
-8.181365
-4.810956
-10.112214
-4.344511
-5.080371
-4.300647
-4.885845
-6.010720
-4.282980
-6.249401
-0.746078
-5.425624
-9.415426
-4.822584
-5.195383
-7.034476
-10.165552
-5.634906
-4.065264
-7.301569
-6.678619
-2.978671
-6.528246
-5.834457
-4.051404
-5.745479
-9.949642
-1.732125
-3.848551
-5.441427
-2.533713
-2.012380
-4.487394
-2.640725
-3.551284
-6.308541
-3.487199
-7.273934
-3.898305
-6.926847
-6.071300
-5.527735
-4.751023
-3.714252
-7.820117
-5.763018
-3.193193
-3.534735
-2.757770
-5.098606
-4.637655
-8.833071
-8.148680
-4.090943
-2.041262
-7.304155
-5.907593
-7.478298
-6.718096
-6.338209
-11.545623
-7.467600
-6.727895
-6.901856
-5.674401
-7.157994
-8.931105
-5.700755
-5.100130
-4.327227
-8.214203
-4.989166
-5.187350
-0.712798
-6.141995
-8.196093
-5.264297
-5.368749
-5.846228
-4.732317
-6.763196
-3.069066
-7.788798
-5.440480
-2.404090
-6.599442
-5.791634
-7.868946
-5.469165
-7.328045
-4.856907
-8.681531
-5.553802
-7.533426
-3.333835
-3.967770
-6.212089
-7.516022
-4.962114
-6.415024
-7.700768
-2.818245
-2.860022
-7.601275
-9.963579
-9.305865
-4.806906
-4.920215
-6.931663
-0.808548
-6.943381
-7.874382
-5.971813
-5.710635
-6.054481
-6.628196
-3.746842
-12.226493
-5.074370
-4.138569
-7.162866
-10.050695
-11.206222
-4.783800
-10.370791
-3.295979
-5.099360
-5.697276
-5.164792
-8.302607
-5.620777
-9.717088
-4.355629
-8.900286
-5.169140
-6.681636
-3.679830
-6.088846
-4.079892
-7.830088
-6.628989
-3.321104
-3.041471
-7.295802
-8.310696
-7.456873
-6.240394
-4.774035
-7.598737
-3.541259
-6.309258
-8.473651
-6.117646
-5.173050
-7.457372
-4.201446
-6.765903
-4.408423
-4.808413
-5.604461
-3.909540
-7.948263
-3.340751
-2.168986
-9.876110
-6.153502
-8.992335
-6.619912
-8.074858
-5.718877
-7.190707
-6.680347
-3.656422
-3.506476
-10.192410
-5.064723
-9.019892
-8.318083
-6.744815
-7.662128
-7.284077
-8.291610
-6.009999
-9.495409
-10.002430
-8.173088
-3.893684
-8.518105
-13.101463
-6.896099
-6.617769
-4.490407
-7.060880
-4.461583
-5.157367
-6.194420
-9.283945
-4.350888
-5.550154
-4.640362
-2.644560
-2.931986
-6.138268
-7.712533
-5.488876
-1.772955
-3.566306
-6.129431
-6.380929
-4.647265
-5.447142
-4.869825
-4.899322
-2.965157
-7.441892
-5.656190
-4.993835
-5.246998
-7.463667
-5.647652
-5.558867
-4.862292
-5.721674
-8.015048
-6.125140
-14.670340
-7.964548
-5.896406
-4.501211
-7.062237
-6.859327
-6.725699
-9.952116
-4.250216
-7.302528
-6.241940
-4.530151
-2.610391
-5.057627
-4.893134
-3.333304
-8.399147
-5.565318
-5.898364
-6.482894
-5.498409
-5.538157
-3.539229
-4.813848
-8.503564
-3.743425
-7.446631
-5.288788
-6.446074
-4.814789
-3.739749
-7.798280
-8.484923
-6.929304
-9.924122
-8.352823
-4.744747
-6.088609
-4.883554
-3.982712
-7.269868
-5.380761
-6.959990
-7.108446
-4.397552
-7.116082
-7.157424
-8.679176
-8.107733
-4.302680
-5.227873
-3.926550
-3.609910
-4.880208
-11.431149
-5.391831
-1.427294
-3.849213
-6.103399
-6.415455
-7.652947
-8.794523
-7.689272
-4.575630
-6.935487
-5.596200
-6.866130
-4.546813
-6.241300
-8.941321
-5.319652
-5.046535
-7.598095
-7.046976
-8.752554
-7.042987
-8.602777
-6.838468
-3.156308
-4.229691
-7.451588
-5.603675
-8.932562
-2.644213
-4.772878
-0.817352
-3.150807
-6.228543
-10.116011
-8.526722
-5.624922
-9.787419
-7.697971
-6.178932
-7.738070
-3.110905
-7.934810
-5.343092
-8.758248
-5.144668
-5.284682
-6.760702
-6.309338
-8.340143
-8.513067
-1.763701
-5.989356
-8.240685
-5.761872
-8.509094
-9.081505
-7.686996
-5.407661
-7.792458
-7.199857
-5.485857
-5.182243
-4.927206
-6.834589
-9.615116
-8.735323
-7.093774
-8.182985
-6.741060
-6.501978
-3.678185
-8.520027
-5.035613
-0.901872
-4.580804
-7.063692
-4.574830
-7.637783
-5.845430
-7.286002
-9.553112
-5.524524
-5.530482
-4.434362
-4.091318
-4.517038
-5.014199
-3.812751
-6.711121
-2.935275
-4.396045
-6.796540
-6.372636
-4.791465
-3.437511
-4.964949
-7.358495
-5.201761
-5.265743
-7.505667
-5.471281
-5.046879
-7.596425
-6.381071
-6.122687
-4.317452
-6.511648
-9.381012
-2.067655
-5.922711
-10.461249
-1.770056
-4.335393
-3.734659
-7.936152
-4.525816
-6.340004
-3.955945
-6.967832
-3.883867
-2.736243
-2.613683
-3.568435
-5.528484
-5.067871
-3.438757
-7.009320
-7.849835
-2.700927
-5.280733
-5.714314
-5.486130
-5.756614
-6.416295
-9.286375
-4.825166
-4.608333
-11.641031
-5.057406
-1.018075
-1.401438
-5.309549
-6.911593
-2.933738
-6.386727
-7.563499
-5.444708
0.683753
-7.021903
-5.711829
-6.635797
-8.044081
-5.491325
-8.194895
-3.660928
-7.589214
-8.272230
-6.376554
-6.723457
-5.148746
-6.143837
-8.842395
-7.079921
-7.221997
-6.313805
-5.951972
-8.787336
-5.045304
-7.189210
-4.102055
-7.615350
-3.536960
-10.142866
-0.861389
-6.373120
-8.189821
-6.709034
-5.475787
-8.700957
-6.283859
-9.815670
-5.012422
-2.130047
-6.827393
-5.403763
-3.634703
-3.630653
-3.977040
-5.370874
-4.133878
-3.838760
-2.640491
-8.336805
-6.564826
-7.856226
-8.733263
-7.016325
-5.205305
-5.938627
-8.758395
-6.452825
-5.793551
-8.876097
-6.256370
-4.022253
-7.516776
-7.539576
-9.855941
-5.127401
-6.249361
-6.746627
-8.267676
-6.128648
-9.942194
-10.499932
-4.263138
-4.680788
-5.361923
-6.393304
-7.757602
-4.670921
-7.236401
-8.120609
-5.707094
-3.581329
-5.512161
-4.484688
-3.677746
-5.555029
-6.459288
-7.150853
-5.695022
-10.133441
-11.710310
-5.027468
-6.836184
-4.815783
-5.402030
-7.976679
-6.442879
-7.466136
-6.371019
-5.218735
-5.168536
-3.863273
-5.313085
-3.211170
-9.515982
-5.308002
-5.198049
-11.447721
-1.962236
-9.457680
-7.243865
-6.316954
-7.812073
-7.551268
-7.474538
-2.476402
-6.505314
-9.610005
-3.687786
-3.864618
-7.826720
-6.272836
-4.445157
-6.457182
-4.099792
-5.083611
-3.021075
-8.322578
-5.059333
-6.573867
-7.196446
-6.046257
-4.562659
-7.973688
-5.190619
-8.608924
-7.039182
-7.072809
-6.488516
-5.171948
-8.482776
-6.013157
-0.979730
-2.733701
-4.219870
-6.206274
-5.390179
-4.377066
-6.929342
-3.958647
-2.725256
-8.999186
-4.313406
-6.961892
-5.992594
-9.428875
-4.607325
-6.206174
-5.814941
-6.621418
-6.402864
-4.987512
-4.950178
-8.039989
-4.248231
-6.460116
-3.861983
-8.340965
-7.429930
-8.264624
-6.967873
-5.096610
-4.951233
-9.142130
-7.873397
-9.003586
-6.056017
-8.023636
-5.668412
-5.789057
-4.785232
-7.909295
-6.192120
-7.895865
-6.045101
-6.288285
-5.427667
-8.144133
-6.008506
-4.907714
-2.368929
-2.375097
-5.747121
-4.938113
-7.875700
-4.897430
-5.854237
-2.674783
-8.734048
-5.449444
-6.093385
-5.595521
-6.143603
-3.597327
-9.168619
-9.193090
-6.468456
-4.886701
-6.605386
-8.323279
-8.440649
-6.289662
-4.280691
-5.283482
-8.947480
-5.429088
-6.571616
-7.047099
-8.827669
-6.685919
-5.529646
-4.809987
-5.744591
-6.072313
-9.062746
-8.138365
-9.271007
-3.440222
-3.202876
-5.823632
-5.821653
-7.596073
-6.750718
-9.206166
-6.766641
-4.618832
-12.497961
-6.778363
-6.400359
-5.732482
-6.564161
-4.337897
-8.100503
-7.331964
-9.974220
-10.494856
-7.672232
-5.579472
-3.377858
-5.325180
-2.066869
-5.328768
-5.806770
-10.063729
-6.794975
-7.658127
-7.223774
-8.215969
-9.486563
-7.900651
-1.778062
-7.027307
0.731564
-5.342610
-7.645295
-3.950242
-4.424861
-4.993199
-7.588073
-10.261539
-7.392049
-7.280332
-4.946717
-5.237070
-14.486965
-3.275152
-2.773330
-9.270130
-9.992873
-7.056159
-6.147100
-7.723358
-6.499333
-7.424941
-7.014102
-4.529834
-5.355635
-6.234915
-8.031835
-5.272434
-6.024236
-0.489427
-4.579080
-5.464261
-6.172392
-6.720723
-4.941343
-3.343393
-6.030235
-5.177874
-5.198605
-6.587890
-8.680264
-4.392532
-5.486079
-3.985353
-7.021352
-4.821948
-5.029859
-4.700051
-5.839445
-6.053891
-1.680742
-6.786460
-9.141875
-5.201088
-8.092041
-2.907234
-6.288614
-7.294321
-1.650845
-4.575149
-6.134331
-6.439456
-6.794555
-7.768667
-6.509250
-8.610638
-9.106194
-6.197515
-5.318590
-7.191343
-5.308015
-4.822847
-7.144241
-3.120525
-3.913021
-2.967672
-8.379936
-3.594205
-7.299208
-5.251623
-5.844377
-5.584029
-7.224994
-5.712290
-6.309912
-1.494888
-2.402120
-9.360836
-2.508656
-8.822220
-6.707062
-6.244506
-8.387300
-6.771550
-9.767178
-4.497364
-3.853416
-6.651583
-5.194150
-6.428680
-7.586802
-5.624260
-4.261085
-2.853979
-7.038490
-3.544262
-3.511885
-6.333984
-5.575943
-5.124032
-4.906044
-5.314481
-7.329880
-5.095059
-7.821794
-5.290449
-7.984275
-6.373319
-5.575610
-6.631408
-6.920938
-8.001927
-6.646477
-8.095547
-6.005373
-10.339947
-6.318396
-9.194111
-6.625535
-5.949430
-7.223762
-7.393539
-2.835840
-5.313560
-8.753605
-5.512013
-8.297502
-7.716393
-5.413810
-2.523998
-7.537212
-5.634807
-8.532269
-5.329020
-8.451012
-8.327245
-8.874143
-6.325892
-5.992088
-8.608141
-9.104271
-7.027064
-2.376458
-4.067721
-5.511136
-6.007079
-6.344312
-3.609233
-7.563216
-6.861974
-3.139294
-5.031852
-5.496960
-2.135341
-4.287582
-7.682493
-9.035733
-6.861168
-4.695721
-5.753793
0.264185
-12.263802
-5.889359
-6.304882
-6.944162
-7.565785
-5.616120
-7.380723
-8.226066
-1.914030
-8.590943
-4.049106
-3.743025
-5.229604
-5.549008
-2.114630
-4.901345
-4.852138
-5.958356
-6.491329
-8.655809
-2.953761
-7.464775
-3.984082
-5.450310
-5.346645
-5.433097
-8.691135
-4.578804
-9.159534
0.035258
-5.495493
-6.090431
-9.088310
-6.253872
-4.279849
-6.726207
-7.737314
-7.818674
-5.932469
-7.806431
-6.190577
-4.221564
-3.238348
-8.754065
-7.582454
-5.473593
-3.359332
-6.022756
-4.676609
-4.507587
-4.940623
-5.801776
-4.521084
-6.035139
-3.118258
-4.292044
-10.365211
-7.903367
-8.363310
-7.504169
-6.611552
-7.124286
-8.380070
-6.433440
-8.241498
-8.121998
-7.446245
-9.602932
-6.279908
-6.309737
-8.966574
-7.494996
-5.917829
-3.027776
-3.610333
-6.782247
-5.956895
-8.498892
-6.036439
-4.147769
-6.496460
-5.731588
-3.372313
-5.905589
-2.441621
-5.394841
-5.977016
-4.686386
-4.269348
-10.497189
-5.812381
-9.573902
-8.454311
-2.289698
-6.978219
-6.717951
-7.481204
-3.214553
-4.985271
-7.750088
-6.560802
-8.057829
-5.441165
-5.371483
-1.741294
-3.668698
-7.416209
-4.888924
-6.600278
-7.854715
-5.272391
-3.082819
-3.415798
-10.919375
-1.166633
-0.851673
-8.295341
-5.668723
-4.369004
-3.552476
-7.378661
-1.746288
-5.766346
-2.933024
-7.317017
-8.460674
-6.211351
-7.493990
-9.439859
-6.550241
-6.648688
-5.370842
-6.353862
-6.786807
-6.927172
-5.010921
-5.034478
-7.720068
-6.794434
-6.344542
-4.114009
-6.000689
-8.775636
-3.854190
-5.489581
-4.948041
-5.693830
-8.121048
-7.131278
-4.757615
-5.305708
-4.976749
-1.487236
-3.242459
-8.791595
-7.663840
-7.314298
-4.594584
-5.216452
-4.139336
-6.528504
-5.820443
-3.128610
-8.336377
-8.219034
-5.448171
-5.289258
-7.063696
-9.000380
-7.737603
-4.544954
-5.162347
-5.304309
-5.359452
-6.923761
-10.082809
-9.763723
-5.401347
-7.860251
-0.899423
-7.346074
-3.276521
-5.732043
-9.803314
-4.203643
-5.373486
-5.449596
-8.052403
-8.365817
-9.947476
-1.649293
-5.810614
-6.915973
-9.167384
-5.977165
-5.651259
-7.785802
-4.446805
-8.044668
-10.265560
-5.344326
-5.749181
-6.122379
-4.203446
-5.262038
-7.812055
-8.944373
-4.751359
-8.247354
-3.143024
-8.068877
-5.842529
-7.330299
-7.734414
-5.581213
-6.026913
-5.058672
-3.119756
-6.568924
-6.964570
-10.092813
-8.120069
-2.832527
-2.867718
-3.501592
-8.565962
-4.111941
-9.171711
-9.422659
-7.995146
-4.736571
-9.155685
-4.947986
-7.088388
-4.304625
-5.096317
-5.085317
-8.843166
-5.230271
-5.064086
-0.902475
-6.504666
-6.576948
-7.747495
-5.159392
-6.433668
-2.071715
-7.988138
-8.129122
-7.494181
-9.355060
-5.949692
-6.920948
-6.210232
-5.494802
-6.456501
-6.044238
-6.507416
-6.473952
-7.756965
-4.280720
-2.492205
-7.120208
-4.551513
-6.789937
-3.601938
-10.145086
-5.411110
-7.552707
-4.665604
-3.645084
-5.625229
-5.617895
-7.669574
-3.642458
-6.700959
-2.296943
-4.380548
-8.956300
-8.681108
-7.463905
-2.184847
-4.913070
-3.995996
-5.793522
-6.143150
-5.432851
-9.639278
-6.462050
-7.324688
-6.189726
-2.396304
-7.925748
-5.159244
-11.356716
-4.446155
-5.606538
-9.434130
-6.924665
-7.317361
-6.796022
-5.061611
-4.970365
-6.827467
-6.112031
-4.947748
-5.631329
-8.488992
-5.762326
-4.936838
-6.000429
-7.685985
-6.904080
-4.757981
-8.685160
-6.224215
-3.989286
-4.441057
-2.555422
-4.796090
-5.089694
-4.548261
-5.479328
-7.624921
-8.088210
-3.240008
-6.066167
-7.160837
-7.281732
-7.961450
-2.131368
-8.406063
-6.640934
-8.875490
-4.575289
-8.293732
-5.652772
-4.535857
-4.237630
-6.996302
-6.398228
-4.094134
-6.718315
-8.148516
-6.449787
-4.524707
-6.985743
-6.971373
-6.745345
-2.855742
-6.036016
-3.219599
-8.154890
-4.770459
-6.347989
-3.984304
-7.284511
-4.204500
-5.038978
-7.845793
-8.233888
-8.775805
-7.955317
-3.371116
-7.361683
-7.781504
-5.895271
-3.303799
-6.404836
-8.664340
-7.685482
-5.048803
-6.923764
-4.562574
-8.027611
-2.548046
-8.040483
-4.873561
-6.049414
-5.245090
-9.415722
-5.873665
-5.140746
-4.952357
-9.892414
-7.510955
-5.627580
-6.981071
-6.540200
-7.047216
-6.452981
-7.562017
-12.807022
-5.494960
-5.393564
-3.799141
-6.251537
-4.035226
-2.267926
-5.687467
-3.980088
-9.150414
-4.667815
-1.888959
-5.280572
-7.000998
-6.212836
-5.423912
-3.735369
-2.579343
-6.199709
-4.999785
-7.920923
-8.025368
-1.863589
-8.671364
-7.080497
-4.651884
-5.727947
-2.563267
-4.228930
-4.243972
-9.651403
-6.161701
-7.917878
-5.094025
-4.141322
-3.237359
-5.569283
-3.144601
-8.322107
-9.820851
-9.780384
-7.509157
-6.330596
-5.714639
-9.543875
-6.110951
-4.805644
-7.326439
-4.201966
-4.397074
1.832845
-3.580859
-5.438712
-7.331526
-2.731747
-3.432468
-8.419889
-6.325710
-4.450614
-2.654320
-5.172990
-5.688761
-5.359225
-3.988772
-6.392447
-3.806850
-5.300476
-9.736082
-7.705008
-9.986178
-5.342592
-2.933859
-7.076173
-7.872849
-6.942744
-5.938743
-5.881746
-6.788865
-7.646313
-7.753130
-8.145168
-6.792520
-7.468422
-5.219494
-9.156550
-6.529381
-6.361909
-6.066683
-5.387082
-5.776014
-7.042923
-5.443234
-6.287198
-5.268752
-5.004203
-6.353515
-7.001882
-1.970055
-5.033722
-4.870508
-5.343634
-5.547651
-5.334721
-9.478561
-6.113590
-8.616739
-4.694801
-4.798176
-9.632150
-8.391594
-7.966410
-6.234598
-7.278950
-5.786373
-4.697297
-4.544991
-8.128475
-8.600124
-8.850103
-5.770777
-7.670155
-5.072624
-7.951877
-2.831440
-9.152933
-8.013868
-6.369756
-4.542583
-6.500826
-6.254887
-5.809432
-7.132205
-5.594483
-5.526036
-7.928758
-8.842245
-5.512628
-7.583696
-4.213769
-5.203346
-3.947742
-6.516027
-7.950403
-7.859807
-6.769141
-3.459678
-5.727613
-4.484615
-8.103995
-8.233025
-2.905918
-3.861208
-1.682703
-9.575815
-6.915708
-2.939246
-7.994689
-6.617942
-10.236638
-3.975345
-5.935604
-5.764747
0.148800
-7.237969
-7.225526
-6.289618
-7.445416
-6.598697
-8.796521
-9.460643
-7.437446
-5.367126
-8.895246
-5.948313
-8.456722
-9.446448
-3.754840
-7.589818
-3.589004
-7.841320
-7.853642
-5.390099
-8.651583
-4.425765
-5.204513
-5.797587
-3.211170
-11.364626
-10.432404
-6.623914
-8.935177
-1.987856
-5.149471
-6.066173
-5.697141
-6.335894
-6.700292
-9.177692
-7.898940
-6.370436
-4.792390
-1.982109
-4.979546
-5.351007
-8.060042
-9.478157
-6.238173
-7.813662
-10.404102
-6.729322
-8.104591
-8.003593
-7.987612
-2.669599
-1.939754
-5.009231
-4.612959
-7.822742
-9.989580
-4.664710
-10.563628
-7.024289
-7.909017
-2.388500
-7.355150
-10.589597
-5.794631
-1.930407
-5.180440
-5.725448
-5.269554
-10.369936
-9.151879
-7.520621
-3.461661
-4.663169
-4.854033
-4.778396
-4.196948
-5.108983
-7.732619
-7.874185
-7.537391
-10.020702
-7.276151
-8.910623
-7.284488
-7.668532
-5.539193
-8.811050
-5.074796
-9.715731
-6.520791
-7.491108
-1.344327
-5.179446
-7.092535
-9.209536
-4.057697
-5.401967
-4.066408
-3.418457
-8.531471
-8.518814
-7.940799
-4.702765
-9.004418
-4.748277
-7.768129
-6.885691
-8.415437
-6.377141
-9.303513
-5.842152
-6.400443
-8.227287
-5.901304
-4.117906
-2.557779
-5.303931
-6.258258
-7.291992
-5.624431
-5.502128
-6.733735
-7.031506
-8.380973
-6.340994
-4.520905
-5.328110
-2.330902
-5.507914
-6.294889
-4.641928
-11.247791
-7.996507
-4.592259
-5.039594
-4.904654
-8.070660
-4.242926
-4.758578
-5.628485
-4.538936
-3.550243
-4.537190
-8.559240
-9.630057
-7.151444
-6.917005
-6.841300
-6.784752
-3.818783
-4.228551
-11.952296
-7.942914
-4.334794
-5.433515
-4.635928
-4.376014
-7.737135
-4.015189
-2.096251
-7.830178
-6.538046
-6.544525
-4.572903
-4.982725
-9.861174
-3.872372
-4.567181
-11.062626
-5.009467
-7.167889
-8.038485
-6.948597
-0.481626
-6.200568
-3.617601
-5.945674
-5.660594
-10.930688
-4.269882
-8.055544
-8.650615
-3.936504
-8.385445
-6.942767
-6.549646
-8.161151
-4.723924
-8.783598
-2.980900
-5.939762
-4.154552
-15.479330
-7.247576
-6.429680
-10.331600
-5.587699
-6.405168
-6.149704
-2.765886
-5.212208
-7.526532
-6.726927
-3.992828
-7.200672
-3.397483
-8.553245
-3.122386
-7.054449
-3.727460
-6.470771
-3.955604
-5.990807
-8.326784
-9.632515
-5.260592
-6.774500
-3.034303
-4.400892
-7.173695
-3.994843
-3.858865
-8.674126
-7.899755
-4.564272
-5.280926
-4.486539
-5.285528
-8.514515
-6.180625
-6.137433
-6.275696
-2.288192
-11.018344
-6.310942
-7.046724
-5.501710
-4.983577
-3.529960
-9.000463
-7.257388
-7.421040
-4.792203
-7.007069
-6.922241
-2.696494
-9.035823
-4.631180
-7.831936
-4.079364
-6.078753
-7.451865
-7.301331
-5.459728
-3.419488
-11.022303
-6.046385
-3.975974
-2.691458
-4.678557
-5.676253
-5.454103
-4.849519
-3.301103
-3.989314
-3.590090
-3.935558
-7.687666
-4.985261
-6.811984
-8.889208
-4.792412
-3.427060
-7.779207
-5.914573
-7.717393
-9.483298
-4.776964
-7.505162
-9.263389
-4.057221
-4.192194
-10.823481
-5.367744
-5.172994
-7.016346
-4.512233
-4.237122
-7.496011
-7.502456
-9.566748
-8.026349
-7.938854
-9.608545
-2.510202
-6.995175
-5.579973
-5.889421
-4.878953
-6.655189
-5.823580
-6.265395
-5.598797
-9.174128
-3.632596
-5.950606
-3.803195
-3.596359
-3.670340
-4.760375
-5.326051
-6.313403
-9.091772
-7.413177
-5.804796
-9.550941
-3.619231
-9.060278
-6.163053
-6.133921
-3.554759
-9.571927
-6.237669
-7.500609
-5.506112
-3.569003
-6.842833
-1.593321
-7.960988
-6.447891
-4.941798
-4.978600
-6.085029
-6.254436
-7.935664
-6.763908
-5.475809
-5.239159
-7.933342
-6.811296
-6.148594
-8.389503
-3.917896
-4.840123
-8.176468
-6.670069
-8.063269
-3.576512
-4.010385
-3.716911
-6.418559
-3.367834
-5.494428
-10.937133
-5.962828
-6.375582
-1.681261
-4.963289
-6.525468
-2.897840
-3.958518
-7.175498
-5.057149
-5.353879
-8.170300
-0.854584
-6.688145
-6.517179
-8.243834
-7.372711
-4.071456
-5.889802
-9.767950
-6.745296
-7.319280
-6.532624
-7.255685
-3.363754
-6.892362
-6.393255
-6.425355
-5.620137
-5.200851
-3.360455
-8.803055
-6.600852
-5.140708
-1.089747
-6.291166
-6.237430
-6.823296
-4.407396
-6.154272
-6.719770
-6.541331
-2.265416
-6.107924
-2.596506
-5.905744
-5.861414
-8.529223
-6.795629
-4.972482
-6.244767
-7.861664
-5.112095
-2.180439
-9.455451
-8.416379
-5.458077
-5.359189
-6.709461
-7.375760
-7.275872
-7.984424
-6.083975
-6.897723
-3.903127
-9.352267
-7.148210
-4.020340
-5.958082
-6.424301
-4.836808
-4.433699
-5.559417
-8.800070
-7.549190
-4.808739
-5.082959
-5.405102
-3.004790
-3.695947
-5.657014
-9.511560
-6.794384
-5.376855
-8.248556
-10.677492
-5.947962
-7.368223
-3.573007
-3.659577
-4.937987
-8.855989
-6.549173
-11.366536
-7.107928
-5.413285
-4.806357
-4.361159
-4.413880
-7.999634
-6.034027
-9.888752
-7.962192
-8.312049
-6.467730
-10.041258
-2.984232
-4.148099
-6.095743
-6.098876
-7.747146
-2.407980
-8.207524
-6.921050
-6.930454
-5.634384
-6.931520
-6.723133
-4.535918
-8.016790
-5.467393
-5.419568
-7.317849
-7.736588
-5.364910
-5.697076
-7.099853
-7.316267
-5.988441
-5.051391
-4.586495
-5.712551
-7.808153
-5.734754
-2.277393
-8.287348
-6.585109
-5.404895
-11.880679
-9.731204
-3.891719
-5.681365
-6.378948
-5.814341
-5.138330
-4.780886
-5.617154
-7.709834
-6.123717
-3.176534
-7.872595
-2.892201
-6.000938
-9.097294
-8.648948
-3.733903
-8.102047
-7.406139
-2.723577
-6.258028
-4.042764
-3.960919
-5.853603
-3.735356
-10.466778
-3.551053
-5.211210
-6.380002
-1.796265
-6.578978
-4.479057
-9.537143
-6.323174
-5.220275
-9.426275
-4.196772
-4.960524
-10.455728
-4.517227
-3.730167
-2.201528
-3.499441
-5.971340
-7.894277
-4.634469
-4.496715
-0.113791
-11.414762
-2.575700
-5.711604
-5.867530
-8.346396
-5.309677
-7.499342
-6.659650
-3.414907
-9.410172
-6.256843
-5.632632
-5.336191
-7.973606
-8.130591
-1.390860
-3.797157
-6.527426
-4.133821
-9.800858
-4.835155
-6.093350
-5.624139
-8.804914
-4.558785
-3.730081
-4.561497
-6.929617
-7.098573
-6.187672
-4.309558
-5.219542
-8.907969
-3.142781
-6.204836
-7.222328
-4.980389
-6.670111
-5.918478
-2.095786
-1.856188
-5.408562
-5.026190
-8.046968
-10.992147
-7.673311
-6.273790
-4.270453
-5.266422
-4.748569
-2.868071
-5.409835
-7.696738
-7.403208
-8.520091
-10.581851
-8.205170
-5.993082
-4.868341
-6.825949
-7.274842
-4.639349
-7.475246
-6.610677
-6.569765
-8.175890
-5.923536
-5.326189
-5.800241
-8.166958
-8.876530
-6.419609
-7.516826
-7.295209
-8.541831
-4.779664
-5.964644
-3.208510
-1.436810
-6.462431
-3.243265
-6.248613
-5.518924
-7.364625
-8.885878
-4.395924
-11.029003
-0.793818
-8.276886
-5.867163
-5.736021
-6.700318
-4.139444
-8.968048
-6.193981
-6.196801
-5.477551
-8.371307
-8.228666
-4.572871
-7.898037
-8.670374
-12.186102
-7.741690
-9.644424
-4.881865
-3.781619
-7.673579
-9.132595
-6.022603
-6.794985
-4.537519
-5.978181
-7.177595
-6.005632
-7.044232
-7.246140
-5.709349
-7.238453
-4.498520
-5.798872
-3.369901
-7.222830
-6.204288
-4.767092
-9.342949
-4.387148
-5.541806
-7.426875
-3.364701
-6.048557
-6.638014
-7.968533
-8.590578
-5.375710
-5.704645
-4.447414
-6.460358
-5.867372
-8.402496
-6.471262
-4.289353
-9.524645
-1.007949
-4.775770
-9.790470
-6.239244
-6.927452
-0.208445
-6.903288
-5.128076
-5.211612
-8.154097
-4.044990
-2.974097
-3.781538
-6.044856
-5.182469
-7.850616
-6.424580
-6.651594
-4.609634
-8.944448
-2.268828
-7.092581
-6.134512
-10.140688
-5.124914
-3.645061
-3.101012
-4.921277
-7.185705
-8.861383
-5.088071
-6.091498
-6.881017
-2.141363
-7.188814
-9.438400
-5.372208
-6.773781
-5.621387
-8.168084
-8.286664
-7.210876
-5.604810
-4.151606
-4.191946
-4.565051
-6.733019
-5.603578
-8.425467
-7.335728
-3.520639
-6.073225
-6.230060
-4.515485
-5.860786
-6.533723
-6.376130
-5.581485
-6.726466
-6.466277
-4.222176
-5.381343
-7.128079
-4.591419
-5.240522
-7.292816
-3.924390
-8.166713
-11.948824
-0.766689
-7.933950
-7.493120
-8.157078
-6.051412
-5.041056
-2.720840
-5.076513
-4.089803
-5.054041
-6.951062
-3.640361
-6.835331
-5.363495
-3.972621
-5.085148
-5.051001
-8.003891
-4.985476
-9.867151
-4.839996
-4.889467
-1.234857
-9.501501
-9.629195
-7.457538
-5.604244
-5.504814
-6.534389
-2.667496
-7.234460
-7.592256
-8.239347
-5.248989
-4.997292
-8.152722
-6.276403
-5.906577
-5.731700
-6.043567
-8.669878
-9.410458
-2.848948
-7.017259
-2.989237
-7.142673
-5.040673
-9.676338
-7.511517
-5.992993
-6.532943
-6.746969
-3.119562
-7.859529
-7.617299
-8.481310
-5.962079
-9.005732
-9.280957
-5.990716
-6.233348
-11.202208
-6.181152
-7.056465
-7.536852
-5.298958
-9.004224
-3.062027
-4.200023
-6.461865
-7.063761
-5.944268
-4.244685
-4.303796
-8.125442
-6.434492
-7.834109
-7.187913
-7.984771
-7.736526
-8.820285
-4.451529
-5.482201
-9.890670
-5.118403
-5.039981
-7.103778
-13.561449
-8.159188
-3.249005
-5.022142
-7.290194
-5.931543
-6.275528
-7.832219
-6.234644
-6.536113
-6.036889
-6.234869
-7.442541
-9.018859
-6.114899
-5.384666
-5.178781
-6.567255
-8.714854
-9.018280
-4.671726
-10.634404
-1.973140
-8.062368
-1.343525
-4.082520
-6.343705
-6.013817
-5.753744
-8.869228
-6.462263
-6.041523
-5.698605
-9.170347
-9.089040
-8.330568
-5.513831
-6.069994
-3.432830
-4.940226
-5.691475
-7.541773
-7.550281
-8.266705
-4.237290
-4.224154
-9.553695
-5.817486
-9.477051
-7.008111
-5.359285
-8.407657
-7.630216
-6.874946
-7.922161
-2.726476
-5.992498
-5.827313
-7.051567
-8.230914
-4.913498
-4.137028
-7.062604
-8.876534
-6.956038
-8.452721
-4.940758
-5.889877
-3.636940
-7.486923
-6.502999
-4.358893
-7.209195
-6.314451
-8.331003
-10.440418
-5.410974
-5.530095
-7.623779
-7.275362
-6.059909
-8.001060
-1.472175
-4.922251
-6.387966
-6.934508
-3.114948
-3.871926
-4.289315
-8.658470
-4.713902
-5.899879
-7.483091
-6.657027
-6.513298
-9.417081
-6.178243
-5.289951
-5.270874
-4.153688
-9.108266
-9.002122
-6.047938
-3.524879
-5.211794
-4.456651
-5.967234
-10.137658
-4.530090
-8.870265
-5.167275
-7.945125
-7.069759
-6.236868
-7.114065
-4.165892
-8.785131
-6.013903
-4.739805
-2.456169
-4.389191
-6.749021
-5.927311
-6.332175
-7.012441
-6.791202
-6.823595
-2.306123
-3.805859
-6.705725
-6.787353
-4.436682
-1.107024
-9.796879
-4.485490
-3.453687
-7.437158
-7.444798
-7.145006
-8.416643
-5.134880
-4.593879
-5.529209
-7.300097
-9.964317
-8.868245
-4.183033
-6.200033
-4.779073
-8.396610
-6.848093
-3.464133
-4.742104
-6.164403
-5.025955
-3.227855
-3.559592
-7.627617
-4.613044
-8.525776
-5.597546
-7.747042
-4.874971
-4.584101
-6.955248
-8.272493
-4.940892
-4.174217
-9.053453
-6.695155
-8.043581
-6.531948
-7.287661
-5.995478
-4.223951
-5.952044
-7.755123
-3.218518
-6.721861
-3.414277
-7.423872
-2.745781
-10.421032
-4.826230
-7.554045
-7.247625
-4.376829
-7.328784
-8.909020
-5.111909
-6.071576
-8.194516
-7.187214
-11.173809
-3.498747
-9.411102
-6.551903
-4.630394
-3.839772
-6.475132
-6.712917
-5.857078
-2.419948
-6.950713
-6.638669
-3.123342
-6.829298
-4.956216
-5.270976
-5.197604
-7.640910
-1.323975
-4.789150
-4.330043
-5.172318
-5.570439
-6.298924
-5.920892
-3.483732
-6.489421
-8.609483
-5.565870
-9.595318
-2.314815
-9.869337
-6.691645
-4.915072
-3.074972
-5.229376
-6.069301
-8.838523
-5.032514
-3.115963
-5.578605
-6.589927
-9.391104
-5.762308
-2.169858
-5.827202
-4.351680
-10.540137
-6.645326
-7.144859
-8.514103
-5.796098
-6.327944
-7.336990
-8.617056
-6.435006
-8.311362
-4.655572
-4.168416
-8.318794
-5.763705
-5.961817
-6.471016
-3.620166
-7.293101
-4.900938
-6.283850
-4.104051
-7.267194
-10.657587
-8.398832
-4.244660
-7.857330
-5.122853
-7.626754
-8.082821
-5.468938
-6.831646
-9.157696
-5.719893
-5.820254
-4.620052
-9.138336
-8.563868
-6.206733
-5.723759
-7.799141
-5.365901
-7.492748
-6.704254
-6.230638
-7.369996
-4.013141
-4.612549
-8.744026
-4.188646
-3.089940
-3.916235
-7.246409
-5.460563
-8.801958
-2.182297
-7.061860
-6.311234
-8.377485
-7.633713
-7.737814
-2.903584
-11.755754
-7.502059
-8.194279
-2.704704
-7.480980
-3.402368
-5.479802
-10.045767
-7.780011
-7.016819
-7.802800
-6.594911
-6.393861
-6.441634
-2.581870
0.433093
-5.543269
-5.966310
-9.555920
-7.664941
-4.549008
-4.418056
-6.974900
-5.729151
-4.393268
-8.847437
-7.732044
-9.568367
-5.381732
-3.963467
-6.374734
-8.173375
-5.468544
-6.099187
-6.601958
-9.966736
-5.756031
-4.681155
-3.850356
-7.154624
-4.579519
-8.359776
-5.706631
-6.278162
-5.126897
-4.345543
-3.207342
-8.461960
-5.557587
-7.436121
-7.834661
-2.950906
-4.405575
-8.881082
-7.023365
-4.676261
-5.028217
-6.379721
-4.159272
-10.267496
-8.923099
-7.761715
-8.680223
-6.914058
-3.687854
-7.796744
-6.098630
-4.880751
-7.279411
-6.273087
-5.089030
-7.224276
-11.746044
-8.374763
-5.647156
-6.417369
-7.319362
-4.090352
-8.137469
-4.369081
-6.066121
-6.080911
-6.130086
-6.433563
-6.252281
-10.645866
-8.068256
-6.455977
-8.212091
-6.996922
-4.311904
-6.730553
-3.931731
-7.272974
-7.072206
-5.011480
-7.493953
-7.341599
-9.395579
-3.461456
-5.802764
-1.942216
-6.518175
-9.302387
-7.301223
-8.763634
-3.669253
-6.802159
-6.979966
-7.378439
-7.370964
-4.607469
-4.684512
-5.578187
-4.101144
-5.040621
-4.817828
-2.488573
-3.507899
-6.362532
-8.807283
-7.776641
-7.337782
-9.474710
-2.081460
-8.250843
-3.675410
-7.279082
-6.150723
-4.634846
-7.909077
-6.958544
-4.272227
-7.955708
-8.012878
-2.921435
-7.394736
-6.515061
-7.143648
-8.772949
-4.072217
-7.421875
-6.997931
-8.137900
-6.771156
-5.992343
-7.235361
-5.747953
-9.438168
-2.937839
-6.825006
-6.474312
-1.355078
-7.815846
-6.977896
-5.970432
-8.588249
-2.730721
-4.701624
-0.343428
-8.393847
-8.191472
-5.699996
-8.677928
-4.028974
-7.632305
-5.735529
-7.639958
-5.930791
-4.122436
-9.142445
-5.521330
-6.865605
-5.749483
-9.570164
-5.907076
-4.274388
-5.594722
-6.357728
-4.562437
-2.742679
-9.332561
-7.279483
-9.314290
-6.479208
-5.524418
-6.009244
-8.486827
-5.667509
-5.118603
-9.288303
-8.206878
-6.019683
-8.196232
-5.701470
-3.932470
-4.694304
-5.624593
-2.938255
-3.934057
-4.856224
-5.369205
-3.148387
-6.916342
-6.706446
-4.190458
-6.106769
-8.781644
-5.848329
-4.122068
-6.612065
-7.078259
-6.346874
-5.012738
-6.012495
-5.839494
-7.264865
-8.397109
-3.467764
-7.841114
-4.247050
-8.082217
-5.336599
-4.928521
-8.418809
-6.809093
-3.137210
-7.128519
-3.903063
-6.999408
-10.141660
-8.004835
-7.653891
-5.874902
-6.577382
-6.242944
-8.219197
-5.744075
-4.289528
-3.635176
-6.996642
-5.122972
-1.940886
-6.759703
-9.156945
-2.996770
-3.087059
-6.704700
-4.052019
-9.966170
-2.241274
-5.932898
-7.663661
-8.526059
-6.228315
-0.225797
-2.919908
-8.558537
-6.575656
-6.897595
-3.887183
-4.728116
-2.011311
-3.842155
-5.694315
-3.293596
-3.731677
-7.880945
-8.586974
-5.290385
-6.482661
-8.058211
-3.513381
-6.954228
-7.538408
-5.554583
-4.772710
-8.423115
-6.042801
-5.265281
-2.898520
-5.654876
-3.383560
-4.710187
-3.639552
-7.970161
-8.645040
-5.561507
-8.713211
-7.047804
-7.676725
-6.327718
-5.964197
-5.501138
-4.608746
-4.527794
-1.550296
-4.144554
-8.012846
-9.235970
-6.417417
-2.301074
-6.291420
-10.933191
-3.914036
-6.096363
-5.944942
-9.330512
-4.434752
-6.926906
-6.393495
-2.958527
-6.470931
-10.672519
-6.151657
-4.755188
-3.517998
-5.035846
-4.536769
-4.168581
-11.167590
-3.073378
-9.588573
-5.029445
-6.979593
-6.141965
-5.473159
-8.153368
-5.892230
-6.100056
-8.079184
-8.221578
-7.455695
-7.417408
-9.335434
-4.494740
-8.186411
-6.019488
-7.576073
-4.554673
-6.164447
-4.699402
-7.255018
-5.285913
-4.872677
-4.402152
-6.829175
-4.293545
-6.205092
-4.968205
-8.037769
-10.078186
-8.932306
-6.514258
-8.184620
-5.059482
-3.462634
-4.725084
-5.777223
-6.132879
-2.097024
-6.872105
-9.496451
-6.844632
-5.830416
-8.602986
-6.652375
-6.600363
-9.627916
-5.650263
-7.287048
-6.557285
-4.564378
-3.472681
-5.183871
-9.123955
-7.940540
-9.260181
-5.473924
-6.004960
-9.670019
-7.984313
-4.903246
-8.650089
-10.222665
-3.396200
-6.171435
-6.528543
-3.866726
-4.822335
-8.983652
-4.895990
-3.517980
-4.823003
-3.185956
-6.626178
-7.039865
-4.202756
-6.843222
-2.775856
-8.639470
-10.201356
-4.356576
-7.383096
-4.863616
-5.298719
-4.574798
-7.034228
-8.351145
-8.532695
-4.769721
-5.385179
-8.309927
-6.037376
-4.915770
-6.253972
-6.176847
-8.000719
-0.491918
-8.977726
-9.182709
-7.324719
-8.160935
-3.730222
-12.126784
-4.509431
-8.255080
-6.900111
-5.032440
-6.573612
-7.236432
-7.958510
-4.315364
-6.142874
-7.357918
-7.369982
-1.585318
-5.203117
-6.646305
-5.961874
-7.464921
-4.284969
-4.961146
-4.069944
-6.047571
-4.254985
-2.556501
-3.809272
-5.927836
-10.638325
-1.831438
-5.304826
-3.434543
-5.743381
-4.482706
-7.466212
-6.718835
-6.583568
-7.448562
-1.288401
0.401802
-7.155439
-4.729424
-6.904832
-7.385743
-8.346384
-6.802914
-6.410261
-9.377556
-4.284375
-4.952255
-6.949307
-5.124955
-5.109428
-5.520700
-7.945889
-5.239524
-4.847463
-8.802186
-4.361155
-8.082574
-9.431286
-8.508348
-5.458827
-5.223300
-6.987969
-9.732141
-7.723128
-10.405397
-6.115129
-5.945662
-5.331406
-5.126731
-3.798762
-8.081562
-13.759130
-3.595894
-3.338622
-5.622183
-2.063178
-6.759610
-7.138284
-6.387690
-7.142727
-7.209947
-6.606839
-6.552085
-6.180953
-9.608169
-5.163572
-4.994200
-6.058290
-10.532028
-3.771932
-4.478780
-7.252458
-4.793077
-8.366774
-4.696083
-7.696329
-8.800978
-6.477784
-7.410451
-9.602867
-4.286684
-7.084801
-4.508736
-3.142067
-7.089099
-7.424940
-5.251381
-6.922052
-5.030976
-0.099829
-7.624097
-8.892138
-5.910153
-2.608880
-2.985457
-1.649507
-6.320621
-6.877338
-6.571971
-12.850112
-8.386405
-5.957277
-5.095717
-11.521022
-4.067267
-6.495199
-12.226013
-7.550721
-6.445248
-10.652057
-4.068822
-8.284308
-6.658840
-8.781506
-10.868484
-8.117725
-4.976174
-9.819685
-7.649075
-8.312786
-4.006581
-7.398247
-13.244102
-6.403893
-8.158224
-6.656462
-2.592561
-5.540367
-7.755148
-9.646074
-4.286855
-3.229450
-8.110999
-4.773026
-10.658619
-9.262081
-6.514226
-2.024725
-6.661358
-3.469356
-6.077470
-7.704740
-5.628708
-8.165741
-3.696329
-10.110799
-3.718465
-5.803475
-5.358038
-8.572840
-4.693798
-6.124503
-7.483038
-5.047116
-7.333128
-6.242082
-4.217621
-3.486535
-6.737859
-7.400866
-5.231033
-4.439001
-7.951749
-6.490061
-5.460893
-5.687321
-8.275762
-8.758366
-7.884696
-4.459952
-4.832222
-8.855251
-7.578136
-6.291591
-4.966360
-8.067300
-7.821288
-5.463402
-4.214634
-5.530151
-9.799345
-6.441521
-8.140731
-5.941231
-4.930336
-7.841135
-7.167185
-6.877361
-10.516801
-6.538568
-4.849203
-5.299584
-6.816525
-3.007957
-3.933397
-7.522147
-5.772691
-9.702338
-6.038507
-6.348426
-5.986791
-7.812217
-5.221764
-3.173280
-5.405808
-5.625823
-10.051987
-3.909861
-3.611577
-9.475695
-5.163729
-8.122066
-5.546085
-4.325948
-7.188808
-4.764548
-5.026862
-6.197710
-2.498226
-9.514911
-4.528658
-6.927488
-9.800847
-7.308077
-6.016966
-6.095370
-4.061521
-2.106770
-7.295756
-10.894745
-5.367677
-4.703153
-4.054269
-6.894065
-5.780028
-8.407415
-7.481225
-3.871167
-7.767537
-10.341982
-3.533316
-3.492277
-5.069417
-4.942153
-10.751706
-4.194958
-7.244051
-10.540483
-5.204798
-6.467426
-11.501899
-7.410901
-3.950186
-6.386842
-9.259915
-7.979223
-7.497098
-6.408593
-7.818329
-3.151201
-7.123245
-5.078334
-5.830631
-3.701242
-9.854486
-3.631164
-7.474174
-4.720607
-6.205642
-9.482115
-5.696056
-5.153839
-4.538107
-5.484562
-7.028766
-7.952789
-7.322596
-3.902854
-6.307295
-4.251183
-6.363654
-5.136184
-9.316678
-9.526918
-3.703512
-7.584744
-6.646050
-8.573860
-4.696745
-4.585377
-7.504385
-4.495008
-3.723502
-8.207122
-5.415403
-5.148018
-6.768396
-3.579984
-5.439879
-3.396087
-5.881888
-5.940722
-4.995017
-9.251855
-7.906769
-7.983348
-3.658384
-5.768175
-5.088653
-10.585743
-5.085459
-5.297402
-1.817417
-7.953096
-10.036430
-10.957314
-6.480988
-2.347843
-7.683105
-12.489831
-3.549897
-4.722354
-3.415215
-5.617139
-6.412290
-8.804586
-6.708537
-7.041109
-7.295912
-6.059720
-6.230549
-5.341469
-5.184158
-8.398477
-7.686318
-7.835458
-6.894793
-8.524345
-8.502779
-5.916908
-5.015927
-1.881018
-5.980947
-5.090215
-7.870383
-5.059065
-5.104990
-9.806568
-4.439184
-6.167918
-3.952789
-5.047240
-6.102955
-6.993480
-7.083687
-9.632269
-3.832211
-9.007301
-7.158473
-7.473301
-2.531918
-7.682594
-8.276874
-5.713472
-5.726381
-5.709936
-4.253164
-7.557000
-11.077998
-7.568661
-7.013654
-2.913850
-2.305321
-7.469269
-6.781854
-10.134853
-12.487376
-4.832335
-2.230803
-8.690952
-7.153230
-7.412228
-7.806952
-6.540664
-8.399984
-6.467907
-9.480198
-4.991416
-6.495963
-5.340964
-7.747633
-4.550621
-7.233588
-8.122355
-3.375531
-5.871761
-5.557732
-5.751002
-4.778018
-5.089416
-3.351506
-9.527140
-6.628435
-2.519380
-1.603702
-5.426864
-10.916592
-7.785347
0.987708
-7.268992
-2.375938
-7.547662
-7.728044
-7.298743
-5.373024
-7.150878
-7.609023
-9.498981
-8.576649
-8.666742
-4.732546
-3.785399
-4.185122
-12.059769
-8.603417
-7.507662
-8.771149
-7.218179
-5.937343
-2.891903
-7.161019
-5.482391
-5.493617
-3.664040
-8.202312
-4.218756
-6.345676
-6.669599
-4.950515
-7.928395
-4.880824
-9.731189
-8.065107
-9.328663
-4.797094
-4.656585
-8.677528
-11.915371
-6.385584
-8.686298
-6.348845
-8.217022
-1.260981
-7.365170
-4.634082
-8.933044
-9.176188
-9.630585
-6.052772
-4.453922
-5.592724
-5.024116
-7.399613
-7.175906
-7.167514
-7.298867
-9.755393
-3.187207
-7.474837
-6.291463
-6.253219
-10.166547
-5.854364
-2.123589
-10.036533
-4.264215
-4.592525
-5.201903
-5.924544
-7.972226
-5.742409
-9.442616
-8.136890
-6.760635
-6.346279
-8.511092
-6.756209
-8.718986
-5.114380
-3.295217
-9.120049
-7.201406
-9.021000
-8.125816
-2.641619
-4.472457
-6.234676
-8.243678
-6.181021
-4.689627
-6.333993
-4.572052
-6.380171
-7.864673
-6.646779
-7.766648
-8.622644
-5.800168
-4.993963
-9.461205
-3.944409
-8.090889
-3.398809
-7.688408
-6.562373
-6.363238
-10.849501
-5.892202
-6.610271
-6.624381
-9.378117
-3.950343
-5.028209
-10.189694
-5.072150
-0.969276
-5.981325
-6.281541
-6.641908
-6.328606
-5.728555
-6.415592
-6.710269
-7.118812
-5.759579
-4.364233
-5.432516
-7.575381
-6.293804
-9.550343
-6.230823
-8.163019
-8.027339
-6.968904
-7.104171
-11.219889
-6.129272
-4.645254
-4.909035
-6.239808
-10.197444
-2.468840
-1.725389
-5.607233
-6.828808
-2.746073
-7.254807
-10.921923
-7.597172
-5.561513
-7.616909
-4.300794
-6.131745
-10.916327
-9.958102
-4.228902
-6.354570
-5.180737
-2.588878
-4.866410
-6.058013
-9.238279
-9.639885
-4.450529
-3.393884
-8.943916
-3.270788
-5.882421
-6.552690
-9.622854
-0.897516
-8.342403
-5.670166
-4.971618
-6.524508
-5.675792
-8.236339
-7.957922
-2.909314
-4.297401
-6.221843
-6.592949
-9.217406
-11.811013
-11.842222
-7.219442
-3.837993
-3.806323
-6.925565
-10.308250
-11.572648
-8.785366
-7.861862
-4.617855
-6.781950
-6.138715
-5.772383
-5.879583
-9.620184
-3.191258
-7.850152
-7.472260
-7.663420
-6.285602
-6.879531
-4.170113
-8.046703
-9.273555
-6.520369
-7.101212
-6.004328
-8.651772
-7.796443
-6.763099
-7.327102
-9.343420
-4.930516
-5.813928
-4.965169
-4.795536
-7.681861
-4.450266
-7.566201
-6.439099
-6.656590
-4.076126
-10.151574
-5.139575
-6.353755
-8.620075
-9.078913
-5.777272
-7.223001
-5.746490
-2.163599
-5.960866
-2.269743
-3.763937
-3.312008
-8.234306
-8.253933
-6.571348
-5.236875
-1.449791
-7.401309
-10.376444
-6.044291
-3.608306
-7.219452
-5.729603
-5.186620
-8.748615
-6.814216
-6.102835
-6.328445
-3.424245
-6.835269
-2.918091
-11.246508
-4.899483
-5.266841
-8.837334
-6.383359
-8.683646
-8.192728
-4.701227
-6.756598
-4.040034
-6.236409
-7.817905
-9.796942
-5.591049
-3.232155
-3.015909
-3.699525
-10.252704
-6.977468
-3.876515
-12.090908
-5.590215
-6.630530
-9.002829
-7.512440
-8.563619
-7.914935
-7.314034
-4.612835
-2.426169
-6.161773
-6.598686
-6.612470
-3.117136
-7.801612
-7.346482
-2.580060
-9.804652
-8.839706
-5.665076
-5.764730
-5.239768
-6.754955
-9.928658
-4.973399
-7.150430
-5.959354
-1.618936
-2.629405
-9.772225
-6.279889
-5.206256
-4.404140
-8.172640
-4.456408
-5.484090
-5.520103
-8.644633
-3.976033
-3.883440
-6.582481
-6.904932
-10.295862
-8.441402
-9.298891
-8.284208
-4.408522
-10.234358
-7.702700
-6.397534
-8.413221
-6.145425
-5.589479
-6.115485
-7.018105
-8.638872
-4.072666
-6.139999
-3.953082
-7.211917
-6.598762
-2.342843
-4.980669
-4.578488
-6.567455
-6.974150
-8.371217
-3.371467
-11.389412
-5.215928
-5.231363
-4.198392
-6.111931
-4.539033
-4.482343
-8.242586
-5.339104
-5.738912
-2.631437
-9.721182
-9.085627
-4.787550
-9.473238
-2.178556
-4.246274
-4.898757
-9.408695
-9.695957
-8.999480
-7.518163
-4.554399
-7.899818
-4.936966
-9.493478
-7.237672
-5.840086
-9.606504
-7.754801
-4.318532
-6.162539
-4.958601
-7.502952
-3.903761
-7.494361
-4.976708
-8.494242
-5.196093
-2.028178
-8.714367
-7.547948
-4.275594
-9.952369
-7.937772
-6.082264
-8.990197
-6.328480
-6.269518
-7.606815
-4.399070
-6.150239
-5.172933
-5.434286
-8.926920
-5.671755
-9.925858
-7.206376
-4.701906
-11.556255
-7.617427
-6.725511
-6.858473
-8.230410
-5.097517
-4.094116
-6.836026
-7.850663
-3.796443
-5.897606
-6.433728
-8.922012
-8.013119
-6.565766
-4.726401
-8.261875
-4.256729
-5.828997
-7.999001
-7.243868
-7.306345
-7.086742
-6.973585
-2.766550
-8.508167
-3.106691
-4.151070
-5.410491
-6.017035
-5.013089
-5.389690
-2.890767
-8.175500
-2.885527
-3.940404
-5.541726
-4.782101
-7.115354
-7.089580
-6.160577
-8.131831
-5.902102
-5.755692
-4.084896
-4.796122
-6.273350
-7.168962
-4.249822
-8.945845
-4.466491
-4.546776
-7.164658
-6.549925
-4.229052
-5.573652
-3.431494
-7.162058
-5.500897
-3.276098
-8.825499
-8.011415
-1.262917
-7.595441
-5.128489
-3.063055
-7.928628
-11.449129
-6.234996
-7.344266
-9.094871
-6.604455
-5.504785
-7.933856
-6.121389
-3.091244
-4.546518
-1.786702
-3.915773
-7.184120
-7.778926
-3.693742
-9.160947
-6.266503
-2.327903
-9.314631
-4.683558
-3.670938
-5.629189
-6.211412
-7.313708
-6.319112
-3.139358
-9.723300
-5.723866
-3.591374
-6.983035
-5.609985
-7.564098
-7.066547
-7.598961
-7.548408
-9.765021
-5.213792
-6.662636
-8.009892
-4.475224
-5.244731
-6.562054
-6.185794
-6.107043
-6.476129
-5.419906
-9.253999
-6.994083
-6.527106
-7.204313
-1.239816
-3.162013
-7.148119
-6.610849
-4.235057
-6.288803
-8.101549
-6.141658
-6.295606
-4.723123
-5.973801
-2.064711
-0.519622
-7.182607
-4.622422
-11.622682
-6.147738
-6.541650
-7.354328
-3.256080
-7.629367
-6.228355
-5.134130
-4.506234
-8.115026
-7.080198
-8.362022
-8.913155
-3.519363
-7.424574
-7.041108
-7.794324
-7.774537
-7.106161
-4.480893
-1.620693
-9.397093
-6.745453
-7.060184
-6.026515
-7.347037
-5.599235
-7.117778
-7.591146
-4.397840
-6.917846
-7.699939
-12.882442
-7.428982
-5.115978
-4.888161
-5.961159
-10.409611
-5.864286
-5.748520
-7.295093
-3.466892
-7.334466
-5.969368
-7.247751
-6.490022
-4.748585
-8.577181
-12.001266
-5.555124
-2.978868
-7.950986
-5.125003
-11.896868
-7.817795
-6.959892
-3.535908
-4.613489
-7.767673
-1.239506
-7.916786
-7.875486
-2.377173
-7.395653
-3.836401
-7.462926
-1.290653
-6.293128
-4.891877
-3.716363
-5.292424
-5.955513
-6.631986
-7.995412
-5.069177
-5.957294
-6.584841
-6.488085
-7.368640
-8.890031
-7.020131
-5.618511
-6.248084
-7.906363
-6.523292
-7.737916
-4.799774
-9.842745
-8.060942
-6.221778
-6.001691
-3.483352
-7.578916
-6.401497
-6.415359
-4.117676
-7.023056
-4.145880
-2.996913
-8.361927
-9.012648
-4.785356
-3.237831
-8.479520
-4.127163
-4.509333
-7.467077
-6.993102
-2.904989
-7.688352
-5.702917
-5.204737
-6.137416
-5.351419
-8.767832
-6.588293
-6.897904
-7.403039
-4.107604
-5.734349
-4.922594
-6.577216
-8.121109
-4.532315
-7.362691
-7.420276
-4.672534
-3.292919
-4.310275
-8.476026
-7.848344
-11.208599
-2.948669
-9.523436
-11.057572
-9.044802
-7.429726
-5.032332
-6.928761
-4.320527
-3.909571
-7.651029
-3.136690
-7.192457
-8.322529
-7.939273
-7.159801
0.522565
-9.447948
-9.602101
-5.682691
-9.135382
-8.879991
-8.415116
-7.560982
-5.724936
-6.551393
-5.412997
-3.045496
-3.868825
-6.212615
-6.364628
-7.246168
-9.536696
-7.092689
-3.644047
-5.087217
-7.442752
-9.083313
-7.825840
-7.254657
-8.844242
-9.349526
-8.155603
-7.185911
-4.561720
-6.429585
-4.921324
-7.063288
-6.312124
-6.504716
-4.767661
-10.167064
-3.402583
-6.200747
-8.079126
-2.839957
-7.732569
-4.473971
-3.403584
-3.222491
-7.568800
-7.670034
-5.050543
-6.836430
-5.920482
-6.195959
-5.672048
-7.251877
-12.499091
-4.729446
-5.917356
-7.430411
-5.176734
-7.605306
-6.554503
-4.901419
-5.619430
-6.979146
-3.171615
-7.149631
-1.360108
-5.734170
-6.197508
-5.271504
-4.935033
-10.207607
-6.463358
-6.975113
-10.449260
-10.383871
-10.337780
-3.608072
-6.861738
-4.045099
-4.380054
-5.512772
-5.383812
-8.242245
-6.555871
-2.597817
-5.624413
-7.646031
-9.258625
-9.848946
-6.177459
-9.748796
-9.020481
-8.674443
-9.955584
-5.381556
-6.837729
-6.999720
-9.438580
-6.821805
-8.966443
-5.302884
-7.121793
-4.803430
-7.884743
-7.444777
-6.367705
-5.904222
-2.969609
-9.618018
-1.020881
-6.658629
-2.547523
-4.418715
-6.297096
-6.589928
-9.082516
-5.760418
-4.734735
-1.264883
-12.182691
-8.977685
-6.887961
-8.378914
-3.906281
-5.745898
-5.782703
-9.542605
-7.681598
-4.618899
-8.934837
-8.285610
-6.613336
-4.671100
-4.316953
-7.253347
-4.757297
-11.351862
-8.241834
-9.246372
-9.539395
-5.830580
-8.721492
-5.446483
-7.146700
-10.685703
-3.308925
-7.240260
-10.198584
-6.804996
-9.865829
-6.467268
-9.683199
-6.781729
-7.339221
-9.052235
-4.237639
-2.781999
-7.857546
-7.564706
-7.638789
-5.228989
-7.227948
-7.042023
-5.089064
-8.545820
-6.695292
-6.862163
-7.842414
-2.447446
-11.701681
-5.796636
-7.347805
-6.030404
-2.656342
-4.461034
-7.085287
-5.330770
-6.388630
-9.388794
-3.591510
-3.877943
-6.747988
-2.782895
-6.628086
-6.173380
-3.867223
-5.989913
-10.276390
-6.509096
-4.919153
-3.817937
-4.907167
-3.078555
-7.936610
-5.651105
-5.212399
-6.842172
-6.923489
-9.770720
-4.577054
-7.852459
-8.134224
-5.726117
-3.267992
-5.775313
-9.526688
-2.983078
-9.686553
-8.326772
-3.847194
-3.269344
-2.795563
-6.619598
-6.424381
-5.113984
-4.797904
-8.826118
-7.384686
-2.513938
-7.926940
-7.425453
-4.273825
-6.696030
-6.203191
-6.254181
-9.330599
-5.016451
-6.451662
-5.595050
-6.686953
-8.672972
-7.095973
-4.731158
-9.307938
-4.313294
-6.049314
-8.439709
-8.180933
-5.995108
-1.321806
-5.360712
-13.826707
-4.500844
-4.630369
-5.252077
-5.084886
-5.304970
-4.892392
-6.581838
-1.971028
-5.915743
-10.391238
-5.798820
-5.329859
-7.121948
-6.166212
-8.021575
-10.706245
-10.084857
-5.400804
-10.732994
-3.553598
-4.300780
-9.433138
-9.491931
-7.927614
-10.324015
-4.968518
-5.877625
-4.803864
-4.354466
-5.668032
-3.880432
-6.294779
-5.013030
-6.180175
-4.053658
-6.230997
-7.425961
-9.793140
-6.020391
-8.851153
-5.376673
-3.596081
-9.752554
-5.235908
-6.058735
-6.657010
-2.418439
-6.933350
-7.180666
-6.475616
-4.525253
-6.388042
-7.443762
-6.367307
-4.856437
-6.492217
-6.408605
-7.599475
1.280087
-5.078316
-5.417536
-10.353241
-5.657208
-5.247362
-4.656765
-5.589252
-7.804146
-5.781617
-3.427879
-6.260621
-5.141627
-3.588055
-6.871483
-5.166305
-8.316904
-4.724676
-5.241730
-7.950233
-7.938771
-9.059539
-4.656682
-7.536500
-5.014263
-4.611493
-4.073661
-4.809591
-5.331831
-9.879509
-4.901262
-9.763761
-6.817154
-3.513515
-2.894347
-5.658596
-3.207842
-9.109067
-6.412757
-4.485863
-6.434241
-5.589576
-8.782015
-6.261679
-8.584435
-4.975431
-0.603675
-6.693609
-11.542923
-10.311701
-5.326633
-4.858750
-7.868147
-10.022236
-10.633330
-2.601299
-5.158632
-8.852943
-4.193181
-3.040618
-5.958563
-3.091493
-8.845155
-4.828555
-7.810390
-5.439005
-6.334635
-4.960489
-4.866268
-8.215488
-4.786037
-6.073681
-6.751941
-6.458699
-3.847507
-9.131958
-8.527485
-4.756055
-7.276348
-7.599763
-6.599216
-5.554894
-9.502673
-9.330922
-3.389716
-8.520237
-6.597818
-5.321806
-6.815741
-7.831772
-8.355728
-5.255076
-4.558723
-4.251467
-7.409021
-1.027916
-6.406637
-8.354216
-4.842192
-6.781654
-8.361960
-8.481292
-8.213446
-8.978611
-3.546694
-6.507708
-5.474045
-8.565676
-5.767868
-4.769117
-9.029343
-4.796634
-8.349216
-4.789726
-5.537121
-5.266200
-7.716878
-6.763021
-6.779938
-8.726164
-5.637739
-4.863707
-5.357994
-5.340198
-3.709704
-1.679870
-9.772305
-10.413577
-3.533418
-8.117868
-5.534006
-3.913226
-7.059090
-6.437575
-7.029945
-4.016574
-4.667660
-4.934574
-4.622154
-2.960598
-8.041625
-7.518531
-4.990726
-6.936759
-7.280127
-7.114197
-7.084558
-7.943017
-6.312855
-6.428559
-7.035829
-7.565398
-5.981124
-9.343448
-6.366705
-5.430395
-4.457791
-6.478082
-4.692824
-6.869676
-3.346779
-8.094225
-8.528625
-7.744518
-4.520966
-6.156432
-5.661449
-4.806325
-6.032900
-4.746905
-1.539551
-5.662345
-6.077243
-5.742249
-3.511065
-4.975887
-3.870492
-5.552216
-5.903211
-9.205620
-5.518656
-6.662775
-6.520958
-3.588848
-2.609212
-6.184810
-7.381653
-7.221672
-5.768585
-5.602315
-6.693823
-4.806000
-7.062629
-2.586582
-8.792495
-8.956739
-11.929312
-4.922293
-7.925701
-8.926653
-2.600788
-7.471519
-4.314368
-4.869114
-11.765532
-7.530577
-6.331053
-6.571183
-6.720232
-8.195465
-8.011141
-7.098314
-5.242635
-5.384251
-6.202615
-10.238159
-7.684447
-6.786408
-9.145762
-6.598558
-6.182076
-7.301653
-4.690371
-7.171712
-6.689312
-13.269031
-7.299743
-5.117168
-4.339807
-6.005502
-7.778049
-9.230113
-10.321296
-1.846088
-4.886221
-8.293666
-6.905460
-7.039409
-7.618562
-4.925187
-9.958566
-7.883488
-7.147509
-7.634379
-5.943153
-3.302732
-6.281137
-2.299931
-7.031103
-6.410235
-4.397561
-4.924994
-3.111645
-4.214199
-6.910273
-3.829900
-7.448077
-4.089020
-6.338155
-11.677025
-6.871526
-1.590743
-8.601393
-6.991508
-6.214259
-7.659865
-9.569964
-2.802059
-7.956267
-4.590500
-5.562864
-7.108072
-3.123108
-5.477765
-6.712945
-3.584804
-4.164600
-7.032230
-5.026557
-7.003122
-2.172567
-8.059299
-7.343065
-7.355524
-7.435142
-5.093243
-4.780169
-7.192482
-6.966379
-8.007761
-7.073193
-8.059841
-6.984621
-7.029490
-9.041174
-10.053730
-5.844616
-7.823087
-6.462801
-7.327077
-7.796804
-8.020630
-6.060979
-5.771918
-3.543505
-3.822366
-4.439115
-9.480337
-6.395341
-6.477510
-10.052605
-11.736603
-4.595979
-5.781080
-4.335570
-6.907919
-7.615564
-7.948225
-5.083753
-10.064800
-5.296712
-5.467913
-9.874105
-4.605132
-7.689820
-3.383438
-3.546117
-2.102372
-4.743138
-5.959239
-4.615272
-6.275842
-7.710748
-5.187264
-6.256823
-7.184573
-5.429043
-3.707176
-7.558753
-5.259307
-9.121389
-6.038804
-5.262576
-7.185901
-3.913543
-5.891746
-6.501086
-6.455117
-4.262469
-5.023738
-4.331777
-5.015437
-5.756946
-5.926058
-10.579062
-5.984186
-5.325228
-5.228775
-4.600737
-3.757461
-5.533700
-6.757722
-6.009828
-6.753556
-7.669163
-6.425129
-4.824489
-11.839547
-5.735840
-8.801568
-7.629889
-4.276914
-5.936499
-7.240462
-5.962841
-4.416656
-6.138521
-8.516164
-7.409569
-7.670855
-6.899895
-6.403173
-7.186451
-7.830214
-3.938536
-3.638396
-6.304623
-7.446085
-3.790069
-8.409144
-6.179269
-4.750635
-6.785939
-8.517824
-7.988765
-6.905677
-2.620797
-5.090326
-1.264529
-6.859545
-3.135478
-7.658786
-2.870325
-6.626945
-8.247945
-4.126855
-9.340677
-7.578974
-7.225546
-6.267259
-7.138049
-5.372692
-4.392426
-7.274229
-5.297281
-6.690846
-7.862896
-7.573379
-6.696655
-7.694070
-7.124598
-8.697992
-7.065863
-4.322716
-8.395391
-5.359823
-6.171597
-5.888638
-7.879796
-6.703058
-5.574543
-10.820807
-7.893220
-4.723709
-4.067152
-9.016876
-7.189855
-6.087597
-7.119366
-8.962874
-3.475548
-2.133631
-6.839133
-8.592054
-10.572243
-8.038548
-2.894892
-5.457972
-8.881815
-7.913283
-7.480564
-1.934918
-2.974888
-3.779998
-4.882012
-7.718257
-5.439502
-6.929752
-4.193035
-4.264337
-4.824295
-6.953532
-8.431167
-6.892416
-3.781484
-6.911966
-6.143239
-7.836673
-7.576896
-9.681664
-5.447031
-5.954135
-9.859267
-6.445965
-4.230323
-7.400792
-6.530768
-7.108597
-8.681908
-9.198593
-5.837204
-1.628334
-5.985136
-6.877479
-4.825747
-5.958893
-7.756471
-5.798052
-10.375287
-3.937974
-3.085905
-9.263523
-6.601583
-4.275864
-5.261255
-4.161136
-7.706358
-6.242731
-5.833401
-9.512076
-9.071752
-7.240909
-9.106447
-8.129338
-10.262174
-7.410650
-8.520494
-4.331705
-7.483647
-6.300688
-6.103534
-10.789240
-7.154471
-1.935625
-2.344457
-4.742327
-6.490578
-6.305186
-5.547364
-3.987573
-7.960105
-11.143580
-4.930119
-4.811861
-4.289705
-5.507667
-6.040504
-3.232304
-8.195033
-3.201973
-3.786319
-6.406908
-7.638003
-7.716072
-7.730516
-8.655453
-3.125413
-7.443089
-7.837793
-2.013149
-3.811615
-4.806353
-1.479463
-2.199740
-1.693659
-4.428958
-6.398488
-7.049617
-7.190373
-7.503333
-5.785002
-12.233004
-0.462771
-6.258682
-5.981160
-5.826514
-6.561476
-8.671415
-4.861851
-5.133392
-6.551807
-3.079790
-5.339809
-5.643308
-6.231943
-7.887596
-5.036694
-8.234386
-7.600771
-5.504357
-9.617868
-6.156556
-8.609761
-4.548325
-3.406958
-7.671960
-9.778993
-7.463711
-6.673553
-4.248442
-7.339121
-3.946006
-6.543357
-7.073438
-11.262387
-2.014859
-5.536825
-4.235973
-3.175497
-8.848417
-6.603257
-6.337195
-8.263584
-9.159358
-8.423786
-6.089753
-9.732908
-4.887927
-3.349162
-5.910961
-6.506941
0.813770
-7.404335
-8.841762
-6.922955
-5.188571
-3.174383
-6.464854
-8.804554
-5.772718
-7.071488
-6.803995
-3.166477
-7.573874
-6.418603
-4.566744
-7.935173
-7.705800
-6.577374
-8.152936
-5.366108
-6.673431
-4.216617
-4.715009
-8.970538
-6.940929
-7.200741
-0.139289
-9.000632
-6.946497
-6.970873
-7.927832
-4.798228
-8.062353
-7.997430
-6.252584
-5.829288
-8.377424
-7.710713
-8.237858
-7.032649
-1.796268
-11.576984
-6.026447
-6.672161
-8.220142
-7.601475
-7.312492
-6.365757
-8.902320
-6.471987
-4.907078
-5.095968
-5.066195
-14.534126
-6.055035
-2.222584
-6.714442
-6.230530
-5.669514
-4.745560
-10.759258
-2.141566
-3.159044
-1.491798
-7.840873
-6.146144
-9.252098
-3.359667
-7.574513
-4.545804
-6.690562
-2.911486
-7.215601
-3.455330
-7.089786
-6.082865
-2.737770
-8.573347
-5.666487
-14.374855
-6.306697
-11.552063
-4.796608
-6.575888
-8.341713
-3.703962
-8.352138
-5.111874
-7.293395
-4.349905
-5.780714
-5.650828
-7.185534
-6.188219
-2.350277
-5.670636
-9.482045
-3.543985
-6.049949
-5.067984
-6.263288
-5.039419
-7.888647
-8.915096
-3.983185
-2.398389
-5.738331
-11.041901
-11.368779
-6.252742
-4.032674
-7.011453
-8.461086
-6.563145
-9.192701
-6.789942
-6.126368
-7.307817
-4.892424
-2.303844
-6.799014
-4.076000
-3.101301
-3.224601
-9.404888
-7.716223
-7.793343
-2.269456
-7.056298
-0.496518
-5.910891
-9.050255
-3.233981
-5.387314
-6.952506
-4.881666
-5.757056
-5.430505
-6.015581
-3.440835
-6.127463
-4.694690
-10.608137
-7.812055
-6.088011
-3.712094
-6.423242
-4.496265
-5.881577
-4.327281
-6.256179
-8.441765
-3.652902
-3.175494
-8.553573
-8.673085
-7.040332
-7.768208
-5.094856
-6.170160
-4.542900
-7.497574
-5.744837
-8.701258
-8.024721
-1.887791
-5.788593
-9.053907
-10.463394
-8.468153
-6.510242
-9.210450
-4.955909
-7.901113
-5.343393
-6.708799
-8.482136
-6.539916
-1.674636
-3.335270
-7.158114
-4.629605
-5.530984
-6.473650
-6.005291
-6.974275
-7.193419
-6.168998
-6.378364
-7.279544
-3.208941
-7.604891
-4.281755
-5.203255
-1.645243
-7.693211
-4.935976
-10.397905
-7.803796
-5.663136
-8.499343
-4.932377
-9.986637
-7.338891
-5.165823
-7.949583
-8.355332
-8.913647
-4.013322
-4.531898
-4.818420
-4.179982
-7.115043
-6.852901
-6.367658
-7.890804
-3.426379
-5.123569
-4.860347
-6.443701
-3.836160
-6.185930
-4.702037
-4.433202
-8.067410
-4.754820
-6.316873
-3.601525
-5.759914
-4.078244
-5.521755
-8.271010
-4.294113
-2.550286
-6.033705
-7.565803
-3.055191
-2.336998
-7.346093
-9.165945
-6.333188
-5.249254
-5.405879
-10.093657
-5.801911
-7.928647
-6.778516
-1.748548
-7.838172
-6.969937
-5.915154
-6.296277
-6.114315
-6.392179
-8.223972
-6.254484
-9.275845
-4.013147
-4.074903
-2.391249
-8.348213
-2.376853
-9.741516
-4.868672
-5.885594
-9.303427
-5.423322
-5.567341
-11.650877
-7.542470
-9.889853
-8.675303
-3.683065
-5.225758
-5.561002
-5.379184
-7.677919
-7.157129
-4.031842
-6.391464
-9.018860
-7.039234
-7.752117
-5.248000
-4.206550
-4.835880
-4.951196
-5.311457
-6.766231
-6.407600
-8.133637
-7.002978
-8.259631
-6.199562
-6.745154
-1.193419
-7.360275
-5.287851
-9.915971
-2.646800
-5.521683
-3.620955
-3.496554
-4.630106
-5.553597
-11.304974
-7.042370
-10.187067
-7.257578
-8.139456
-3.497731
-4.412211
-5.493248
-5.929259
-5.676320
-5.533604
-6.101337
-7.407746
-6.751776
-5.179552
-5.714567
-10.428579
-7.610717
-9.950375
-6.560583
-7.418923
-10.726590
-7.253555
-2.930806
-6.080533
-3.381318
-4.903473
-9.360914
-9.537880
-5.656383
-8.689983
-10.004805
-5.665296
-3.629201
-8.729862
-9.052892
-1.024606
-6.567951
-8.029287
-7.496970
-2.641248
-6.664319
-8.306779
-8.597679
-5.491741
-1.077773
-4.362247
-10.366133
-1.901619
-2.761515
-7.436625
-6.824047
-4.624633
-12.289421
-3.591073
-4.778795
-9.910065
-9.020552
-10.941724
-6.193375
-6.451114
-10.252200
-3.640488
-5.468326
-7.546835
-6.296695
-6.752235
-6.907875
-8.454448
-6.562591
-5.370562
-8.453734
-3.988050
-4.550957
-8.833083
-7.313062
-6.756845
-2.192517
-5.334420
-5.746981
-10.965281
-9.206292
-7.762751
-6.242655
-3.199125
-6.192883
-4.023962
-9.691314
-6.724233
0.187629
-5.546530
-8.790440
-4.363109
-4.813443
-4.788610
-4.451092
-6.352997
-5.720714
-4.815872
-5.089179
-4.344356
-7.198474
-8.496441
-6.853652
-7.940177
-7.564940
-4.813256
-7.491437
-9.602171
-7.380680
-7.776375
-4.797810
-9.757211
-8.798831
-6.212775
-6.393453
-3.543128
-4.184065
-5.527201
-4.282990
-5.915478
-4.155536
-7.317624
-4.000502
-2.789585
-7.403306
-7.630559
-9.095839
-6.862832
-7.344212
-4.655448
-9.532869
-4.870878
-4.529060
-5.751281
-4.304633
-4.179764
-7.406837
-8.661794
-7.749447
-7.205707
-8.505576
-6.047429
-6.404144
-5.347197
-4.120788
-4.143540
-6.545020
-8.832035
-3.205737
-9.490777
-7.024879
-5.642949
-5.752400
-5.941922
-8.089529
-5.817810
-5.935483
-8.606324
-6.338476
-3.057834
-4.057956
-9.220777
-3.427067
-7.337435
-5.436106
-10.777355
-6.297808
-5.775650
-6.238280
-7.327251
-4.585765
-7.233641
-5.602490
-5.445834
-2.692572
-2.603354
-4.000977
-8.496034
-3.006557
-9.573012
-9.453992
-5.888373
-9.215016
-5.474416
-7.057930
-7.136236
-4.327609
-6.301676
-6.126145
-7.507227
-4.090549
-5.454890
-8.134324
-6.827143
-2.909923
-9.226766
-8.931328
-2.582142
-6.058002
-3.700388
-6.217230
-6.952704
-7.966188
-6.929205
-5.790296
-4.678763
-5.710018
-6.990701
-8.053324
-5.833417
-4.917530
-6.148617
-6.835041
-3.563960
-4.459092
-8.145762
-7.475519
-7.603625
-7.813793
-5.947461
-6.230997
-5.819584
-7.994503
-8.570207
-9.013099
-8.256245
-6.067676
-6.727455
-5.838328
-2.836996
-5.212444
-4.864077
-6.605939
-4.708791
-5.252828
-6.125835
-8.866802
-5.306642
-3.609208
-6.813983
-8.178621
-2.670033
-6.685761
-8.846192
-1.807353
-7.431955
-5.639554
-5.188228
-5.703711
-5.672128
-7.495120
-6.866847
-5.693860
-7.311576
-7.358764
-6.037683
-1.981616
-6.762872
-6.800677
-6.878479
-6.278327
-5.581400
-5.302372
-3.711613
-5.732848
-6.487516
-5.868571
-2.828620
-2.851870
-8.893653
-2.674915
-8.422997
-7.001011
-9.781435
-3.578078
-3.850298
-6.472074
-2.736372
-7.477727
-6.042184
-7.943562
-4.710606
-6.175712
-7.195130
-9.530401
-6.622973
-5.185199
-6.090773
-7.110716
-5.759228
-5.208790
-9.673908
-9.140684
-9.908761
-7.386171
-7.994675
-6.355578
-7.404941
-11.097301
-5.171857
-3.329530
-7.765609
-8.845243
-7.508033
-7.437963
-6.636465
-4.149304
-7.506736
-8.374557
-7.535206
-8.381893
-10.086844
-5.882687
-4.539222
-6.378536
-0.921496
-4.347305
-6.587267
-5.397820
-3.784966
-7.121855
-6.953579
-5.847324
-7.757828
-5.788516
-7.873429
-7.962220
-8.865222
-7.375108
-2.255892
-7.672592
-6.524237
-8.630198
-10.451109
-6.370711
-7.794473
-6.619889
-7.695906
-5.082834
-4.695037
-8.457216
-4.207265
-4.405795
-5.967326
-7.038061
-5.667475
-3.226994
-6.715640
-6.675603
-5.977095
-8.466940
-7.353708
-3.103356
-9.607701
-5.802295
-5.664834
-4.290879
-5.745989
-4.668675
-8.712439
-5.956979
-8.735544
-6.309216
-6.244856
-4.550577
-5.511284
-7.907468
-8.765463
-7.968874
-4.727481
-5.658633
-10.381737
-6.064473
-6.566947
-2.220678
-5.690866
-8.516929
-5.972483
-2.624453
-10.432832
-6.934187
-7.359221
-8.476402
-8.659463
-10.041658
-5.372036
-1.132601
-7.317366
-10.360062
-7.997293
-9.674206
-6.181215
-5.216376
-7.098816
-3.087379
-5.387221
-9.409460
-4.767947
-5.266933
-8.307616
-6.588657
-7.599909
-4.714064
-7.226396
-5.792989
-8.879890
-5.335419
-8.280519
-8.965096
-7.052656
-7.091712
-6.701295
-7.409684
-3.698176
-5.062235
-7.136574
-2.309495
-6.127217
-5.541853
-5.432879
-6.686286
-10.704515
-5.721852
-8.949465
-10.096626
-6.794935
-4.126715
-7.503475
-7.797382
-4.703214
-5.970572
-8.910461
-5.846673
-9.625587
-9.215935
-3.999135
-5.914275
-6.731418
-7.965446
-5.638997
-10.211807
-5.726320
-3.718115
-6.949203
-2.078823
-7.651515
-9.315712
-3.872442
-4.450112
-1.910516
-7.722864
-6.361494
-4.849997
-5.858561
-4.863770
-7.508111
-6.226826
-7.337540
-7.242358
-9.078735
-4.153797
-4.770090
-4.384340
-6.983540
-8.067194
-6.812319
-4.495890
-6.056753
-3.873892
-7.007504
-7.887729
-8.859201
-4.516806
-3.886421
-5.106063
-5.427040
-5.376408
-3.064093
-7.074653
-2.822457
-5.433508
-6.635634
-3.567998
-4.844296
-7.298343
-4.781207
-5.520997
-3.590524
-7.440890
-10.642583
-6.631413
-6.432727
-5.382844
-4.390866
-4.196782
-11.078014
-4.428657
-7.818945
-7.878762
-5.355762
-4.411533
-6.357841
-6.636194
-3.281860
-5.835331
-3.954461
-5.247878
-6.952652
-6.782640
-2.589933
-4.481646
-5.650629
-8.046545
-7.596456
-7.335978
-7.440590
-6.157425
-4.286641
-5.676764
-6.207045
-5.217474
-5.689315
-4.384152
-3.550225
-7.495125
-8.290005
-3.378502
-10.084850
-6.990705
-7.125125
-6.564360
-4.227150
-7.166959
-10.126200
-7.594380
-8.770468
-5.365712
-5.973086
-5.944457
-3.420849
-4.728599
-5.511255
-5.960163
-7.087237
-7.139198
-6.414001
-5.452294
-4.215754
-6.405289
-7.209865
-2.146608
-8.535607
-3.820049
-6.699733
-3.711801
-8.004100
-2.822818
-10.206156
-4.988815
-5.097284
-11.179112
-5.824776
-7.253539
-10.799488
-7.454999
-9.798960
-10.351944
-2.195397
-5.055619
-9.657270
-10.286548
-5.022822
-7.812055
-8.030577
-6.645151
-5.462217
-10.732489
-6.118962
-4.383038
-7.570944
-4.743649
-6.889182
-7.041164
-0.228345
-7.768117
-6.533771
-4.542284
-5.415242
-6.925055
-4.681506
-8.479779
-8.399049
-7.657089
-9.248326
-6.907750
-6.431169
-4.869165
-5.437278
-5.410995
-4.592728
-5.542295
-8.858344
-6.521368
-5.169437
-6.085180
-6.049820
-4.226252
-6.068000
-10.795047
-8.836929
-4.517734
-3.768771
-1.619721
-7.693555
-8.003913
-6.455504
-7.758317
-6.512607
-6.748408
-4.930256
-7.369674
-5.190016
-2.482327
-4.812749
-4.586890
-7.402514
-8.891514
-5.451412
-3.095667
-8.157818
-6.346247
-7.712660
-9.539941
-9.834801
-5.397332
-6.541158
-7.458510
-3.306525
-8.674437
-9.315063
-7.299480
-4.630580
-3.241677
-4.963172
-5.136119
-4.555923
-4.041739
-8.944036
-2.982278
-2.189654
-8.224773
-7.917123
-6.861189
-8.842377
-6.767468
-7.688032
-6.150218
-7.098028
-10.237214
-6.377983
-9.256321
-8.408137
-7.063232
-6.563912
-4.925294
-5.209826
-6.477274
-6.742929
-6.286674
-5.246303
-7.051240
-8.984431
-5.566120
-9.940598
-8.189913
-5.269592
-4.113473
-9.905067
-4.681449
-8.358501
-4.475277
-5.994905
-4.747287
-7.205227
-5.003892
-7.068220
-5.033879
-3.074760
-4.492584
-4.548774
-2.202409
-6.738978
-5.259686
-6.057895
-2.804448
-4.927797
-6.385042
-7.850631
-8.762745
-5.716635
-7.407055
-8.079088
-9.426692
-8.947231
-11.003979
-3.373063
-4.870807
-8.482393
-8.508842
-4.528745
-7.514559
-7.906470
-6.619528
-6.992736
-8.342816
-6.806424
-6.156085
-6.145582
-3.277663
-9.038292
-2.328099
-9.840042
-6.449256
-3.794440
-8.231766
-5.361836
-5.850540
-7.619608
-4.318740
-5.473901
-3.638590
-5.104131
-4.286707
-4.973721
-5.752114
-5.162728
-5.149370
-8.243899
-9.004612
-8.884519
-7.162446
-6.396233
-4.376077
-9.596579
-7.395297
-4.214804
-5.622319
-4.330148
-9.226870
-6.211191
-6.743515
-5.163062
-8.391816
-1.464006
-8.174387
-6.160741
-5.918602
-3.953090
-2.968339
-4.334335
-8.485035
-8.914392
-6.625988
-6.692806
-7.240439
-2.309952
-1.506890
-6.240151
-0.731193
-8.829733
-6.350826
-8.248577
-6.895798
-8.640377
-9.660887
-12.675377
-4.962409
-6.706532
-4.393986
-6.485561
-8.007792
-2.756216
-4.061277
-5.312660
-9.430923
-7.273505
-2.593498
-7.523956
-7.408069
-8.091038
-6.286055
-3.918687
-8.937862
-5.557250
-10.379152
-6.863245
-7.550764
-2.508507
-4.670109
-6.714831
-9.946228
-5.330342
-2.592329
-8.144201
-5.792400
-6.894114
-6.127468
-1.977931
-8.078168
-3.386537
-6.900170
-5.947183
-3.881530
-7.624189
-2.730051
-7.614095
-4.929451
-4.104237
-4.593812
-11.590816
-7.018908
-4.704614
-7.710434
-3.762198
-8.001839
-6.310687
-7.250007
-10.071373
-2.774082
-12.394866
-6.836116
-7.498523
-4.920283
-4.390938
-4.916439
-6.512088
-9.017355
-3.847855
-4.515918
-5.384987
-7.885099
-8.404991
-7.362955
-5.391209
-4.601806
-4.466743
-8.874637
-5.363980
-8.709501
-6.805771
-6.653513
-0.467082
-5.073472
-5.645192
-5.245648
-8.997562
-10.679214
-6.318790
-5.895231
-3.308397
-8.979460
-7.248728
-7.081841
-4.795195
-5.352832
-5.685480
-7.000170
-6.429811
-7.344005
-7.458269
-9.267315
-8.206825
-7.288942
-5.678730
-8.108070
-6.703476
-9.355270
-5.176342
-9.382392
-4.799009
-8.446508
-7.770274
-9.040020
-8.010404
-5.366570
-5.063319
-4.297035
-7.368524
-4.708813
-5.737045
-7.440926
-7.589336
-5.906259
-5.794183
-9.105107
-5.133628
-6.036446
-6.273378
-8.838377
-8.408043
-5.377020
-11.552411
-6.121231
-5.989319
-7.628303
-5.730628
-8.628464
-7.365157
-6.435175
-8.199385
-6.816054
-3.673183
-5.533967
-5.844109
-6.277106
-7.668021
-6.383842
-9.243721
-6.947612
-4.391016
-5.200882
-4.074235
-4.742522
-7.627149
-8.777061
-8.572286
-8.285369
-6.889303
-7.869360
-3.874017
-5.831389
-4.111003
-6.658783
-3.487328
-8.285064
-3.594356
-11.283593
-7.166445
-1.252885
-10.075609
-3.839037
-5.359650
-3.895496
-8.733229
-6.791133
-7.205508
-4.771272
-10.662645
-7.702655
-2.859303
-4.076309
-5.602612
-6.165149
-6.030574
-9.102919
-4.099436
-5.745921
-3.590460
-4.754798
-5.505751
-4.935674
-4.141039
-8.033604
-7.778628
-6.585407
-6.879111
-7.249349
-10.281195
-6.369960
-8.909624
-8.057488
-4.226562
-7.827799
-8.292565
-8.664742
-8.002254
-4.851604
-5.013244
-5.099751
-5.011395
-5.207254
-6.308526
-5.144601
-8.922011
-5.960073
-3.709622
-4.892286
-8.679004
-5.796146
-4.118286
-4.441164
-4.337842
-4.228188
-7.175055
-8.107174
-9.411057
-5.316322
-9.016716
-7.908992
-5.215967
-9.925836
-3.803501
-3.623168
-3.224537
-4.347458
-4.658754
-6.454749
-6.657284
-5.696653
-4.620707
-6.324660
-4.156651
-9.682590
-7.523238
-9.199047
-3.137182
-5.366037
-2.889190
-8.136986
-4.773162
-5.992661
-7.445543
-3.590148
-2.997612
-5.286655
-6.889015
-5.188384
-1.018767
-7.082998
-10.184262
-8.509298
-5.581449
-6.137080
-5.685320
-6.169639
-10.272558
-7.697416
-6.726385
-3.540609
-9.040110
-5.635102
-8.841145
-11.376041
-1.383700
-9.216948
-4.506856
-5.443654
-8.017671
-8.785867
-8.078555
-6.506151
-7.387525
-7.339176
-6.813519
-5.496066
-3.628881
-4.472905
-4.142397
-4.055412
-6.762760
-6.830269
-5.284453
-4.063574
-6.318734
-4.294982
-2.802270
-4.724710
-3.961150
-7.605488
-6.060516
-7.045049
-8.803802
-7.763947
-3.705002
-2.533273
-6.685891
-9.288271
-4.845671
-2.199320
-5.850901
-8.213759
-10.490962
-6.485665
-8.617674
-7.902870
-5.441140
-8.415171
-8.318248
-4.341973
-5.167572
-2.176728
-6.605055
-4.499861
-5.374876
-6.849785
-5.943480
-8.918909
-8.471514
-5.122715
-9.165844
-6.217771
-6.494626
-4.219784
-8.724642
-3.621960
-7.868126
-6.091379
-5.568995
-11.511338
-7.159125
-5.462683
-5.196607
-9.288305
-6.845776
-7.424543
-7.842172
-11.305344
-4.448708
-10.519623
-7.655647
-5.871900
-6.304206
-7.081441
-6.414202
-7.103504
-4.636338
-10.359120
-6.910241
-5.451921
-9.954317
-9.910746
-4.942073
-6.382395
-5.653855
-3.599098
-8.178479
-6.255154
-8.885390
-7.969255
-4.914608
-7.195391
-8.987438
-7.425130
-7.425432
-8.379066
-7.097316
-4.141599
-6.476849
-8.222730
-7.167758
-4.910350
-7.841995
-5.196118
-6.084509
-5.478576
-4.249936
-8.980285
-10.322765
-6.769418
-6.312622
-4.789328
-5.986624
-3.860435
-6.382460
-6.490941
-4.898006
-6.935927
-4.144540
-10.650920
-4.566263
-7.002152
-6.382391
-6.929538
-10.777878
-8.634217
-5.933076
-5.799069
-4.737882
-9.019958
-7.520366
-6.071811
-8.910995
-7.966562
-6.375563
-7.372546
-6.219970
-7.595831
-7.317090
-6.667171
-6.378005
-8.377513
-6.410884
-6.786282
-6.394028
-10.552514
-8.445307
-5.545325
-7.673209
-8.817541
-7.180782
-6.685245
-8.956776
-3.068966
-3.163551
-6.003327
-7.395588
-7.415955
-5.479771
-7.877187
-9.174965
-3.477627
-11.489791
-9.526871
-6.942278
-2.882225
-7.038377
-9.304245
-5.157610
-8.015341
-6.130562
-5.024162
-3.105062
-5.775967
-8.324531
-10.100881
-5.963743
-4.481195
-4.875350
-11.137329
-7.024169
-5.712543
-4.863116
-8.342152
-4.944648
-9.489417
-5.442543
-4.739940
-3.321245
-4.938251
-2.222690
-4.649933
-7.723114
-4.241885
-3.459680
-2.562894
-3.821578
-7.898982
-4.791514
-6.987182
-2.017391
-7.208392
-4.806363
-8.878975
-5.726922
-4.739421
-11.062958
-5.176098
-6.680624
-9.699409
-7.233589
-6.284770
-5.551593
-4.744158
-1.819666
-6.264194
-7.208245
-8.641457
-7.191230
-10.312572
-4.476040
-6.972500
-3.947668
-2.973561
-4.959526
-9.277969
-8.176165
-8.186769
-7.295916
-7.461689
-5.057037
-3.070456
-5.491972
-5.958688
-7.942156
-4.610205
-6.296462
-5.742881
-12.287876
-6.179034
-7.107881
-8.529467
-6.496593
-5.526034
-5.625337
-5.457419
-5.710325
-8.988778
-3.907270
-9.224595
-5.627759
-6.126620
-5.742198
-7.040847
-4.167439
-7.590068
-6.976933
-5.372209
-8.905029
-10.153772
-7.685225
-10.443141
-12.075069
-8.780280
-7.267271
-4.564514
-5.757353
-6.094272
-5.662739
-2.837197
-6.723654
-4.861639
-9.252344
-10.090195
-7.311241
-6.374629
-4.898715
-6.612136
-11.756437
-8.144198
-6.325743
-6.847259
-6.919964
-7.540764
-6.154898
-3.679552
-7.021902
-5.472380
-7.148509
-4.317739
-3.316010
-1.968793
-5.517406
-5.582195
-6.872944
-3.724191
-4.789949
-7.620670
-9.175493
-5.649011
-11.511468
-3.576754
-5.186596
-4.615025
-1.112760
-8.968878
-5.990194
-6.921744
-8.317073
-6.315831
-6.416612
-7.794414
-4.381290
-9.227635
-9.127903
-9.418499
-6.696465
-5.846601
-8.586993
-7.216306
-4.939134
-6.056587
-8.114244
-8.204706
-5.055399
-8.078792
-5.883841
-6.043015
-5.952152
-4.411245
-6.926340
-8.698077
-4.440868
-10.325389
-7.504748
-3.825874
-8.479471
-4.881901
-8.387986
-5.806801
-8.184608
-6.014291
-4.563477
-1.579083
-9.933001
-2.739147
-5.708809
-6.184957
-5.204582
-10.308983
-5.742899
-6.328814
-9.425080
-3.573316
-5.976757
-13.123178
-2.538865
-4.049447
-8.841343
-8.226582
-7.644275
-4.457322
-5.331691
-5.711685
-6.549502
-6.358739
-7.522295
-2.655723
-2.948895
-3.817545
-9.541974
-6.513547
-5.932641
-6.079555
-7.678301
-6.935055
-6.720215
-6.717261
-4.529336
-7.725738
-9.718408
-11.988171
-6.839458
-6.473534
-8.254797
-3.254301
-4.282868
-10.778931
-8.729388
-6.821648
-6.503660
-6.887475
-4.973097
-4.595564
-7.483675
-5.639608
-6.537785
-5.852814
-8.782432
-7.501163
-2.228060
-10.471627
-6.750238
-6.355546
-4.901702
-4.549140
-8.659877
-7.872975
-3.837693
-4.059049
-7.763913
-7.855911
-8.814343
-6.828478
-3.004488
-4.115938
-8.527611
-11.360943
-8.433592
-6.812636
-4.827811
-2.656258
-6.971192
-3.234510
-7.073922
-7.554087
-4.714762
-5.133037
-8.838893
-4.377401
-9.246056
-5.663791
-9.596074
-4.997267
-4.506783
-4.482147
-6.461388
-6.820771
-7.398148
-9.200335
-8.661106
-2.402539
-5.084274
-6.906434
-5.073155
-4.927205
-8.460043
-5.966370
-10.546442
-5.805628
-6.397412
-3.590596
-6.739161
-6.572271
-7.540536
-6.600164
-3.911772
-5.653457
-6.613658
-6.149660
-2.318292
-7.697610
-7.198137
-7.585320
-6.469333
-5.863124
-9.841017
-9.208502
-5.991341
-7.100838
-7.559143
-6.298053
-6.537014
-5.153725
-7.984488
-6.889935
-5.092900
-6.244300
-6.346663
-5.945233
-3.898369
-2.785393
-1.891740
-6.417547
-8.484724
-5.375700
-10.098680
-6.336495
-6.233349
-4.126142
-3.845470
-6.424629
-6.706829
-5.541697
-5.287388
-9.826429
-7.241007
-7.909444
-5.430732
-5.959628
-8.756065
-5.981659
-5.785611
-7.978610
-3.969429
-5.817556
-6.069576
-10.101400
-10.099506
-6.250340
-8.460672
-4.573010
-8.782423
-6.724989
-0.763606
-10.022692
-4.632568
-4.587522
-4.598511
-9.041921
-5.937098
-7.249148
-7.009370
-2.358040
-5.145277
-4.410687
-3.531728
-3.703865
-7.473115
-10.413512
-5.470869
-8.437756
-9.406330
-1.742246
-7.574842
-2.898417
-7.374757
-5.868608
-5.775229
-6.837073
-7.246437
-6.562051
-3.357761
-4.161319
-5.046363
-5.624119
-4.877878
-7.387990
-6.216029
-7.211642
-8.881403
-10.383841
-7.508729
-7.831494
-7.808457
-6.942232
-3.825424
-9.367779
-5.768686
-4.994906
-7.795280
-3.593059
-6.189891
-10.816870
-7.862923
-6.080379
-9.510935
-7.353091
-3.253572
-5.672944
-8.284106
-6.824659
-5.524876
-6.542198
-6.184106
-3.895221
-4.438365
-5.973831
-1.878186
-7.584252
-7.149065
-4.487490
-7.298665
-5.522833
-8.000648
-7.931307
-5.983482
-6.760351
-1.225075
-7.472684
-5.280900
-8.741514
-4.252089
-7.666377
-8.921471
-5.580591
-4.140812
-5.035386
-5.519623
-6.239873
-6.904104
-6.105778
-3.518208
-6.997905
-3.417004
-5.340393
-5.478085
-6.559273
-6.851715
-6.681408
-7.020663
-6.190594
-5.519488
-7.690259
-7.930693
-2.902111
-6.195403
-9.773146
-6.225898
-10.475487
-4.440082
-5.239127
-4.166731
-4.858626
-10.514849
-7.474934
-6.926384
-6.289388
-3.447716
-3.193470
-7.762106
-3.854336
-8.365869
-8.105764
-7.277479
-3.872449
-4.515844
-9.222845
-7.459280
-7.743074
-6.977947
-4.388280
-1.038180
-10.804944
-10.783180
-7.322526
-4.942891
-6.389014
-6.731189
-6.136674
-8.124485
-7.063757
-5.388513
-5.351682
-7.751662
-4.807324
-5.147977
-5.892398
-4.820278
-7.089929
-7.101659
-8.943800
-4.664939
-5.787769
-3.707358
-4.536461
-5.128850
-7.841869
-9.750498
-5.269914
-4.239157
-3.772641
-0.525524
-11.439485
-6.353387
-1.652443
-4.867031
-7.168692
-10.685217
-2.636719
-6.524581
-6.233297
-6.524494
-6.263954
-4.701580
-7.158895
-11.606091
-4.707930
-6.142282
-4.400785
-7.229448
-4.640711
-6.651563
-7.778091
-4.657569
-8.013842
-6.027446
-4.257656
-8.415108
-9.366332
-3.601848
-5.848645
-8.739279
-7.798828
-6.961701
-5.897723
-3.263845
-6.439668
-5.120948
-4.853274
-5.309964
-8.456429
-5.661332
-7.490368
-10.346878
-6.468312
-5.347847
-4.755442
-9.231627
-9.311922
-9.000069
-7.325030
-5.509866
-7.289035
-3.808323
-8.739866
-8.318738
-5.324586
-7.084863
-4.799380
-7.295249
-9.725979
-7.098471
-4.689825
-5.489619
-8.480801
-5.512526
-6.142590
-6.371169
-7.459468
-2.753120
-8.401880
-4.067955
-5.052817
-8.742640
-6.782938
-6.947666
-3.628636
-4.217151
-6.577827
-4.025194
-1.758014
-6.538877
-4.800040
-4.327633
-6.195301
-3.448304
-4.755169
-3.590530
-4.702355
-10.231325
-4.641092
-5.581156
-6.277185
-7.731637
-3.427054
-2.265832
-7.611013
-8.463426
-5.530240
-4.633286
-7.541009
-7.174393
-5.268585
-3.238579
-7.563600
-9.277311
-10.256906
-3.385091
-9.828787
-9.332905
-10.675726
-5.392377
-7.198366
-7.267847
-6.516251
-5.267347
-8.329314
-5.577218
-8.222201
-5.735494
-6.068702
-7.861531
-5.603392
-6.676336
-3.424494
-4.984688
-6.288481
-7.019497
-2.733543
-8.235561
-7.539515
-3.532324
-5.405865
-5.521312
-7.117378
-2.323905
-3.836588
-3.745499
-2.492298
-8.104300
-7.577826
-6.813196
-2.700288
-10.815327
-5.382082
-3.597936
-6.713213
-3.039823
-5.234529
-4.030064
-9.448612
-4.733782
-6.306449
-7.761083
-7.374156
-4.600986
-4.974864
-9.593449
-8.940231
-7.742084
-7.136907
-7.776362
-4.343532
-5.950871
-4.371147
-6.007298
-7.527236
-5.009556
-6.992937
-7.108462
-7.375530
-6.717097
-8.753345
-3.994169
-9.986778
-4.857857
-7.820984
-6.529474
-8.559309
-9.017626
-12.093746
-2.641092
-5.487454
-5.508180
-7.179965
-5.941686
-9.127564
-9.162730
-7.008152
-8.577694
-6.164313
-2.271542
-6.227036
-7.040382
-6.554672
-5.127071
-4.225182
-7.275868
-9.577772
-5.547746
-8.155336
-6.935280
-8.599495
-2.303473
-6.791203
-8.071821
-8.838893
-3.205873
-9.720803
-3.177097
-9.685170
-8.260872
-7.581470
-5.496330
-6.058716
-7.749263
-4.842330
-4.845323
-8.834288
-4.931086
-4.544357
-7.700342
-7.736254
-5.915198
-4.141515
-7.724617
-6.680913
-6.891762
-7.832187
-6.152800
-1.782382
-5.166834
-7.224997
-9.876491
-6.356240
-8.767249
-9.022346
-6.615814
-6.969553
-5.191580
-4.342850
-6.496308
-3.951943
-6.910622
-3.287837
-5.501267
-7.435616
-1.476265
-7.231104
-7.225005
-6.260191
-7.311456
-4.615533
-5.912983
-6.514630
-5.273337
-3.048894
-1.432732
-6.968485
-8.063948
-8.242559
-5.631287
-8.941679
-6.229703
-9.291132
-7.151606
-7.256843
-4.341588
-6.379704
-6.467603
-1.356160
-7.770212
-5.834858
-8.108785
-5.322409
-2.768434
-6.385799
-7.393140
-2.388318
-5.309383
-7.524948
-8.027319
-5.709917
-10.720887
-4.543946
-7.875838
-8.264784
-10.753329
-4.999600
-4.750783
-6.546203
-6.172854
-4.199436
-6.039973
-5.531103
-7.442565
-4.871711
-5.419778
-3.800085
-7.704086
-8.141006
-8.435148
-4.801377
-7.623789
-9.603641
-10.132930
-5.493043
-9.543571
-6.885113
-5.773179
-7.585330
-7.569549
-7.704083
-6.016514
-6.214165
-1.526717
-7.269041
-7.017346
-7.055075
-5.723968
-8.277885
-7.314846
-3.637120
-6.750530
-6.539829
-7.522448
-9.274311
-3.682041
-5.964540
-10.486202
-1.133960
-5.032288
-6.394578
-7.295908
-6.894137
-7.230366
-8.030514
-8.685689
-6.274643
-5.351452
-7.936004
-3.630053
-2.485735
-4.693268
-7.187596
-6.030774
-4.772710
-7.668837
-8.853815
-7.733686
-8.191419
-8.094409
-7.913141
-8.582614
-5.692887
-7.093759
-6.663370
-3.119495
-8.209399
-2.801240
-4.145522
-7.123063
-6.405287
-4.614762
-8.288590
-5.332422
-6.742218
-4.847192
-8.536530
-3.544529
-8.604164
-10.834121
-5.650097
-5.795902
-2.391807
-10.990177
-6.194468
-7.418246
-8.375906
-6.485038
-5.077643
-8.747655
-5.974316
-4.941036
-6.791331
-4.511721
-6.219334
-6.448377
-3.610050
-5.685037
-6.035766
-5.841371
-6.199066
-8.406096
-6.124447
-8.883635
-5.879973
-7.509349
-1.767353
-6.507222
-11.192561
-8.639820
-3.571754
-3.716426
-4.417400
-7.008019
-7.223636
-5.997343
-5.835921
-5.699385
-7.137495
-6.523571
-4.871189
-2.872253
-2.224588
-7.892515
-4.212685
-6.893106
-8.146000
-8.285533
-7.990654
-5.973544
-2.973871
-6.803481
-5.518019
-7.199787
-3.977479
-7.908349
-2.934870
-5.549578
-4.015227
-11.397091
-3.815300
-7.990476
-9.030024
-3.889345
-6.756814
-5.293103
-5.541714
-5.640863
-7.910470
-4.066484
-6.808337
-4.640565
-6.370077
-8.097651
-7.669668
-3.047450
-9.968746
-6.321913
-4.811194
-9.219799
-5.008402
-4.965156
-7.756364
-4.381971
-7.004728
-8.242860
-3.088572
-4.950612
-4.861461
-7.503966
-6.357837
-12.583231
-9.048917
-4.774740
-3.211162
-6.410770
-4.849512
-4.702110
-8.312874
-8.418812
-7.415501
-5.406469
-5.505359
-6.515244
-5.562820
-6.587797
-4.735223
-6.135406
-4.687011
-4.839971
-7.933748
-4.281263
-10.261125
-6.679446
-3.157870
-7.772712
-5.716451
-7.384642
-7.654096
-8.826550
-6.661520
-5.910609
-4.564359
-7.192478
-4.400138
-4.558479
-6.499937
-3.157399
-3.021038
-5.418459
-4.727729
-4.970685
-5.748634
-6.974042
-7.593707
-6.035040
-6.389297
-9.382070
-6.978593
-7.789216
-4.462180
-6.116593
-11.699284
-5.970416
-8.216413
-5.358795
-7.796489
-9.056494
-5.757875
-4.656017
-8.527714
-3.129569
-7.403060
-2.821024
-5.536580
-3.764917
-0.836129
-4.148691
-8.572447
-3.685441
-9.391714
-3.046535
-9.805080
-5.190888
-7.102746
-7.687181
-8.531264
-6.727423
-7.120763
-8.931219
-8.985859
-3.903361
-3.472306
-4.505766
-5.253719
-8.761546
-4.396350
-3.910327
-5.026539
-5.766326
-4.276629
-5.451836
-7.917202
-5.282825
-7.763282
-4.941494
-3.878305
-7.101188
-5.212234
-6.901633
-4.575144
-4.634079
-5.998178
-7.576460
-4.413771
-5.932716
-4.904715
-6.198557
-7.377632
-5.427585
-8.039000
-4.173072
-5.458814
-5.345916
-3.872772
-5.033473
-4.029202
-4.409048
-7.222391
-5.361932
-6.644135
-9.348276
-5.680085
-6.772366
-7.501525
-4.195512
-7.537848
-5.312738
-5.269443
-7.071579
-6.894812
-9.200953
-5.470051
-6.440507
-8.743572
-6.588468
-3.654152
-5.115482
-6.999017
-7.995217
-5.263933
-4.398948
-5.940162
-6.949548
-6.286514
-6.967547
-7.143180
-6.709524
-5.373753
-7.446136
-9.820610
-7.841980
-7.293940
-11.192011
-8.341352
-4.845905
-5.816786
-6.845872
-4.766116
-5.336740
-7.803774
-11.175374
-10.063284
-8.731697
-4.113399
-6.439007
-9.622139
-7.317781
-3.517215
-5.764385
-6.836258
-7.095341
-7.874151
-4.399769
-7.085455
-6.885035
-6.802192
-7.997527
-4.417762
-5.425814
-10.286558
-8.943274
-7.325771
-8.533052
-4.994581
-7.030997
-7.132139
-4.325514
-6.988023
-9.141022
-9.758261
-3.071885
-8.301893
-6.812943
-4.775928
-4.838210
-7.047522
-9.392257
-6.982261
-4.890064
-4.842985
-8.399164
-6.393066
-8.746382
-6.773643
-5.137589
-6.588835
-9.624126
-6.377103
-8.937533
-2.951059
-6.701296
-7.981291
-6.888101
-4.982084
-6.769540
-7.001665
-10.022241
-6.649317
-7.069510
-5.857070
-5.341790
-2.502636
-6.716113
-3.720905
-8.063780
-4.727054
-7.370385
-6.488599
-6.114757
-8.757573
-6.998972
-8.811027
-7.271587
-9.379161
-7.588861
-6.969052
-5.179597
-7.485756
-6.520641
-9.574308
-4.677673
-8.014615
-5.015569
-6.914765
-7.577140
-7.558414
-3.161881
-9.465140
-6.167984
-5.885023
-6.582918
-9.172915
-9.472050
-7.556166
-3.734198
-6.986914
-6.720221
-6.699840
-8.394281
-5.853435
-9.723639
-6.838662
-5.272384
-8.046414
-4.965126
-9.602134
-10.847675
-4.251071
-7.539794
-5.489506
-4.569566
-4.170477
-5.655322
-7.438265
-5.307836
-5.435793
-4.814297
-6.047915
-7.508185
-5.286507
-5.350183
-5.558148
-9.870957
-6.811671
-3.633530
-7.753112
-7.596151
-10.120747
-6.237004
-3.944510
-4.032508
-6.579384
-0.824087
-2.229389
-3.963488
-6.409624
-8.952438
-5.571764
-4.506054
-0.442970
-7.877788
-9.311960
-3.224915
-6.549886
-4.325612
-7.545200
-8.477916
-5.796967
-7.117224
-8.165791
-10.103449
-6.166550
-4.917762
-5.754220
-3.913616
-9.370579
-6.404298
-2.545421
-6.903020
-8.234535
-7.694999
-7.959937
-7.636129
-6.408446
-5.526253
-6.990533
-6.159473
-4.132451
-8.780452
-3.676242
-6.763844
-1.814899
-6.478772
-6.410000
-5.854220
-6.804204
-5.631719
-6.319710
-4.471155
-3.899314
-1.164567
-5.168212
-4.060843
-8.047354
-5.027828
-6.694972
-3.569732
-4.936105
-5.490430
-3.892277
-3.803353
-3.555281
-4.842766
-4.710505
-7.901279
-3.028170
-7.422418
-9.304086
-8.424450
-3.934736
-4.334137
-6.609920
-5.732303
-5.218846
-5.192236
-8.289522
-6.583189
-5.470599
-8.743429
-8.362677
-4.235800
-7.164951
-6.617625
-5.339034
-4.926725
-4.912761
-7.735156
-5.867117
-8.024528
-2.219131
-5.090569
-5.406991
-4.967099
-4.802340
-4.647256
-6.488913
-7.441199
-2.213467
-6.460804
-9.299219
-7.262879
-6.282833
-10.672519
-6.897048
-3.041286
-4.731059
-4.378288
-6.420964
-6.827427
-3.654098
-8.977011
-8.659132
-5.558599
-4.256127
-9.420149
-8.495124
-6.712655
-4.926901
-1.489970
-4.806286
-9.187546
-4.994080
-4.157903
-2.928269
-8.640554
-5.387478
-5.918962
-5.256238
-9.830630
-9.329163
-9.061811
-7.841530
-5.380236
-10.392879
-5.041079
-7.299215
-5.776687
-6.083619
-5.984254
-6.362590
-7.097085
-1.750098
-8.467964
-4.260928
-5.947437
-8.582922
-6.789641
-7.419190
-5.980100
-3.102548
-8.144904
-2.986638
-1.305885
-2.527210
-5.496190
-6.317516
-4.791718
-6.583190
-7.799250
-6.495487
-6.708060
-7.080029
-1.879084
-8.737584
-7.461457
-4.916337
-4.910950
-7.156845
-4.576714
-6.058083
-5.372170
-6.913664
-3.515209
-6.654754
-6.973711
-8.575705
-8.597439
-7.616348
-5.527344
-4.495945
-6.578272
-8.030309
-6.497978
-6.047822
-4.131151
-4.630596
-8.145034
-6.798757
-11.413810
-8.270055
-8.797340
-0.858611
-5.099496
-5.286932
-8.850298
-6.608410
-7.538946
-5.849147
-6.456702
-6.334656
-5.977665
-6.408642
-9.544691
-6.072064
-7.878738
-5.813933
-5.364450
-5.071688
-9.559577
-5.400564
-7.736400
-8.460884
-10.189346
-9.994399
-5.475206
-7.704440
-4.054860
-5.604508
-8.343321
-7.862858
-4.879290
-9.032701
-4.397180
-6.560257
-4.264740
-6.607427
-7.055576
-5.909880
-6.855135
-10.178592
-5.186818
-8.022398
-7.769189
-8.428537
-6.991533
-7.836495
-1.433263
-4.311624
-5.270739
-6.034181
-10.044380
-4.938024
-2.637430
-9.827239
-7.170647
-8.987259
-11.645777
-6.160263
-8.621523
-8.014846
-6.091705
-6.933301
-4.011322
-7.729348
-7.640542
-6.871508
-2.460829
-9.476332
-3.731714
-3.777042
-4.226147
-6.718907
-5.310759
-4.702647
-7.767769
-2.795031
-7.729525
-6.739637
-7.582812
-2.784622
-6.921935
-10.647669
-4.427895
-8.010273
-4.805259
-5.319981
-5.548551
-8.072378
-4.645487
-8.505365
-1.142195
-4.491559
-6.869538
-8.921316
-6.756532
-1.028562
-6.027094
-8.286646
-4.059598
-6.572963
-8.600127
-8.889267
-7.445668
-6.319044
-8.146327
-5.039182
-8.846189
-7.576585
-5.903369
-6.599344
-7.178292
-5.411804
-5.328483
-8.762694
-10.892555
-8.029449
-12.245225
-6.272656
-10.275394
-7.281027
-3.687299
-9.041958
-5.689830
-7.910434
-4.868885
-5.315390
-3.571434
-3.453615
-4.782119
-9.055242
-5.471623
-8.588995
-9.920824
-7.841021
-7.445621
-3.241410
-4.832911
-8.292994
-8.830462
-7.413661
-8.850018
-8.723796
-9.548218
-10.548201
-3.945718
-5.313760
-6.972719
-5.467367
-7.825167
-5.887967
-3.051983
-4.225673
-6.727861
-5.402699
-9.539907
-4.121105
-5.614106
-6.941904
-5.973664
-4.175503
-5.182742
-4.318528
-7.345304
-5.575885
-5.777269
-1.684128
-8.904922
-4.763997
-5.933269
-5.339080
-6.628482
-6.076086
-1.243144
-8.092817
-7.133449
-6.570095
-5.900531
-7.018229
-5.291321
-5.733441
-8.012988
-4.700603
-3.305486
-8.038019
-4.999887
-7.739566
-5.698801
-6.753270
-5.967964
-8.278508
-7.039813
-7.758920
-4.294693
-0.917085
-6.391455
-6.357592
-10.924431
-7.751918
-7.251163
-4.875115
-2.297493
-10.687252
-5.335669
-6.185555
-7.924108
-6.958659
-4.030098
-5.443018
-8.134261
-7.939296
-6.479873
-10.030748
-5.911669
-4.272228
-6.256592
-6.011317
-6.277891
-6.002931
-8.513312
-7.087466
-5.110245
-4.443491
-7.547639
-8.888147
-9.075670
-6.735133
-6.997154
-10.318946
-8.529645
-7.582013
-6.443200
-8.607992
-6.894007
-6.856954
-4.161182
-5.733707
-7.314897
-6.619746
-5.723352
-7.760313
-10.542776
-3.500727
-3.498425
-5.858804
-3.306190
-3.568202
-5.221132
-7.942815
-6.917182
-9.872267
-8.813349
-9.245630
-8.602547
-6.178013
-5.707901
-5.809403
-6.392365
-5.519830
-7.793171
-4.941424
-9.370974
-9.510580
-4.686413
-3.705185
-7.661170
-7.218119
-5.624168
-5.082614
-9.206677
-5.068125
-5.473013
-9.926648
-10.008245
-3.471059
-3.422736
-6.359159
-10.505632
-7.078279
-5.647850
-5.760055
-7.910554
-8.715167
-8.172861
-2.278362
-5.912765
-6.423448
-6.935019
-0.572742
-8.927773
-5.446936
-5.430496
-11.434681
-7.119931
-11.555349
-7.019267
-9.122155
-6.259259
-4.917666
-6.042190
-4.882446
-6.863841
-10.063784
-6.053429
-11.526207
-4.734331
-8.329161
-4.326069
-6.379391
-4.739604
-6.005751
-5.772122
-7.717719
-7.148713
-9.490545
-1.628342
-7.886953
-0.573392
-6.272945
-6.457981
-7.262764
-6.522213
-5.606119
-9.819689
-6.228444
-5.469846
-7.859437
-6.954757
-9.942169
-8.448188
-8.517552
-6.235278
-6.946127
-9.775969
-7.485927
-5.102152
-5.649961
-8.134665
-6.248525
-6.841840
-10.516149
-6.866898
-7.238481
-6.118552
-4.784755
-5.144960
-7.524295
-12.902699
-3.053310
-5.041215
-7.703046
-7.936701
-4.381965
-6.758882
-2.830733
-9.896624
-6.773632
-10.871033
-7.008300
-6.570535
-4.388578
-6.764314
-9.542444
-10.171887
-4.812326
-5.066081
-5.832200
-10.190720
-4.269148
-3.589329
-6.888386
-10.011177
-4.470029
-8.551491
-6.759790
-2.210984
-7.884327
-11.229322
-6.955570
-7.913896
-6.586666
-7.860909
-6.803227
-6.641780
-5.576330
-5.130777
-6.712531
-8.979259
-6.809146
-4.646979
-5.691705
-5.943256
-10.821429
-6.609509
-5.470853
-7.179400
-7.912299
-6.197611
-7.346405
-7.995474
-5.014604
-3.898782
-3.818331
-7.698748
-7.125074
-4.537705
-7.683517
-7.900411
-5.272341
-10.096763
-2.545494
-6.998337
-8.373615
-7.806996
-4.490932
-6.067533
-7.040557
-7.722388
-3.604477
-7.037580
-7.148169
-8.698820
-5.269236
-5.826126
-2.127879
-4.172544
-6.575009
-9.698334
-8.256465
-3.808399
-8.108753
-3.442883
-8.302405
-3.847430
-7.425223
-6.824455
-6.849519
-6.162975
-4.479301
-7.292635
-5.064391
-5.900550
-4.128895
-8.771970
-4.586960
-4.526651
-5.486381
-6.815948
-6.061875
-6.534188
-5.412634
-11.472212
-3.547037
-4.665556
-7.909341
-9.069983
-5.625597
-3.796874
-6.993251
-5.200856
-7.073938
-5.086385
-10.474871
-9.259413
-5.903954
-5.137211
-7.558485
-5.326446
-7.842446
-9.065936
-6.584024
-4.163601
-8.297432
-3.916111
-2.355261
-8.996097
-6.500627
-7.008636
-9.930550
-5.471793
-7.026671
-3.797966
-5.960973
-3.152016
-7.500432
-7.603882
-9.491528
-6.594313
-7.185195
-10.160248
-6.354342
-2.971856
-9.154154
-7.090155
-2.100487
-3.627123
-6.607828
-7.408353
-3.874275
-4.399981
-10.312397
-6.100748
-5.788308
-6.538523
-11.020395
-6.060296
-5.161775
-5.633962
-9.125644
-6.510151
-10.259549
-8.825592
-9.493987
-8.852390
-5.300165
-6.468771
-3.377842
-3.256032
-6.752509
-4.433043
-6.124048
-7.836059
-3.667777
-7.778807
-5.774133
-6.338590
-6.256875
-7.455616
-9.286995
-9.279604
-8.222856
-7.385611
-3.289681
-6.101988
-7.008745
-5.495997
-1.880153
-3.261959
-5.781297
-4.477018
-5.845071
-5.390422
-4.839587
-8.032819
-7.005639
-6.158981
-4.421107
-5.422203
-8.214058
-8.471144
-5.781333
-6.093809
-5.498973
-7.732306
-7.636600
-5.481893
-4.041417
-6.730834
-9.896076
-5.305150
-7.675533
-6.725477
-4.443218
-6.125142
-7.430840
-8.380184
-7.940589
-7.380005
-4.781831
-5.266273
-6.080155
-6.808113
-5.597716
-7.695335
-6.618118
-5.659234
-6.635556
-4.240539
-5.443922
-5.108346
-7.676191
-8.650531
-4.571961
-6.369876
-5.348639
-8.578335
-3.704645
-5.814484
-2.775088
-6.573432
-8.880619
-8.048118
-8.235599
-5.577955
-5.477741
-5.351821
-3.868923
-2.876948
-3.747019
-7.912891
-4.093968
-7.111657
-8.064440
-7.400548
-8.087885
-3.793393
-6.546987
-3.346707
-2.978505
-6.411001
-6.003835
-4.663775
-9.429534
