8
1 500 1000 200 42 777 13 99
-3.319986
5.365713
-1.176889
-4.590250
-7.913238
-8.597700
-6.372500
6.230174
-8.774597
-0.396656
0.124304
-4.210885
7.103862
1.205445
4.525357
-1.879305
-6.167940
-3.250768
-6.327681
-7.432966
-7.264029
-4.775354
-2.807293
-5.635352
-4.271685
-3.485081
-6.292719
-6.107532
-7.095016
-9.242815
-3.284285
-4.820182
-9.348665
-6.718706
-6.923128
-3.578882
-4.660316
-5.296756
-8.758533
-10.367649
-4.996552
-1.321947
-5.075250
-6.332238
-6.040607
-6.957398
-5.081695
-2.058919
-6.051098
-4.778057
-5.547928
-4.980895
-3.246284
-8.561239
-4.527220
-1.899255
-5.788963
-4.841443
-7.782476
-5.097450
-1.443622
-3.851306
-4.185430
-6.174398
-1.401507
-2.491846
0.405418
3.070264
2.123365
1.472267
0.816577
-3.358576
0.913068
1.384675
-1.280208
1.474182
1.439934
0.553316
-2.403540
1.287636
4.858566
-2.271732
0.909384
1.875095
0.750910
-1.909222
1.257745
1.157810
0.201491
1.118663
2.798502
-5.027647
-3.179189
-4.510470
-7.192669
-6.346634
-6.812497
-6.029941
-2.747725
-4.556010
-8.692409
-5.337524
-4.669569
-7.913238
-4.173891
0.317513
-5.483579
-3.129076
-6.681652
-5.437258
-4.892678
-10.323189
-7.523126
-10.323189
-7.192669
-6.958578
-4.125976
-5.592829
-4.501769
-7.314277
-0.716702
-5.374562
-6.483631
-7.881925
-2.516212
-6.321983
-5.437258
-6.694041
-5.891144
-1.508263
-2.979073
-6.111087
-5.705844
-6.158518
-5.771702
-4.669569
-6.300867
-7.056013
-4.444646
-10.323189
-5.437258
-6.851130
-7.303244
-5.845865
-6.912970
-7.886569
-5.374562
-10.401291
-8.268040
-2.208643
-7.258168
-2.525162
-5.437258
-5.374562
-3.729801
-4.370008
-5.324802
-10.323189
-5.414945
-5.619608
-7.595882
-8.532601
-3.168313
-4.125976
-5.437258
-3.284285
-10.323189
-5.437258
-8.532601
-1.944884
-4.921388
-5.443491
-2.733505
-2.979073
-7.595882
-2.301598
-1.451951
-4.150656
-7.192669
-6.951847
-7.595882
-4.604091
-4.921388
-6.803815
-6.912970
-5.437258
-10.323189
-10.323189
-6.473911
-4.669569
-5.705844
-6.951847
-3.878905
-5.437258
-5.652149
-5.437258
-7.913238
-7.595882
-6.321983
-3.967133
-6.124965
-5.374562
-4.604302
-1.401507
-7.725022
-7.258168
-4.409766
-5.705844
-10.323189
-6.999293
-7.192669
-6.592040
-4.921388
-10.323189
-7.595882
-5.838888
-7.913238
-3.547397
-3.738370
-5.980890
-3.547397
-1.882747
-4.886070
-4.882697
-5.213832
-4.438165
-8.237774
-3.419104
-5.437258
-6.313550
-8.445862
-3.885173
-4.370008
-5.437258
-4.527214
-4.072637
-3.669940
-5.705844
-9.757904
-4.125976
-10.323189
-7.766345
-4.223637
-4.444646
-1.444501
-5.735057
-7.913238
-5.558988
-3.667722
-7.595882
-5.437258
-5.437258
-6.464189
-4.831975
-5.464612
-4.055984
-8.078138
-5.683307
-2.649917
-0.819368
-4.646803
-3.618295
0.641860
1.564575
1.445093
-0.263328
-5.856661
-0.583771
1.459045
-1.820551
-2.051991
-2.254146
-3.126246
-0.524442
-2.086236
3.557939
-5.448225
-2.323099
1.393982
-5.437819
-6.691072
-5.289515
-0.310766
-3.397705
4.928039
3.275083
-2.829009
-0.968547
-1.691051
-5.263213
-0.276699
0.282840
-3.246314
-3.595824
-5.049771
-3.510021
-4.915951
-2.506284
-2.754951
0.529951
-2.622114
-3.447726
2.661627
-5.232642
-2.998425
1.505131
-3.315907
0.206344
-3.894996
-4.098522
-2.348072
-3.747309
-0.091313
-6.073958
-6.026966
-3.468615
-2.902200
-0.554004
-1.335095
-1.359689
-3.889103
-1.277082
-1.905296
1.589830
-5.647388
-4.656711
-3.989202
0.020208
0.321342
-5.618944
-4.035306
-8.279764
-1.312565
-4.741216
-5.629258
-4.691518
-0.728379
-5.058025
-1.167824
-2.595101
-4.811292
-0.246242
-9.933588
-1.572234
-8.523970
-5.288928
-5.049637
-0.313139
-3.592055
-0.583645
-3.206348
-9.553053
0.769400
-2.786431
-2.221653
-1.462998
-6.196078
-3.691793
-6.432387
-4.370008
-1.443622
-4.011025
-10.323189
-10.323189
-3.789836
0.847539
-3.382874
-2.306496
-2.782641
-5.943995
0.794382
-2.749670
-0.167260
-8.634585
-3.942240
-3.319457
-3.547288
0.143389
-4.217985
-5.705844
-3.505724
-4.985582
-6.443099
1.334499
1.587487
-4.203128
0.344395
-1.189201
-2.476242
-2.456742
-8.716626
-6.863178
1.015743
-5.488838
-6.158956
-4.162609
-1.794022
-3.263362
-3.278508
-5.066724
-8.639155
-4.474389
-7.475467
-5.088900
1.257076
-0.136582
-4.972006
-4.706498
-2.611222
-2.548172
-2.674054
-1.482063
-3.418779
-4.684833
-4.569659
-8.522105
-2.085682
-5.056546
-3.963567
-1.374219
-4.365139
-0.425470
-4.963012
-3.824254
-6.169263
0.476008
-10.428316
0.416857
-3.374481
-10.002386
-6.067346
-4.281239
-2.584041
-2.354289
-0.452978
-1.117870
-2.500263
1.199599
-6.430227
-2.913691
-4.314562
-8.385010
-5.486301
0.027011
-5.522396
0.301604
-2.613721
-3.104648
-4.692701
-5.797730
-9.051696
-3.050440
-2.364046
-7.351388
-1.897332
-3.093796
1.182033
-3.579125
-5.370046
-4.563526
-1.682693
-4.460577
-3.833671
-0.493946
-5.723899
-8.876905
-1.641238
-10.514067
1.069718
-4.034678
0.175019
-4.389867
-5.294527
-3.908303
2.209181
-4.752454
-9.362049
-1.887640
-4.928243
-4.593576
-2.044043
-3.825296
-1.351897
-8.895098
-3.668408
-4.405129
-5.708664
-2.274237
-2.647768
-5.577457
-5.078114
-4.667882
-4.858557
-0.149700
-4.967837
0.186288
-5.693015
-6.037996
-2.608163
-2.110530
-5.508805
-3.083465
-0.737089
-3.106934
-4.924384
-7.503870
-5.099082
-2.492700
-1.678836
-0.225137
-6.823016
-4.487025
-6.478634
-0.158578
-6.604568
0.535090
-2.010900
-4.697582
-3.660806
-2.858298
-3.108497
-10.291376
-8.570286
-0.999735
-5.590224
-1.519972
-5.207886
-9.236591
-4.757018
-6.685539
-3.290134
-0.955169
-0.456146
-2.031204
-4.975317
-1.970485
-7.743389
-6.098191
-1.819850
-5.547661
-3.392032
-0.978464
-5.390329
-6.970359
-5.101561
-2.362861
-4.671694
-0.187090
-4.091550
-7.159604
-3.115937
-2.478366
-3.287405
-4.161164
-4.545797
-10.579975
-4.028271
-2.103292
-4.477813
-7.054430
-4.996720
-0.184854
-3.933599
-3.266233
0.609540
-1.682937
-5.420619
0.049590
-6.482571
-2.234386
-6.325523
-7.049257
-4.289097
-0.917812
-0.875403
-4.269694
-2.637377
-5.702399
-4.373416
-6.951597
-8.878520
-5.269629
-6.002092
-2.570440
-1.104882
-4.921127
-8.903718
-6.407046
-3.114878
-3.296454
-12.177702
-7.356093
-6.943760
-1.744470
-5.897148
-3.216674
-1.650590
0.623757
-0.190006
-5.678756
-6.065046
-6.238836
-3.814892
-3.837611
-5.200699
-4.340012
-5.675519
-6.746865
-11.153299
-4.932384
-1.822195
-4.042165
-1.491851
-4.567952
-2.645529
-5.423093
-2.229172
-4.436964
-0.068825
-2.259731
-2.667084
-4.496042
-6.097946
-3.491896
0.746243
-6.275527
-5.374509
-3.693227
-4.089671
1.986195
-1.477490
-7.790196
-5.543414
-0.935601
-3.755613
-5.260784
-3.204866
-4.992157
-5.202973
-3.762719
-8.142723
3.161559
-4.432520
-1.204124
-6.421949
-4.207370
-3.143836
-7.614268
-5.185977
-6.645872
-5.289612
-4.620493
-5.950799
0.525457
-7.288221
-4.339140
-3.628502
-5.775746
-4.534487
-6.775152
-9.447020
0.916228
-3.300089
-1.951367
-2.160179
-6.151163
-5.813107
-7.201286
-3.663631
-7.904006
-5.486784
-4.572886
-8.138928
-4.381969
-4.886633
-4.061643
-2.573242
-7.263070
-3.876903
-4.256320
-8.325062
-7.889528
-4.670978
-6.268575
-3.632178
-3.435091
-3.075357
-1.571715
-4.212049
-2.476753
-6.488320
-0.498827
-0.950167
-2.841576
-2.397563
-1.976524
-3.034246
-6.646887
-6.012950
-5.705844
-1.572849
-3.371387
-10.815456
-2.903695
-4.640261
-6.553721
-6.823908
-3.123144
-6.398338
-2.721707
-5.915092
-6.863690
-5.860126
-1.778821
-3.825620
-5.494743
-4.072256
1.225834
-3.758748
-8.262826
-1.861862
-6.439681
-4.241001
-4.370008
-5.791839
-7.673965
-5.418194
-4.809515
-4.579537
-3.940273
-3.977737
-1.796530
-5.465337
-3.768292
-1.403244
-3.366822
-3.004464
-4.154249
-2.223756
-6.760581
-6.258259
-4.152089
-5.622727
-2.198731
-0.946495
-5.894677
-6.901353
-2.692837
-3.785940
-3.755272
-2.403689
-1.220863
-3.809086
-9.881554
-3.450582
-0.581019
-1.467233
-8.255430
-6.410181
-5.874961
-4.539816
-5.535019
-0.370909
-9.842237
-7.626661
-2.074426
-3.701629
-5.317116
-4.490909
4.160276
-2.357280
-5.351230
-4.334253
-7.393389
0.322605
-4.760057
-6.453577
-3.149142
-1.290992
0.593407
-6.380562
-4.566834
-4.287620
-1.865080
1.527089
-3.799365
-5.758861
-6.401549
-5.189000
-2.914144
-8.267044
-6.822198
-6.134857
-5.122207
-1.012855
-7.028147
-0.568378
-5.175818
1.707678
-1.773448
1.317878
-7.853054
-5.154124
-4.777864
-5.649430
-2.473961
-8.599917
-3.962481
-0.488331
-5.114223
-2.044940
-3.224013
-0.846804
-5.278371
-3.811311
-2.982818
-1.456732
-4.421121
-6.257433
-5.866939
-6.984278
-3.816446
-6.180960
-3.650313
-8.406393
-0.651230
0.111225
-7.021788
-3.429348
-7.227416
-3.631065
-2.794323
-3.757745
-3.015110
-5.530988
-2.065054
-0.732645
-2.661245
-2.647740
-7.737951
-0.959933
-4.539969
-9.394197
-7.769073
0.758201
-3.656832
-5.435893
-4.724591
-9.897738
-4.587082
0.254894
-8.506495
-3.680937
0.411460
-6.797260
-6.314116
-4.865315
-2.667269
-7.447759
-3.496739
-4.439728
0.721610
-1.005734
-3.809962
-0.134831
-8.885287
-6.005693
-5.150050
-7.086370
-3.652827
-3.364881
-4.069510
-5.425945
-2.621480
-1.855066
-3.320837
-2.380750
-5.444245
-7.092902
-4.969224
-5.143699
-5.628809
-4.918595
-7.133227
-1.866735
-3.599509
-0.304643
-4.079991
-2.905843
-6.817949
-3.962415
-0.422951
-4.606065
-8.976890
-2.010247
-8.278385
-2.746884
-9.192219
-6.794497
-4.621689
0.638874
-3.307516
-4.487033
-3.084228
-6.380154
-6.147646
-6.705535
-4.939125
-1.603461
-0.032053
-4.849832
-3.173440
-0.338509
-5.734078
-7.714552
-7.428441
-1.694176
-5.396840
-0.777365
-7.730742
-5.482027
-2.194541
-7.913238
-3.693665
-2.426118
-2.423028
-7.782561
-5.272264
-0.274285
-6.889396
-7.583483
-1.451951
-3.164709
-7.847540
-3.396693
-0.619938
-1.172802
-4.279954
-10.401502
-6.015695
-6.581952
-4.836574
-1.617811
-7.945745
-7.422947
-1.351724
-3.664642
-1.591388
-1.622669
-8.385403
-4.900875
-1.185194
-6.370573
-4.822403
-4.287528
-7.427211
-5.022693
-2.861225
0.830941
-6.187180
-7.179135
-3.202235
-7.797155
-6.947480
-6.792811
-1.271096
-8.057434
-5.292120
-3.383008
-0.085509
0.309796
-1.939517
-5.394181
-8.206655
-2.404113
-4.854225
-7.230510
-11.667912
-6.525664
-3.102031
-5.845031
-2.080186
-7.408746
0.203968
-3.894631
-1.521958
-9.814777
-2.101596
-5.950732
-5.697682
-7.360177
-5.021955
-1.248115
-0.798764
-2.132539
-2.283543
-0.362296
-5.547893
-4.982195
-2.722225
-8.019638
-5.972650
-5.265978
-6.491665
-5.119336
-0.652381
-5.182049
-4.974335
-1.568962
-3.036005
-5.918056
-5.272512
-1.771474
-4.113297
-6.235488
-1.105733
-1.532903
0.536668
-4.885108
-2.637412
-5.532522
-3.920151
-6.191871
-3.690528
-3.429081
-1.931770
-8.745507
0.162590
-2.445885
-5.412073
-6.004107
-4.733724
-3.539848
-1.668691
-5.570071
-4.844490
-6.438265
-6.336768
-3.405035
-5.255260
-5.139264
-5.911252
-2.538034
-3.731514
-2.409869
-3.349839
2.023380
-3.645771
-4.000596
-2.879261
-3.501590
-4.822455
-4.044697
-8.808949
1.055302
-8.673704
-9.714306
-0.136619
-2.546411
-1.862430
-3.300952
-7.908001
-4.936072
-1.160369
-9.611709
-5.521605
-2.922919
-9.773876
-5.086728
-3.448425
-13.293447
-4.933441
-8.648523
-4.394583
-1.252992
-10.100813
-4.554996
-7.104948
-2.976854
-1.802492
-4.669569
-5.075208
-7.325274
-8.380337
-2.683402
-3.613836
-6.960373
-5.691860
-6.696621
-5.386724
-1.590698
-7.900151
-2.255516
-3.086999
-4.793482
-9.202495
-2.951285
-2.397357
-1.860497
-2.979073
-5.118052
-5.828623
-10.498207
-2.124928
-6.941710
-6.640682
-3.810135
-7.172989
-11.677343
-0.928503
-6.979447
-4.996231
-3.035398
-6.765106
-2.163401
-7.098450
-4.785021
-5.239828
-5.266220
-4.019970
-8.527550
-2.331352
-6.178934
-7.195026
-2.962512
-2.015954
-8.380785
-9.387846
-6.804130
-3.000771
-0.424776
-8.160535
-8.856750
-8.600003
-5.051487
-5.738057
-5.589554
-2.036288
-1.143753
-6.464840
-3.211514
-5.378010
-5.863304
-3.456622
-1.991425
-5.233091
-5.705844
-2.902395
-7.849232
-3.689709
-3.157637
-4.467359
-6.895644
-4.333457
-5.672212
-3.894338
-0.013588
-3.332780
-3.409671
-7.533486
-5.122339
-5.170974
-2.236150
-8.295453
-2.964289
-2.236452
-4.698920
-7.316526
-3.935420
-0.892606
-6.559013
-4.737432
-8.014857
-4.899843
-7.013043
-3.452873
-3.472564
-8.539093
-1.266119
-2.107210
-4.365079
-2.905422
-4.302793
-7.073705
-4.637508
0.127263
-2.552159
-2.360360
-2.414073
-5.674471
-3.330667
-4.742154
-7.558795
-7.170972
-9.281927
-1.777026
-0.414264
-5.035900
-2.652408
-6.376126
-6.008219
-10.199626
-3.729527
-6.937094
-3.939335
-6.621673
-2.812358
-0.806451
-6.332140
-0.821055
-6.760045
-1.550883
-4.702823
-7.573014
-6.689996
-4.525346
-5.749380
-6.389906
-3.166491
-8.747408
-7.159634
-4.738456
-0.670603
-2.348289
-1.691942
-8.744817
-5.720490
-1.203060
-7.681347
-7.569715
-3.937332
-10.012426
-2.948723
-8.816051
-6.400799
-1.810989
-2.553358
-4.669569
-0.246870
-2.989808
-7.208723
-2.358733
-3.330522
-6.326433
-1.186150
-3.537435
-3.133541
-8.192536
-3.355778
-3.162516
-4.066964
-2.979073
-4.743297
-3.588043
-2.606498
-8.245968
-3.305337
-6.497998
-5.327920
-2.505113
-9.888105
-5.899528
-4.253825
-4.842981
-4.947064
-3.269587
-2.729467
-2.080279
-4.584241
-7.670880
1.941860
-3.155239
-3.783667
-5.495770
-8.227388
-5.962865
-7.158963
-3.765471
-1.341505
-6.804081
-7.384007
-2.038500
-3.203251
-3.503297
-1.047639
-5.157552
-2.151277
-3.705798
-2.448728
-1.120355
-2.588278
-5.286744
-1.945664
-6.846908
-3.966851
-1.298514
-6.239100
-5.266336
-1.172822
-6.845510
-3.824280
-2.090126
-3.101712
-8.960288
-5.912079
-2.443763
-3.110007
-4.417179
-7.758205
-6.041973
-2.603798
-5.310973
-5.966596
-5.768317
-4.851514
2.348945
-3.447815
-7.242600
-3.877819
-6.184826
-3.228604
-4.392413
-2.303653
-4.374054
-4.215796
-6.348426
-7.306394
-2.058733
0.555157
-4.554851
-6.358362
-3.301828
-8.840947
-6.238362
-5.751947
-3.294469
-5.334829
-8.961971
-7.788120
-2.313793
-6.016022
-4.376946
-3.658351
-3.117887
-2.697587
-2.041926
-4.102975
-6.987702
-5.515971
-6.421716
-4.017294
-6.537194
-3.244814
-4.320177
-8.055857
-5.578790
-2.431129
0.369843
-8.024254
1.325142
-7.810802
-2.859003
-5.223051
-8.351907
-3.480545
-7.224624
-1.175798
-4.340089
-4.297727
-5.864879
-0.006692
-8.325016
-1.339022
-5.656355
-3.112743
-3.918794
-4.669569
-2.415250
-3.214319
-9.623478
-4.593153
-1.846334
-4.374850
-1.243479
-2.557567
-3.713706
-6.194969
-5.773391
-6.778192
-6.855746
-9.331202
-1.744842
-7.169718
-0.172244
-5.047212
-4.497202
-5.992023
-4.127508
-3.692177
-1.909603
-0.075485
-5.730609
-4.946786
-4.981779
-9.846972
-0.617557
-3.397290
-11.059595
-2.556584
0.266518
-7.545769
-6.984044
-6.017675
-3.972580
-1.401261
-5.197876
-1.891276
-4.931947
-5.865531
-11.546267
-6.600847
-6.799010
-4.338347
-3.820880
-3.931306
-1.813133
-2.779169
-3.779540
-7.018407
-2.630866
-4.652375
-4.061307
-5.414120
-6.310691
-3.176982
-2.214187
-3.723944
-4.935332
-2.707033
-2.259814
-5.557889
-6.334634
-0.375279
-7.202842
-3.622937
-2.491424
-2.663446
-6.535908
-7.465086
-5.062846
-5.103583
-3.982964
-6.247680
-5.889711
-6.110723
0.518638
-8.523134
-4.269776
-5.922521
-6.478585
-5.032156
-0.971776
-3.292079
-1.197949
-4.280607
-0.815930
0.346725
-3.322773
-1.826496
-4.829117
-0.560088
-2.560528
-7.762142
-6.365875
-1.461438
-2.490941
-4.425068
-3.186268
-4.121910
-5.298886
-2.239475
-6.491341
-3.134543
-3.840674
-1.587879
-6.961718
-4.888331
-4.667082
-9.031517
-3.375304
-2.197667
-5.369075
-4.049138
-5.901132
-8.781009
-4.654874
-1.886413
-6.088861
-3.930604
-4.221662
0.376576
-4.526245
-4.653885
-1.449947
-2.661035
-0.383465
-4.968465
-2.411317
-7.468440
-7.255607
-7.177346
-6.101224
-5.516406
1.358279
-5.587489
-2.075669
-2.887659
-8.289180
-4.920560
-6.650675
-4.795368
-3.242708
-7.233895
-5.843989
-5.699313
-0.921251
-4.255960
-9.205571
-1.846296
-6.062499
-3.277392
-2.342298
-8.139800
-0.897401
-2.709167
-3.390599
-1.205793
-1.964966
-3.945414
-7.591942
-7.755818
-2.095077
-2.425902
0.414411
-6.577010
-2.352827
-7.515371
-4.151093
-0.908745
-7.360717
-6.190557
-3.594018
-2.726651
-1.875092
-7.903797
0.344219
0.532636
3.096663
-4.658056
-1.879601
-3.692828
-3.621974
-7.221472
-3.945011
-3.525601
-8.763553
-5.095541
-9.049171
-7.513705
-4.727446
-6.935328
-7.005806
-3.716892
-6.793492
0.938814
-2.594704
-3.929565
-5.348794
-6.389148
-7.045823
-7.221221
-6.519623
-3.946661
1.166884
-8.910124
-1.413916
-4.551996
-6.093006
-2.092325
-2.135024
-5.709282
-8.077675
-1.386446
-3.417851
-2.859801
-8.910727
-9.849483
-5.924310
-6.010413
-3.554107
-3.387488
-2.983046
-4.308677
-3.551825
-1.193475
-6.759392
-7.266868
-7.766490
-1.276122
-2.648165
-2.009494
-4.203815
-7.160582
-8.736537
-6.978761
-5.182261
0.195380
0.654675
0.084969
-6.898197
-5.904614
-2.787995
-6.622971
-5.820286
-5.990211
-0.902167
-4.370008
-3.523162
-3.055171
-4.817302
-6.368331
-1.292627
-3.826760
-6.037799
-4.961612
-4.095341
-4.254001
-5.650028
-5.041842
-0.985216
-7.718550
-5.697342
-3.482470
-7.037461
-2.953752
-5.164926
-5.222338
-3.563565
-9.868359
-0.836633
-2.213163
-8.271528
-3.335372
-2.429340
-6.478376
-2.549499
-7.483223
0.386333
-1.298861
-5.264749
-6.160717
-4.768905
-8.715675
-9.646072
-4.968351
-2.261163
-5.027647
-1.610728
-9.239365
-7.051411
-6.552850
-8.269687
-7.458380
-3.602382
-4.295266
-7.967001
-4.433193
-2.767122
-5.681616
-4.742176
-1.887697
1.014647
-5.821237
-6.147388
-6.394672
-5.786663
-8.439302
-5.116505
-5.013514
-6.050256
-5.850204
-7.725022
-4.895287
-7.639277
-5.661964
-2.318982
-7.191324
-4.494455
-7.336946
-6.369887
-4.593122
-11.201918
-4.117292
-6.747024
-6.665910
-1.759930
-1.232045
-3.665345
-4.669899
-10.974439
-6.283595
-0.621146
-6.931741
-4.461177
-4.547665
-5.622809
-7.377026
-4.982605
-7.740946
-7.228417
-1.419266
-6.069029
-8.439582
-5.417084
-6.135629
-1.861264
-4.107922
-5.560071
-6.799200
-2.788152
-2.595005
2.012770
-4.783858
-4.007207
-4.671149
-6.447491
-6.050716
-7.712651
-2.916633
-2.800274
-6.559337
-8.263067
-0.054959
-5.815330
-5.568761
-0.742127
-3.313044
-4.467434
-2.447617
-1.740759
-4.194236
2.027763
-0.211746
-3.088720
-4.019489
-1.848353
-6.373179
-7.842069
-2.377475
-4.279101
-5.716875
-3.734574
-6.535860
-1.474668
-5.447248
-4.532001
-1.087348
-5.360652
-4.623882
-7.045777
-1.698343
-3.601723
-5.164288
-3.772752
-7.846802
-5.202186
-8.182363
-4.664407
-6.062796
-4.388901
-10.561272
-5.987341
-4.233463
-2.546563
-5.194113
-6.724133
-6.691367
-3.531775
-3.177407
-4.060605
-7.989912
-4.046997
-3.318408
0.144494
-8.734681
-7.479469
-4.360439
-4.036904
-4.763361
-3.927449
-7.392563
-7.054117
-3.388382
-8.532601
-6.365001
-3.217165
-8.239583
-0.846891
-5.638971
-6.293022
-4.035968
-3.066374
-7.247979
-4.956866
-4.470379
-5.651245
-3.943207
-1.706386
-6.495520
-5.862419
-6.316761
-3.530050
-7.121599
-7.081286
-0.487274
-4.297006
-6.516160
-6.709231
-7.349282
-9.604787
-4.312853
-8.217911
-3.136404
-4.751208
-4.573256
-9.424542
-3.880654
-5.607712
-2.954315
-3.332276
-0.329906
-7.391194
-3.683991
-3.141231
-1.054067
-6.317638
-4.643959
-4.405432
-5.539763
-7.094836
-5.500024
-1.375551
-4.834167
-6.552914
0.076505
-3.110411
-6.819982
-4.624785
-5.844614
-1.471417
-4.119759
-7.997684
-3.342017
-2.113880
-5.484052
-5.907542
-6.337288
-8.274458
-2.721794
-5.398548
-6.020622
-6.191720
-9.933714
-0.066772
-5.012413
-8.414820
-7.625694
-4.834967
-11.243443
-3.396235
-6.448924
-5.227312
-3.771344
-2.357286
-3.599267
-0.959296
-3.624190
-4.832744
-7.015441
-5.705844
-4.412948
-5.222501
-0.689668
-2.671697
-8.169039
-4.542603
-4.591738
-4.036665
-5.519116
-4.718492
-8.593549
-5.920239
-5.274070
-4.034066
-4.891918
-5.406656
-5.403600
0.560441
-5.266170
-1.593994
-5.231875
-5.880931
-3.966184
-4.509781
-3.231145
-5.083771
-4.046556
-2.172448
-4.254936
-2.050810
-4.958287
-1.369182
-3.597382
-2.550513
-3.538105
-4.117717
-8.943995
-3.859526
-4.319591
-0.994240
-3.411843
-2.657936
-7.309854
-5.154938
-7.128914
-5.190453
-6.450640
-6.042227
-1.881341
-0.951121
-8.265123
-2.109241
-3.557244
-7.571127
-1.580847
-4.006082
-5.920321
-5.250690
-2.144664
-4.125976
-2.886983
-6.852785
-8.867462
-7.485394
-6.342399
-8.303783
-5.336262
-7.365548
-4.234769
-3.319902
-4.923277
-3.724441
-3.804834
-6.979322
-4.584785
-5.269538
-2.410783
-3.801907
-1.446282
-6.943693
-8.254720
-1.874399
-4.096359
-4.469553
-5.448320
-5.472234
-8.049914
-8.978983
-4.246369
-4.292685
-2.831785
-6.160247
-2.933550
-2.185165
-5.125487
-0.692543
-4.050087
-4.626310
-5.052482
-2.970413
-3.978530
-4.685634
-1.854130
-3.320119
-3.988784
-10.630441
-2.482243
-5.594738
-3.606724
-7.794827
-5.732773
-1.711983
-3.905757
-3.287679
-9.874725
-2.777155
-4.669569
-4.092472
-1.525090
-0.344502
-3.590278
-2.869754
-8.080308
-5.630136
-3.977860
-5.187873
-9.262848
-3.806498
-5.575330
-6.405400
-3.812250
-6.589742
-3.073728
-10.457375
-3.060588
-6.261669
-6.551016
-7.647160
-7.115486
-1.590789
-4.069833
-5.325451
-6.344494
-4.480059
-6.663510
-7.998374
-4.108361
-6.650958
-3.576743
-0.450689
-9.815871
-1.851470
-4.135297
-2.596612
-7.610312
-2.651738
-1.136573
-2.199650
-5.516791
-2.768991
-4.036514
-9.030095
-1.714447
-6.655501
-3.621498
-7.644166
-3.928720
-2.881039
-7.094042
-4.174139
-5.489895
-2.675920
-4.769251
-1.448501
-7.516043
-0.309114
-2.274973
-2.673538
-5.589197
-3.541938
-11.138872
-6.875271
-4.866417
-0.002625
-5.343824
-9.487206
-5.129664
-8.531816
1.128173
-4.863997
-2.892736
-5.769600
-6.750120
-2.989257
-1.014957
-3.960644
-2.490278
-3.386817
-10.568015
-3.590519
-4.615286
-8.958117
-6.957319
-6.977772
-8.852418
-1.276794
-4.601818
-1.456320
-1.876400
-11.748948
-4.002384
-0.505759
-6.440621
-3.889004
-3.911732
1.245994
-5.201410
-7.215210
-5.428386
-6.318127
-4.862056
-2.991595
-5.880701
-3.910567
-6.215712
-3.689651
-2.692881
-7.165092
-3.168313
-4.574246
-3.363526
-7.081492
-3.851376
-3.593544
-3.489736
-2.916115
-5.948353
-4.117195
-6.556077
-8.234673
-3.904490
-8.525049
-0.883393
-7.108300
-0.529909
-1.433811
-3.399122
-3.129452
-9.302086
-3.751334
-2.698278
-0.143029
-8.001862
-8.267108
-5.448442
-4.103992
-3.045708
-2.750551
-10.374419
-5.370396
-5.209435
-5.566216
-2.316141
-5.450804
-4.086641
-3.103621
0.215712
-5.254119
-0.884857
-6.271090
0.790235
-5.493676
-3.579649
-8.703403
-5.474044
-7.279878
-2.848052
-4.984919
-6.399529
0.579769
-3.794452
-2.881718
-5.115595
-3.304271
-2.334626
-9.701177
-5.125587
-3.742685
-7.576136
-2.175079
-4.768936
-4.104570
-8.296246
-2.604199
-1.714899
-4.629753
-8.373215
-2.357340
-6.105529
-8.032769
-5.310869
-2.575226
-4.175431
-5.364357
-3.893025
-4.484978
-5.631147
-6.619418
-12.763833
-3.011480
-2.809346
-2.419595
-1.701462
-2.042056
-1.473616
-5.093300
-5.524014
-5.007935
-1.917629
-3.545263
-6.481597
-5.518762
-9.797288
-2.486681
-3.958820
-2.936865
-2.155297
-3.182827
-7.811850
-5.777478
-3.122591
-4.737863
-6.132517
-5.167433
-8.793715
-4.572690
-1.835649
-4.763630
-4.971968
-3.456498
-2.816123
-2.664904
-3.279119
-5.728547
-1.761666
-5.815307
-5.255975
-6.360746
-4.780125
-2.902209
-4.288077
-2.273647
-4.092225
-2.623229
-0.375970
-5.817460
-5.961649
-7.825959
-4.653917
-7.597173
-3.272794
-4.798279
-9.831065
-4.604247
-6.380432
-3.284663
-3.747647
-2.939721
-3.793046
-1.974794
-2.096166
-4.802878
-4.097848
-3.400407
-7.362385
-6.103171
-1.353963
-3.531430
-1.395787
-6.225144
0.560946
-5.629952
-5.757420
-5.555503
-1.915205
-4.794223
-2.960878
-5.836900
-5.409966
-3.462334
-4.465445
-4.291982
-2.835187
-3.957786
-0.728758
-3.699185
-4.476133
-0.829243
-3.955784
-7.507582
-6.628466
-3.057179
-6.272009
-5.299863
-2.609694
-7.059125
-5.562298
-4.552261
-6.812608
-3.528887
-3.317223
-3.748657
-4.861934
-5.942080
-8.273113
-0.587694
-1.859765
-10.051473
1.126427
-7.806339
-3.180749
-6.204747
-6.624668
-3.922139
-2.299006
-4.122384
-6.696407
-5.448536
-5.225742
-3.460381
-4.391965
-6.475954
-7.573999
-3.823288
-3.486386
-8.243559
-4.841491
-3.338933
-5.089528
-7.312633
-4.796511
-10.588459
-0.609259
-5.941869
-4.005074
-7.000943
-6.212823
-7.203819
-2.352499
-6.135650
-7.733675
-5.417900
-5.781549
-8.682346
-2.436435
-2.647812
-6.702214
-1.006499
-3.760278
-4.541953
-6.691182
-5.484831
-3.158957
-5.097857
-3.528732
-1.213160
-4.023547
-2.392955
-4.252298
-6.506380
-10.131905
-3.164925
-4.133433
-7.659806
-4.783895
-2.299556
0.658630
-1.014641
-9.605453
0.857805
-3.353457
-3.177708
-7.338542
-6.829153
-7.207715
-7.548894
-5.302196
-6.992805
-3.207005
-4.510703
-6.401320
-4.435390
-3.015721
-6.627332
-2.273013
-3.376301
-3.307680
-4.798928
-7.345484
-5.437258
-6.178325
-4.362938
-5.511503
-5.385972
-4.562728
-6.428272
-7.396507
-8.674259
-5.867476
-9.007834
-4.690239
-5.064785
-5.734267
-1.954394
-6.031843
-1.782393
-4.963255
-6.279963
-3.590812
-1.769674
-9.154799
-4.599531
-8.093127
-6.454937
-2.181430
-3.359986
-5.482178
-1.233981
-0.696984
-4.479188
-6.430987
-1.643901
0.014048
-5.274362
-6.505019
-6.730509
-4.884085
-6.000306
-7.136681
-0.657239
-4.489780
-1.673008
-8.531075
-9.888382
-3.565901
-7.785178
-8.299258
-5.213719
-2.269105
-5.957615
-4.868008
-5.939878
-4.030123
-4.078626
-3.764207
-5.895495
-5.806709
-3.626659
-9.117706
-5.301995
-1.653844
-6.366686
-4.506783
-8.096271
-0.225208
-8.963236
-4.310713
-3.676990
-3.358457
-6.949584
-6.873422
-6.623305
-4.226209
-6.788478
-0.928581
-7.266560
-4.986573
-5.413573
-5.230605
-2.657507
-0.188053
-4.655416
-1.196444
-0.761187
-4.932589
-7.591103
-6.831964
-7.392034
-7.925821
-6.688652
-4.237942
-8.283916
-1.470553
-6.779195
-7.549942
-5.048769
-5.607469
-1.410835
-4.550481
-5.792931
-5.190687
-2.447247
-3.652042
-3.255378
-6.607655
-2.806243
-2.417374
-3.640955
0.709400
2.961360
-3.227111
-0.106851
-4.125976
-5.302877
-0.404600
-7.891661
-8.752637
-4.807709
-2.980226
-7.255001
-2.453117
-9.321733
-4.486474
-8.348086
-6.301972
-0.010477
-11.331400
-3.842233
-9.931258
-0.157652
-4.354263
-5.107764
-5.669747
-3.641716
-1.153018
-3.589844
-7.484747
-2.441532
-6.904529
-2.324069
-6.425073
-6.380011
-8.357376
-3.976876
-3.981976
-8.506989
-3.788857
-2.017592
-3.549598
-6.566224
-6.425214
-6.047760
-0.982201
-6.211093
-3.351821
-1.629813
-4.062511
-4.005875
-6.097500
-9.637467
-5.618612
-7.328771
-5.749024
-5.441612
-6.225627
-5.846025
-4.923860
-5.306545
-6.154407
-5.634159
-4.622336
-4.025709
-5.158154
-6.369388
-2.359054
-7.917039
-1.114906
-4.795311
-5.040214
-0.633369
-5.388101
-5.188114
-5.320007
-9.317812
-6.026277
-4.442437
-4.230762
-6.869120
-3.062157
-3.474008
-4.456351
-6.047246
-4.795118
-5.156752
-5.058747
-4.853033
-8.825853
-5.232552
-0.516449
-4.182614
-4.058939
-4.019459
-7.655851
-7.552636
-2.529174
-2.521029
-8.583995
-6.853134
-5.214605
-6.149611
-3.588334
-5.667229
-6.602256
-5.044632
-4.321488
-6.174436
-2.694617
-7.973585
-3.893394
-5.096010
0.544924
-7.676011
-2.974430
-7.173905
-4.908554
-4.682987
-4.781689
-3.596268
-1.313503
-7.381588
-6.306045
0.560348
-2.388586
-5.587558
-5.126091
-3.327883
-1.299101
-4.263460
-1.229306
-3.292580
-2.768636
-3.011740
-4.956785
-2.965368
-8.404654
-3.337449
-5.825451
-7.215148
-2.182597
-2.014276
-3.786341
-6.557774
-3.391167
-6.773565
-1.631833
-2.387623
-1.414559
-3.769507
-6.717391
-2.468763
-8.208418
-6.403274
-7.713025
-6.008880
-8.243658
2.436122
-6.935437
-6.616454
-5.401326
-5.303934
-4.485501
-7.296979
-0.760172
-5.942969
-5.973952
-6.481077
-1.943729
-3.932948
-5.486212
-6.004207
-3.854048
-1.858373
-9.489145
-1.560318
-5.207778
-3.192730
-8.937464
-5.028639
-4.074609
-7.280903
-0.887350
-5.122752
-4.877072
-7.040751
-10.195116
-1.372693
-1.993771
-6.034304
-4.983206
-5.260869
-6.669149
-7.406981
-5.120377
-4.125976
-6.090150
-3.889648
-3.149064
-3.697658
-5.276717
-0.761375
-7.192669
-7.792757
-1.287216
-7.423311
-2.346737
-8.149569
-7.371837
-7.491442
-4.685635
-4.229981
-2.291125
-4.987045
-5.030487
-4.076930
-2.131061
-7.718549
-3.080276
-2.264893
-5.154945
-7.440626
-3.877203
-7.229906
-2.914411
-4.414149
-5.027371
-3.791909
-7.611712
-3.479267
-4.466303
-1.511650
-4.447064
-4.552006
-5.639057
-6.662028
-3.936502
-4.093638
-1.652479
-7.400392
-9.698985
-7.571648
-6.642842
-1.753793
1.272990
-6.478880
-9.902411
-0.480158
-7.966798
-5.546793
-2.090063
-10.530005
-4.965531
-3.474121
-3.871602
-7.568345
-1.567832
-4.933731
-13.349461
-7.367157
-3.434916
-1.881058
-0.194583
-7.901552
-8.451274
-7.003065
-5.606463
-4.349403
-3.744939
-5.405449
-5.372556
-3.058981
-1.855790
-4.577952
-2.516115
-2.919173
-4.179967
-8.966841
-5.449999
-8.923441
-4.928595
-3.432272
-3.998886
-7.610633
-4.700858
-2.949003
-8.169707
-4.166406
-0.381701
-2.184988
-5.235568
-3.635518
-3.540885
-3.732969
-6.461816
-5.855319
-8.464864
-4.058850
1.549284
-5.048078
-7.371147
-3.065773
-3.233528
-7.480539
-0.928788
-1.817565
-2.398167
-3.127022
-11.517775
-3.405668
-6.006907
-4.818676
-3.836891
-5.805535
-3.478073
-5.966737
-8.598866
-6.171138
-2.331082
-0.030288
-5.402964
-4.360880
-3.877674
-3.886207
-3.433965
-5.767394
-7.830179
-6.077740
-2.478664
-3.190101
-8.650133
-3.167689
-6.519495
-2.451025
-5.339883
-2.715660
-4.199464
-4.344951
-6.389248
-4.655962
-3.097926
-6.798594
-5.424562
-1.882476
-5.413494
-2.871441
-1.443622
-3.574711
-0.497195
-4.701054
-3.660220
-5.098877
-6.264437
-7.035095
-2.764763
-5.282632
-3.096917
-8.651026
-2.812132
-4.139852
-4.475693
-5.104093
-5.918883
-6.821400
-4.571919
-3.569404
-6.084052
-3.538388
-3.080619
-5.904298
-2.580240
-3.892290
-7.603933
-3.071190
-1.909814
-5.363052
-5.037348
-2.125993
-4.490995
-6.331056
-6.693546
-5.133654
-7.517157
-5.438592
-3.362798
-7.442395
-6.919503
-4.547975
-2.066985
-8.140354
-2.999701
-5.093288
0.549564
-4.691232
-8.038728
-7.195560
-2.427917
-5.076935
-2.198175
-5.156532
-5.289418
-5.494467
-2.266769
-4.110608
-9.065181
-5.815785
-5.233515
-4.301538
-5.244653
-3.157632
-6.327253
-3.639760
-6.015121
0.592182
-6.180825
-9.770070
-6.149762
-3.772381
-4.298657
-6.261946
-1.962826
-4.943812
-7.251235
-4.530941
-6.492459
-4.592643
-4.623952
-8.169878
-3.465474
-7.607908
-3.193602
-6.059894
-6.535225
-6.032874
-4.455914
-8.426891
-1.357302
-5.493668
-7.951923
-2.656599
-4.567663
-5.596139
-6.784533
-5.290503
-3.507589
-6.311778
-2.587001
-5.206587
-4.834389
-3.870884
-3.695046
-7.784788
-3.975208
-2.902330
-5.536500
-4.757330
-4.083347
-3.782256
-8.279282
-6.631766
-5.021866
-5.662816
-2.262539
-8.744591
-4.443176
1.597131
-7.295795
-6.552956
-5.817730
-3.691003
-3.417287
-4.571661
-1.669932
-2.363070
-5.444766
-3.965430
-3.573415
-6.605794
-6.809190
-7.323165
-6.995348
-3.099424
-6.761635
-4.218122
-7.146037
-3.975307
-8.557315
-6.698753
-5.719147
-6.245142
-5.507903
-5.248285
-6.955725
-6.781302
-2.726420
-5.567984
-1.719079
-6.580150
-8.184677
-10.323189
-6.349976
-4.320531
-6.669528
-5.741418
-7.276684
-4.010646
-4.929426
3.444628
-8.532601
-3.157887
-6.870597
-3.659797
-8.353181
-7.130669
-5.866884
-5.310988
-7.423728
-1.896578
-5.453414
-4.841815
-7.437677
-1.882960
-10.323189
-2.961596
-6.687134
-6.072296
-5.833505
-6.236181
-5.902521
-3.280452
-4.036098
-0.449065
-8.702915
-5.141967
1.942738
-8.182573
-4.038250
-1.806504
-4.450022
-4.435370
-8.203672
1.993399
-5.748620
-0.712210
-5.448581
-5.244338
-8.018965
-2.002101
-2.025100
-6.500330
-4.839584
-4.409734
-5.646918
-3.977548
-2.109571
-4.719560
-6.835558
-3.551892
-4.351593
-4.927144
-8.267045
-5.650872
-0.481231
-7.051417
-5.224327
-2.992798
-5.208328
-9.097635
-4.710847
-3.461634
1.020240
-5.281047
-6.372935
-5.884827
-3.618408
-6.467388
-8.089608
-1.763538
-4.772491
-5.740831
-0.143368
-3.247688
-4.776023
-9.665719
-4.449896
0.086334
-4.043052
-5.192849
-10.607458
-7.789749
-7.420310
-3.059789
-5.803947
-5.924038
-6.068632
-5.847571
-6.722815
-6.857598
-4.010353
-1.888930
-6.955468
-8.706120
-6.677799
-3.520181
-6.227093
-2.961968
-1.484296
-8.309063
-4.977202
-1.413662
-1.437449
-3.086339
-6.271985
-6.568849
-0.879608
-7.201988
-1.886615
-2.974207
-7.539617
-8.513197
-7.271023
-3.767011
-5.427409
-1.336143
-6.563217
-7.949036
-1.966567
-7.563860
-2.089185
-8.732709
0.431346
-7.247855
-4.865601
-7.192669
-4.314735
-4.052444
-2.221349
-4.081312
-3.856360
0.266688
-4.397880
-4.899404
-1.906650
-1.890886
-6.441592
-7.444926
-8.299565
-10.418061
-3.097068
-6.735899
-3.939477
-3.187234
-2.395481
-3.080906
-6.086924
-4.365048
-3.341603
-7.536003
-4.335390
-1.610419
-5.261685
-6.179044
-1.840997
-1.217183
-4.231936
-4.561949
-4.174061
-6.130037
-8.636350
-4.679053
-5.677384
-1.574403
-3.241349
-7.492384
-5.718656
-6.194613
-2.599869
-2.570051
-3.812783
-3.272534
-6.481152
-6.934779
-6.341955
-7.190403
-2.920278
-3.398741
-2.611030
-1.338601
-6.062743
-6.594015
-6.029335
-9.577187
-3.685465
-7.427829
-10.920197
-1.538593
-3.944635
-3.477042
-4.650595
-4.580714
-8.108179
-1.629242
-5.874168
-4.929864
-6.875727
-7.654145
-3.423521
-0.821171
-1.254808
-3.561644
-6.049146
-2.047073
-4.827755
-4.153680
-6.211254
-8.459637
-6.882156
-7.033057
-7.985895
-5.476967
-2.910156
-3.149082
-2.983842
-8.119766
-8.288256
-5.540118
-4.789467
-5.947748
-4.816290
-6.295000
-4.208094
-6.917428
-5.386677
-6.470156
-5.711356
-3.814176
-2.313038
-2.512585
-4.162387
-5.338697
-10.508302
-0.881399
-3.221323
-2.503823
-4.532289
-4.196774
-5.971057
-5.255139
-3.452665
-10.253408
-7.997569
-8.536268
-9.080526
-4.318723
-3.386190
-2.699215
-3.055866
-6.313433
-6.856642
-1.819520
-5.620121
-5.091093
-5.690820
-8.738553
-1.289525
-4.855950
-6.777624
-7.317863
-7.755849
-3.886491
-4.465408
-9.133591
-4.272919
-5.780747
-5.228378
-8.350061
-3.047110
-5.670806
-3.582839
-3.970005
-7.870302
-1.855451
-4.665090
-6.952754
-5.322676
-4.620214
-3.659367
-1.821662
-10.096754
-4.674984
-4.281044
-5.344714
-6.561817
-5.382096
-9.379690
-7.377832
-6.496652
-8.730940
-5.515800
-6.279472
-1.212283
-2.370100
-4.546079
-6.763519
-7.507320
-3.635443
-4.755480
-3.825833
-5.089643
-3.092328
-7.223112
-4.163213
-2.845647
-3.977503
-3.957283
-7.864401
-8.771267
-4.301242
-4.335262
-5.225559
-7.359167
-7.130104
-3.773216
-4.189373
-5.671848
-4.466220
-8.169564
-8.493871
-6.300867
-6.945966
-4.914331
-4.685014
-5.007280
-5.330765
-5.198142
-9.212172
-6.158851
-2.245672
-7.146578
-1.719935
1.006290
-5.048619
-5.815475
-5.991038
-3.211590
-7.739851
-5.881674
-10.038110
-6.807250
-6.976523
-6.153759
0.067874
-2.714403
-5.228209
-5.260805
-2.966727
-3.568664
-4.847074
-3.671110
-6.386594
-5.471679
-6.916410
-9.790292
-6.617539
-1.233861
0.111892
-8.170401
-2.964551
-5.277176
-6.276252
-8.106363
-1.805980
-5.578592
-4.635231
-6.128323
-3.567675
-5.790001
-5.761114
-2.835809
-6.289965
-2.841495
-5.758148
-3.906213
-8.014118
-7.371917
-6.215305
-8.393000
-4.874109
-4.333847
-1.970829
-4.271432
-6.865366
0.417605
-4.650651
-9.288336
-4.975845
-7.713846
-2.348841
-4.647792
-3.689489
-8.412992
-4.647109
-5.765787
-2.872382
-3.154191
-6.485031
-6.019684
-4.343311
0.992008
-5.440855
-2.997401
-2.115371
-6.765345
-4.530062
-3.151501
-2.211874
-5.783907
-3.317593
-6.545089
-5.213645
-9.461771
-9.022662
0.294482
-6.280892
-7.002883
-8.923037
-2.044051
-8.719414
-3.838507
-0.071926
-5.752578
-7.514300
-6.694162
-5.477514
-2.670145
-5.415324
-7.039167
-5.878921
-7.826937
-7.193483
-7.680243
-10.652565
-2.412424
-7.175670
-7.797846
0.073017
-2.551363
-4.924363
-5.419155
-8.785664
-9.751247
-6.580530
-6.073729
-7.053096
-3.963022
-2.315379
-5.070806
-6.620728
-9.591988
-6.942808
-7.342884
-5.650865
-4.672488
-5.521415
-5.666740
-6.347987
-2.583427
-7.643209
-5.664267
-8.040129
-2.543448
-11.587003
-4.306328
-5.652284
-4.784651
-4.806741
-4.456010
-4.614212
-4.046394
-4.298428
-8.618608
-2.722569
-1.132902
-3.557148
-2.757103
-8.696478
-2.240625
-5.635355
-5.041481
-5.684138
-8.211546
-5.244081
-5.296750
-5.705844
-5.762418
-5.891708
-4.210077
-5.683874
-3.254107
-5.668017
-8.133780
-1.344126
-4.531893
-5.766093
-2.594710
-3.583708
-5.702528
-5.545238
-6.209263
-6.819616
-7.867116
-7.596636
-5.206400
-8.430957
-4.154129
-6.440711
-3.409001
-5.455503
-4.382471
-5.505845
-3.511248
-7.518900
-6.988333
-9.088272
-0.864059
-3.836210
-2.506473
-6.319960
-4.164028
-5.444256
-3.768124
-6.446605
-7.192669
-8.308261
-3.953469
-6.087771
-3.924862
-7.960574
-4.113675
-2.616154
-3.829795
-6.445548
-2.123080
-5.629046
-1.265754
0.531003
-6.672786
-5.482032
-8.196441
-11.901542
-8.427473
-3.348307
-3.780235
-5.937485
-4.545537
-5.271953
-0.926491
-3.237149
-7.665129
-3.913456
-1.436073
-4.857897
-2.872025
-4.649089
-6.383438
-4.678409
-1.769557
-4.131040
-3.078954
-4.992083
-2.233954
-6.445025
-4.402478
0.000136
-1.605609
-3.537888
-7.790930
-5.271915
-4.278414
-5.632160
-4.134658
-8.528606
-5.453265
-2.476383
-1.729443
-5.694440
-3.484964
-3.207563
-6.365329
-4.310752
-2.434515
-6.897541
-2.419432
-8.196596
-7.003498
-3.613415
-5.538946
-1.751065
-7.414906
-0.792375
-5.305655
-6.966994
-6.429180
-6.621294
-4.828327
-0.623734
-8.177698
-5.111236
-0.955496
-1.657394
-4.876921
-4.818159
-2.711327
-4.053134
-4.968223
-10.944836
-9.026745
-4.305266
-1.968533
-5.152071
-6.097146
-4.610811
-7.463795
-5.090845
-5.063373
-5.565588
-4.415644
-10.200418
-5.444040
-0.829343
-5.167007
-5.018461
-9.407980
-8.907314
-3.248297
-7.254733
-5.327377
-1.807209
-3.037021
-2.611794
-7.439808
-7.889502
-5.660222
-7.056173
-1.830574
-3.998263
-4.520615
-8.224405
-3.291882
-6.334850
-4.873817
-3.509576
2.502200
-7.053197
-8.419024
-0.380141
-2.667700
-8.710886
-2.636874
-0.684510
-6.543537
-4.287714
-5.943758
-4.658697
-1.832618
-5.800280
-4.428950
-5.261247
-3.299005
-3.638875
-9.031187
-4.099504
-7.386257
-2.495421
-5.596179
-6.019204
-4.600830
-6.170072
-4.875248
-2.365334
-5.044814
-4.137592
-3.194110
-3.786546
-7.814504
-5.028693
-7.534914
-2.902395
-6.326830
-1.734716
-4.817297
-5.943430
-4.943976
-8.052289
0.498377
-7.648488
1.093552
-7.201307
-5.566344
-3.516067
-8.223639
-7.692564
-5.074248
-1.252165
-8.741960
-1.593072
0.436447
-7.240709
-9.018119
-4.741267
-10.129660
-6.915001
-9.745691
-2.963519
-6.540344
-3.884498
-7.593392
-6.863492
-3.453771
-5.837398
-4.393644
-2.700207
1.770487
-6.620235
-4.088925
-3.063541
-4.959982
-6.614761
-4.345956
-0.314916
-4.348416
-2.873425
-7.365350
-8.880365
-9.100200
-2.984087
-4.370008
-1.412052
-5.278976
-6.155417
-3.600996
-1.381871
-5.545634
-4.610299
-6.829073
-4.615642
-2.065804
-6.187841
-4.687813
-9.197138
-5.982646
-4.110148
-2.287724
-5.665681
-4.805009
-4.789701
-7.452528
-5.052970
-3.862972
-7.795938
-2.439819
-1.671122
0.462987
-3.352478
-4.612999
-4.122952
-1.470102
-5.832550
-11.768824
-5.860074
-5.112070
-3.223942
-3.250156
-6.367582
-7.665216
-6.554071
-3.521564
-9.397019
-7.584248
-5.136462
1.232720
-6.497238
-6.931694
-6.340256
-2.229023
-4.094172
-5.529238
-5.331549
-4.669931
-3.880278
-1.058936
-4.843638
-8.182587
-3.679142
-2.813196
-5.877214
-3.600867
-3.430820
-4.920490
-8.309096
-7.757219
-1.775989
-7.153078
-5.384834
-8.538903
-0.747139
-4.030435
-3.891715
-6.469453
-2.249987
-6.469628
-6.792903
-6.575045
-3.359166
-6.420880
-5.857965
-1.917980
-0.945037
0.956962
-2.170371
-11.467352
-2.647964
-2.853060
-7.344409
-8.969173
-3.884995
-2.442135
-7.394298
-6.227892
-5.029250
-5.286642
-1.297836
-6.096860
-7.260912
-8.561302
-6.537882
-4.333393
-2.136781
-1.588121
-1.681509
-3.321084
-6.528638
-3.512775
-4.394670
-0.662921
-5.322478
-10.241411
-8.271868
-6.585147
-2.377640
-4.797915
-3.904145
-5.212145
-4.362442
-4.587315
-3.823906
-4.067988
-4.327453
-0.843886
-3.003254
-5.411222
-8.718771
-4.912047
-5.293993
-3.261601
-4.825127
-7.840945
-8.419598
-10.389867
-5.252380
-5.162020
-6.262603
-4.861089
-6.262522
-6.856974
-7.098326
-5.675644
-1.454114
-4.608280
-7.449655
-3.181239
-7.311642
-5.530295
-4.525206
-5.659683
-4.779075
-6.044337
-1.024011
-5.815532
-3.484770
-7.731290
-5.707776
-1.467383
-3.035959
-4.600191
-3.104035
-10.113960
-1.885035
-6.969646
-3.778162
-6.367239
-5.269551
-10.519548
-2.882987
-5.200963
-3.475872
-11.824186
-5.497338
-4.284833
-2.393511
-5.910464
-6.069457
-3.868094
-9.120422
-5.530638
-4.514373
-5.026139
-4.334129
-0.976478
-6.322148
-0.460971
-6.712126
-9.563259
-4.712628
-4.251545
-5.860757
-2.679785
-4.689920
-2.087711
-4.662284
-5.374150
-7.546380
-0.591088
-5.424098
-2.668635
-7.741644
-3.170225
-5.283385
-7.334002
-5.408648
-3.907276
-2.755149
-5.978442
-6.802848
-5.353329
-5.310581
-2.642243
-3.814756
-5.828592
-7.760962
-5.492007
-4.181674
-3.893012
-6.701332
-4.462778
-5.104288
-3.832327
-5.239448
-3.168992
-3.546051
-3.979939
-7.005965
-2.572872
-4.052620
-5.414478
-3.141646
-6.986700
-4.424232
-4.123749
-4.926037
-5.865133
-2.862113
-6.012805
-6.552330
-1.757079
-3.812189
-4.666862
-9.646542
-1.874122
-5.236699
-5.657634
-3.760355
-1.049838
-6.103885
-4.541843
-5.782490
-6.692630
-5.260700
-0.706519
-4.765237
-5.384615
-3.765774
-6.554527
-5.828912
-7.217900
-5.248946
-4.314668
-7.677573
-12.835205
-7.005844
-1.205843
-5.213096
-3.954705
-4.498796
-2.923703
-7.907474
-5.815676
-6.071877
-4.187054
-3.048060
-4.658467
-5.918849
-2.379450
-6.767546
-7.128916
-7.985827
-6.496925
-7.085653
-2.929755
-5.644177
-5.518984
-5.383815
-5.068154
-2.676157
-3.469259
-3.027154
-5.252603
-6.444839
-4.528322
-5.593636
-6.833242
-5.731318
-0.774511
-4.562219
-4.899307
-4.041739
-4.592897
-9.773260
-1.469608
-5.634178
-6.170443
-0.198926
-6.102012
-2.605673
-5.285244
-7.233269
-4.649298
-9.829867
-2.971248
-5.415544
-6.500182
-7.888902
-12.233009
-2.768881
-5.727312
-7.348114
-10.114422
-5.009784
-9.122066
-2.506896
-2.014154
-0.734565
-4.107423
-7.315959
-4.063566
-4.587717
-10.960840
-4.936261
-6.075313
-3.481120
-7.016733
-3.599281
-5.758702
-4.993570
-3.607758
-1.498203
-7.323724
-8.230223
-1.046266
-5.545904
-7.422926
-8.362841
-13.750288
-7.224410
-3.334525
-4.923960
-5.656659
-5.841209
-6.304852
-3.054687
-4.350843
-7.049520
-6.259481
-3.351190
-4.179258
-4.213591
-2.950077
-0.269509
-4.224381
-10.748135
-9.260882
-5.256489
-3.598082
-6.131094
-3.574833
-5.286649
-6.752951
-6.309486
-5.179681
-0.442493
-6.779160
-5.504150
-9.320148
-3.742056
-4.182751
-6.508934
-5.925794
-2.891589
-3.473507
-4.046453
-4.805959
-7.395913
-4.522337
-1.661087
-7.593277
-5.897999
-6.849214
-9.821527
-2.311828
-2.571611
-4.088125
-2.979073
-10.779735
-2.691518
-4.107393
-5.423721
-6.447950
-3.642307
-3.210968
-6.621552
-9.426886
-9.160956
-3.282036
-7.495892
-4.629798
-7.833269
-3.485880
-6.102656
-2.423810
-4.899482
-8.772820
-1.892715
-6.330892
-5.199668
-2.917352
-4.090629
-5.989365
-7.564973
-3.911796
-1.670783
-5.169102
-5.824304
-2.939727
-5.568243
-7.720570
-4.678626
-2.920814
-5.059318
-4.592893
-3.847757
-4.685054
-3.021430
-3.558441
-5.861867
-4.501769
-5.413927
-4.993658
-3.458821
-4.126245
-2.211193
-4.123979
-5.522332
-4.353435
-5.958876
-5.533567
-7.131032
-0.629465
-5.549527
-7.681648
-8.595123
-6.277688
-0.898155
-2.272102
-6.614779
-3.612138
-5.759822
-7.490719
-2.822832
-4.370008
-4.368693
-5.040054
-2.533870
-4.036466
-2.926470
-3.860066
-3.289109
-0.061321
0.632885
-7.848374
-7.624022
-7.338992
-2.708930
-3.258388
-4.511132
-7.491935
-0.253010
-3.307211
-2.735908
-4.011033
-4.564690
-6.837944
-5.118772
-4.349981
-4.022802
-4.653811
-9.262259
-4.026793
-7.316212
-6.688701
-7.149246
-7.964374
-2.273130
0.117003
-7.699622
-5.911475
-6.910967
-5.906151
-9.974256
-5.643873
-3.953687
-3.442298
-6.190268
-2.074592
-4.701565
-2.039091
-3.626509
-0.616253
-3.950361
-4.638626
-2.383768
-4.700115
2.350280
-3.189263
-2.986095
-3.625120
-3.005659
-7.942789
-2.742714
-3.034676
-3.536200
-7.941794
-6.323059
-9.589529
-7.963737
-3.950600
-1.403922
-1.061059
-6.136350
1.267517
-1.394046
-5.993876
-3.352906
-5.317513
-9.084150
-7.555619
-9.354568
-3.308551
-5.204679
-5.948905
-5.549835
-4.162539
-4.534023
-5.361127
-7.208808
-3.267028
-0.248193
-5.730310
-2.048908
-2.294522
-2.874452
-3.020448
-7.409857
-7.884269
-6.500140
-6.554379
-8.146078
-5.387992
-5.738100
-2.369245
-8.223619
-6.855325
-6.741925
-2.863823
-4.019731
-4.072120
-7.716886
-2.842594
-10.448443
-4.360093
-5.745878
-2.301598
-2.711546
-1.486231
-6.438465
-7.201574
-8.792662
-8.598035
-5.632826
-6.955829
-5.113843
-5.947077
-3.769269
-5.815794
-6.186351
-6.968335
-4.023516
-3.481171
-5.070807
-6.413957
-3.328496
-5.431309
-3.758983
-3.550301
-8.352149
-6.982143
-4.584309
-6.632762
-4.245222
-7.276547
-4.219599
-4.337178
-3.938028
-4.932367
-6.742990
-1.741464
-4.856437
-2.985413
-5.215887
-6.357859
-9.161158
-5.298298
-4.059050
-5.861056
-6.171389
-1.809276
-6.883081
-4.519955
-3.844458
-1.685891
-7.734664
-5.048775
-2.747253
-2.757642
-5.906549
-2.598621
-6.807910
-4.794524
-8.918440
0.283784
-4.815970
-11.993103
1.530761
-6.423173
-9.385148
-4.068636
-4.936848
-1.579434
-2.062378
-7.033005
-2.982930
-4.667282
-7.465680
-2.518424
-2.957426
-2.929625
-5.739670
-5.394013
-7.425825
-6.393676
-6.672851
-4.773602
-2.174633
-2.439904
-10.113707
-8.519533
-2.811926
-3.839299
-1.890112
-5.021351
-3.411211
-8.413190
-4.484182
-5.058552
-9.040051
-5.135035
-0.636084
-2.402980
-2.159870
-3.443315
-8.478390
-7.459010
-5.613828
-9.761961
-8.999836
-8.394875
-1.327782
-3.558484
-1.638330
-3.843555
-6.913848
-5.742458
-4.177886
-2.798413
-2.433547
-6.822255
-6.580981
-3.291431
-4.573520
-3.427315
-4.495091
-4.900452
-3.212632
-6.881045
-5.037191
-5.937253
-6.196327
-1.937594
-8.414662
-5.071297
-6.363545
-6.401397
-3.483881
-3.932983
-5.294333
-5.799639
-4.587320
-2.560124
-4.798541
-7.430031
-6.255909
-8.955097
-10.485723
-3.282570
-5.038371
-5.901232
-4.404799
-6.944534
-5.208039
-6.694919
-3.100996
-5.029951
-1.535746
-4.269725
1.143271
-4.316897
-4.193690
-2.679669
-6.092835
-4.714328
-5.986009
-5.432108
-4.632834
-3.354734
-4.010180
-6.819494
-4.911684
-3.133406
-4.298768
-5.575891
-9.866269
-6.350062
-3.635613
-4.456339
-1.252777
-3.985061
-7.012311
-8.474836
-7.330487
-0.652343
-2.265399
-5.489219
-1.956862
-5.180271
-2.056957
-2.432371
-7.075084
-4.608914
-4.420511
-8.981249
-2.833826
-4.159577
-8.235507
-6.518430
-5.233432
-2.883613
-2.083483
-7.253787
0.754101
-6.790922
-7.012612
-5.408833
-1.087054
-5.883924
-9.889782
-4.708528
-6.791512
-5.831771
-6.115497
-5.276397
-3.227863
-6.349792
-3.920118
-7.594337
-5.701441
-7.913264
-3.184920
-7.252762
-7.179738
-7.034190
-6.757011
-6.175293
-2.021213
-6.749364
-5.390515
-9.032631
-7.735991
-4.793267
-8.874962
-7.351058
-3.416295
-5.803789
-8.674428
-4.536664
-3.982204
-3.102258
-3.370725
-9.371542
-9.152046
-5.897193
-0.698215
-1.348377
-2.511257
-6.623983
-4.827895
-4.087823
-7.240688
-5.526582
-6.621040
-6.614689
-4.152865
-7.123388
-0.485614
-4.859273
-2.739875
-3.558916
-5.530393
-5.830060
-6.181939
-5.002784
-9.366066
-5.703009
-5.063618
-4.779854
-6.276529
0.603494
-2.529716
-6.517634
-6.047129
-1.364404
-3.979501
-3.011578
-3.283599
-1.262984
-5.229218
-4.143322
-5.445913
-3.906754
-8.483726
-5.268752
-5.178156
-5.582437
-5.862919
-2.065003
-5.864580
-2.430003
-7.565955
-4.951928
-3.692766
-5.828644
-7.674971
-4.844741
-4.695379
-4.170849
-6.951847
-7.189571
-5.068315
-7.383498
-2.680247
-8.169968
-4.018010
-4.867379
-4.199510
-2.362592
-2.493231
-5.835708
-6.921976
-7.147493
-4.239275
-8.882182
-7.308040
-5.948027
-2.486309
-4.052140
-6.897530
-4.711381
-2.295683
-5.212705
-5.704844
-4.616132
-3.411562
-4.052110
-8.479054
6.262309
-4.795466
-6.105659
-3.114801
1.456450
-6.761628
-4.726667
-5.703072
-10.247183
-8.118405
-2.583525
-6.016665
-6.734684
-3.365258
-4.881293
-1.244872
-7.428691
-8.630963
-7.561036
-3.881406
-2.339609
-7.041006
-4.273560
-8.701664
-6.100843
-2.931137
-4.373058
-2.108210
-0.937743
-4.399669
-4.320043
-4.562255
-4.218258
-5.700773
0.323428
-8.556487
-6.309648
-3.075861
-2.346251
-6.567945
-3.948642
-3.920473
-3.016448
-2.150509
1.841005
-6.972403
-9.342569
-6.562398
-4.124386
-7.743357
-5.586658
-4.537610
-7.256443
-4.830528
0.695813
-2.254218
-5.565476
-3.343583
-6.578560
-4.272138
-3.134156
-7.222719
-2.169348
-6.027442
-4.568654
-7.237052
-5.836669
-5.237772
-4.543386
-9.620768
-6.332928
-6.172594
-3.402670
-3.505210
-6.707066
-7.298517
-3.391899
-7.802456
-6.675444
-3.418311
-1.628739
-3.816351
-5.425518
-8.050295
-5.671027
-3.475809
-5.408297
-2.259379
-8.444895
-2.477679
-4.834861
-7.710211
-0.202459
-6.192700
-8.520522
-7.421133
-9.580147
-6.031176
-5.489588
-3.914675
-5.932895
-5.549045
-3.087253
-1.869300
-5.698890
-6.653782
-2.660954
-6.034049
-10.323189
-7.266205
-6.402917
-3.206785
-6.190760
-8.034772
-6.990495
-2.500933
-1.679834
-6.687759
-7.842904
-1.595334
-6.997208
-1.811377
-2.683053
-8.183778
-7.545311
-3.885284
-3.766889
-6.430043
-1.618133
-6.462736
-2.925515
-6.103627
-6.056669
-7.087743
-5.563704
-7.054485
-3.838923
-5.988627
-3.190403
-4.272283
-9.936276
-2.509726
-4.375732
-1.487553
-1.844048
-6.502599
-4.651525
-1.794758
-5.777439
-3.848824
-2.715825
-3.370602
-5.900971
-6.480429
-8.244164
-5.565455
-4.680552
-10.807543
-4.637266
-5.341913
-2.703381
-4.935071
-3.172735
-7.412062
-6.777779
-2.511540
-2.962570
-6.403876
-4.936486
-5.149874
-5.345491
-4.741413
-4.251770
-4.943817
-2.883172
-8.614632
-4.808578
-4.485519
-6.230940
-3.982944
-8.461051
-5.568725
-5.142758
-4.144490
-6.192604
-3.614961
-6.405357
-4.278951
-5.634809
-5.953433
-8.319286
-1.027809
-4.983997
-6.986975
-5.685544
-4.094233
-7.676124
-4.892781
-5.130732
-6.923958
-2.285886
-4.159057
-3.529563
-3.503056
-2.047655
-7.780638
-5.169097
-1.990107
-2.306593
-5.863817
-4.620230
-5.403384
-9.828927
-5.986665
-4.901538
-5.666046
-3.573751
-4.338756
-4.626137
-2.704577
-6.039742
-9.331960
-7.416399
-4.920434
-5.584380
-3.112868
-5.328912
-6.792108
-7.937819
-5.871701
-6.564952
-6.933289
-3.451912
-8.624767
-4.934990
-4.361209
-6.869316
-1.401884
-3.572727
-7.267578
-5.721077
-5.379409
-7.592731
-9.893486
-5.341620
-4.258579
-6.883256
-6.619988
-2.378761
-6.008190
-7.329451
-3.539483
-8.717348
-2.075250
-4.573362
-5.265329
-3.181414
-1.452821
-2.687266
-4.310415
-5.681803
-3.925629
-7.157022
-2.361541
-3.836047
-7.207497
-4.248922
-6.734024
-8.285423
-6.191072
-4.648941
-6.369008
-9.725236
-3.405316
-3.880996
-10.254905
-1.893219
-1.924620
-3.058609
-7.692016
-7.890004
-4.712163
-0.667045
-6.459940
-2.729513
-4.267986
-5.393078
-4.053393
-5.500829
-2.272013
-3.887279
-7.407622
-7.178159
-5.667145
-7.624321
-0.978091
-3.966496
-7.326397
-4.287746
-5.302955
-5.974256
-7.503711
-5.383769
-3.823052
-3.605459
-6.359056
-7.784947
-5.890684
-8.254326
-8.031662
-2.789680
-4.322730
-0.560430
-6.075050
-8.453814
-3.289246
-5.767961
-6.652071
-7.563295
-4.329872
-3.880052
-3.405966
-7.115844
-3.948201
-6.230849
-4.328874
-6.855801
-8.258776
-5.040591
-1.888454
-2.215350
2.231646
-4.656252
0.810666
-6.184770
-4.028198
-5.173070
-7.672067
-7.926963
-10.866705
-4.925749
-7.341965
-6.549763
-7.404222
-6.970359
-3.769885
-10.307422
-4.644474
-4.280519
-7.309562
-3.535978
-2.874512
-2.245990
-8.478250
-7.297257
-6.465222
-3.990618
-3.728128
-6.321983
-7.197853
-6.677857
-5.171832
-5.828384
-5.710370
-7.513273
-8.969643
-2.337344
-7.320889
-4.721574
-7.134817
-3.652459
-4.556010
-5.350924
2.995246
-7.794312
-4.811600
-6.550484
-4.176581
-5.531682
-10.323189
0.043127
-4.327721
-3.066732
-5.102407
-6.201620
-9.892721
-5.927329
-2.155516
-2.592373
-4.592964
-2.556379
-4.996731
-6.977684
-1.996391
-6.952313
-5.788571
-8.126987
-6.849753
-5.108961
-3.252245
-6.249348
-3.860797
-9.052073
-6.783008
-5.112745
-0.109933
-5.186911
-4.844876
-7.792995
-2.517444
-3.345831
-3.995772
-7.509624
-8.792389
-4.142991
-0.937669
-8.520121
-6.803815
-4.864066
-4.483683
-7.506868
-5.102100
-8.933976
-8.295404
-1.048619
-3.378230
-4.201381
-5.352768
-4.810829
-4.929774
-5.244844
-5.251426
-2.607310
-5.066507
-1.521465
-2.526417
-3.355119
-7.755618
-0.714537
-6.336690
-2.413171
-8.340467
-0.495077
-1.879018
-5.892511
-6.571592
-8.764325
-6.405980
-3.481421
0.330066
-1.785623
-5.892548
-3.869865
-4.433134
-7.342918
-3.749028
-4.117005
-7.383336
-4.031593
-7.511992
-4.873278
-7.244826
-4.258766
-5.485820
-8.731891
-5.437258
-1.509272
-6.822898
-1.811172
-5.414983
-3.300187
-4.077470
-5.684167
-6.506773
-1.674482
-2.881424
-5.270264
-3.446226
-4.393010
-5.966308
-4.053072
-5.540283
-3.541265
-9.772532
-3.655354
-1.810510
-3.976634
-1.912965
-5.436964
-4.214152
-4.022699
-5.620870
-4.572008
-3.178375
-7.848750
-4.478833
-9.945914
-5.324748
-6.567183
-4.370008
-4.280270
-4.476137
-3.391216
-9.833177
-2.447638
-8.802679
-4.104986
-2.872110
-7.198134
-3.172626
-3.131401
4.486768
-4.405244
-4.252632
-3.241461
-2.230876
-5.414201
-7.517836
-3.922683
-4.064302
-8.532601
-6.594586
-4.550707
-4.352909
-0.658902
-4.536704
-7.693504
-7.540251
-8.904410
-6.928969
-3.940165
-4.028419
-4.737185
-3.205669
-8.405044
-5.086165
-7.265696
-8.382209
-4.886599
-6.101460
-5.964782
-5.133069
-5.836957
-8.429112
-2.324863
-6.137631
-5.064473
-2.696458
-5.447321
0.599219
-7.251572
-2.358479
-11.073235
-4.912375
-6.791524
-1.865890
-6.905230
-8.800156
-3.493352
-6.219156
-6.550024
-3.084221
-8.459721
-3.605874
-6.132439
-3.185978
-7.520303
-4.053243
-5.445141
-2.840267
-3.031949
-9.346785
-7.771702
-6.722497
-7.569317
-10.978619
-1.688306
-2.588376
-3.343885
-2.217648
-5.903161
-6.173268
-7.487343
-3.521047
-6.010630
-4.103613
-6.000546
-3.232846
-4.352752
-3.929405
-4.876388
-1.285647
-5.210061
-5.855962
-6.348047
-3.553044
-3.874295
-1.347501
-3.667395
-6.472781
-5.802522
-4.905053
-4.042491
-2.719554
-8.983810
-3.413933
-4.976558
-5.064834
-2.119079
-6.000989
-8.949720
-7.492040
-3.692192
-4.229940
-4.237039
-8.760919
-6.180093
-2.803176
-4.287777
-4.684293
-5.559155
-4.673274
-5.677489
-3.716623
-3.047247
-2.151318
-5.024712
-3.046302
-5.727212
-7.061226
-5.425475
-6.385949
-6.381126
-4.776439
-4.053363
-5.273304
-6.450577
-1.484681
-6.223702
-8.081660
-5.625782
-1.854408
-5.255170
-6.013821
-4.525049
-4.717850
-1.135698
-5.644416
-5.509645
-8.775343
-8.563352
-7.054347
-7.335711
-5.997907
-4.105960
-9.688864
-3.812710
-1.212366
-5.765973
-8.023341
-2.712917
-4.749666
-0.541641
-1.806087
-3.905947
-2.756705
-6.553225
-2.791667
-2.197665
-7.210101
0.288374
-3.911048
-8.647947
-5.937720
-4.893038
-2.348424
-4.495098
-7.900146
-4.948007
-4.205336
-5.054119
-4.854991
-1.255416
-8.551832
-8.362022
-1.480108
-5.970437
-8.496389
-2.412653
-5.922295
-7.858010
-0.813448
-1.823144
-6.962739
-4.585959
-4.576678
-5.995081
-4.305283
-5.408175
-4.672625
-7.244775
-5.570071
-2.686110
-5.527307
-3.893018
-6.742397
-6.698762
-5.208146
-4.679782
-5.690113
-3.238870
-3.526475
-1.197973
-0.261742
-11.664930
-7.852005
-8.245017
-0.152460
-2.427319
-8.823645
-5.950411
-6.546234
-4.212984
1.588447
-0.315387
-2.350597
-3.896675
-4.368149
-7.590046
-6.469621
-7.735359
0.807516
-5.007974
-8.099991
-4.189029
-5.506109
-3.141445
-0.632487
-5.080148
0.685950
-3.701165
-7.327098
-5.601407
-7.916575
-8.744540
-7.403085
-4.967377
-2.915807
-10.813150
-8.193368
-5.860291
-8.214956
-7.470692
-7.934374
-6.362874
-5.531620
-7.352657
-5.135020
-6.068656
-7.999800
-4.107465
-1.944688
-7.306551
-6.093776
-6.980935
-1.917294
-1.489119
-3.195254
-2.787120
-2.778326
-8.157067
-10.103580
-5.659637
-8.118108
1.109143
-5.450885
-0.949298
-6.750042
-3.676919
-6.649364
-4.512889
-7.013381
-1.514203
-0.739757
-5.039406
-3.456486
-3.463587
-5.468760
-3.449643
-2.115156
-5.940525
-4.761096
-6.066594
-3.638783
-1.121553
-3.009423
-4.794837
-2.424919
-3.375836
-6.872206
-5.631021
-12.434149
-6.595381
-6.574890
-3.459905
-7.345716
-9.285302
-4.606964
-5.249675
-2.659558
-4.128251
-2.929434
-5.865082
-3.775419
-4.425342
-2.124192
-5.477768
-4.744261
-5.527775
-6.426513
-2.324185
-4.669563
-8.185587
-4.276175
-6.594823
-5.815863
-3.026206
-1.718528
-2.410528
-4.138405
-5.967828
-3.006283
-7.552635
-3.713663
-2.650081
-10.277143
-2.536824
-1.666107
-1.742882
-4.807160
-3.877454
-0.844796
-3.526713
-6.074927
-7.681347
-9.400743
-3.350082
-4.610995
-3.847616
-8.479667
-6.876607
-5.039739
-3.906285
-3.988397
-0.988183
-6.677970
-7.521956
-4.125976
-6.314299
-5.422851
-8.133196
-6.134719
-2.588149
-8.301798
-7.026740
-4.995042
-5.774830
-2.804644
-2.807484
-5.687389
-6.708052
-4.798035
-7.140271
-6.290501
-5.952027
-3.496582
-6.742707
-2.009902
-5.239347
-7.065579
-3.743531
-7.565166
-3.303882
-4.078084
-4.612299
-5.668686
-6.600069
-6.848281
-4.253400
-7.106253
-5.438145
-4.432792
-8.223973
-3.303334
-4.134396
-4.220912
-5.229773
-4.769967
-5.927287
-7.135203
-8.646820
-6.471855
-3.746416
-6.918636
-7.275275
-6.611804
-3.855638
-6.619273
-2.607837
-4.393095
-6.061637
-1.165550
-4.767593
-2.246084
-6.349274
-6.689322
-3.890256
-11.117496
-3.479966
-4.018423
0.366715
-3.373239
-3.105590
-2.976074
-3.076288
-4.225411
-7.536258
-3.693614
-7.880371
-0.160515
-7.866502
-5.891112
-3.732116
-7.175978
-7.491909
-7.182946
-5.389739
-6.865753
-4.232050
-0.235307
-3.586459
-5.688480
-5.718984
-5.781286
-5.127676
-7.525243
-3.145651
-5.871179
-4.438165
-5.978287
-3.500480
-8.358898
-9.492937
-6.547446
-2.418706
-3.003661
-6.233189
-4.904636
-5.319216
-5.510779
-5.080248
-5.232538
-7.907169
-4.113608
-6.191550
-4.911489
-2.001893
-2.032393
-4.428690
-4.381227
-7.724465
-4.568701
-5.652936
-7.288693
-1.907944
-5.211498
-3.470493
-7.892453
-6.001388
-3.982678
-6.299369
-3.570436
-4.569605
-3.071189
-6.235101
-0.354126
-4.211932
-5.799217
-5.487638
-7.421392
-4.997508
-6.981873
-4.068879
-3.834533
-3.766115
-5.920292
-2.881334
-6.629218
-8.553175
-3.872463
-2.354230
-7.066071
-6.931446
-5.591940
-5.459190
-3.853963
-4.171852
-10.301645
-9.278791
-7.049209
-5.289157
-4.802784
-2.983495
-7.532485
-3.111064
-7.565160
-4.931158
-8.648973
-4.826964
-4.806015
-3.835265
-4.424560
-5.997946
-4.938432
-2.618643
-4.470695
-6.660517
-7.655787
-5.270264
-8.038931
-3.435766
-7.346328
-6.924455
-5.532833
-8.448913
-8.581229
-6.316279
-5.781137
-2.011325
-5.570320
-4.302463
-4.107185
-5.475891
-4.030341
-2.253390
-5.778222
-3.033464
-8.180297
-3.944436
-2.808861
-4.390201
-3.451474
-4.039820
-7.089818
-2.822683
-2.849343
-6.625530
-1.728181
-5.188797
-6.019992
-7.059454
-5.360955
-6.470720
-8.042645
-5.123154
-2.574080
-5.264853
-5.271962
-8.705377
0.334365
-5.612240
-8.937616
-7.536607
-3.436703
-9.811752
-6.525743
-6.210494
-5.279717
-6.264908
-3.832866
-3.955817
-6.410560
-2.550057
-4.501769
-7.343392
-1.960150
-4.090834
-4.593638
-3.679970
-6.867401
-5.978560
-0.788871
0.530085
-3.050097
-7.019931
-0.933707
-0.346714
-3.894633
-9.244946
0.077262
-1.248423
-5.656926
-6.758489
-7.140291
-3.067312
-3.025631
-2.425421
-4.110811
-5.230138
-6.368628
-5.480439
-7.042429
-6.065825
-5.913937
-4.004276
-1.921756
-3.029724
-4.796489
-5.423515
-7.211581
-6.071047
-4.918118
-2.374477
-2.009486
-0.587771
-0.465094
0.682316
-3.477952
-8.807940
-8.686328
-6.130679
-3.254441
-2.747831
-2.952882
-1.185084
-3.057955
-2.500225
-4.436394
-4.866810
-2.321081
-7.060662
-8.190133
-2.867802
-7.225071
-2.512922
-6.727945
-3.689631
-4.247967
-2.317518
-4.685035
-1.876022
-2.536332
-2.925383
-0.778733
-3.472371
-6.171481
-4.656864
-8.380394
-3.689727
-4.214604
-5.947478
-2.140130
-4.439279
-4.199175
-1.877642
-8.996380
-6.412899
-3.739269
-6.682638
-0.281203
-7.727385
-7.422383
-5.143349
-2.987236
-7.341210
-4.708801
-4.713145
-6.537933
-5.787291
-5.190187
-7.532031
-8.777711
-9.265884
-3.780379
-6.826859
-8.817151
-4.863726
-2.794768
-2.703907
-6.119053
-6.535271
-4.035653
-4.773948
-4.448380
-0.737974
-4.986753
-9.063019
-4.561792
-6.356098
-4.771577
-0.410603
-2.078799
-6.246024
-2.431471
-3.721667
-4.285182
-6.639554
-5.112372
-6.137680
-6.633712
-3.912475
-4.546568
-4.855740
-2.837681
-6.881888
-1.226993
-4.046703
-7.203813
-6.176966
-7.041323
-2.819384
-3.076721
-4.070326
-6.167384
-3.955817
-5.286064
-4.784345
-6.791485
-7.629376
-7.282323
-9.709654
-2.487622
-3.842246
-6.052941
-4.618968
-5.197077
-7.207732
-5.022060
-4.393758
-4.886063
-4.507121
-5.840113
-9.139116
-5.459648
-5.223948
-6.475127
-7.499130
-4.197586
-3.280309
-3.188838
-6.641915
-7.818617
-1.086612
-2.357303
-5.267964
-2.475447
-4.009516
-6.321983
-7.032351
-2.809116
-4.425933
-2.954778
-6.354156
-5.977093
-3.380720
-4.491504
-3.956482
-3.104257
-4.150638
-6.657781
-7.329078
-11.663118
-7.883685
-8.182543
-5.859468
-5.581678
-4.521481
-2.515596
-7.891560
-1.669177
-5.949398
-2.576903
-8.234776
-2.959122
-5.243437
-6.980135
-3.924484
-9.674241
-5.104195
-3.402680
-3.255235
-5.433249
-5.734046
-8.982979
-3.924754
-0.991388
-4.950118
-7.727052
-4.481423
-1.652799
-4.738654
-4.833812
-4.751254
-0.841963
-3.963702
-3.154701
-5.109772
-5.174533
-5.700501
-4.699580
-2.979073
-9.633536
-5.196309
-4.603726
-1.417458
-5.482485
-6.606759
-10.323189
-6.688493
-3.603517
-5.982343
-5.298581
-6.143421
-6.156565
-4.368536
-8.103498
-9.469980
-1.667933
-4.118667
-4.554995
-5.295891
-8.148254
-2.588388
-5.771306
-4.999907
-4.750927
-3.550726
-7.183268
-6.362936
-5.022359
-4.607656
-11.843559
-1.724826
1.477809
-3.645911
-10.662256
-0.590660
-6.857914
-6.818528
-7.502916
-4.718112
-7.616628
-2.822740
0.778951
-4.251803
-4.818016
-4.702713
-4.796443
-7.596988
-5.149497
-8.349788
-5.026134
-6.228186
-1.543081
-0.848309
-2.317211
-5.059206
-2.688515
-2.713638
-5.376171
-2.727582
-0.255013
-5.767219
-1.392564
-2.736565
-3.353498
-4.990032
-5.034912
-5.699754
-8.993877
-6.532599
-6.544772
-2.178005
-8.099605
-6.819033
-5.019590
-8.279963
-3.414026
-5.147553
-5.023440
-7.532914
-2.690356
-6.015464
-6.666699
-5.014794
-8.563370
-4.553320
-4.715631
-6.409344
-4.389152
-1.041512
-5.870264
-10.999628
-1.962164
-2.676337
-7.219465
-6.578878
-3.425027
-2.733034
-4.208424
-5.597649
-5.791897
-4.650051
-7.945616
-3.915667
-1.523675
-7.215991
-2.228083
-4.441748
-8.015625
-9.490455
-3.905928
-8.027367
-8.815652
-2.236536
-8.150998
-5.181869
-3.578206
-1.208458
-3.906812
-1.789313
-3.618767
-5.088590
-7.210334
-0.258856
-7.321805
-10.228163
-10.869832
-7.122861
-7.530622
-8.250790
-5.171094
-4.467867
-4.101500
-2.778193
-9.726326
-2.324315
-6.492060
-7.048737
-7.747089
-5.473260
-3.328958
-7.228624
-5.201791
0.262126
-6.155363
-5.438907
-0.658511
-4.978665
-2.174119
-6.775832
-5.794921
-4.088272
-7.020116
-5.870588
-5.116612
-7.975386
-4.799797
-5.411056
-4.708204
-6.209294
-5.028428
-7.532457
-5.095420
-7.408183
-4.124924
-4.621593
-3.857992
-12.096108
-2.822187
-2.187772
-4.788479
-4.925616
-3.362957
-7.840420
-5.296782
-5.843310
-6.428994
-2.202483
-7.195563
-5.654295
-3.631723
-6.361758
-7.593119
-5.059084
-7.536137
-4.020977
-6.434470
-4.310503
-2.335716
-8.375998
-4.150183
-6.663685
-6.812910
-4.875357
-5.800501
-6.978402
-6.897547
-3.384933
-5.947367
-6.010298
-6.444021
-5.013361
-4.923460
-7.005976
-4.701584
-10.625111
-3.146448
-6.977264
-4.679547
-3.141676
-6.615004
-5.187050
-4.712082
-4.839960
-4.546498
-0.500130
-3.722232
-3.621881
-3.807232
-4.270883
-2.564288
-5.171574
-5.796782
-2.530888
-4.781866
-7.366210
-8.095615
-0.858696
-3.803608
-7.342612
-5.126375
-4.799777
-8.503627
-5.255965
-1.729354
-4.468156
-5.811991
-4.581330
-6.895706
-4.421494
-5.459750
-8.693047
-7.706655
-3.839778
-5.675514
-7.102568
-4.291209
-9.494230
-4.636056
-9.884957
-6.064424
-6.867564
-2.044594
-6.837602
-5.358040
-6.277388
-1.789466
-3.557550
-5.126381
-3.540987
-5.283552
-5.366384
-2.150696
-3.645041
-5.449898
-5.956572
-9.435905
-3.587045
-5.902708
-4.640452
-1.786832
-4.065719
-3.820762
-2.294227
-5.610547
-5.826795
-3.609360
-6.562488
-4.312455
-1.190032
-7.869271
2.489342
-5.616270
-2.814397
-6.187952
-9.037550
-8.977135
-2.568276
-4.116992
-6.816956
-4.306206
-4.446671
-5.628179
-9.243777
-3.901280
-7.212127
-1.244520
-2.659952
-3.018702
-3.707468
-5.628497
-6.301413
-4.347651
-1.905303
-3.308106
-4.532368
-3.413259
-1.907802
-7.843005
-6.441038
-5.694432
-5.335361
-3.304951
-3.091291
-7.842444
-5.084477
-5.796447
-2.681077
-4.377186
-5.703637
-4.791669
-1.679960
-5.858196
-7.455037
-6.687904
-4.962241
-3.569590
-2.259343
-7.436160
-5.119955
-8.286963
-1.284665
-4.752590
-2.203573
-8.110229
-2.975645
-4.699430
-6.107910
-3.661774
-7.180503
-4.872930
-5.200678
-2.215185
-3.093659
-1.144189
-3.516363
-7.778988
-7.773820
-5.058137
-7.754579
-7.980972
-5.352621
-4.437890
-5.581692
-3.405457
-4.149889
-8.627769
-5.199203
-6.150436
-4.731983
-6.514235
-3.526253
-3.440524
-3.168068
-2.683100
-3.173277
-2.666000
-2.743717
-5.401045
-7.989739
-1.740071
-10.267823
-1.345908
-0.996120
-6.020700
-3.108447
-5.246143
-5.595155
-7.298558
-5.423834
-2.837488
-3.547686
-11.894322
-6.979212
-4.616524
-9.119205
-4.439225
-5.477427
-5.057650
-6.127467
-2.890492
-3.137255
-5.659680
-2.945855
-4.237744
-4.973161
-8.789200
-5.607496
-8.597565
-4.161742
-5.375632
-5.654756
-5.705844
-6.395440
-6.042053
-8.504286
-5.004601
-5.670735
-6.852681
-3.385040
-5.857138
-4.880214
-10.524927
-3.898983
-4.761997
-2.471327
-1.635331
-5.727077
-3.504904
-5.025885
-3.881256
0.833501
-5.847918
-3.205080
-3.880330
-5.487534
-4.041775
-8.838146
-5.978090
-2.727000
0.700650
-4.530749
-3.253276
-7.901607
-7.338524
-0.249097
-1.642713
-7.428079
-4.203917
-4.047126
-4.045662
-2.666910
-5.067797
-7.221964
-7.350091
-4.688183
-3.064466
-4.820930
-0.661222
-4.762093
-5.227120
-7.358899
-3.769105
-6.552014
-6.880656
-9.181334
-3.450353
-5.222116
-5.880040
-3.182523
-2.409343
-4.716769
-3.977305
-3.574681
-8.413192
-3.550858
-5.637878
-3.885427
-0.434670
-3.564173
-1.350877
-4.229258
-8.185822
-0.934759
-7.267959
-8.308619
-6.607977
-3.477526
-6.089751
-4.620457
-2.642654
-5.186823
-5.390055
-8.709085
-2.610258
-6.265546
-2.066373
-3.500577
-3.808020
-5.947464
0.522659
-5.376556
-1.603305
-6.362092
-5.030107
-6.170298
-0.378816
-5.824872
-8.186596
-5.767995
-5.947415
-4.202697
-6.432493
-5.516834
-4.720981
-3.645910
-0.953750
-4.895103
-3.195629
-2.188829
3.198356
-4.434649
-2.520921
-4.611091
-3.374956
-6.739993
0.123616
-4.330358
-1.210295
-5.541541
-3.929022
-7.004959
-5.966760
-6.378056
-3.749607
-6.340074
-3.335593
-9.295924
-7.936148
-4.890967
-6.602544
-3.936913
-8.309355
-2.047214
-5.651979
-2.519058
-4.288796
-4.413919
-5.500143
-8.113490
-5.394852
-7.916734
-5.882073
-4.375511
-4.264873
-5.813118
-4.946491
-6.271247
-4.362948
-5.437969
-6.435630
-5.822882
-7.397450
-3.057435
-6.120106
-8.144280
-6.621707
-4.125976
-7.675856
-2.643019
-5.973802
-5.849125
-2.766138
-3.154704
-5.916062
-2.140364
-4.034992
-8.041751
-5.462200
-6.321294
-3.916643
-4.188789
-4.978405
-3.738587
-8.980005
-2.188111
1.511396
-4.924395
-10.130146
-2.866406
-3.688966
-2.734182
-5.447747
-6.271749
-3.700755
-6.068462
-5.661067
-5.693991
-5.560885
-4.209153
-3.854405
-3.809787
-8.391597
-3.789600
-6.345561
-6.608482
-3.070691
-3.108137
-5.862683
-5.933105
-4.122546
-2.949899
-3.825195
-2.638498
-5.758299
-6.287934
-7.478393
-2.878745
-6.931728
-9.273461
-5.608110
-6.792863
-0.302442
-9.701009
-0.246219
-6.423783
-3.927435
-7.120958
-3.326645
-8.640958
-3.603215
-3.145543
-6.801350
-3.802075
-6.875486
-6.535478
-2.264248
-1.562191
-4.720932
-9.699087
-7.045045
-3.452904
-8.046136
-1.778240
-6.502041
-3.962837
-2.126864
-7.610093
-3.816724
-3.668010
-3.890382
-5.395372
-7.850500
-1.801546
-5.445394
-4.914267
-3.805225
-4.929471
-6.704430
-1.937317
-1.185508
-5.946587
-7.777313
-3.985571
-4.867597
-6.104443
-4.833062
-6.335413
-3.831369
-6.775830
-7.176403
-3.927477
-6.755093
-1.149112
-6.185328
-9.839696
-8.710068
-5.908320
2.449296
-7.254236
-6.236853
-2.881174
-5.214647
-7.280476
-6.987353
-5.075627
-3.648193
-1.605337
-4.227432
-5.243988
-3.662023
-7.194754
-4.691147
-6.823677
-4.924598
-7.618476
-4.870198
-7.857728
-2.996955
-1.394745
-2.562453
-8.728482
-3.660385
-6.002691
-3.946300
-5.065883
-5.415540
-8.516164
-2.731794
-3.748768
-4.393771
-5.657922
-5.569303
-3.564053
-8.797976
-4.043198
-3.974772
-2.839039
-0.243152
-1.831597
-4.067019
-2.829772
-7.168649
-3.737862
-4.314343
-7.219193
-2.566305
-6.796988
-3.583067
-7.773414
-4.585855
-4.401819
-5.841510
-3.768862
-4.225934
-4.768469
1.317726
-2.650121
-5.443505
-3.588865
-4.241904
-7.185482
-3.715136
-5.368072
-3.822230
-5.579983
-4.493817
-2.040555
-3.381892
-7.198982
-2.595799
-4.114453
-4.137084
-6.143836
-6.538416
-2.146737
-6.988761
-6.284308
-1.471032
-5.710914
-6.114300
-6.241886
-3.425061
-10.819624
-6.980345
-2.627614
-5.198035
-3.885838
-5.623906
-6.060725
-6.130239
0.788152
-5.638494
-8.078213
-3.995794
-6.528035
-4.822522
-5.690623
-3.523990
-5.714723
-6.710860
-6.434680
-6.073497
-3.312480
-3.557476
-5.425550
-7.648270
-10.055443
-3.866256
-1.649344
-8.202913
-7.332066
-7.007991
-3.144882
-2.842600
-1.060004
-4.852448
-4.591781
-4.555144
-0.840431
-4.124045
-5.479594
-3.748439
-3.529004
-2.178902
-4.940513
-5.238359
-3.242361
-8.729462
-10.238401
-4.770905
-5.284317
-3.600238
-2.693403
-7.560097
-5.680058
-4.304212
-4.211469
-7.119345
-1.208905
1.597281
-6.730765
-3.368093
-5.935901
-4.283836
-4.589169
-8.255077
-5.468574
-3.776719
-6.442285
-7.412624
-4.841296
-10.704159
0.524876
-5.194014
-8.873739
-3.624375
-6.186003
-5.868869
-0.729236
-5.796833
-5.778944
-6.021261
-8.965567
-5.312002
-4.450721
-4.412077
-2.439080
-3.959966
-3.884734
-8.945471
-3.068816
-6.641801
-6.248870
-11.281078
-2.370139
-5.185054
-2.348083
-1.301169
-8.490381
-3.548432
-5.205582
-4.692107
-0.263643
-4.729033
-6.684146
-1.997462
-3.250231
-5.628421
-6.307307
-4.787279
-2.927933
-2.717490
-5.845399
-4.012557
-3.667158
-4.243480
-6.506837
-2.871841
-3.270403
-6.120756
-7.632555
-4.460413
-1.781325
-7.397179
-6.818145
-4.716094
-7.904046
-2.585732
-4.801989
-6.425702
-3.433529
-3.391017
-3.803208
-7.146516
-7.567345
-1.875629
-4.916534
-5.563030
-6.389221
-7.377572
-3.976301
-5.878974
-3.622611
-6.474945
-8.750724
-10.820993
-5.229358
-6.212571
-3.359872
-0.990212
-7.050299
-4.950123
-6.480041
-3.430788
-7.921598
-1.361828
-3.006390
-5.362777
-4.050430
-4.913164
-4.921280
-4.246409
-5.702780
-3.281250
-7.044345
-7.095222
-6.519492
-8.097281
-2.884959
-3.638923
-1.020254
-6.095600
-2.835261
-4.115664
-5.349072
-4.139546
-7.943412
-4.206342
-8.472153
-1.384249
-3.305656
-9.043518
-5.184537
-5.403353
-4.822135
-2.052080
-8.180784
-2.669513
-5.152078
-5.320055
-3.537550
-4.882471
-7.913538
-7.513676
-1.259327
-11.953125
-2.710768
-3.463848
-6.157803
-4.248631
-3.135602
-4.748935
-5.732039
-5.899420
-5.683643
-2.369774
-5.675311
-7.984065
-5.019761
-6.510960
-5.071245
-5.925791
-1.646526
-5.978073
-8.279776
-4.230929
-7.619588
-3.024355
-5.768800
-4.596052
-4.291090
-1.943991
-10.537952
-6.388379
-4.745610
-3.280840
-0.950348
-2.473117
-3.534554
-6.026509
-5.335597
-3.527061
-7.244916
-4.890470
-6.980745
-3.423463
-6.769205
-4.856870
-6.563558
-6.041804
-9.919960
-7.503897
-3.392304
-5.229687
-7.330150
-7.188243
-9.800558
-3.194566
-4.559779
-2.370670
-4.262621
-3.563953
-6.556925
-6.633586
-4.058790
-5.706744
-3.949238
-2.503627
0.033970
-3.451664
-5.864537
-0.957994
-1.600872
-5.040887
-1.917638
-4.199646
-4.515451
-7.711376
-6.998411
-5.968579
-3.305395
-8.326837
-3.183154
-7.206734
-3.556813
-6.544820
-4.890362
-6.064044
-5.774586
-5.683751
-5.864836
-5.114922
-6.282345
-6.005025
-6.289469
-7.479644
-7.240795
-2.759309
-7.534634
-4.373817
-7.578765
-1.807697
-8.406973
-3.050569
-9.541284
-1.767529
-6.766858
-4.617754
-5.425011
-3.777069
-4.622996
-4.756147
-8.455296
-2.888018
-2.090373
-8.631307
-4.407671
-1.415128
-9.587518
-8.075359
-4.986415
-4.761907
-3.749712
-4.701584
-5.477063
-4.659929
-7.159834
-5.378570
-2.950545
-7.662707
-3.415456
-4.603875
-1.925919
-4.045080
-8.704288
-5.601026
-7.521578
-3.920720
-3.798146
-6.728354
-3.565374
-6.819997
-6.677087
-6.056353
-6.236985
0.913001
-5.385738
-7.475047
-8.422072
-6.274684
-3.456013
-6.922294
-4.222089
-6.899270
-6.523108
-1.899118
-4.606303
-5.227494
-6.192211
-7.407044
-8.968719
-6.791579
-8.000676
-8.162860
-6.243005
-5.155117
-4.687916
-4.770486
-2.142567
-7.219072
-2.454746
-4.219511
-8.105427
-3.959713
-4.837253
-4.143124
-5.362950
-8.918905
-4.177049
-3.290585
-6.511267
-3.875030
-3.222634
-2.777621
-2.164830
-7.325552
-5.159329
-9.438767
-3.135257
-3.253870
-3.558790
-4.209875
-4.632167
-4.976953
-2.771367
-5.469645
-3.935611
-3.715547
-5.293217
-6.417618
-4.672099
-6.810880
-3.147048
-8.155821
-9.522803
-10.720960
-3.818213
-8.923382
-4.720288
-5.175896
-4.470940
-3.045805
-2.573696
-6.743164
-3.835199
-2.179879
-7.609956
-2.076218
-10.598314
-0.891890
-5.623935
-4.419756
-3.614990
-2.327831
-3.258394
-8.571810
-7.733851
-1.483539
-4.278608
-1.940705
-3.530798
-3.604800
-6.838938
0.798664
-1.374676
-4.448098
-3.175404
-7.111306
-9.365216
-0.395678
-2.445495
-5.344501
-2.019837
-3.258954
-3.851959
-7.020056
-5.784430
-7.009226
-2.983400
-4.739926
-6.287493
-9.372091
-4.001435
-1.309009
-8.117134
-4.691411
-3.445096
-4.641270
-3.846603
-3.418189
-2.768133
-3.492332
-10.142355
-0.573257
-10.784626
-8.197668
-6.135744
-6.403532
-4.731554
-5.980540
-2.887333
-3.573259
-7.497242
-6.516264
-7.857921
-3.607320
-4.504399
-5.143769
-4.880374
-3.571580
-3.107222
0.881601
-6.517533
-8.676359
-3.057821
-8.973349
-6.192133
-5.264273
-5.215993
-2.406906
-9.209355
-6.368513
-2.238075
-7.670325
-3.406873
-5.953556
-5.797991
-4.515791
-8.287839
0.079678
-4.636123
-9.588758
-6.845583
-5.163083
-3.355827
-6.595443
-6.158839
-7.578320
-5.570454
-3.089844
-5.003688
-6.363660
-7.934919
-2.641376
-5.250430
-4.007021
-7.272051
-4.370633
4.355425
-5.572849
-3.313781
-4.722621
-7.838938
-7.611151
-4.174714
-3.238793
-5.328314
-5.074032
-5.090612
-6.124913
-4.319763
-7.120314
-6.163248
-4.436724
-4.887766
-5.324008
-4.626363
-5.977972
-4.938190
-6.847833
-5.951428
-1.082889
-7.307650
-3.591733
-6.019315
-5.400645
-6.336560
-3.469528
-5.447083
-4.048077
-4.418984
-3.533811
-5.171051
-5.727458
-10.178223
-4.578177
-2.012069
-2.342876
-8.428453
-5.953986
-3.795745
-5.873590
-2.639316
-6.409482
-8.340573
-6.920166
-3.072420
-7.149597
-5.561855
-5.652149
-4.546087
-1.720101
-2.496095
-4.513221
-8.060555
-5.454353
-5.253453
-8.162370
-3.065390
-4.943981
-3.814384
-6.872908
-3.838679
-6.463588
-3.403161
-3.300369
-4.795066
-3.755646
-4.678448
-9.598625
-5.569978
-1.611543
-3.620503
-1.482622
-11.142389
-2.900056
-3.385689
-6.089159
-6.429174
-6.150640
-2.245795
-3.048148
-7.539038
-6.747891
-7.575235
-1.028907
-5.077827
-0.004549
-5.689700
-6.555282
-4.392282
-5.727547
-4.043250
-4.161287
-4.322647
-5.680612
-9.076188
-5.440494
-5.101352
-6.637241
-7.970860
-4.758101
-10.197082
-5.494772
-2.261714
-3.307258
-4.110750
-1.607774
-2.945471
-7.761899
-3.083344
-4.028880
-9.259858
-5.810288
-6.836436
-8.291340
-2.419200
-8.196292
-7.672168
-5.196925
-2.332693
-4.751031
-2.499595
-6.359146
-4.701675
-6.134190
-3.759974
-4.791391
-6.869643
-2.397159
-4.963064
-7.467728
-2.723007
-7.382152
-9.111658
-5.071927
-6.202042
-10.757321
-5.662150
-2.702266
-3.780521
-2.034470
-5.739477
-8.282906
-3.141893
-6.824434
-5.367638
-5.438179
-2.889380
-4.479399
-6.956168
-4.895108
-3.872387
-4.172776
-0.984475
-6.486951
-4.444646
-4.254789
-8.648763
-3.958144
-1.938293
-6.008829
-3.284981
-6.503965
-5.120791
-6.539382
-6.828601
-4.963709
-6.728352
-3.783315
-3.064980
-4.458430
-2.631098
-4.228650
-10.452320
-8.948297
-7.946873
-3.433600
-1.108490
-2.373751
-4.623376
-7.775223
-4.838288
-3.091924
-4.482934
-6.880025
-1.226161
-7.018153
-5.689740
2.033260
-6.386640
-0.954184
-5.582961
-7.228274
-2.890436
-5.168355
-4.358641
-5.836483
-5.571238
-4.714603
-3.204443
-7.525705
-4.847988
-3.978640
-2.999365
-5.068935
-7.282069
-5.171249
-3.713203
-1.352995
-4.407146
-6.694809
-2.037580
-2.883161
-1.843959
-3.611275
-2.368722
-8.623247
-3.094469
-6.097703
-8.462390
-4.599093
-7.157868
-6.100422
-6.293708
-7.351218
-6.705881
-11.760124
-4.328135
-2.330091
-5.326990
-4.063741
-3.227233
-3.533760
-5.832294
-5.437420
-1.073109
-4.738346
-5.824829
-1.775290
-5.914601
-7.800047
-7.704401
-7.643362
-2.730248
-1.100417
-4.433223
-3.741298
-6.269148
-3.223999
-6.656401
-5.359696
-7.957959
-5.238081
-7.867876
-3.967805
-3.955766
-7.427962
-4.220292
-8.397580
-6.211707
-8.788238
-4.086460
-6.616365
-3.468153
-6.320852
-5.979704
-1.692330
-6.226228
-6.318871
-8.564623
-3.659985
-3.871795
-4.349112
-7.681033
-4.747875
-4.125976
-3.348401
-0.867021
-3.572320
-3.345472
-5.916638
-8.841848
-5.791873
-3.882922
-6.366321
-6.063323
-6.135156
-5.292039
-4.388320
-5.410866
-4.559827
-3.482857
-3.653620
-2.830398
-4.257830
-4.902882
-7.937071
-6.618989
-3.966772
-4.063411
-6.106266
-6.542712
-4.219350
-3.995836
-2.609646
-3.666703
-6.561038
-6.456980
-3.107172
-6.155905
-1.066169
-5.332263
-4.658727
-6.315696
-6.437530
-7.092640
-7.726014
-3.652126
-8.412406
-5.682741
-6.278100
-7.645801
-5.693399
-4.787871
-5.450561
-6.586493
-4.046252
-1.640354
-6.569871
-3.295876
-7.215744
-6.520087
-5.761462
-8.960363
-3.303616
-6.292920
-6.095889
-5.099654
-6.882926
-4.093057
-2.033840
-5.561161
-3.581371
-5.636953
-4.806582
-1.522509
-4.819359
-7.738458
-4.992654
-4.242025
1.155778
-5.813545
-2.457614
-6.381939
-10.008031
-3.543363
-6.029586
-7.273932
-5.276859
-7.263700
-7.509377
-3.459025
-2.693510
-5.751928
-3.695440
-4.331557
-4.103296
-5.331452
-4.602045
-4.623974
-8.300492
-2.561089
-5.372152
-4.235093
-5.553198
-5.451900
-4.076625
-2.042700
-5.891054
-4.951532
-6.935132
-6.262638
-7.225979
-5.947130
-3.336691
-3.876212
-5.825625
-3.696619
-3.649101
-1.934401
-1.451951
-5.426688
-3.419094
-6.623719
-1.956799
-3.248267
-1.452988
-7.416854
-3.192460
-0.950048
-3.047742
-5.380668
-7.749981
-3.779839
-8.590523
-6.099239
-8.530037
-4.117176
-1.186830
-5.659267
-8.101125
-2.765256
-6.073282
-5.380529
-4.590862
-5.823616
-3.423851
-1.678389
-9.493809
-2.172107
-2.887771
-6.516727
-3.777982
-1.679499
-2.385057
-5.500537
-5.171078
-3.986712
-5.314705
-6.067371
-0.185126
-6.090926
-6.375166
-3.751850
-1.280500
-6.640238
-4.801633
-3.345932
-1.679406
-4.427965
-2.868057
-3.327668
-2.266488
-6.634999
-3.527477
-7.729891
-6.028666
-7.092467
-8.170106
-1.473480
-2.278004
-5.473102
-4.941616
-5.839373
-7.361273
-5.517393
-5.084447
-4.883391
-8.069628
-3.467294
-7.521118
-4.637974
-3.193406
-0.886543
-5.464019
-6.134600
-7.409306
-1.978164
-5.471920
-0.443893
-2.798745
-3.811071
-5.294355
-7.016196
-5.436272
-2.167438
-4.898643
-4.726607
-4.060785
-7.530051
-6.612780
-5.710748
-4.834183
-5.673295
-4.673770
-3.939574
-5.002676
-5.359196
-6.448429
-6.230264
-3.269269
-5.325049
-4.815710
-5.352744
-7.195119
-6.497182
-4.478711
-3.330178
-5.521415
-5.939687
-8.402690
-5.713503
-12.975196
-3.815980
-3.324018
-1.434555
-4.341791
-7.044431
-5.281229
-5.658866
-7.417738
-3.751329
-2.194978
-5.349321
-5.924056
-7.932021
-6.057910
0.094542
-1.775840
-1.214973
-4.057541
-8.065153
-0.943127
-6.987343
-0.408726
-4.390433
-8.345286
-5.761326
-6.388409
-6.631897
-4.092905
-8.198405
-2.518372
-6.427166
-6.991056
-5.312595
-2.090999
-5.164301
-4.535836
-3.228691
-1.825411
-5.168911
-5.632941
-6.897078
-8.278917
-6.253658
-3.530160
-9.285190
-5.868392
-2.372170
-4.111085
-8.437733
-4.991003
-6.395435
-6.823542
-5.564795
-7.262826
-2.606411
-2.333933
-6.822821
-4.645585
-6.505767
-3.921207
-6.232417
-5.051546
-8.336411
-4.113565
-1.464664
-2.851424
-4.700744
-2.118393
-2.662553
-2.409795
-2.356124
-6.964229
-5.316794
-7.781525
-3.223777
-4.043823
-6.615419
-5.388980
-2.107609
-5.827805
-3.603293
-4.429385
-4.965379
-9.619835
-5.630462
-6.888468
-5.621017
-8.266527
-3.348156
-4.390248
-8.150561
-3.368894
-1.749797
-2.332895
-7.757525
-3.728525
-5.151987
-5.130309
-9.235754
-2.652745
-6.731673
-4.655520
-5.047958
-2.383066
-9.813703
-7.179270
-5.111621
-4.800823
-3.902882
-6.264452
-7.508454
-4.904774
-6.010981
-4.742218
-3.549422
-4.190606
-2.802440
-5.798311
-4.185401
-4.011785
-7.134120
-4.852130
-3.538094
-0.335395
-11.072009
-6.825743
-6.321601
-6.670842
-5.154835
-5.632092
-6.122685
-8.029750
-5.512495
-5.159601
-3.713103
-3.498258
-3.783201
-7.078487
-3.909976
-1.909267
-3.259087
-2.722143
-3.003644
-5.969893
-6.564411
-2.277988
-6.021955
-2.859345
-6.132433
-6.880112
-0.089847
-3.679711
-9.774619
-6.593430
-6.581185
-9.278921
-3.329044
-1.853467
-7.506495
-2.065518
-6.827551
-1.856312
-1.703534
-8.801852
-3.360556
-5.279377
-6.281743
-6.570709
-7.643347
-5.567270
-5.934317
-4.847372
-4.945357
-4.792035
-3.339977
-3.377108
-7.071847
-4.756510
4.071546
-5.431891
-1.958591
-4.683356
-4.501194
-9.021730
-2.399117
-4.435607
-4.363216
-4.873842
-8.894838
-4.944980
-3.915081
-4.787642
-7.259136
-1.307786
-3.151180
-6.914472
-6.875197
-6.507534
-4.192301
-5.417542
1.118676
-5.988492
-2.117659
-0.214611
-2.158502
-7.518917
-5.929999
-4.956003
-2.987859
-0.739387
-2.378841
-6.579692
-5.398223
-6.481617
-1.399199
-8.986172
-6.374146
-5.786937
-4.777422
-4.464875
-3.891188
-2.655837
-5.836761
-4.615150
-2.645220
-7.604050
-3.617396
-5.188899
-3.389631
-9.660110
-3.577592
-4.202354
-9.850373
-6.144115
-3.068520
-6.192152
-3.834670
-9.511829
-3.932463
-4.297045
-2.499863
-3.782493
-2.844007
-5.223970
-0.774100
-5.529574
-3.130964
-3.622664
-2.194047
-5.929134
-1.485801
-5.758151
-5.134788
-4.059684
-0.130472
-4.671332
-6.676991
-3.831462
-5.715019
-5.313561
-4.353664
-4.899662
-5.376366
-4.153798
-2.457795
-5.469192
-1.045146
-9.734526
-6.097835
-2.517046
-2.529752
-6.137980
-7.203915
-5.458969
-4.700115
-6.773009
-9.076265
-8.265736
-3.653333
-4.620727
-6.644588
-3.975728
-1.771033
0.365862
-5.683879
-6.476646
-3.275768
-7.942653
-8.146904
-5.975096
-3.297574
-4.052667
-2.938009
-7.473125
-4.104112
-6.893894
-8.229462
-5.212233
-6.047288
-4.074004
-7.224247
-3.382731
-6.750488
-5.860182
-7.307002
-6.375378
-3.914335
-1.819030
-5.012677
-0.387028
-7.380382
-4.621280
-2.709435
-3.373421
-4.874042
-5.671332
-4.946643
-4.837998
-4.684242
-3.329578
-4.354258
0.844696
-3.438202
-6.041363
-1.577637
-3.657942
-3.172461
-1.186191
-4.332989
-4.273611
-6.336859
-4.604036
-5.794785
-7.354467
-3.460688
-6.718155
-8.504856
-5.743680
-5.371899
-5.665798
-6.466661
-2.702121
-5.197262
-4.554642
-5.022726
-7.440730
-5.296652
-2.561559
-3.084575
-9.612207
-10.110025
-7.765511
-3.787246
-6.600017
-8.221707
-0.014429
-4.344263
-2.416087
-4.413205
-5.747944
-1.166960
-4.366986
-3.439475
-2.607930
-5.844852
-4.677797
-5.302671
-6.858393
-0.973956
-3.449725
-7.683207
-4.379842
-4.176961
-4.562049
-5.789185
-7.084410
-3.766000
-4.112854
-6.203897
-2.750148
-5.091350
-3.061903
-6.439797
-0.398168
-6.270242
-0.102498
-3.732645
-2.380491
-6.535342
-4.572019
-3.829196
-7.109285
-4.409340
-8.912911
-7.377761
-4.003955
-3.688084
-5.033758
-4.151053
-6.652247
-4.565040
-3.878955
-6.807498
-5.280055
-5.075542
-4.583013
-4.872277
-5.715709
-2.915345
-7.242661
-6.476561
-3.127778
-3.957982
-8.184975
-1.937407
-4.398759
-3.715111
-5.417782
-3.398561
-2.695190
-6.564917
-4.824121
-6.975460
-3.645517
-8.944810
-6.072361
-6.359811
-5.330598
-4.956359
-7.179685
-8.968561
-7.579494
-5.468420
-1.505657
-6.091268
-9.095615
-4.116204
-8.194220
-6.118523
-5.278375
-4.993421
-4.978019
-3.694642
-4.124146
-3.692642
-4.145185
-5.270085
-5.215358
-2.820617
-2.478351
-1.098795
-4.212802
-8.097413
-8.409942
-5.863317
-5.549585
-5.074231
-3.733268
-1.890387
-6.390746
-5.514176
-2.960370
-3.391364
-3.528913
-3.725299
-5.921536
-1.953844
-6.402367
-6.530588
-4.307168
-5.179442
-5.834589
-6.390522
-3.546088
-5.641862
-5.043589
-7.058014
-0.921678
-4.489790
-3.200628
-3.491450
-5.097080
-6.842114
-6.164261
-3.403066
-6.919691
-2.138704
-5.650091
-6.810332
-5.837208
-1.748850
-4.503340
-3.334116
-2.047035
-3.596528
-3.388577
-4.383422
-6.891367
-3.454177
-2.516437
-5.692474
-2.830753
-9.185268
-3.247616
-7.515301
-5.526879
-5.930620
-1.456471
-3.812589
-0.565356
-3.695704
-4.913925
-3.883175
-3.949358
-9.013834
-6.794166
-2.535094
-0.550963
-4.977162
-3.613207
-6.129633
-8.076511
-7.866244
-2.925282
-1.423385
-7.468455
-2.191553
-3.062872
-4.157403
-3.875808
-3.851973
-2.103868
-7.985316
-2.726932
-4.738486
-7.891479
-6.760731
-3.200968
-7.763577
1.426407
-4.022207
-3.848447
-1.503631
-6.191402
-7.677171
-6.032389
-8.900618
-8.194700
-4.177317
-6.563591
-3.616340
-4.530337
-7.756026
-7.665632
-4.892941
-6.822124
-4.417785
-1.714533
-7.136004
-6.373508
-7.921905
-0.824216
-4.066524
-4.502132
-3.656686
-4.965482
-7.969725
-2.217715
-5.129196
-3.430830
-4.392424
-7.213305
-7.182015
-0.186793
-2.122399
-7.298564
-4.203293
-3.654686
-7.142991
-3.177635
-8.048006
-6.368227
-7.325058
-5.127214
-5.196620
-4.888092
-5.707420
-3.289165
-7.534190
-3.734621
-9.272859
-3.944408
-2.074065
-6.297549
-7.090550
-12.077724
-7.424239
-4.233077
-4.619209
-5.370471
-5.620667
-4.981870
-6.078440
-5.762122
-6.201245
-5.305546
-6.616879
-3.772930
-3.260164
-4.324871
-4.606408
-3.879797
-3.203225
-1.740564
-4.093972
-3.549956
-6.912963
-7.863777
-9.490590
-7.046957
-10.037958
-9.593212
-5.962498
-3.651913
-4.353115
-2.880178
-2.665521
-6.588172
-6.799910
-6.603652
-5.262298
-1.452468
-7.380536
-1.853669
-6.619273
-9.873338
-5.652988
-3.287724
-3.620793
-5.572361
-8.344790
-5.774186
-6.173714
-8.210884
-5.943027
-6.608148
-2.474193
-4.216707
-8.179531
-4.804516
-6.158416
-1.609194
-2.643506
-1.314930
-5.648311
-3.610679
-2.935023
-4.759201
-3.976954
-6.232212
-8.364685
-7.581667
-6.475198
-6.135293
-2.074469
-8.048567
-3.604475
-4.121989
-6.163630
-0.682550
-6.754405
-6.982397
-7.206678
-3.760482
-5.174370
-3.252068
-6.082862
-4.924770
-2.916067
-2.697114
-4.925164
-1.853575
-5.840866
-7.209082
-3.542984
-2.772694
-8.267512
-4.168651
-3.785061
-2.109434
-7.124608
-3.952566
-6.033136
-2.214264
-5.301385
-1.307404
-4.484882
-4.319125
-3.860744
-4.556026
-5.520549
-7.614519
-5.825692
-0.188935
-2.496110
-3.232917
-1.198276
-0.212364
-1.089562
-7.143313
-4.027195
-3.280196
-5.081076
-10.058672
-7.067708
-4.648000
-6.009149
-1.799746
-4.418061
-4.408259
-5.194679
-9.640723
-3.652746
-4.730315
-6.981499
-5.530295
-4.652533
-4.716348
-2.108415
-5.303698
-4.993242
-3.432184
-5.365751
-6.865502
-3.068165
-7.150992
-3.447704
-0.568431
-7.393148
-6.292052
-5.637534
-3.939691
-4.161831
-4.614231
-4.538749
-7.469733
-2.073444
-5.355744
-5.956848
-7.506800
-7.130911
-3.353456
-3.188403
-7.606285
-7.758785
-3.290237
-7.175006
-2.606406
-1.773550
-5.085166
-3.395369
-7.724412
-7.856906
-4.840495
-4.873533
-5.928246
-3.153516
-9.656593
-7.493104
-5.985725
-4.695827
-1.978464
-5.529132
-5.332044
-4.350089
-6.872487
-3.764769
-4.678542
-2.359328
-3.854577
-2.025692
-3.740179
-6.409849
-3.974795
-4.251683
-5.187001
-4.823599
-4.443136
-5.479073
-6.020700
-2.868431
-0.272955
-3.907273
-1.743825
-4.921820
-6.519223
-5.365253
-5.538923
-6.312398
-4.661826
-9.413383
-6.962562
-3.110389
-5.176249
-5.193445
-9.259207
-4.340139
-3.555524
-1.623140
-5.656811
-4.103403
-5.416727
-9.845722
-3.822016
-6.727126
-4.517773
-6.713719
-5.793735
-5.735962
-5.296169
-2.900251
-8.971285
0.385278
-3.242056
-8.017248
-2.057559
-1.528695
-1.739597
-4.249740
-5.879769
-4.553241
-2.199452
-5.244197
-3.640171
-4.056238
-0.778146
-4.525101
-2.449923
3.524291
-4.191939
-2.653790
-4.224764
-6.048482
-3.004126
-3.638304
-8.538021
-5.342950
-0.913084
-3.020917
-5.138475
-2.498203
-4.388912
-5.594527
-2.333545
-5.895366
-9.057631
-3.722774
-5.733355
-4.698122
-6.302607
-6.733855
-4.325688
-7.788280
-6.878698
-4.329052
-6.285074
-6.365912
-0.856620
-0.965301
-7.482065
-6.625940
-4.132852
-5.953767
-4.427605
-7.541847
-3.874314
-4.839299
-11.446061
-1.832410
-6.024047
-4.472077
-3.943911
-4.877930
-9.183853
-3.365741
-6.524904
-5.203701
-7.172908
-1.300104
-5.068567
0.044262
-4.212796
-2.055624
-6.314795
-3.273256
-3.689562
-4.609849
-6.814961
-5.503440
-7.783496
-5.734518
-7.039497
1.793581
-2.678441
-0.755719
-7.184163
-4.086394
-3.930907
-6.420971
-2.722196
-3.697762
-4.060084
-5.741051
-8.712957
-5.367789
-9.622644
-7.494915
-5.101535
-2.187921
-5.904106
-9.051248
-2.976086
-6.194365
-5.861729
-2.330430
-4.660641
-8.244045
-7.281732
-6.649568
-5.240523
-6.850805
-4.990036
-1.267336
-4.727870
-5.005172
-3.129424
-7.080513
-7.315660
-3.299604
-8.972767
-2.293355
-6.746681
-4.042477
-6.506611
-6.667890
-2.102602
-5.492234
-2.664941
-3.069532
-4.002165
-5.364761
-5.802479
-6.768478
-4.377866
-1.882124
-4.717094
-4.262920
-1.170732
-9.075702
-5.374845
-5.233816
-2.659811
-5.941348
-4.587676
-4.140883
-2.871307
-6.257150
-6.104512
-3.249938
-3.438472
-3.527577
-0.066497
0.018772
-6.275593
0.119811
-7.019844
-4.529635
-4.640275
-2.191493
-1.872087
-2.069787
-6.208362
-2.590222
-7.384178
-1.610112
-6.070739
-4.555304
-5.184538
-3.300784
-5.657816
-3.552129
-8.362182
-8.015224
-5.205904
-4.855139
-3.158161
-8.319338
-1.791386
-6.528112
-5.620151
-5.282291
-4.756707
-2.589449
-1.852922
-3.686558
-4.842934
-5.616134
-4.619205
-6.030497
-6.301313
-5.405458
-4.895779
-4.422935
-2.747278
-4.127048
-5.416332
-2.883372
-5.730513
-6.302345
-3.066779
-9.314005
-3.466097
-4.458974
-2.311792
-3.637470
-3.811476
-5.975140
-2.303639
-6.777358
-5.912218
-3.454904
-5.322398
-8.110167
-0.695134
-4.182808
-5.524936
-3.750025
-3.715551
-5.216786
-2.229623
-3.841998
-6.872748
-3.536223
-2.652750
-6.443832
-4.834374
-3.784158
-7.894428
0.032672
-5.204388
-1.005740
-7.715248
-5.581076
-5.414206
-6.414006
-5.537986
-3.867110
-2.010575
-9.604419
-5.711800
-3.030859
-5.546889
-10.059805
-3.473824
-7.671966
-4.769058
-6.567153
-4.427587
-3.768943
-6.849881
-6.997714
-4.842304
-6.229102
-5.088408
-2.422391
-0.641713
-3.570824
-4.227391
-2.682157
-3.067337
-4.674567
-1.785053
-2.902395
-4.782633
-7.663876
-3.987996
-6.715080
-5.886326
-5.071701
-7.236991
-7.698946
-8.434016
-6.402349
-4.029958
-4.120455
-4.961584
-4.587797
-4.810096
-7.442772
-4.733624
-6.195058
-8.633891
-3.363161
-4.001476
-6.987177
-3.522524
-9.088341
-4.096326
-5.948549
-1.652137
-9.719187
-6.008370
-6.239993
-4.629574
-4.333170
-6.743881
-3.518265
-3.328684
-4.626046
-11.949146
-5.651572
-6.933060
-2.872541
-10.187836
-6.256834
-4.161209
-2.475141
-7.562099
-5.884459
-0.386377
-2.147263
-7.436347
-3.710542
-1.652606
-7.561856
-7.901343
-5.317016
-4.384820
-3.429411
-3.613114
-6.958278
-6.060798
-9.719051
-2.708269
-1.900796
-4.179232
-5.244126
-6.240893
-5.226097
-6.599530
-4.166773
-7.492482
-7.761953
-6.654586
-2.998910
-5.980749
-3.739846
-6.113410
-3.997111
-6.404984
-5.968346
-7.337173
-5.447869
-2.796338
-1.971790
-4.532958
-4.616580
-6.471351
-2.027371
-4.495098
-6.364109
-3.692420
-3.534913
0.687429
-7.240210
-4.808045
-3.737607
-6.869996
-4.249281
-1.787007
-5.090523
-6.098934
-6.812568
-4.582939
-5.812593
-4.082374
-6.070575
-3.715718
-3.826910
-6.799613
-3.785403
-5.834226
-4.694759
-6.516223
-3.297614
-6.162029
-5.345361
-3.154807
-4.859751
-2.262600
-1.859481
-6.109447
-5.651379
-3.951230
-7.911367
-3.395170
-5.421652
-7.878791
-4.477143
-4.160064
-1.976588
-5.102570
-7.909796
-7.358253
-7.869945
-5.508160
-4.581217
-2.158409
-3.195927
-2.686450
-1.292018
-12.132502
-7.436921
-4.243007
-1.946307
-2.210302
-3.104635
-2.973238
-3.881605
-2.397962
-3.855259
-8.774508
-1.619947
-3.764565
-0.659764
-6.422498
-7.595882
-8.390453
-2.349723
-6.427449
-4.834385
-4.464200
-5.232001
-10.435621
-7.666836
-0.778677
-0.694325
-7.701540
-5.398806
-4.421648
-0.983645
-6.620969
-2.347301
-8.516308
-3.425536
-1.980366
-4.126498
-6.404012
-5.921670
-4.097372
-7.430265
-9.511173
-1.106487
-10.952055
-2.024739
-4.169781
-4.773426
-6.942752
-2.398147
-2.643049
-7.497331
-4.933486
-5.920745
-6.118301
-5.850916
-7.142198
-6.049706
-2.968197
-3.692810
-6.070428
-6.774814
-0.710934
-1.332625
-6.765708
-4.683123
-4.284995
-2.178351
-4.471046
-4.635772
-6.452715
-4.345134
-2.554115
-6.193743
-8.680087
-5.649842
-9.086645
-4.642830
-3.946572
-1.956523
-7.598062
-5.757911
-4.174891
-1.364827
-8.628072
-7.344431
-7.776026
-7.319580
-3.541478
-5.262591
-4.727780
-3.347828
-5.784420
-2.715036
-2.597647
-7.092478
-3.500987
-7.517947
-2.754663
-4.826499
-2.236392
-3.497461
-1.832134
-3.894764
-4.853133
-7.414935
-7.271313
-8.138347
-3.042072
-8.519084
-4.551814
-3.204041
-3.303940
-5.329268
-8.502716
-4.992167
-4.199013
-7.172894
0.237110
-5.063610
-3.196000
-3.935294
-2.907670
-8.269711
-4.087172
-6.846821
-2.001360
-4.895796
-5.839902
-7.938388
-3.230391
-8.487902
-6.595232
-6.228592
-4.467050
-3.669832
1.119249
-6.990556
-5.868224
-6.822001
-1.758812
-3.840718
-5.263543
-3.204526
-3.008696
-1.603201
-8.205868
-2.995539
-2.117766
-3.669935
-4.900642
-6.273602
-6.351164
-6.090136
-5.700113
-2.883394
-6.357856
-5.713224
-5.223964
-3.939246
-2.356983
-6.691733
-2.587432
-4.504778
-5.666822
-7.257173
-5.286076
-4.495771
-8.566852
-3.602969
-4.544038
-4.817959
-2.430185
1.176025
-5.741045
-5.752651
-5.763439
-8.919563
-3.115526
-5.691504
-3.780407
-6.745721
-6.373325
-3.227638
-6.670048
-2.804241
-2.193836
-3.267195
-3.573799
-3.417191
-5.972337
-7.084847
-8.020128
-8.289833
-6.471470
-7.976452
-1.950906
-4.050353
-6.918797
-4.697906
-4.791380
-2.295110
-4.365654
-3.064540
-8.365738
-3.864617
-6.013141
-2.940298
-1.874483
-7.886926
-9.857334
-2.157975
-7.304625
-7.704523
-0.484901
-1.892415
-5.263439
-5.986564
-3.096178
-7.201875
-2.516639
-6.882780
-5.674635
-5.898517
-5.035408
-3.346931
-6.006038
-6.225623
-6.201960
-2.636388
-2.668121
-4.518424
-9.884456
-2.131430
-4.173282
-4.547293
-6.803976
-1.821423
-4.136957
-5.909987
-4.888240
-3.832116
-6.334962
-4.587887
-3.851316
-3.669197
-8.744717
-5.197513
-6.835969
-5.353467
-8.168550
-5.821517
-4.424974
-3.487396
-6.609197
-5.472068
-0.895397
-3.630918
-1.117900
-4.002739
-0.061561
-6.738201
-2.494748
-7.630064
-7.738900
-7.941037
-6.007268
-6.762154
-6.213876
-4.170538
-3.147985
-6.173729
-10.629684
-4.979296
-4.974199
-7.262407
-6.698321
-2.918270
-9.313320
-2.318025
-6.532724
-4.256237
-1.724997
-5.863423
-5.296405
-9.098124
-5.419698
-0.452886
-5.343324
-5.081126
-5.433518
-6.132005
-3.678737
-3.988755
-6.064032
-3.374007
-1.456537
-3.823899
-7.334348
-2.846657
-2.757921
-4.231830
-4.683684
-3.900045
-7.427971
-4.553668
-8.054089
-2.167790
-1.996340
-5.513969
-3.745495
-6.496490
-3.326900
-3.941543
-5.596688
-7.968550
-7.556656
-8.123869
-2.982569
-5.365771
-0.181538
-4.222966
-4.006371
-6.070646
-6.637266
-7.888755
-6.935473
-7.680913
-3.118186
-3.714116
-5.630004
-1.263689
-6.368372
-6.805731
-2.582760
-5.977793
-1.372144
-6.398040
-4.338424
-4.824977
-4.652490
-8.278608
-1.863026
-4.680077
-5.980799
-1.044277
-3.908785
-4.731336
-7.026270
-6.894095
-0.908881
-6.634796
-4.989352
-1.959212
-5.335487
-8.868876
-6.791330
-3.665146
-4.966855
-1.473697
-3.344499
-3.119132
-8.560944
-2.158796
-6.532184
-5.045653
-7.229764
-6.138414
-6.267200
-8.404424
-6.295732
-5.487135
-3.871896
-5.994190
-2.094753
-5.962665
-1.482218
-2.912496
-8.659264
-2.391668
-5.113284
-5.378812
-7.893294
-7.404883
-7.175690
-8.762510
-8.736634
-7.906959
-7.442522
-7.705238
-3.857016
-1.692761
-4.553620
-5.288384
-6.287467
-2.963419
-4.962376
-3.142957
-6.088206
-5.586404
-3.407156
-4.933122
-3.336585
-5.971908
-8.029533
-4.300014
-6.635637
-4.546981
-3.458150
-2.005810
-4.291260
-0.360035
-2.457338
-3.033638
-1.099147
-5.111233
-5.626539
-0.062059
-5.108387
-3.055175
-8.839182
-5.040815
-6.670905
-7.083717
-5.053938
-2.336535
-2.934144
-3.855010
-9.250578
-6.729425
-6.744136
-9.273859
-2.705283
-3.465755
-6.351360
-4.640549
-6.921583
-4.603227
-5.323809
-7.825788
-1.444486
-4.823308
-5.020650
1.389201
-6.305532
-4.368904
-5.005087
-2.961632
-4.464910
-2.130866
0.801534
-9.221058
-6.566434
-8.806336
-7.066962
-4.251314
-3.746317
-2.813078
-2.342767
-3.616913
-6.813323
-8.227116
-5.452660
-7.625580
-4.016672
-5.756796
-7.521358
-5.918739
-4.004315
-7.375910
-2.716844
-5.542888
-5.232124
-0.654686
-6.037650
-2.124023
-3.679052
-3.026231
-5.804206
-4.206728
-3.992313
-3.803128
-2.502923
-3.032850
-10.274179
-3.695914
-5.398405
-3.041710
-3.644811
-1.614597
-3.119523
-0.147276
-9.609275
-6.173461
-3.044919
-5.952142
-1.775295
-7.286478
-2.828710
-1.558377
-4.052235
-4.322963
-4.399844
-4.053899
-9.536993
-4.017538
-5.047342
-3.269342
-5.407607
-6.863315
-3.250484
-7.280266
-5.142834
-5.349801
-5.303577
-3.209856
-2.170557
-7.381397
-5.855567
-8.559841
-4.348507
-4.832754
-4.031351
-7.148336
-3.182920
-6.094178
-4.932221
-7.011115
-6.651868
-4.840981
-7.616862
-6.897135
-1.961757
-5.338117
-4.578546
-5.489205
-9.899754
-8.562796
-1.292716
-4.036965
-4.977841
-4.786295
-2.886284
-1.295126
-7.955117
-5.165800
-1.565609
-4.665013
-7.987934
-4.807426
-2.342351
-7.923517
-6.827371
-7.194857
-4.557032
-5.533577
-8.990732
-5.526457
-1.837229
-4.942626
-3.620914
-3.428581
-7.188727
-5.413170
-0.495732
-3.125363
-3.390981
-4.360077
-2.618371
-5.181242
-7.452749
-2.362843
-4.978971
-5.745564
-4.325943
-5.099896
-5.901049
-6.184964
-7.836567
-7.611777
-5.916461
-7.584480
-3.630654
-1.505904
-3.528837
-5.309484
-3.735849
-7.851228
-5.851109
-6.534127
-7.951722
-3.266206
-5.504472
-8.276247
-4.028072
-1.527671
-4.449241
-1.888939
-4.176071
-2.755017
-2.741118
-9.092879
-2.416769
-4.933626
-4.294739
-5.553107
-2.310952
-7.776362
-7.218104
-4.266793
-3.602540
-5.341609
-7.689720
-7.031096
-4.882192
-3.695409
-7.039818
-6.340270
-6.469347
-6.446674
-7.224096
-6.974323
-5.795339
-6.089237
-5.238407
-1.147177
-8.177558
-2.324009
-5.625783
-3.556171
-5.623188
-4.076496
-3.607612
-7.119211
-10.145072
-4.035355
-5.338433
-6.458964
-6.074395
-1.823693
-5.148719
-6.638835
-0.322596
-0.446270
-4.844232
-4.022370
-2.622770
-5.295133
-6.099555
2.773565
-2.979073
-2.740715
-4.275807
-6.454626
-6.711796
-5.371298
-5.762829
-5.887765
-2.370084
-4.853428
-1.530146
-7.233795
-5.124841
-2.823811
-7.114210
-1.673894
-2.543708
-8.796450
-3.058948
-3.626264
-4.152535
-1.948553
-4.937727
-3.185351
-4.476831
-4.834269
-7.132549
-3.304418
-7.726185
-4.695596
-6.397846
-5.785744
-6.192501
-6.549947
-12.054615
-3.643149
-0.810090
-1.959300
-6.692756
-2.543082
-6.317720
-5.435008
-5.164303
-4.962163
-3.535162
-1.683706
-5.255692
-3.909573
-7.357263
-4.072858
-7.700738
-3.898120
-2.825814
-7.211235
-2.775742
-7.158656
-1.326684
-10.493158
-7.952378
-4.821035
-3.379275
-7.755225
-5.028339
-4.326966
-3.876700
-3.906109
-4.443922
-3.877681
-11.508365
-8.562815
-5.012140
-2.253893
-6.068472
-1.843201
-1.322180
-3.720417
-8.550802
-5.519515
-5.360907
-3.809209
-7.548932
-1.985506
-2.980520
-3.199003
-6.066086
-6.225011
-5.404079
-7.060786
-4.825344
-5.688916
-2.821723
1.205049
-6.918660
-3.797302
-6.133153
-1.331505
-8.780367
-3.945646
-4.593400
-1.890724
-1.248982
-4.351848
-3.072441
-1.850699
-5.277877
-3.430160
-7.165405
-4.632278
-5.027607
-2.785996
-4.558196
-4.190908
-7.885601
-4.723454
-4.500475
-4.209242
-8.099081
-5.998387
-3.406352
-2.767501
-6.301955
-3.670283
-2.119802
-5.627203
-1.229443
-2.830667
-3.221797
-4.506613
-3.855910
-3.900814
-3.186029
-0.834537
-0.750157
-4.487951
-10.553020
-2.997715
-2.895102
-4.320439
-7.394267
-3.739846
-8.082222
-13.559589
-4.925946
-7.639839
-7.112947
-2.469240
-5.938781
-4.887669
-2.594983
-1.507526
-3.439236
-6.293217
-0.836366
-4.384343
-6.047585
-6.401228
-3.992543
-8.694366
-0.353514
-9.281200
-5.440101
-5.552882
-4.026051
-5.230730
-1.604347
-0.666893
-5.461284
-3.344949
1.221981
-7.338861
-8.078730
-4.163848
-3.057155
-6.502850
-6.436827
-8.620132
0.218451
-1.697985
-2.407092
-4.874230
-8.755776
-3.104965
-5.529417
-3.508814
-3.099256
-6.048136
-6.013609
-6.433817
-1.435991
-0.272375
-8.173787
-3.607191
-4.545088
-5.195611
-5.507012
-5.104827
-4.812103
-1.816581
-1.821037
-7.749671
-7.946991
-6.586685
-2.979450
-7.319688
-4.856052
-4.745899
-3.630114
-5.444531
-5.365578
-4.992963
-4.854513
-4.452693
-2.450916
-6.959071
-4.187365
-5.173431
-5.217529
-3.917528
-3.023392
-5.721013
-6.741236
-2.851299
-7.902072
-0.914338
-3.102512
-3.777113
-2.106597
-3.729689
-0.786104
-5.221473
-2.530159
-4.010440
-4.678981
-7.279651
-3.191200
-8.894507
-4.280519
-5.438890
-2.275938
-5.661596
-3.207679
-3.387154
-5.605711
-4.907728
-5.331382
-9.446131
-4.713438
-5.309116
-7.658147
-2.021566
-3.590257
-3.355421
-3.854926
-6.146046
-3.734927
-4.585405
-2.193272
-6.348061
-5.851473
-7.603674
-4.520338
-4.642246
-5.814471
-3.835071
-4.439285
-5.154066
-3.597613
-2.870166
-4.278293
-3.295087
-4.345758
-7.243522
-3.728355
-5.022312
-7.116092
-6.735705
-7.268515
-0.870568
-4.015789
-6.489452
-7.024053
-5.327852
-6.135003
-6.336955
-6.180981
-3.676892
-5.039770
-3.292400
-1.126551
-3.819321
-7.593538
-2.848432
-1.527587
-5.664583
-7.337191
-2.986804
-3.718081
-6.361639
-7.110683
-5.752195
-6.474878
-3.020668
-8.452604
-2.180642
-4.189898
-6.709268
-6.964973
-7.012465
-3.855875
-3.645365
-2.018399
-2.475132
-4.522699
-8.214118
-7.586878
-5.491831
-6.344990
-8.759485
-5.164304
-3.950459
-4.554783
-5.644013
-7.678175
-5.179563
-0.367601
-6.000964
-3.725665
-5.270252
-7.947151
-7.280389
-4.883522
-8.138982
-8.388523
-3.018875
-7.470290
-7.340394
-4.053040
-4.574152
-1.756624
-6.640113
-2.731392
-3.829366
-5.024379
-1.290150
-0.092550
-5.654123
-6.955828
-2.846831
-11.519260
-3.307827
-6.626474
0.197720
-2.914107
-2.408829
-4.345668
-5.526142
-6.017128
-7.028881
-7.572723
-3.285887
-7.942560
-7.069873
-6.772621
-4.456116
-4.072447
0.306247
-5.290657
-6.463566
-7.688602
-3.117145
-5.024568
-6.706800
-5.791165
-8.236200
-7.304811
-5.228741
-6.172021
-5.546616
-3.073206
-6.856663
-4.011063
-5.611489
-9.223684
-4.209815
-7.438491
-5.987192
1.349294
-5.206147
-4.355071
-6.032828
-3.541936
-10.926882
-6.015141
-0.867134
-4.115212
-2.790268
-6.626484
-5.993968
-5.768314
-4.711258
-5.668192
-6.829776
-5.371143
-2.853579
-3.011346
-5.309783
-4.590332
-5.782668
-8.983693
-7.676797
-7.197235
-4.744998
-7.465903
-5.559341
-4.008268
-2.906854
-5.254550
-3.588768
-5.471509
-9.721279
-4.646537
-8.005765
-4.881043
-4.926671
-0.675682
-7.932431
-3.206938
-6.548839
-5.939259
-7.894166
-6.467393
-3.216940
-4.705342
-9.863150
-5.880504
-8.161234
-5.163658
-5.100818
-7.483866
-3.947123
-4.243262
-4.695561
-8.009350
-5.039564
-7.819947
-6.783629
-4.218776
-4.151199
-2.904568
-6.559186
-6.767519
-6.696399
-4.613379
-3.991808
-4.419849
-7.862814
-3.587740
-5.401316
-1.962400
-4.265062
-6.511250
-1.407472
-3.841821
-6.442225
-3.269635
-4.571789
-7.204550
-4.936041
-8.823505
-3.069170
-4.125001
-4.936590
-7.876677
-7.022069
-3.146438
-3.190468
-4.444181
-2.507654
-6.989244
-2.109600
-7.943355
-11.402290
-6.549368
-0.621672
-5.703570
-3.662390
-7.438067
-4.501381
-3.739264
-4.414968
-4.041373
-6.302162
-3.881228
-8.112480
-6.990593
-1.922099
-5.188805
-4.744748
-4.950494
-6.936109
-3.388273
-3.192680
-9.174344
-4.242017
-6.419538
-6.485700
-6.191485
-5.958519
-7.704226
-3.681806
-4.584113
-3.520733
-2.302553
-0.557702
-4.226459
-2.633772
-4.816227
-3.515656
-3.640692
-5.171230
-8.951955
-4.571162
-6.497399
-5.934151
-8.109669
-0.494291
-4.223984
-3.696998
-4.770591
-6.221292
-3.054991
-5.757208
-2.978530
-1.986133
-1.851457
-8.436495
-6.250274
-4.850351
-1.205845
-5.772257
-7.425305
-8.884779
-4.374953
-4.783092
-2.993495
-5.921504
-7.286935
-5.638560
-2.319087
-6.008347
-5.315839
-6.206277
-7.641341
-4.443655
-4.979568
-0.612156
0.147747
-2.694384
-4.327732
-3.360892
-2.952241
-3.763751
-2.828410
-7.364823
-11.045604
-1.604894
-4.708092
-8.911898
-6.586524
-4.270442
-7.826614
-3.380726
-6.353159
-10.040352
-5.806371
-6.682054
-4.878608
-1.856801
-4.947183
-2.548769
-5.311040
-1.968616
-7.013530
-4.873744
-4.651637
-2.975987
-4.895928
-5.812611
-4.924457
-5.581869
-5.672889
-3.886472
-4.209724
-5.894873
-0.062482
-6.176103
-2.194724
-7.034026
-7.454296
-7.804708
-8.896870
-2.228066
-4.173856
-7.110278
-3.995401
-0.426884
-4.540902
-3.387921
-5.053780
-5.612922
-7.750933
-7.647631
-10.184640
-6.578867
-1.609747
-3.958307
-2.363785
-2.090746
-3.350421
-4.786631
-5.911264
-0.457745
-6.725814
-5.799497
-7.340240
-4.327385
-5.266796
-6.500669
-4.534878
-4.369927
-6.258698
-1.311099
-4.139365
-8.163269
-6.985262
-1.552580
-2.357401
-6.466134
-5.600538
-2.593170
-6.500032
-5.146914
-4.610595
-5.093509
-6.777073
-4.102830
-9.505171
-5.682659
-0.672261
-2.960640
-5.034364
-2.725232
-4.174277
-5.158873
-4.287592
-0.083233
-7.747554
-5.420648
-4.834458
-3.717167
-6.233476
-9.051693
-4.072825
-5.548397
-2.528633
-2.434254
-7.614942
-3.246553
-10.665182
-7.902525
-2.925796
-5.552956
-4.340674
-3.440589
-4.698582
-5.704912
-6.330426
-5.633449
-4.416836
-5.044556
-5.800839
-6.702518
-8.085049
-3.260679
-6.462147
-8.755030
-5.984349
-5.913439
-9.538876
-9.023564
-4.631266
-4.890687
-5.172932
-4.441252
-3.138893
-7.903181
-6.865979
-1.290317
-8.552769
-4.033074
-4.381058
-4.634981
-3.574443
-2.399511
-5.215672
-2.502213
-3.897225
-5.786178
-2.630151
-3.691379
-4.464966
-6.942811
-3.303118
-6.009235
-5.697443
-5.471417
-4.171390
-1.531630
-7.181107
-10.392920
-2.866436
-3.235479
-5.995137
-4.530479
-6.764694
-4.424544
-4.268986
-4.164928
-2.447875
-4.154244
-4.581750
-4.835068
-6.040221
-7.836154
-7.246495
2.688189
-6.240391
-7.307848
-5.839479
-6.743542
-1.923068
-2.274744
-5.396264
-6.811549
-4.939575
-5.271715
-9.258286
-5.638065
-4.557596
-4.182941
-6.194975
-9.514755
-4.629191
-5.679637
-6.619273
-7.885973
-4.122153
-7.633576
-8.918650
-5.115008
-7.048037
-5.284695
-2.300656
-5.874374
-6.440002
-7.721279
-4.424067
-5.742757
-7.884684
-3.652110
-7.176845
-5.768926
-6.710781
-4.727887
-1.872963
-5.023427
-5.221761
-4.009915
-7.472521
-6.804792
-5.057662
-0.812366
-6.708947
-6.218657
-4.449909
-6.758743
-6.440826
-5.757888
-5.600535
-6.954243
-10.057077
-4.866734
-6.361820
-5.513842
-6.924992
1.181611
-1.455637
-7.609564
-4.239509
-5.119172
-5.713964
-5.337633
-5.856364
-4.179440
-5.188022
0.172562
-1.669834
-2.986865
-7.161850
-5.008018
0.159449
-3.348819
-5.119989
-4.456371
-2.920129
-4.033146
-6.850092
-4.845259
-6.068640
-4.428896
-1.977807
-6.373008
-4.128242
-7.003333
-5.588851
-7.392561
-3.956210
-5.738214
-1.621634
-8.808197
-6.512572
-3.844905
-7.131512
-3.412982
-7.751171
-1.510829
-3.840031
-5.645448
-8.676311
-3.186517
-2.917023
-4.388981
-5.918149
-8.322201
-0.013646
-2.051564
-6.579868
-4.816042
-1.042490
-8.587917
-4.815296
-3.496522
-3.608569
-5.029408
-4.037494
-6.785679
-4.129644
-5.289076
-6.405488
-5.225714
0.483762
-4.464651
-2.334306
-5.092023
-1.337794
-6.355486
-6.031182
-9.776716
-6.838007
-3.529111
-4.183326
-4.316540
-5.999687
-10.383543
-5.325223
-1.216487
-5.922123
-5.260332
-6.937296
-2.984201
-6.835535
-7.590048
-0.816611
-2.215089
-6.822709
-6.052523
-9.054365
-6.478667
-5.418094
-2.826464
-2.920813
-5.788879
-2.756274
-3.474741
-5.320350
-6.577818
-3.771875
-3.758941
-5.396122
-4.406946
-4.315954
-7.365258
-2.609074
-5.874240
-8.004944
-5.315156
-1.053938
-4.307734
-6.861767
-0.964779
-9.791715
-7.131065
-2.890073
-5.404606
-0.279099
-2.287073
-6.181593
-5.987171
-6.103756
-5.050347
-5.522988
-0.891873
-5.034087
-8.104074
-7.652122
-4.124397
-7.227812
-7.515612
-4.756917
-0.871220
-4.007814
-4.653154
-1.837882
-9.642800
-4.130557
-5.187010
-4.793046
-4.705234
-4.852400
-1.136524
-4.884784
-2.092501
-0.142333
-2.391309
-4.328995
-5.440848
-7.361537
-5.594537
-7.070756
-3.808443
-8.953110
-3.540014
-5.091344
-1.220255
-4.296353
-6.212395
-3.829822
-6.136429
-6.230470
-8.306857
-4.763046
-1.856688
-3.015575
-4.508049
-2.751668
-5.451683
-4.974728
-4.968800
-2.822159
-1.595498
-4.659815
-5.018578
-5.945398
-10.363448
-4.217793
-6.194115
-3.638436
-2.694212
-1.800838
-2.507863
-5.145201
-4.621494
-4.337721
-3.554791
-6.596340
-4.491720
-0.843215
-2.411354
-6.177361
-5.709719
-7.092210
-8.786154
-4.214047
-7.507582
-8.404506
-1.602535
-7.758235
-6.318923
-6.254135
-5.910030
-5.408310
-8.807515
-2.912987
-3.019534
-1.220968
-1.797180
-6.176973
-7.559154
-2.325853
-6.534841
-1.476969
-5.668633
-2.105533
-5.201815
-5.596257
-4.556805
1.486488
-7.392640
-11.155805
-5.836072
-2.835156
-7.520423
-5.978460
-3.094544
-2.273607
-7.415036
-7.098831
-4.785647
-3.919135
-6.302031
-6.477200
-5.461166
-6.839905
-6.516440
-8.042109
-2.655537
-4.932910
-8.765015
-3.733256
-1.671806
-3.249852
-4.989156
-9.338814
-7.576146
-6.604249
-10.984209
-0.642075
-4.628791
-5.688530
-9.364823
-2.512960
-6.052855
-0.059362
-7.075188
-4.710460
-3.725999
-2.814501
-7.141912
-4.466718
-4.704839
-5.953947
-6.651723
-6.127634
-3.433126
-1.034572
-7.705873
-6.011102
-2.801966
-6.258305
-5.915772
-3.345544
-4.608077
-4.133039
-4.920280
-5.933107
-7.160224
-4.527555
-4.013033
-6.272850
-9.270637
-1.682098
-4.461432
-5.150979
-4.130564
-0.277062
-8.164717
-2.338119
-1.491429
-5.537254
-7.808314
-8.259126
-7.278605
-8.156162
-2.448795
-2.777092
-4.764808
-1.252172
-5.738554
-7.568920
-4.951660
-6.881624
-4.318437
-5.897995
-10.323189
-4.057528
-5.185592
-2.610493
-1.209241
-1.997784
-4.680299
-4.815663
-4.027391
-9.399416
-2.817018
-6.036538
-4.949994
-5.873580
-4.569777
-6.283208
-4.746019
-3.320987
-4.404616
-4.691353
-3.051283
-8.562277
-1.766089
-5.359167
-4.869215
-4.186824
-5.229308
-1.919178
-1.316684
-7.046780
-2.553425
-6.111700
-4.029398
-9.763448
-3.391775
-5.843771
-7.730165
-4.445187
-10.262970
-7.952036
-4.616694
-6.823188
-2.456776
-5.174529
-3.437017
-3.148561
-4.594431
-3.057805
-5.480913
-5.852333
-3.661855
-5.769009
-7.860275
-5.369941
-5.072476
-6.664480
-1.186170
-5.646020
-6.685206
-1.451582
2.041510
-6.076619
-8.023708
-3.954005
-4.841360
-4.680631
-1.224957
-2.752148
-7.251822
1.196095
-8.770497
-8.445536
-2.898668
-5.900401
-8.943833
-6.472643
-2.653496
-6.551851
-1.928122
-7.329510
-5.439119
-4.657928
-2.794379
-6.890518
-2.762642
-3.629287
-5.432236
-8.393361
-8.467675
-4.056212
-7.479480
-5.194054
-3.776069
-3.683580
-7.944402
-9.004091
-3.525542
-2.508472
-8.523406
-7.351759
-2.146464
-7.038964
-5.267545
-4.409723
-5.177936
-6.677220
-4.274980
-5.848910
-2.841834
-5.755653
-3.396159
-5.385126
-9.852843
-2.274633
-5.409374
-1.876463
-2.287457
-2.746085
-5.775472
-3.775553
-3.049791
-5.809265
-5.282089
-7.430902
-4.292881
-5.817948
-7.381624
-4.654953
-1.038223
-6.299327
-5.554563
-3.630495
-4.021610
-4.773794
-3.532403
-0.486409
-5.327514
-2.289713
-4.528973
-3.775564
-4.155759
-4.805672
-4.935841
-6.034821
-5.423105
-7.876659
-4.607191
-3.670506
-5.630684
-3.297788
-7.836754
-4.661275
-3.303567
-4.457189
-5.883815
-3.215836
-5.695825
-6.379191
-6.411549
-3.431683
-4.822079
-3.765658
-4.014085
-4.497030
-2.030845
-5.382762
-0.862020
-7.423100
-2.278235
-3.797522
-0.871392
-4.446644
-2.648520
-3.150346
-7.420757
-7.790995
-8.022676
-2.889749
-8.883999
-7.558068
-5.788896
-6.482677
-7.555024
-6.083963
-2.551551
-5.334981
-4.462521
-3.934509
-2.862399
-5.505038
-2.680425
-2.817659
-2.300207
-6.721836
-5.879375
-2.323614
-5.277494
-6.638392
-7.107772
-3.598512
-5.070121
-5.972785
-2.517476
-4.286044
-6.367710
-1.769024
-4.406303
-6.486316
-8.049324
-3.979213
-5.347566
-5.614481
-8.988653
-5.629298
-1.956714
-6.358237
-7.248417
-6.429428
-7.156040
-2.497212
-1.557821
-0.141527
-5.259291
-5.362578
-7.087339
-1.775035
-5.047104
-5.135723
-1.910420
-4.657213
-5.072459
-5.785384
-7.620399
-7.177899
-7.850428
-2.749517
-6.614480
-9.390429
-3.869134
-6.462803
-5.412291
-7.525424
-3.737891
-2.394799
-7.563219
-10.990427
-4.625416
-3.714725
-4.050148
-8.424225
-4.893953
-2.201442
-5.865244
-5.863374
-6.646055
-6.193081
-3.507031
-3.807994
-7.606062
-0.987961
-8.283531
-6.566128
-7.544873
-2.301050
-4.411872
-2.829823
-5.014272
-8.701919
-2.788999
-4.572703
-1.068020
-8.278658
-4.843997
-0.793639
-6.816341
-4.485054
-2.060757
-3.778394
-4.611842
-5.315914
-8.016620
-2.092155
-4.053427
-1.296705
-4.681951
-7.825588
-6.105319
-3.266078
-4.662164
-4.360406
-8.691984
-7.167645
-5.424586
-8.767380
-5.894200
-0.770906
-3.925187
-5.408227
-7.591173
-4.190943
-5.821042
-1.235447
-4.970005
-7.841757
-2.343366
-4.060385
-10.869045
-6.746597
-9.484383
-4.483026
-5.001623
-4.135673
-6.012134
-6.395069
-3.336183
-3.956390
-1.557819
-8.341958
-7.404773
-8.079983
-6.184027
-2.685874
-4.112877
-4.866122
-5.884610
-0.691851
-1.398336
-7.347002
-3.568359
-3.433496
-1.786977
-4.899962
-6.262051
-6.048436
-2.054662
-2.835517
-6.955808
-5.694106
-4.919677
-3.704636
-2.034122
-5.538608
-8.212746
-5.325929
-7.368720
-6.289439
-4.746894
-4.504532
-5.256844
-3.842116
-5.575225
-5.772001
-1.841110
-1.430326
-5.013975
-6.282738
-5.522667
-1.397760
-2.850161
-4.682150
-5.062893
-7.484238
-4.537754
-3.805954
-7.137619
-5.635478
-2.052158
-2.412090
-4.401952
-1.675505
-4.437014
-1.991342
-3.569043
-4.644555
-1.468405
-7.151107
-3.264034
-6.046133
-2.775168
-6.149785
-3.421735
-7.896177
-4.327952
-3.097632
-3.753690
-5.557567
-4.241647
-5.154548
-6.681033
-7.028305
-4.711135
-0.970282
-2.177001
-0.884615
-5.026332
-5.416660
-6.630631
-2.335711
-6.354988
-7.129645
-1.046726
-3.929321
-4.900311
-4.030533
-5.400505
-1.431180
-4.238690
-5.697184
-3.626929
-6.954799
-2.223249
-4.175118
-5.642803
-6.586707
-1.806263
-6.578104
-9.349623
-3.545902
-6.681199
-5.749015
-4.339424
-1.542006
-6.830647
1.812776
-6.612301
-2.715453
-5.835251
-7.987938
-4.674392
-3.511431
-4.317597
-6.815280
-4.008468
-3.280188
-6.012112
-4.420175
-5.523190
-7.040359
-1.969362
-9.542204
-7.696411
-2.568313
-4.364898
0.144153
-6.822703
-3.974180
-6.257054
-4.886177
-2.338878
-2.930485
-2.971189
-4.800106
-7.623706
-1.865328
-2.574982
-0.395781
-2.992691
-7.008759
-5.903701
-5.241315
-4.239959
-0.813326
-3.964370
-4.584363
-6.515046
-3.646602
-3.935157
-5.039400
-4.695139
-7.527357
-2.415418
-4.442685
-5.540067
-2.591004
-8.523797
-5.046229
-2.425828
-4.243134
-10.065504
-5.917158
-2.939599
-4.671580
-7.602431
-4.868178
-8.121955
-4.483470
-5.172537
-5.973346
-3.190655
-2.223818
-2.341103
-3.225502
-3.683017
-6.371939
-0.373299
-4.375474
-6.042555
-2.781768
-6.994484
-5.986940
-3.235625
-6.273408
-5.398937
-5.417146
-6.888661
-10.021164
-6.042581
-2.434041
-6.466161
0.586197
-6.297112
-0.404194
-4.713192
-5.632727
-0.089137
-9.059616
-6.072701
-3.895173
-4.501734
-6.216847
-4.867669
-3.885473
-4.883910
-5.153966
-2.701722
-3.980275
-7.335992
-4.937456
-11.149130
-5.683034
-1.481216
-5.658373
-4.599844
-5.943329
-4.594350
-3.151494
-5.977342
-8.676626
-4.173149
-4.039574
-4.549113
-4.230912
-5.094791
-4.241920
-5.138346
-2.174153
-1.511473
-5.184860
-1.571090
-8.320389
-6.666181
-3.240332
-1.682669
-4.119121
-7.625206
-5.714779
-1.962505
-3.880238
-1.031055
-2.647160
-7.388929
-5.726982
-4.423311
-3.450055
-7.418271
-5.691316
-2.111316
-3.719988
-3.861781
-7.099825
-3.754081
-3.325430
-5.695643
-5.405743
-5.264018
-5.860170
-4.171783
-7.121854
-4.616158
-3.522028
-9.765212
-5.404985
-6.474247
-2.406286
-4.371848
-6.237917
-7.397587
-6.591710
-6.465261
-6.108255
-5.615381
-2.896712
-5.042875
-1.346241
-7.487227
-5.002892
-8.799226
-5.824115
-1.900134
-4.936126
-4.271151
-4.993493
-8.240262
-7.458161
-1.334055
-6.483385
-5.227439
-4.703691
-5.313190
-4.781947
-6.441624
-4.501616
-3.313217
-5.343430
-5.262675
-6.807271
-5.067108
-6.570127
-4.822712
-5.095131
-7.452351
-6.294134
-3.109279
-2.122584
-3.018030
-4.412672
-6.175276
-6.073953
-9.302688
-5.256300
-5.417857
-5.369140
-4.621331
-3.684241
-4.365725
-4.064409
-4.311725
-8.042533
-7.073773
-4.747760
-4.746211
-5.009204
-3.668766
-1.395276
-5.452262
-8.308342
-6.156208
-6.382816
-2.749387
-2.936885
-3.790987
-11.138611
-5.217566
-6.332449
-6.843280
-5.542598
-5.617594
-5.708343
-4.714875
-3.418840
-10.475595
-7.101825
-0.929659
-6.171008
-4.125735
-1.937611
-1.850264
-3.872980
-4.712611
-0.899939
-3.301243
-4.801345
-8.164555
-5.300959
-7.335920
-7.377823
-2.376772
-7.377817
-7.366653
-5.376834
-4.479180
-8.143150
-3.927342
-3.663739
-5.465165
-5.429408
1.344708
-6.962560
-7.256674
-7.197823
-4.084045
-4.944972
-6.922723
-6.403604
-5.562902
-5.153137
-8.270765
-5.632470
-5.373521
-5.305582
-5.646671
-4.939364
-6.763976
-2.946133
-5.024678
-2.170769
-6.746013
-4.368067
-5.270529
-8.185989
-4.323661
-1.576001
-5.733984
-6.611465
-6.337664
-3.221385
-6.147814
-9.420083
-5.040430
-2.929085
-8.024206
-4.136963
-3.418327
-12.133929
-7.165901
-5.680594
-3.684036
-1.691076
0.029755
-2.557879
-4.859119
-5.359973
-6.768458
-5.964558
-3.697545
-6.432223
-6.435717
-8.944087
-4.968343
-4.389631
-4.196332
-6.994565
-4.847918
-4.484435
-2.867802
-4.641975
-2.120419
-4.932791
-5.393703
-5.023216
-6.359061
-2.513458
-11.526543
-4.352763
-3.307787
-2.286861
-5.601836
-5.521687
-6.560809
-4.138527
-8.410640
-5.675489
-3.882331
-3.741798
-5.311743
-1.853846
-6.037589
-5.217334
-2.517047
-4.795268
-6.363561
-5.426681
-4.973831
-2.775439
-4.595140
-5.641479
-3.868341
-4.427212
-4.047312
-4.160628
-7.980567
-3.267208
-5.495430
-6.612671
-1.837934
-8.334563
-1.021808
-4.747221
-0.976037
1.218812
-7.578021
-3.674724
-5.893737
-8.330641
-4.843460
-1.889895
-0.397414
-4.210612
-2.513553
-7.350760
-5.005586
-3.043182
-5.793205
-2.378090
-7.944188
-6.049853
-4.852390
-5.641613
-5.754345
-5.966734
-4.988586
-3.251000
-3.978604
-2.505036
-5.169079
-3.726464
-7.147143
-4.440647
-5.918956
-7.772792
-4.517221
-6.473870
-7.023161
-7.073338
-4.925411
-5.604205
-5.759295
-7.549674
-5.385400
-7.513676
-2.434440
-3.398686
1.108351
-6.252092
-4.927235
-0.125976
-7.846012
-3.482754
-9.650289
-3.275681
-8.010832
-6.364545
-8.051701
-4.735661
-6.283847
-5.125195
-0.983276
-2.762115
-5.926718
-1.887550
-4.769354
-3.596452
-1.971010
-4.218436
-3.889289
-4.839892
-5.485737
-5.847192
-2.782468
-4.738335
-6.127687
-9.005037
-1.955241
-3.143582
-5.027839
-3.372940
-2.815733
-2.938646
-3.570164
-5.501908
-2.164171
-6.996487
-2.908565
-8.491994
-5.089753
-2.819368
-5.888792
-2.804019
-2.902747
-6.618812
-2.299198
-4.658642
-3.158643
-8.624792
-5.002038
-5.003426
-2.247833
-13.586143
-5.281253
-6.317696
-1.476876
-6.219645
-3.728703
-6.004178
-3.832623
-5.943419
-4.476781
-2.682503
-5.359711
-4.466650
-1.644890
-1.764097
-4.532672
-3.188556
-3.888841
-5.186085
-9.188525
-6.710399
-4.715362
-7.917359
-4.412794
-6.896291
-4.755162
-4.398165
-6.234342
-3.114720
-3.194744
-6.970404
-4.148540
-7.018159
-6.878269
-6.474826
-2.841322
-2.029016
0.650547
-3.060949
-5.881814
-7.111459
-8.180020
-4.887971
-0.654550
-0.890223
-7.974695
-6.461796
-4.799898
-6.073998
-2.036776
-5.746466
-7.582824
-7.044402
-5.090847
-7.941304
-5.830197
-6.604515
-5.459065
-6.009541
-5.593927
-5.758070
-4.436826
-4.733788
-3.192355
-4.314017
-3.157307
-3.927809
-7.495212
-4.990042
-3.421262
-7.356562
-6.097341
-0.644701
-2.483843
-9.015064
-6.075490
-0.873305
-3.894504
-2.137389
-5.357873
-5.566474
-4.569277
-5.888208
-3.829760
-3.240168
-5.354243
-1.250432
-5.329185
-6.226721
-4.273499
-5.484496
-1.596131
-6.716039
-6.351046
-8.105039
-5.113436
-5.089282
-6.246944
-6.950843
-7.425130
-3.535103
-4.668283
-5.337276
-4.647709
-2.759970
-0.956971
-0.951389
-1.095191
-6.352429
-5.723573
-1.092845
-2.043353
-4.862815
-0.906382
-6.287745
-3.435063
-5.140744
-6.332725
-2.113200
-3.438834
-7.063974
-6.625845
-4.429523
-5.025437
-7.472681
-4.749214
0.179079
-3.233018
-3.912314
-6.177856
-4.383420
-3.832741
-6.362892
-5.725989
-2.071599
-2.317910
-3.334683
-5.869537
-4.682479
-2.952232
-4.164586
-3.188173
-2.540434
-4.815435
-3.391345
-5.602107
-6.656173
-6.914562
-3.027707
-3.634431
-4.543609
-5.539108
-7.732398
-5.319367
-4.899592
-6.055220
-5.364546
-8.730370
-7.604540
-4.663122
-2.982549
-8.939758
-6.144295
-4.242290
-4.696427
-5.082694
-2.744756
-5.363357
-6.936273
-7.343767
-5.360004
-8.754288
-7.271092
-3.623171
-3.429937
-0.282785
-4.893950
-6.401926
-3.782569
-6.022004
-5.410576
-6.512733
-8.877615
-4.873210
-4.624295
-4.021469
-3.382903
-5.130130
0.086030
-3.758380
-5.022571
-9.166119
-4.284327
-6.901605
-6.356452
-4.703216
-2.475175
-2.483447
-7.404393
-5.878199
-1.863462
-2.884985
-4.817562
-4.820294
-3.896788
-8.627598
-1.482263
-2.313655
-5.136925
-4.659325
-4.464931
-3.419916
-12.358671
-5.197782
-4.884192
-3.605860
-5.651878
-3.781990
-5.169645
-5.312171
-0.921026
-6.033393
-3.697890
-7.176883
-2.290983
-2.896116
-3.192333
-0.569924
-6.021427
-4.501769
-7.672245
-5.539848
-4.116618
-4.823911
-7.413748
-3.618517
-3.491221
-4.688577
-8.904484
-3.037272
-4.955789
-4.838683
-5.689473
-4.500179
-2.667242
-5.626326
-8.072248
-5.531848
-3.379834
-4.790849
-5.400863
-8.368420
-1.374170
-7.159924
-6.046803
-5.685922
-2.884654
-5.484521
-8.557535
-0.742399
-4.517601
-12.075292
-1.980092
-5.445366
-4.054333
-7.602060
-2.879062
-5.974300
-2.588713
-5.781823
1.416886
-8.094178
-4.173893
-5.403882
-6.800953
-2.400418
-7.667144
-1.820720
-6.888368
-1.546513
-1.994310
-6.354708
-2.093554
-4.121192
-8.384628
-3.784264
-4.056747
-7.245866
-4.241275
-0.248826
-9.137918
-6.837833
-1.502353
-2.971371
-3.814852
-2.941101
-3.371723
-4.490746
-3.527254
-2.675973
-7.619934
0.927752
0.708537
-4.206602
-2.947927
-4.806169
-4.768341
-3.393543
-9.523306
-1.006627
-3.138010
-7.286393
-4.727716
-5.694095
-2.596174
-3.025577
-2.729675
-6.826507
-5.005274
-7.550201
-1.585654
-2.524466
-9.705712
-3.328029
-7.686346
-4.036073
-4.559487
-2.553362
-4.821054
-8.598204
-4.607041
-6.139037
-1.700143
-1.640417
-1.645792
-3.865577
-4.371888
-4.359338
-3.667052
-6.744996
-4.329540
-5.924024
-0.955521
-5.220763
-9.735049
-5.021302
-3.671655
-4.835610
-2.388852
-3.460935
-4.891936
-5.793658
-2.212366
-5.420159
-8.986419
-6.901934
-2.546678
-5.241858
-3.643474
-5.296278
-2.523431
-8.616684
-4.720157
-7.745694
-6.812308
-3.129057
-3.757289
-3.118175
-1.035350
-5.615479
-4.929213
-4.390569
-7.701711
-8.436281
-7.403872
-5.776009
-4.861732
-6.958578
-7.407417
-6.316310
-7.117980
-4.979458
-5.526944
-7.323417
-6.474364
-3.896898
-3.860226
-2.269210
-6.954596
-2.377028
-5.479114
-3.467161
-8.987869
-7.448422
-4.590391
-6.654559
-5.357105
-2.903006
-5.039005
-3.258800
-1.784313
-4.293977
-3.517581
-2.915514
-6.824394
-2.551411
-2.142798
-1.985502
-8.311315
-5.526999
-4.191995
-5.232494
-5.758094
-5.023455
-3.527220
-4.239177
0.340361
-9.715120
-3.530333
-4.286881
-4.858221
-1.567641
-6.631468
-3.316705
-6.323052
-4.206960
-6.166718
-8.070816
-1.297579
-1.778985
-1.971912
-7.433599
-2.028890
-8.977712
-2.786863
-5.104408
-4.903444
-3.443039
-9.060831
-4.212846
-1.830381
-5.668790
-3.658721
-5.680162
-5.627131
-5.706956
-2.050745
-6.159623
-1.004612
-9.108867
-4.699633
-2.388872
-3.953465
-3.266332
-4.177526
0.072417
-8.121225
-8.395856
-1.627192
-7.375626
-3.893316
-3.283881
-9.284868
-4.996543
-4.875792
-3.529592
-8.075419
-6.394000
-5.965496
-10.492128
-5.855244
-3.597099
-6.135767
-4.700461
-5.407782
-5.582751
-6.054829
-4.798198
-5.025471
-5.471401
-2.204102
-2.667050
1.577955
-9.692277
-6.652930
-5.685430
-3.678943
-4.485860
-8.028133
-0.986112
-4.647118
-8.650476
-6.958279
-4.323218
-5.331433
-6.773672
-8.095251
-6.274230
-3.859399
-4.312807
1.073389
-6.658705
-8.473369
-5.652512
-10.411980
-4.234470
-3.547775
-0.311333
-6.168123
-3.245176
-5.290130
-1.497192
-4.586043
-4.479223
-2.270540
-8.412965
-6.025125
-3.873893
-4.108618
-5.945015
-7.647007
-4.409219
-5.070372
-4.460919
-2.030670
-4.789016
-7.758207
-3.101542
-5.623615
-2.961622
-5.186721
-9.792337
-5.586969
-4.317568
-7.506944
-9.438796
-1.143549
-8.650923
-5.586935
-2.667031
-1.522967
-5.727232
-4.542016
-0.318041
-6.015780
-5.472287
-4.835640
-4.600355
-8.688133
-5.372555
-4.745359
-8.347491
-4.067846
-5.654540
-2.902498
-3.964048
-2.641922
-5.728919
-2.966245
-1.998026
-4.972113
-5.327233
-6.484695
-4.550259
-4.968478
-6.526066
-2.922919
-6.461588
-5.225169
-0.040730
-8.990477
-2.096457
-5.925970
-6.249653
-8.464745
-4.451752
-4.386178
-7.368681
-3.906138
-0.670412
-4.517039
-4.033223
-3.474218
-3.936742
-5.648623
-5.478824
-4.474306
-8.637344
-4.367853
-3.135719
-1.204449
-2.328325
-5.582075
-5.717824
-11.104445
-2.418276
-5.935559
-2.982990
-3.924124
-3.354268
-7.054244
-8.172078
-3.252545
-3.341924
-8.332955
-4.188488
-3.666134
-6.921730
-3.577273
-1.887584
-1.236420
-9.068323
-3.033503
-4.995154
-4.965679
-3.223300
-3.728443
-5.008739
-7.047924
-1.294149
-6.578013
-8.017750
-7.760296
-6.917798
-5.501791
-5.564726
-6.427821
-3.806230
-6.224305
-5.433126
-5.200451
-3.277675
-3.605903
-1.296006
-9.802250
-5.016380
-6.916602
-3.053113
-5.961250
-3.791420
-3.099794
-6.671874
-2.124046
-2.935055
-4.763902
-5.927180
-4.075724
-4.578422
-7.823678
-3.037355
-5.354494
-3.322126
-2.683174
-4.683429
-5.305292
-5.390647
-3.508331
-7.999546
-10.118126
-3.298496
-5.769047
-1.815487
-1.269478
-1.202322
-5.108218
-3.065732
-6.204366
-6.190343
-4.903713
-5.271077
-1.396945
-4.097806
-4.799107
-4.147533
-2.611925
-9.471439
-4.190348
-4.221609
1.431861
-7.429166
-6.441256
-3.341030
-4.232835
-3.077457
-10.433436
-8.567513
-4.321812
-2.877211
-5.413854
-4.399172
-4.712518
-6.018802
-5.549632
-7.451189
-9.719316
-5.437588
-4.753392
-4.565158
-3.989850
-4.990178
-5.400824
-5.724560
-7.281528
-2.349205
-7.738446
-3.238115
-5.070535
-2.830449
-5.395963
-3.554257
-6.495725
-3.941785
-7.564416
-3.977372
-2.761033
-4.350545
-4.805979
-2.054069
-2.816740
-6.175614
-12.597483
-7.875134
-2.231871
-5.969388
-4.347769
-3.257463
-5.483778
-9.378782
-2.862322
-7.145058
-7.533284
-5.643924
-5.102537
-5.776274
-6.621888
-3.810544
-3.207893
-7.880830
-3.423569
-2.693466
-5.526530
-6.243074
-7.053424
-5.514025
-5.187972
-0.451872
-5.778683
-5.028906
-4.165450
-5.648373
-5.917061
-9.191796
-7.658953
-9.072555
-2.236896
-3.776299
-3.595038
-3.881805
-6.430717
-3.193204
-4.903314
-0.869801
0.580667
-6.830878
-9.501780
-2.999836
-4.564787
-4.025387
-5.818720
-5.346290
-4.902798
-5.027390
-5.378304
-3.071531
-4.668489
-2.327237
0.844595
-8.035763
-5.581851
-6.093747
-4.416247
-7.058970
-6.230624
-3.126307
-3.580301
-4.465703
-3.520732
-4.971089
-0.887094
-7.826452
-3.607432
-5.580564
-7.247453
-6.765837
-4.784972
-6.833055
-7.721149
-5.881479
-6.366529
-7.845747
-6.462904
-3.394824
-4.088631
-5.292147
-6.464039
-3.907576
-3.385415
-6.602261
-7.604614
-4.246058
-2.447442
-0.701296
-7.212934
-3.654176
-1.997761
-1.782992
-6.202161
-9.129165
-4.074337
-3.949672
-2.869432
-3.245430
-4.721226
-3.116235
-3.670889
-3.960405
-2.425028
-8.939785
-2.503471
-6.689685
-6.482404
-3.965694
-6.723719
-7.124664
-5.608371
-5.645991
-4.496290
-3.572971
-3.725140
-4.745789
-4.043218
-4.335325
-6.914399
-2.544740
-3.612431
-5.559225
-4.320921
-1.891591
-6.649990
-3.688312
-6.933061
-2.380493
-3.861283
-6.419165
-4.951034
-7.077927
-7.519880
-4.141566
-7.666574
-1.333147
-5.767088
-2.706613
-4.752601
-6.881656
-11.574625
-7.389471
-4.978946
-5.253921
-6.772736
-2.115332
-1.233029
-4.432456
-5.992409
-5.102571
-9.405460
-8.041803
-4.452940
-5.403517
-4.237214
-7.948008
-5.616675
-4.684556
-5.131386
-5.255310
-3.960243
-2.122447
-2.464218
-2.989582
-6.474130
-2.332928
-4.919822
-9.743303
-3.846242
-1.186217
-5.966199
-5.035575
-6.703662
-3.145651
-2.001144
-5.314977
-3.936567
-3.529161
-3.676651
-8.363115
-6.535462
-7.181665
-3.287511
-6.158555
-6.142650
-4.744130
-5.321234
-5.016927
-6.224087
-5.870268
-6.133635
-2.531187
-6.637285
-8.296513
-3.153196
-7.988160
-3.888240
-5.071924
-7.861094
-1.811541
-7.381997
-7.582824
-5.225657
-2.556718
-3.677088
-6.500180
-4.814813
-5.533685
-4.306951
-4.357302
-7.556670
-4.977530
-2.482847
-6.432060
-3.481196
-8.526619
-5.138366
-5.066111
-3.457584
0.191676
-5.585452
-6.880497
-4.501375
-4.627759
-4.196012
-5.505220
-8.960266
-4.703669
-8.403101
-9.577780
-6.846666
-7.923362
-3.570261
-5.864983
-5.082711
-6.045090
-7.189678
-7.218117
-3.040321
-3.898113
-3.970106
-4.977722
-2.743709
-1.378113
-6.551099
-2.986139
-4.430605
-3.760761
-8.532805
-6.446136
-6.341824
-2.767639
-1.832549
-5.646682
-6.182728
-5.642039
-7.044808
-3.918367
-3.330132
-4.154591
2.203902
-10.246797
-4.868967
-3.936484
-6.204066
-5.158237
-6.907433
-5.970468
-5.798828
-7.055912
-8.355646
-2.585361
-6.470442
-8.950983
-5.631239
-8.251903
-7.026280
-8.111945
-6.328139
-0.538030
-6.107854
-5.635067
-4.646632
-8.317278
-6.287653
-2.467461
-4.955936
-3.442492
-9.560192
-2.874004
-6.737884
-3.729300
-5.551149
-4.849076
-7.696486
-4.847698
-5.245181
-5.288126
-6.494052
-5.518659
-6.981755
-6.300774
-8.592505
-6.886230
-5.439681
-4.099759
-8.439501
-7.778290
-2.479865
-6.661475
-6.169433
-6.460456
-1.518597
-5.286658
-7.870892
-2.908195
-1.812862
-6.736255
-5.477543
-1.388907
-7.920222
-0.074745
-3.807888
-6.536955
-5.483959
-8.623337
-5.192372
-5.003115
-3.322253
-6.166810
-1.216624
-4.440004
-3.560609
-6.258242
-7.558660
-7.674695
-5.714725
-6.026401
-7.359926
-5.450970
-0.877037
-6.345864
-1.651137
-3.288818
-5.999172
-7.050791
-4.734894
-7.188296
-5.815688
-5.105299
-3.379006
-7.852152
-9.336515
-4.261503
-5.029131
-5.566351
-5.294978
-10.449211
-6.285554
-2.645658
-3.564834
-5.887252
-5.611426
-6.613930
-4.287085
-7.532702
-6.065753
-7.043849
-3.549404
-4.395494
-5.026266
-7.240197
-0.860788
-1.528673
-7.003899
-6.597575
-2.592324
-2.878289
-7.916852
-2.135583
-8.711437
-5.281252
-3.907135
-6.271585
-7.773259
-8.452341
-7.389574
-4.754702
-1.315527
-4.182546
-5.057559
-2.073784
-5.520039
-6.285373
-4.156837
-7.510401
-6.200330
-4.949182
-3.591467
-5.837077
-1.682046
-3.789053
-5.910838
-4.209490
-5.620951
-5.238587
-7.681996
-1.402086
-2.446212
-9.123068
-3.109114
-7.822137
-3.782099
-1.261928
-3.855931
-7.724693
-6.659173
-3.761102
-4.488432
-3.453004
-5.145097
-6.732694
-7.477741
-4.271569
-11.174722
-4.609890
-4.993419
-5.055396
-4.161484
-5.323746
-7.566551
-3.959519
-1.487016
-5.158387
-6.789275
-2.658352
-4.653624
-4.481861
-3.102538
-7.102455
-3.327585
-2.646524
-4.252017
-5.018922
-7.742199
-5.545403
-4.389364
-6.522440
-5.219344
-10.507399
-10.777803
-4.161819
-6.890445
-5.124854
-2.151504
-3.172967
-0.521994
-3.081709
-4.164062
-5.669760
-6.430987
-6.512343
-3.954162
-1.982077
-3.061842
0.948366
-2.452682
-1.761666
-4.574129
-6.007429
-8.754108
-4.055086
-7.975584
-2.803993
-1.748073
-7.396637
-5.872971
-7.267900
-4.729595
-3.043519
-6.450491
-3.497133
-2.510801
-3.242732
-1.893992
-4.902673
-3.209367
-4.174317
-6.089931
-4.986002
0.309735
-3.280520
-6.355844
-4.907310
-2.407202
-6.439970
-5.935236
-6.190647
-6.251806
-4.905015
-5.601648
-7.466073
-6.549159
-7.173749
-4.835270
-8.547045
-1.727581
-3.900084
-3.206363
-6.110448
-4.020751
-6.232156
-4.569882
-5.572729
-2.597079
-7.524536
-1.976963
-5.295498
-2.008726
-5.857162
-2.017473
-3.875734
-2.737718
-8.391329
-4.599411
-1.512307
-5.768249
-5.015637
-0.871853
-4.956943
-8.762403
-4.876814
-6.006203
-3.972965
-3.762298
-6.053084
-2.154769
-3.650224
-2.374709
-4.367112
-3.221180
-4.229075
-6.241787
-3.708715
-5.045020
-5.240034
-5.903728
-3.197719
-6.965814
-3.882007
-8.206135
-6.540386
-5.707783
-3.278318
-2.317201
-4.744625
-7.181246
-5.346606
-4.081161
-3.453059
-7.956368
-7.575100
-6.374980
-4.415520
-5.777289
-1.250527
-0.673343
-5.371220
-5.201223
-6.009396
-6.989058
-3.567997
-7.214879
-7.528284
-4.743084
-4.386859
-6.072491
-2.467316
-3.938182
-2.125799
-7.913790
-2.294200
-7.689145
-3.756786
-7.592395
-3.033200
-9.874156
-2.746224
-4.309566
-5.922317
-5.043702
-9.087128
-3.671346
-8.029209
-6.820271
-8.086525
-3.355367
-3.579999
-4.379622
-6.486693
-4.567475
-5.378706
-4.105195
0.340232
-5.427126
-5.751906
-0.217887
-6.904637
-5.599645
-4.678649
-4.700494
-2.498297
-2.565513
-2.341159
-4.992031
0.409947
-5.153520
-4.967136
-6.440373
-1.931935
-6.200609
-3.700755
-3.164888
-5.865731
-6.987903
-3.152887
-5.129990
-7.581946
-3.263329
-5.748823
-4.372854
-1.844686
-6.793998
-4.735640
-6.926070
-3.559765
-9.387971
-0.756889
-6.644412
-4.976974
-6.441700
-7.347716
-6.579476
-4.197554
-3.881102
-4.396374
-4.108859
-8.122868
-5.482200
-4.876494
0.113816
-5.374554
-3.551448
-2.214049
-4.653505
-3.732840
-7.625570
-1.214881
-5.483943
-4.680484
-7.833706
-5.201164
-6.096180
-4.935479
-5.313903
-5.399121
-8.408399
-2.866553
-5.247859
-7.110528
-5.405828
-3.050164
-3.722699
-4.426780
-3.459445
-5.266347
-6.515608
-6.214612
-7.642747
-1.967799
-5.723161
-6.300315
-4.901356
-5.388816
-3.897318
-7.869125
-6.988339
-4.796279
-6.734299
-1.275797
-2.987453
-7.698479
-2.773777
-1.057627
-3.014122
-3.174106
-6.785342
-3.158813
-4.433665
-6.222399
-6.019763
-6.144043
-6.880010
-5.723919
-5.177647
-7.745120
-3.775317
-3.731121
-2.953626
-4.273448
-6.014651
-4.412763
-8.386805
-1.570875
-6.022072
-5.347359
-7.098253
-3.000334
-3.180766
-3.200944
-5.383661
-5.088365
-0.922391
-4.963007
-1.945962
-3.277624
0.215261
-3.765458
-2.445902
-4.815903
-4.356740
-3.881638
-5.980820
-4.590444
-4.683429
-6.091746
-3.722420
-8.905679
-11.947952
-5.742430
-3.830690
-4.734862
-4.757030
-2.328944
-2.086020
-3.682422
-4.547842
-5.644476
-3.070508
-8.340649
-1.057712
-7.649137
-7.423891
-5.490844
-5.116874
-6.163016
-6.166595
-3.456295
-4.818589
-2.736710
-4.529613
-3.763632
-5.970834
-3.014631
-2.404727
-2.448102
-6.570781
-4.956423
-5.837269
-7.547061
-5.305012
-8.324795
-5.689629
-7.271711
-1.730917
-2.226270
-8.002224
-3.986230
-1.295999
-4.069678
-5.212802
-3.755630
-7.578518
-2.609861
-5.296253
-4.579127
-5.176731
-5.169747
-6.359928
-3.345740
-3.098172
-1.236487
-3.443177
-5.189181
-8.099668
-7.649842
-6.154283
-4.258389
-6.110082
-5.377071
-4.257208
-3.562714
-9.063110
-2.725456
-4.303489
-1.744302
-2.726889
-1.944539
-6.142894
-5.446614
-2.327159
-1.065135
-4.586536
-1.831917
-3.301546
-4.537818
-3.234625
-1.579811
-4.250127
-12.144363
-3.784520
-5.096714
-3.091009
-2.917237
-2.693314
-5.650492
-3.975585
-3.627288
-5.405021
-6.121257
-7.801208
-3.431063
-8.192088
-5.452263
-2.484419
-2.060353
-8.989939
-2.549261
-5.710773
-7.051094
-5.787951
-3.443820
-1.198128
-0.333866
-1.770068
-4.677463
-7.253316
-5.203087
-3.778310
-2.077333
-4.118059
-0.178956
-4.807135
-4.718064
-8.303051
-7.505170
-3.908139
-5.816131
-5.615376
-1.867488
-4.206665
-3.844941
-4.174502
-6.362099
-6.879757
-2.399211
-3.718075
-0.640800
-1.133792
-6.872228
-6.282350
-5.304692
-6.845896
-6.635385
-4.879492
-4.435056
-4.287517
-8.252577
-3.494107
-4.664421
-7.087801
-5.028335
-6.743172
-7.040806
-6.029611
-3.755442
-6.041357
-4.294026
-4.291897
-9.467234
-8.434977
-4.704227
0.548640
-6.220242
-3.949660
-7.644604
-2.997969
-2.868976
-4.101043
-5.478632
-6.825840
-7.508446
-6.709567
-3.388495
-5.597109
-4.957393
-4.370761
-5.019890
-2.761019
-2.831021
-4.878394
-3.119612
-4.032146
-1.706319
-4.709689
-5.541134
-3.087542
-2.752283
-3.330562
-2.167578
-8.604240
-4.687797
-5.262244
-6.265505
-4.205514
-5.559692
-5.404509
-6.067293
-2.375521
-4.247365
-9.091409
-6.951847
-3.687034
-3.623048
1.496302
-6.945951
-3.994789
-6.774614
-4.192650
-2.938851
-3.092713
-5.692270
-3.935939
-1.754160
-4.475797
-5.933616
-3.472229
-6.371414
-6.432128
-2.997414
-7.780022
-5.352385
-1.417902
-5.948464
-4.046649
-3.967623
-4.326396
-3.384346
-8.030401
-5.217784
-4.755925
-9.249908
-5.839796
-2.830782
-3.254491
-2.638337
-6.671475
-5.797710
-5.140343
-3.754628
-7.630148
-3.149589
-5.553692
-2.451769
-5.735150
-1.318482
-8.507494
-7.306308
-8.567968
-6.094386
-5.535680
-0.791001
-3.847425
-7.153410
-0.994124
-2.891290
-4.360274
-4.124246
-5.497505
-2.888246
-6.260368
-5.274499
-7.342565
-6.063288
-0.620434
-5.267035
-6.900961
-8.000072
-7.226504
-9.238879
-4.636109
-5.447907
-5.149116
-3.741095
-4.944671
-5.359654
-2.288774
-5.026294
-1.548527
-10.307223
-4.557564
-6.981290
-7.735484
-4.530015
-2.506087
-7.736192
-3.555924
-6.261072
-5.172074
-4.274435
-2.077482
-3.413063
-7.887002
-2.062340
-5.599297
-1.825396
-1.874715
-2.245965
-9.366760
-3.732007
-3.022859
-2.387278
-6.088491
-3.958395
-5.175670
-6.233124
-5.155537
-8.542773
-2.153400
-6.649571
-8.417976
-8.426191
-4.976769
-5.763225
-5.406487
-3.898687
-4.751137
-0.036855
-8.183317
0.910527
-1.925769
-6.489728
-8.268040
-4.095348
-8.549356
-6.715272
-5.311455
-5.534604
-1.951261
-4.598655
-6.744694
-4.578902
-1.842533
-7.749222
-0.853099
-6.315284
-6.541632
-6.182804
-10.007952
-6.334105
-9.565130
-3.881324
-7.640769
-4.371296
-9.154279
-9.934928
-3.342625
-3.670858
-6.306172
-7.736758
-7.911517
-3.285703
-2.703209
-2.898680
-3.777268
-5.446445
-6.511681
-1.714850
-6.293887
-4.388878
-2.883342
-5.540579
-5.763784
-6.776828
-6.241921
-1.563254
-4.980806
-3.633130
-1.667214
-5.583002
-5.891079
-7.734459
-2.091476
-8.657471
-6.919022
-3.629873
-4.643578
-2.914701
-4.416039
-1.104642
-6.827299
-5.471591
-6.324129
-6.085336
-3.888366
-6.460101
-3.098704
-5.582497
-1.685355
-1.992971
-3.394607
-6.339739
-5.029204
-5.401788
-7.597059
-6.262094
-7.012665
-5.180335
-4.563504
-8.148161
-2.671388
-3.593205
-7.213737
-1.149858
-4.243248
-3.502340
-5.182163
-8.091483
-1.211431
-5.349408
-6.234904
-5.422564
-3.759699
-5.202000
-7.387929
-6.481006
-6.332457
-4.356236
-5.344319
-3.730987
-5.961305
-5.555822
-6.313088
-7.392212
0.300900
-2.473210
-3.627059
-4.939213
-3.561962
-3.406817
-6.276846
-5.075022
-2.581270
-3.462257
-6.769987
-3.900423
-2.927664
-3.411444
-4.336299
-5.230915
-7.686407
-5.894116
-3.934929
-11.117311
-2.787300
-3.986045
-5.905820
-3.857930
-6.513939
-11.586937
-7.377508
-4.889339
-6.621484
-2.103358
-4.469298
-3.767724
-4.941142
-4.470348
-4.481068
-4.434662
-2.151750
-8.199873
-2.190259
-6.414008
-3.358018
-8.105774
-5.112506
-2.125479
-3.514218
-3.714906
-9.027517
-9.368221
-4.880887
-4.807681
-4.051760
-2.292000
-3.661913
-6.531632
-6.627863
-6.868869
-5.481051
-4.940101
-5.460224
-0.139617
-1.024778
-3.919279
-7.848333
-3.243071
-6.929891
-3.874438
-2.572830
-5.070888
-3.467196
-4.402898
-3.137083
-7.960647
-4.147612
-5.381113
0.097475
-6.179277
-7.823634
-6.552744
-4.882840
-3.608888
-7.160487
-5.025301
-3.661584
-2.986321
-4.420269
-2.467161
-6.403364
-4.000197
-8.297983
-10.736982
-3.385716
-5.437971
-3.216022
-3.688972
-1.045410
-1.714533
-7.061094
-6.003303
-9.332178
-5.563547
-4.156053
-0.300858
-1.720241
-5.811605
-7.753220
-1.520688
-7.670523
-5.990477
-3.925171
-4.043984
-5.061316
-5.268360
-5.532545
-1.755041
-2.937112
-2.445360
-10.493615
-5.611265
-5.751003
-3.137328
-5.936855
-5.480673
-3.247776
-4.318274
-1.468644
-5.437003
-7.597461
-6.486865
-7.886147
-3.525285
-4.143338
-3.492919
-3.449172
-9.229994
-4.520889
-1.116080
-6.912859
-6.791776
-4.566474
-3.399342
-5.549305
-2.648720
-7.690068
-1.473477
-4.589473
-2.610407
-3.628189
-3.857345
-3.157991
-1.631581
-7.148657
-4.988029
-8.226845
-6.662565
-3.715511
-5.949701
-7.375143
-5.339092
-3.868549
-5.651857
0.435863
-8.820737
-2.461443
-2.980633
-4.263884
-5.288394
-4.479298
-7.322804
-6.233613
-0.691339
-8.674196
-1.275816
-5.071629
-4.294764
-5.886663
-1.870187
-5.343874
-6.288786
-6.440547
-3.722457
-1.339126
-6.764630
-2.125357
-4.044593
-3.521780
-6.074830
-3.129276
-5.354509
-7.204022
-2.667346
-4.786541
-1.329662
-5.751978
-7.112689
-5.838320
-5.197378
-0.131620
-6.113988
-6.104673
-4.783045
-4.379222
-7.136164
-1.047636
-8.065765
-7.085576
-5.386594
-2.460250
-3.851092
-3.199713
-5.304878
-6.034469
0.113450
-3.273518
-4.594337
-2.728024
-3.701305
-2.914070
-5.858000
-2.568218
-4.511604
-4.291431
-4.883380
-3.962439
-7.042967
-3.333538
-6.796804
-4.718699
-2.099858
-2.782124
-6.923474
-5.826275
-6.285387
-6.226774
-4.713736
-1.928717
-5.351840
-8.034391
-3.435248
-4.316897
-4.971150
-3.643434
-7.341472
-4.755042
-3.965327
-7.439692
-7.382073
-2.420537
-6.466999
-4.227301
0.725700
-2.765069
-9.383736
-5.804169
-7.774631
-2.802924
-3.773162
-6.442692
-7.511741
-5.826118
-1.846643
-3.018853
-2.359143
-6.374289
-2.753438
-4.356744
-5.626069
-3.477415
-3.841094
-6.096529
-2.477096
-6.238274
-6.514091
-6.211050
-6.042471
-3.232893
-5.082267
-4.949333
-0.346529
-4.960598
-1.575164
-7.116471
-5.717556
-4.265900
-1.533306
-2.780225
-3.308359
-5.267961
-4.909311
-3.996531
-4.677475
-3.822606
-6.344570
-7.756374
-6.047552
-3.653343
-3.600222
-6.008139
-6.707594
-6.603828
-4.077280
-6.916813
-4.718460
-5.790193
-0.617843
-5.920233
-8.255528
-9.074301
-5.339257
-6.241516
-7.738938
-5.084771
-3.833826
-2.814419
-4.119326
-3.943776
-2.820583
-3.048217
-2.786798
-8.203860
-4.323920
-2.821105
-6.318022
-3.413763
-3.369747
-2.215180
-0.326599
-8.440664
-7.508222
-3.182192
-4.437808
-2.381443
-7.542714
-3.691439
-3.196383
-8.517946
-4.074608
-5.688270
0.335914
-8.184870
-0.982235
-10.519156
-6.540558
-3.982019
-5.235381
-3.458056
-5.572715
-4.168074
-0.493739
-3.196505
-4.281731
-11.994949
-7.652412
1.666902
-3.675867
-6.588715
-5.748922
-2.539905
-6.561939
-4.609859
-1.191355
-5.345654
-9.031626
-3.608096
-5.731682
-3.696179
-3.453889
-3.402428
-8.655207
-5.540310
-2.463716
-3.837841
-3.033580
-1.902112
-3.180902
-5.077848
-3.995997
-6.418009
-6.999732
-7.092662
-3.736809
-6.043221
-6.619040
-1.960531
-4.745485
-3.348402
-4.987720
-2.254340
-8.109246
-13.117172
-5.947895
-5.827170
-6.895956
-6.155468
-7.505020
-5.807324
-4.651275
-4.256042
-5.142910
-3.592820
-6.842824
-2.708014
-5.907051
-2.732049
-2.438413
-5.630826
-5.829459
-3.712297
-4.956215
-4.380235
-4.030700
-4.297236
-4.798862
-5.852598
-2.782191
0.231372
-4.651135
-6.880570
-2.717008
-6.323032
-4.937218
-6.517077
-5.356299
-4.941427
-0.438545
-5.797585
-4.077486
-10.936808
-7.626398
-5.357948
-4.204618
-7.171098
-4.518320
-3.254053
-7.349997
-2.148652
-4.353320
-1.823308
-2.884521
-3.556083
-1.522536
-5.490712
-6.434098
-4.437579
-4.623411
-3.191396
-5.600927
-4.218545
-2.733920
-5.631809
-5.780440
-5.736127
-4.509197
-2.373040
-4.548847
-9.540125
-4.440404
-6.422173
-9.274908
-4.356224
-3.474263
-2.390311
-3.282406
-7.070238
-6.053925
-5.796076
-6.562502
-6.301014
-6.423795
-4.586380
-6.786266
-4.202347
-4.422802
-2.033492
-4.599432
-1.959276
-1.022469
-1.240999
-6.734369
-8.437613
-7.322409
-4.156641
1.211715
-4.066783
-1.115166
-5.539124
-3.668471
-3.982898
-3.955992
-2.762357
-3.269300
-7.244509
-2.847895
-8.011847
-7.394989
-4.338238
-11.222350
-5.939400
-3.318860
-3.743635
-7.081121
-7.028288
-2.987186
-4.543528
-5.939384
-5.936965
-5.531586
-0.664017
-6.323073
-2.856706
-4.574628
-3.923607
-5.208734
-4.017406
-6.281667
-7.631783
-5.114738
-4.288119
-3.408334
-2.115555
-4.498237
-4.811746
-5.119186
-3.555532
-1.855321
-6.301346
-3.450443
0.160509
-7.751299
-6.061015
-5.924111
-6.723400
-2.677740
-4.269098
-2.728323
-6.709465
-2.127974
-2.468593
-6.669065
-5.373332
-2.823962
-2.710145
-5.736225
-1.496480
-3.157602
-5.321984
-2.798183
-6.162706
-5.978472
-5.524905
-6.302498
-3.892979
-6.250331
-5.179389
-6.331509
0.683338
-0.827855
-8.333649
-10.878234
-3.010491
-5.323312
-3.744299
0.592265
1.664219
-5.464633
-3.649264
-2.115465
-2.449525
-3.422668
-2.922413
-4.944382
-9.709883
-0.378024
-7.512036
-4.942386
-4.599092
-6.070173
-6.831006
-5.601539
-4.068401
-4.858702
-6.059887
-2.865972
-3.054206
-2.300612
-6.476516
-2.749765
-2.667511
-3.306159
-6.046293
-7.778068
-2.941893
-8.232708
-6.383201
-6.435466
-7.599863
-3.364038
-2.227745
-2.681731
-8.519721
-8.472845
-6.618871
-6.101579
-7.341751
-5.410360
-3.925916
-3.812241
-4.208668
-4.847781
-6.562295
-5.269148
-6.750584
-7.632212
-4.774004
-6.503196
-6.794350
-9.525617
0.154177
-7.915060
-6.009729
-2.818767
-8.110733
-3.453537
-6.995109
-4.857736
-0.839199
-5.211246
-4.849733
-7.056342
-2.474906
-3.640597
-10.819628
-0.875919
-3.263781
-9.321470
-3.199646
-6.521544
-7.307357
-5.342317
-8.705303
-7.085994
-8.751255
-4.487401
-3.600665
-1.044797
-5.461923
-5.164546
-0.975341
-5.694489
-3.631221
-7.430353
-5.246283
-2.926480
-3.691706
-4.575242
-5.175009
-5.356487
-3.783458
-2.264594
-6.034957
-4.798053
-2.843864
-6.161899
-7.095325
-3.139525
-3.794606
-7.250338
-3.028091
-4.217497
-4.591656
-5.463789
-4.018327
-8.169413
-6.074626
-7.173027
-6.699454
-4.375014
-6.822323
-7.211592
-1.690630
-0.505782
-4.892101
-1.678482
-6.411080
-1.081179
-3.013427
-6.194633
-5.413142
-7.166057
-6.297989
-1.075444
-4.039451
-4.736126
-4.411129
0.197112
-9.624979
-2.682724
-6.493447
-3.078682
-6.076621
-2.289502
-2.813426
-3.926031
-8.028949
-5.060906
-1.496402
-7.494264
-6.344173
-5.454703
-4.107633
-5.293567
-5.731994
-2.315648
-2.940505
-5.287869
-4.968135
-7.347036
-4.368219
-6.957301
-2.987224
1.620173
-3.541140
-4.581146
-2.624391
-1.025912
-4.816584
-6.144944
-4.144330
-2.801959
-4.412982
-4.262246
-8.058943
-0.752229
-4.432811
1.070889
-4.918461
-5.811187
-5.227401
-5.303015
-3.770844
-4.672109
-7.596457
-4.184990
-4.435430
-3.484117
-7.415319
-5.364307
-6.228225
-7.578622
-5.532444
-2.700805
-11.205427
-3.688550
-2.523578
-5.794310
-3.901095
-4.252678
0.505006
-4.208847
-6.277489
-5.268011
-3.552847
-4.353399
-8.174217
-4.192829
-6.474980
-7.955444
-6.289544
-4.997732
-6.011374
-5.386465
-4.096680
-4.817815
-8.322509
-2.055985
-4.180104
-4.929833
-5.023395
-0.589746
-7.435577
-2.806991
-5.738958
-4.659213
-5.279034
-4.656971
-4.773547
-3.836619
-3.996192
-4.397770
-7.020597
-7.454613
-5.372206
-3.950557
-6.121214
-2.388216
-4.615919
-3.680254
-7.643775
-7.086260
-7.010188
-7.036722
-2.138952
-4.837355
-5.823985
-2.142450
-2.449689
-1.635943
-7.389462
-1.723472
-6.009512
-4.230498
-5.620322
-5.393096
-3.996642
-4.403720
-4.648717
-2.458910
-5.489494
-5.665467
-7.542346
-4.750546
-3.304402
-3.864154
-4.149458
-4.463360
-4.631093
-5.293747
-1.587714
-3.686679
-4.244992
-0.491965
-3.760685
0.222579
-1.670156
-7.025057
-5.833376
-8.461224
-6.015252
-4.585495
-7.172282
-5.666640
-8.594387
-2.380219
-4.246181
-6.546416
-4.781011
-2.529432
-4.063006
-7.964373
-3.458690
-6.738914
-6.033638
-3.330921
-6.046923
-1.937350
-6.248753
-4.070235
-3.127564
-6.783470
-5.456638
-2.819288
-3.762344
-8.059489
-4.663301
-2.253345
-8.972116
-5.357111
-4.887097
-6.640925
-6.528054
-6.520752
-2.369173
-6.489505
-4.317354
-4.922747
-3.707632
-2.845538
-5.154617
-6.305761
-2.564670
-4.249402
-4.790689
-7.141872
-1.538665
-5.653193
-4.682653
-3.456208
-2.841606
-4.188681
-4.359759
-5.656621
-8.542862
-4.804890
-3.998252
-1.075705
-1.468894
-3.867284
-4.015912
-3.705714
-5.288402
-6.156706
-3.642516
-6.342048
-6.258048
-3.408421
-1.850904
-6.450052
-8.146605
-7.092592
-4.613597
-4.921801
-3.512459
-3.040143
-5.752611
-5.850692
-7.462361
-5.853348
-3.891311
-6.105269
-2.945093
-9.733878
-3.866034
-5.083409
-0.467641
-4.670591
-2.881495
-6.178844
-9.698978
-3.253487
-5.223372
-3.636196
-3.624882
-4.617142
-6.572145
-0.858339
-5.920428
-5.178869
-4.163891
-3.116463
-6.193213
-6.291505
-5.516614
-3.404256
-7.087122
-4.031183
-6.011760
-6.023842
-4.219501
-7.597085
-1.477829
-7.807157
-7.104782
-2.537535
-0.896201
-5.351337
-7.523818
-3.827541
-5.369255
-6.482075
-5.640862
-2.713801
-5.048943
-7.872553
-7.287598
-7.164296
-7.365314
-4.446286
-6.389079
-2.256406
-5.289507
-5.225287
-3.885605
-3.008508
-3.761366
-4.665850
-8.395757
-0.415665
-2.212573
-0.217626
-4.123444
-7.645054
-2.420480
-2.594692
-3.995566
-4.770004
-2.418900
-5.551575
-5.786798
-9.151955
-4.093546
-6.287169
-3.971484
-5.465879
-6.316481
-6.272482
-4.102462
-5.144157
-3.690550
-4.329596
-1.425507
-0.226852
-6.935784
-7.348107
-3.379858
-1.720114
-6.438675
-6.050690
-4.483152
-4.069173
-6.899974
-4.847127
-5.622202
-2.643711
-2.644691
-5.179031
-1.538899
-2.858217
-4.702980
-3.682029
-3.811977
-4.365391
-4.794553
-4.969319
-5.461812
-6.031599
-0.294142
-3.181061
-5.383109
-3.743499
-2.285811
-4.150229
-7.025771
-3.922320
-5.186142
-5.005377
-2.365386
-4.573413
0.004464
-9.713707
-8.093950
-4.091565
-5.762619
-2.824412
-5.999845
-6.202099
-8.140490
-3.234150
-7.666432
-5.963013
-4.470757
-3.832781
-4.492434
-3.078746
-2.802424
-7.988960
-5.000139
-6.391315
-2.563949
-8.036501
-4.603787
-1.760817
-3.607573
-4.306324
-7.613291
-4.987686
-6.307479
-4.493368
-3.117652
-4.697506
-4.119543
-2.912331
-3.261932
-4.342454
-2.303929
-7.966799
-5.256233
-5.129008
-1.837506
-4.178347
-3.467757
-6.488405
-3.431996
-2.057748
-2.501115
-7.722048
-3.899719
-3.771658
-2.744642
-5.546417
-5.552244
-1.502183
-0.869634
-8.143435
-4.516979
-1.659932
-5.412497
-1.727627
-2.624966
-4.503958
-8.182886
-1.875252
-2.891087
-5.092629
-5.051458
-7.070726
-9.514540
-8.207721
-3.764282
-7.103817
-3.758654
-1.138833
-5.054491
-9.054543
-4.516620
-7.382586
-6.948577
-6.076743
-2.124204
-4.726555
-5.842305
-5.259604
-4.571060
-3.401711
-5.636372
-3.712042
-3.248379
-4.511222
-7.127015
-3.613981
-5.677331
-5.075189
-2.546828
-3.438751
-6.912970
-6.716571
-3.949151
-6.167911
-6.006811
-6.810280
-4.358907
-4.210829
-3.108832
-0.454003
-5.459797
-3.457284
-4.352387
-5.445734
-5.494486
-9.000233
-8.021666
-7.393961
-4.032577
-8.059134
-3.658552
-2.887260
-5.803944
-8.704897
-5.720471
-4.669271
-4.380079
-3.766315
-3.854158
-2.987742
-10.927284
-4.933321
-8.089872
-6.725576
-3.088254
-6.467406
-3.974795
-3.046365
-3.535257
-3.851364
-1.689312
-7.305228
-4.099350
-4.172935
-5.936945
-0.683331
-6.238561
-3.729524
-2.592096
-3.624630
-6.855621
-3.415936
-5.286299
-8.904186
-5.604576
-4.974379
-4.414070
-3.866119
-4.152371
-6.847065
-3.198974
-2.984479
-10.899674
-3.509084
-4.152264
-5.766675
-2.522410
-7.756948
-5.858918
-7.036475
-6.943623
-2.068592
-6.889927
-3.218217
-3.935520
-8.038177
-2.733176
-6.297686
-2.928781
-3.991058
-8.099032
-1.921144
-6.757444
-4.337256
-4.255324
-3.946439
-2.374699
-3.900624
-6.539368
-3.504909
-3.350826
-4.652643
-5.113605
-2.596780
-6.110690
-3.246000
-3.381028
-0.770356
-7.052077
-4.175046
-7.214429
-8.950160
-5.647534
-3.417164
-1.760646
-5.983109
-4.436905
-4.592330
-6.572944
-1.543441
-5.949195
-5.447329
-3.113629
-5.836748
-5.218037
-5.302378
-2.955955
-4.030030
-1.994917
-5.658639
-4.195807
-5.878922
-2.617155
-3.382683
-5.683103
-4.765465
-8.113775
-2.773266
-4.569069
-3.950672
-4.911813
-2.752687
-6.357981
-4.682394
-6.769048
-5.155395
-2.351167
-8.226880
-4.432404
-9.598995
-7.242460
-3.153881
-4.264072
-4.506058
-1.360770
-5.745792
-5.553977
-2.707845
-7.734975
-3.387631
-4.134585
-1.891412
-3.885610
-4.644767
-6.265544
-6.389619
-5.155710
-4.372107
-3.678175
-2.061424
-4.490427
-2.276313
-4.671742
-1.937137
-6.296103
-1.428151
-3.922025
-4.536623
-5.406447
-3.655183
-6.446494
-2.914494
0.055899
-7.406673
-6.577712
-6.169798
-3.242394
-2.669880
-3.696510
-7.486879
-5.493285
-2.993898
-1.369549
-7.086961
-5.254681
-3.931477
-3.416770
-4.776524
-6.377717
-5.455244
-2.293032
-5.633725
-3.714921
-4.212846
-4.580583
-7.010351
-5.438525
-2.441216
-2.461475
-3.317895
-3.120132
-3.909331
-3.520637
-0.552813
-7.687324
-2.889566
-3.850852
-6.459477
-6.552620
-5.222379
-4.614923
-0.339182
-2.158164
-6.690346
-4.008520
-2.520105
-9.888767
-6.226291
-5.911388
-2.698623
-6.655120
-0.290593
0.282968
-7.851682
-6.102726
-8.170501
-5.876836
-4.194608
-6.382910
-5.275804
-4.434953
-4.224488
-3.190045
-6.046968
-0.826351
-3.402204
-5.231951
-4.442307
-3.998063
-0.164911
-5.081121
-5.571560
-6.781513
-5.615784
-4.032069
-5.130066
-7.272567
-5.673163
-2.106521
-3.608778
-4.372374
-3.156676
-6.105266
-3.891577
-5.440182
-2.143241
-6.631053
-6.400132
-5.434612
-8.838499
-2.936578
-7.510715
-2.015304
-7.539922
-5.015842
-5.689105
1.993218
-4.612180
-2.065768
-6.696817
-3.166111
-4.999381
-8.907042
-5.460217
-4.749529
-2.331264
-2.215738
-4.098302
-6.646842
-5.810196
-2.665835
-1.292257
-4.942902
-3.829071
-4.555671
-7.049783
-5.767703
-5.576677
-4.307611
-1.812733
-4.811927
-4.815127
-3.043092
-5.941360
-5.113439
-8.254755
-1.942176
-5.915528
-0.045668
-2.544125
-1.747908
-3.211327
-8.376549
-9.536955
-10.127801
-3.013045
-4.849178
-2.301301
-4.099906
-1.971900
-2.977619
-3.378377
-4.854327
-8.793157
-5.429354
-7.117820
0.833616
-4.215278
-5.423717
-6.590297
-4.046954
-7.651351
-5.039813
-4.623475
-3.249008
-5.273019
-4.025476
-4.003238
-3.981837
-4.836858
-5.811073
-7.016042
-6.849875
-6.010331
-7.761814
-5.653052
0.617408
-1.719551
-3.040457
-3.351858
-6.093227
0.771645
-1.304693
-4.626018
-5.264798
-6.200527
-6.256102
-4.938479
-5.026702
-1.384160
-6.713795
-12.079073
-5.258612
-3.488483
-3.216213
-5.665865
-1.227154
-6.613472
-3.086162
-2.260733
-0.910927
-0.798233
-4.536134
-5.264120
-3.412077
-5.349043
-4.525276
-1.376315
-6.822133
-6.456468
-2.016890
-7.791362
-4.840562
-0.461791
-3.955436
-3.863070
-3.727255
-2.473092
-4.420808
-3.275933
-6.677197
-2.095951
-6.333968
-8.139845
-4.890698
-10.173445
-4.697285
-8.020050
-0.408235
-0.403937
-4.331318
-6.522536
0.420052
-6.416403
-7.163955
-5.102074
-4.910631
-4.406765
-6.093908
-0.311682
-2.079057
-4.458393
-5.366175
-9.839821
-7.339286
-4.952717
-3.642972
-6.529263
-5.215567
-7.023007
-1.886241
-2.735583
-3.112309
-5.034649
-4.751155
-6.869163
-2.359536
-5.049042
-5.617029
-5.068904
0.678025
-8.037337
-4.205854
-3.051906
-6.140349
-6.162575
-3.310739
-4.528210
-7.007011
-7.125946
-5.602733
-7.909251
-3.442412
-5.272604
-8.874290
-6.983848
-0.499258
-5.013356
-4.211863
-5.341293
-6.051919
-2.244195
-5.953225
-8.784396
-3.889103
-0.066013
-7.036203
-4.722517
-6.746402
-4.746553
-3.065216
-9.829179
-2.571139
-4.030664
-4.694701
-7.534299
-6.792123
-2.330513
-8.541609
-6.579111
-8.937624
-6.019064
-6.654660
-6.339070
-7.390575
-5.474050
-3.262043
-5.111170
-2.016705
-6.837231
-8.177546
-5.380799
-1.156527
-1.567868
-7.678406
-5.775012
-2.391437
-6.410476
-3.017654
-2.387559
-3.099627
-1.521475
-5.129506
-7.397555
-2.444333
-2.982385
-5.014364
-3.755057
-2.729065
-6.222409
-5.490903
-5.954973
-4.117019
-7.657715
-3.394984
-7.668598
-1.557281
-6.330638
-3.470338
-4.659894
-5.487429
-0.943364
-4.085848
-5.907469
-1.082118
-7.122281
-5.526629
-6.208300
-3.577797
-4.179024
-3.162909
-2.627390
-4.017573
-4.779814
-7.711356
0.673664
-4.235528
-4.589668
-3.537909
-4.691491
-3.649964
-4.284633
-4.776122
-5.387309
-7.291997
-7.309056
-7.255888
-4.451106
-2.415263
-5.363781
-2.053005
-6.597649
-4.853483
-8.451672
-6.624476
-1.739628
-3.937402
-6.753565
-4.874778
-3.871100
-8.712994
-7.809111
-5.008019
2.122497
-8.580078
-2.289348
-3.600500
-4.621125
-6.591755
-5.938762
0.755234
-2.137000
-4.726377
-4.905520
-4.661880
-7.027327
-3.175660
-4.150597
-6.970915
-5.919518
-5.003270
-8.697695
-3.837088
-3.158363
-9.642889
-7.502966
-3.838057
-3.801848
-4.313388
-5.224149
-2.038635
-7.170428
-5.564442
-9.284255
-4.212533
-4.189983
-3.202501
-7.231919
-4.171961
-2.076347
-5.262892
-2.846066
-2.796702
-1.700361
-4.568591
-4.592364
-3.555562
-5.289088
-6.489482
-4.490733
-4.591225
-4.758778
-1.397992
-4.268294
-5.250636
-3.229128
-3.310918
-2.445738
-5.481964
-4.788710
-3.815208
-7.306253
-2.332347
-7.256545
-5.394547
-1.891668
-3.164844
-4.797580
-5.464064
-3.698747
-3.360911
-4.976780
-3.697055
-3.449000
-7.794563
-4.673490
-4.696920
-5.091962
-3.933579
-2.211266
-2.640663
-7.932667
-8.757601
-5.029293
-7.256203
-4.988276
-6.479163
-0.938632
-2.033140
-3.382204
-5.479080
-4.503853
-1.634236
-4.421221
-5.555266
-4.556992
-7.480136
-5.506781
-3.368169
-4.027015
-3.222350
-3.540959
-2.754395
-2.031963
-3.282677
-7.885341
-3.646115
-2.651529
-1.563975
-6.881149
-2.037643
-5.547406
-6.477654
-3.148363
-7.444557
-6.424251
-1.862407
-6.814089
-1.944126
-4.682582
-4.532172
-2.578129
-3.761522
-3.058713
-1.007169
-2.794534
0.353004
-3.099802
-3.814440
-4.915918
-4.602372
-6.754060
-5.639852
-1.336889
-3.588937
-8.432581
-3.289077
-3.758235
-2.731395
-6.694181
-1.822162
-8.946384
-5.174978
-6.890869
-5.696594
-2.008997
-3.707562
-10.815876
-7.068842
-4.408604
-6.900140
-4.320297
-5.064374
-5.943579
-3.332823
-2.220854
-5.362982
-7.597050
-5.432030
-5.944109
-4.834534
-1.875668
-4.622565
-2.206347
-5.841566
-4.525398
-2.519916
-4.485569
-4.591017
-3.283751
-3.317236
-8.862118
0.332610
-5.719382
-6.705851
-2.389759
-6.018165
-6.910560
-5.253725
-5.266508
-6.846385
-10.538572
-5.905918
-5.889935
-7.794203
-3.577593
-5.548292
-1.553924
-1.322199
-5.941322
-3.982255
-1.843079
-5.447582
-5.903718
-5.510983
-2.043066
-4.052989
-3.882077
-8.404320
-5.695973
-2.848905
-5.924011
-7.299621
-7.032011
-4.411490
-8.572483
-4.957454
-4.753864
-2.588657
-9.379696
-5.994745
-5.195780
-2.002133
-0.336134
-5.169714
-7.566199
-4.149009
-4.369400
-7.920581
-5.185150
-3.158857
-0.217505
-3.752892
-5.046984
-4.066266
-3.381850
-1.531736
-5.517374
-6.842318
-9.871384
-6.284820
-8.142730
-2.716894
-3.973328
-7.284534
-5.401149
-4.072637
-8.274458
-6.325889
-4.366766
-2.723824
-5.438016
-4.519875
-4.547517
-5.488579
-2.319375
-7.348441
-2.688760
-4.833795
-1.161823
-7.200987
-6.763165
-4.539417
-1.449727
-5.297365
-4.623694
-5.700065
-5.050504
-4.556958
-1.748142
-1.220977
-5.293827
0.890002
-0.752419
-9.143581
-7.107764
-1.749294
-4.588473
-6.548597
-8.450562
-4.994315
-3.422801
-2.445753
-5.667019
-3.963738
-6.028962
-2.645339
-5.505622
-7.729936
-2.305788
-3.901399
-3.343806
-4.748870
-6.047848
-1.507599
-7.020655
-4.389687
-3.067932
-7.439516
-6.146620
-7.161327
-3.345093
-6.405552
-5.061358
-7.913606
-1.752525
-0.811267
-4.903027
-3.636052
-4.389067
-5.246952
-4.501350
-5.382491
-3.919353
-9.867630
-5.370178
-2.186455
-7.126132
-1.296000
-4.867818
-2.223320
-3.883102
-6.610655
-2.880480
-5.781081
-4.723431
-7.215329
-3.102542
-5.799308
-5.922400
-6.349879
-2.965404
-7.958145
-4.229234
-8.531033
-4.251555
-8.917726
-5.011368
-3.045102
-0.664138
-5.817057
-1.394632
-3.851055
-5.594461
-3.496043
-2.232910
-6.284419
-8.508234
-5.029018
-6.192248
-1.312331
-6.243771
-2.211823
-3.098535
-5.874703
-4.933413
-8.162220
-3.975629
-10.410954
-4.161368
-5.697596
-7.964828
0.184584
-6.207518
-1.675719
-5.925697
-6.689693
-4.454701
-10.005532
-4.284994
-3.390745
-6.207237
-5.213934
-3.185499
-9.976355
-3.774801
-4.293968
-0.927969
-3.457268
-5.677287
-5.425380
-5.312941
-3.147928
-6.492841
-2.871750
-3.923632
-2.747652
-4.785939
0.195414
-2.464175
-1.814748
1.501984
-4.463174
-3.896669
-4.364190
-7.055680
-4.515768
-3.113225
-3.645338
-6.193187
-5.142930
-2.858841
-5.411584
-13.284783
-4.799610
-4.937236
-4.115102
-5.048089
-5.029535
-8.031997
-6.195524
-4.966555
-4.142852
-3.311582
-4.170254
-6.828246
-5.714387
-4.558519
-4.976069
-3.153093
-6.559307
-6.655814
-3.937653
-3.196799
-7.339153
-3.858562
-1.775209
-3.431905
-3.224449
-5.517417
-6.789554
-4.824048
-6.272467
-0.104022
-5.908434
-5.213787
-2.735883
-7.859633
-7.108091
-7.809797
-6.510407
-3.947959
-6.792350
-3.813529
-1.649593
-4.835742
-7.296157
-1.997465
-5.873702
-5.029875
-6.977604
-7.134286
-7.024030
-2.511872
-4.669948
-7.227104
-1.209166
-4.492424
-4.296241
-6.808900
-1.659972
-4.128982
-2.810932
-8.644962
-2.344673
-5.401749
-4.740836
-5.215126
-7.470340
-7.138614
-3.579506
-6.353148
-8.682062
-3.881798
-3.229349
-1.856425
-7.089140
-1.169601
-5.176486
-1.874315
-6.293092
-7.162173
-1.904408
-6.750788
-1.377133
-3.897780
-7.956556
-6.287548
-4.182226
-4.566530
-3.971566
-2.291962
-3.862916
-1.503723
-6.250967
-3.126449
-5.179825
-4.433208
-5.818327
-6.914037
-5.452956
-4.423328
-4.155687
-6.203272
-3.337972
-2.844479
-3.304815
-4.670448
-7.134416
-3.018570
-5.529568
-2.239042
-4.240566
-4.581894
-3.222272
-8.095922
-2.925127
-6.903817
-6.213918
-5.338871
-5.393533
-4.365187
-2.319560
-5.813416
-2.441887
-4.406574
-5.578969
-5.598374
-4.694818
-2.807677
-5.448373
-5.351907
-4.040723
-7.153053
-5.328090
-6.855187
-5.061058
-2.749602
-2.627995
-2.164868
-4.289628
-4.851763
-5.694945
-9.324549
-5.384923
-6.300298
-3.831587
-4.713295
-7.213450
-3.852512
-6.506974
-2.784784
-0.966697
-7.654472
-10.598520
-6.851163
-1.562976
-6.244474
-7.501165
-6.143114
-6.566992
-5.761495
-4.250974
-5.855258
-3.199936
-5.578144
-1.538395
-0.090761
-4.292170
-3.155858
-7.195536
-6.564371
-2.390717
-4.025372
-3.513119
-7.024939
-4.637501
-6.635523
-4.342901
-7.913238
-5.081678
1.294866
-1.258236
-7.849942
-5.379623
-7.545220
-5.052182
-5.582479
-6.959815
-6.021821
-3.314087
-3.672080
-2.730947
-5.809831
-4.083644
-5.861548
-6.745613
-2.720198
-6.389633
-2.920284
-3.476146
-9.193232
0.008963
-3.025470
-1.340133
-4.578259
-2.913929
-7.994652
-3.725067
-4.272016
-4.420404
-1.721091
-8.297350
-3.555093
-5.302860
-3.384948
-2.377961
-7.473592
-3.607491
-4.168484
-4.670780
-3.302562
-6.861392
-2.038698
-3.688916
-6.522411
-4.756249
-4.144657
-1.247366
-6.269754
-3.486881
-2.602015
-9.000848
-5.944660
-3.951764
-4.104623
0.648262
-1.491861
-2.815780
-2.227255
-1.443622
-3.251769
-5.654074
-5.036077
-7.889396
-5.953860
-3.250731
-4.843186
0.223093
-2.366785
-4.226395
-6.348996
-3.676929
-3.233553
-3.534790
-4.247403
-8.909515
-7.740112
-5.288265
-5.168508
-4.042845
-6.638209
-6.998513
-5.609302
-7.370142
-8.906953
-6.561776
-5.434442
-4.269963
2.399482
-8.268744
-5.387583
-4.117710
-5.014183
-3.491096
-5.286644
-4.042552
-4.483046
-2.770067
-3.855218
-2.744324
-1.909216
-3.892403
-3.807401
-0.666133
-2.513999
-6.182812
-2.889719
-5.162458
-5.093824
-4.676397
-5.797673
-6.124554
-6.868168
-4.252606
-4.090913
-5.071003
-6.415386
-6.819471
-4.951024
-4.203402
-3.485747
-4.510997
-7.759840
-5.389200
-7.793050
-5.085946
-6.491766
-7.018493
-5.126414
-2.842299
-5.044155
-6.756292
-3.592560
-3.489095
-3.297890
-5.030858
-1.845303
-3.630176
-7.551050
-5.566434
-9.865177
-6.700219
-3.664380
-6.764184
-9.154313
-3.759619
-5.215018
-8.658888
-0.266949
-4.250769
-4.908308
-6.093323
-6.861314
-0.433486
-8.151154
-6.101977
-3.714933
-2.041572
-5.402637
-4.117937
-9.718094
0.630778
-8.246710
-1.874396
-4.841537
-5.049344
-7.576902
-8.440092
-5.507538
-2.782401
-4.999762
1.426144
-2.147064
-5.467589
-4.929726
-4.593013
-4.350305
-5.485027
-5.852624
-5.538747
-7.595725
-0.803204
-5.488366
-4.686096
-0.196486
-2.255235
-6.399013
-3.034552
-3.541932
-4.718465
-10.613504
-5.560172
-9.632793
-4.768577
-3.994745
-6.732800
0.413841
-5.000778
-5.342782
-6.765899
-3.457327
-6.323669
-5.911643
-2.965827
-3.903842
-4.487059
-1.690737
1.198424
-6.344192
-4.062757
-5.996369
-4.212341
0.679372
-4.732656
-5.973101
-4.379186
-5.132538
-8.377645
-4.799379
-4.281614
-6.891035
-3.375117
-7.654925
-4.055081
-5.915145
-1.818712
-5.058386
-6.755619
-7.019855
-5.845854
-3.397958
-2.845367
-5.826251
-1.212035
-4.923184
-8.328368
-5.200856
-1.270704
-4.643428
-3.689304
-8.087514
-6.871376
-2.941977
-5.835116
-8.058574
-6.065620
-1.675969
-7.431497
-4.064287
-1.875858
-7.223882
-3.841946
-5.088929
0.426596
-2.965377
-4.068595
-7.413986
-4.978158
-3.864974
-4.413342
-5.864876
-4.496624
-5.039293
-8.471040
-4.298214
-3.749264
-1.094248
-5.946397
-8.038706
-5.605295
-4.129323
-7.825813
-3.341516
-7.578609
-7.060553
-0.526103
-3.565480
-4.538012
-7.288340
-7.641618
-7.424482
-2.896965
-4.509571
-5.305459
-5.605624
-6.562196
-3.223625
-4.928542
-9.376721
-2.179742
-3.418238
-2.587494
-3.121413
-3.814889
-5.758774
-2.054388
-7.329788
-7.841883
-1.939770
-6.788228
-3.421267
-5.609156
-4.326914
-5.787457
-3.352533
-4.404791
-4.645765
-6.689859
-4.726352
-5.197725
-5.903245
-2.870158
-0.710163
-5.012487
-2.550260
-2.254823
-4.871267
-3.909665
-10.830256
-2.775166
-2.538269
-0.121958
-2.822965
-1.201930
-3.695971
-3.307214
-5.908894
-2.687408
-6.304664
-2.836614
-3.646004
-1.930596
-6.566553
-9.209671
-4.154960
-1.217642
0.230606
-4.609753
-6.975901
-5.661217
-1.657030
-4.323823
-7.677893
-4.766033
-5.241898
-2.830041
-2.321152
-7.155169
-4.956561
-3.263669
-6.425051
-2.402174
-3.232221
-3.514743
-4.645724
-6.917137
-6.809589
-5.123033
-4.071646
-4.640490
-5.939416
-3.487629
-4.942108
-5.341058
-9.677309
-4.225014
-5.562794
-1.554308
-5.379589
-3.693723
-5.433020
-4.318810
-7.093240
-1.589483
-5.062104
-1.803310
-4.245144
-5.581271
-4.992718
-3.027116
-5.864653
-7.494277
-4.786197
-6.555914
-10.862217
0.367409
-5.011307
-0.874116
-5.744453
-1.648080
-3.111077
-5.660505
-2.782506
-3.171099
-6.125269
-4.686406
-9.082479
-4.973000
-6.444645
-6.475181
-0.590041
-5.806233
-7.275621
-3.315396
-1.135002
-1.896770
-3.866935
-5.158977
-4.236084
-1.930595
-4.839595
-3.053516
-1.437738
-4.453570
-3.471045
-5.049870
-4.638203
-4.199951
-8.430914
-5.176013
-3.337216
-7.846560
-4.621933
1.535654
-6.315859
-4.676753
-1.287484
-6.205347
-4.439808
-2.481802
-2.337106
-6.245733
-6.902959
-5.968921
-4.897285
-5.716317
-8.211731
-4.050390
-4.363034
-4.547017
-2.520950
-4.415993
-4.435907
-6.004138
-3.102413
-6.783538
-5.230029
-6.611770
-3.750739
-5.569844
-6.315864
-8.857626
-5.049357
-3.785127
-4.178212
-5.349936
-6.381683
-3.986032
-3.940832
-8.840846
-6.060418
-2.489671
-5.419118
-2.405285
-2.982794
-6.467523
-7.312148
-6.354713
-2.007931
-3.131012
-5.708131
-8.047682
-4.609872
-2.150324
-3.540358
-0.270079
-7.283267
-4.942070
-3.651977
-5.505483
-5.597744
-0.754662
-3.382880
-5.809622
-8.750011
0.075827
-3.848097
-7.087208
-3.965391
-6.720464
-2.360041
-3.202326
-7.874128
-5.282955
-5.722208
-3.815636
-4.727560
-5.715885
-8.558737
-1.255449
-8.068192
-1.923233
-5.436208
-5.836366
-4.001547
-2.707635
-3.201365
-4.232485
-4.806981
-6.784879
-6.062332
-2.655828
-7.044711
-8.360838
-1.149082
-4.564374
-6.456341
-6.395363
-3.370303
-3.330096
-4.474954
-7.618587
-1.655169
-3.007512
-2.864324
-3.518019
-7.337381
-9.114141
-5.942406
-2.588882
-2.344247
-3.034923
-8.292467
-4.353434
-7.479257
-5.176793
-10.096150
-0.295900
-3.752190
-1.790658
-7.445898
-8.253239
-5.341746
-1.775260
0.502174
-4.094760
-2.475523
-5.100298
-5.740480
-6.702698
-5.139752
-3.675292
-5.785244
-6.028033
-1.949879
-0.906242
-1.426852
-2.430104
-2.561246
-2.591362
-7.232957
-7.794282
-6.368167
-2.611705
-5.597146
-5.554683
-2.344103
-2.304345
-5.821228
-4.061049
-8.114954
-4.273726
-4.402684
-8.098821
-4.650711
-7.754525
-1.625326
-6.018498
-4.481841
0.668714
-1.570702
-4.604287
-3.205838
-5.747738
-9.866348
-5.696834
-6.496347
-1.146035
-3.753488
-8.924152
-4.055495
-4.820272
-5.398434
-3.669920
-2.653935
-9.036222
-4.753753
-5.407595
-4.350361
-4.998923
-5.232736
-6.804878
-2.556487
-5.241166
-10.041036
-3.382796
-6.457165
-2.576864
-5.962429
-1.674082
-4.846907
-5.153418
-2.680683
-9.207408
-1.952607
-2.429149
-7.130947
-5.770000
-2.957736
-5.057901
-7.641345
-3.476272
-1.888902
-2.965700
-6.653130
-1.589918
-2.074231
-1.243538
-8.356111
-1.748750
-6.070886
-8.696465
-3.873259
-1.777820
-7.779901
-2.346218
-2.682705
-5.241457
-5.810927
-1.752165
-3.890921
-2.985723
-1.513152
-6.698705
-5.665270
-5.923959
-7.504874
-3.344372
-6.908320
-3.873375
-3.983226
-1.899052
-4.792248
-3.850057
-5.147664
-5.865376
-1.116172
-6.175951
-5.360607
-4.945463
-6.614101
-7.287768
-1.742332
-5.760134
0.087869
-1.065340
-4.508371
-5.820096
-3.050769
-7.116491
-6.481842
-8.885607
-11.827331
-5.254641
-6.028656
-7.620958
-5.785196
-5.605466
-5.084961
-3.938696
-7.945638
-5.326128
-1.262452
-2.638492
-3.637108
-3.453745
-3.138877
-4.010242
-2.125680
-6.586652
-6.341929
0.260371
-6.235229
-1.321031
0.801645
-6.788999
-6.303166
-6.713083
