8
1 500 1000 200 42 777 13 99
-6.903705
2.856150
-2.389601
-7.869665
-10.421362
-10.261001
-10.927824
3.273484
-7.984388
-2.411089
-8.087948
-5.631392
5.002400
-0.809259
0.508737
-6.176472
-7.436049
-8.574157
-6.519780
-8.638836
-11.109346
-5.772755
-8.449711
-4.632080
-9.718399
-5.332763
-5.351660
-10.173100
-12.113769
-9.014157
-8.891090
-5.180081
-6.499638
-6.203601
-6.802829
-7.716661
-5.719227
-6.461517
-12.843473
-12.766403
-6.922107
-6.163772
-6.486502
-6.101254
-6.443167
-11.376444
-6.175312
-6.362875
-8.340047
-7.233866
-7.235520
-7.176064
-7.662021
-9.152782
-5.155749
-6.794933
-10.360208
-7.854014
-9.656739
-5.967840
-10.481102
-11.097638
-9.735538
-9.909725
-9.648466
-0.988030
-6.186414
-3.412194
-3.723480
-1.017692
-4.596130
-11.061860
-4.420243
-1.152292
-5.518679
-4.924941
-3.617700
-4.152128
-5.037619
-5.514544
1.733710
-10.687984
-0.208215
-0.835040
-4.976278
-6.382667
-2.978456
-5.990537
-12.034026
-7.549207
1.259709
-5.065834
-4.872387
-11.466740
-8.110880
-9.162044
-9.648466
-7.869665
-9.544553
-7.705968
-12.113769
-4.320936
-5.377257
-9.648466
-6.964043
-9.648466
-8.211620
-12.705305
-9.124743
-6.603734
-8.519188
-5.065834
-7.486658
-14.578921
-10.909685
-6.939176
-8.234545
-4.357434
-5.950528
-4.078857
-3.613167
-12.113769
-6.839743
-7.906666
-4.234500
-9.648466
-4.815420
-4.727172
-6.768231
-9.576056
-7.994641
-7.757469
-6.499638
-4.598548
-10.405474
-9.648466
-4.023349
-8.655847
-11.466740
-10.909685
-7.705968
-4.793499
-1.686699
-8.767406
-12.113769
-8.210239
-12.113769
-7.869665
-11.466740
-8.737595
-3.527705
-7.520867
-8.891090
-7.869665
-9.648466
-7.331739
-7.869665
-9.898716
-8.210239
-7.709543
-3.755980
-7.520867
-5.065834
-9.622360
-7.705968
-9.305737
-9.609571
-8.767406
-7.869665
-12.717095
-9.572101
-7.869665
-11.559564
-8.919296
-10.481102
-7.869665
-5.065834
-8.210239
-2.790296
-8.812182
-7.281404
-8.091793
-10.481102
-7.869665
-7.520867
-7.869665
-9.648466
-9.648466
-4.023349
-7.968966
-6.242395
-8.812182
-8.767406
-5.377257
-9.648466
-5.065834
-8.091793
-8.767406
-10.506875
-9.566154
-7.869665
-7.869665
-5.065834
-8.648775
-7.757469
-7.869665
-7.520867
-6.263328
-10.909685
-9.648466
-5.065834
-4.023349
-9.648466
-8.091793
-8.767406
-7.520867
-10.481102
-7.869665
-7.869665
-10.125091
-7.869665
-4.621403
-9.019161
-4.771256
-7.358397
-7.869665
-3.684629
-6.812095
-8.564168
-7.255303
-9.654526
-5.065834
-8.767406
-6.093091
-7.585222
-8.767406
-7.869665
-8.110880
-9.372830
-7.869665
-8.110880
-7.520867
-6.452207
-5.377257
-4.853008
-13.056660
-9.373824
-7.542375
-10.303694
-4.023349
-8.210239
-3.527705
-5.459266
-10.196010
-9.648466
-5.706418
-4.354586
-4.758875
-9.940508
-1.695806
-5.645439
-3.081889
-2.435002
-8.386373
-2.943836
1.240336
-9.084598
-0.554697
-0.896356
0.252921
-1.601063
-5.327705
-2.434848
-0.413102
-1.113371
-0.739553
-7.672057
-1.092597
1.279819
-7.486869
-6.274646
-5.941575
-6.264935
-5.079876
0.691196
-3.470155
-5.228059
-4.568239
-8.081223
-7.005441
-0.913325
-0.726415
-7.062939
-8.726557
-5.047829
-6.374849
-4.492723
-3.992689
-1.409474
-0.846861
-3.065640
-5.920021
-1.056349
-8.390605
-4.188566
-1.579418
-2.454548
0.301696
-6.174978
-5.539398
-0.398675
-4.915949
-0.007686
-5.589963
-6.935180
-4.872180
-4.029198
-5.785103
-7.696819
-6.889190
-2.668062
-5.473470
-6.454560
-1.829406
-9.881128
-6.614968
-5.452042
-6.631816
-2.705238
-11.302613
-7.764115
-8.256378
-7.106300
-6.229131
-7.276981
-8.273946
-1.901035
-10.835049
-8.472950
-5.990930
-4.162153
-1.845617
-10.405321
-7.004269
-10.643234
-3.023871
-7.640844
-5.287353
-8.102672
-5.474357
-4.143132
-11.917537
0.110207
-6.228070
-4.430999
-5.191808
-9.182818
-2.747517
-10.080299
-11.069462
-9.648466
-9.622360
-10.125091
-9.734387
-5.505466
1.868581
-1.849648
-11.683410
-5.843548
-10.434518
-3.377824
-6.202979
-1.922348
-1.618609
-5.637887
-5.501650
-6.240158
-2.982394
-8.922442
-11.069462
-3.562560
-5.799893
-8.703537
-1.328260
-0.425017
-4.394867
0.753627
-4.456704
-1.991211
-3.913091
-5.990851
-5.899484
-4.190597
-5.672446
-5.196539
-5.976980
-6.475630
-2.117877
-5.319023
-7.547402
-7.372346
-4.340615
-9.645575
-7.172909
-4.002749
-3.654057
-3.047664
-3.900010
-4.944133
-6.285913
-7.781441
-4.073372
-2.650776
-8.965379
-5.412404
-10.246996
-7.050886
-8.102390
-2.016731
-5.389457
-6.175415
-1.887837
-7.978469
-4.607019
-5.910460
1.225315
-5.660573
-2.959108
-5.047498
-3.317152
-8.511179
-4.557144
-2.859159
-3.463439
-2.635912
-4.589917
-3.903067
-1.840165
-8.585193
-6.936324
-0.742233
-11.373360
-9.713760
-3.239029
-5.701684
-10.007379
-5.776374
-1.745287
-7.326852
-12.081884
-8.570136
-11.883905
-7.560355
-8.951013
-3.857914
-4.476628
-1.798011
-5.805941
-9.649220
-7.150068
-1.951421
-7.229183
-6.402452
-8.335724
-5.883906
-1.372359
-3.664274
-8.650064
-2.218283
-5.754993
-1.722538
-5.415351
-8.857207
-8.160688
0.986766
-4.463087
-7.081681
-4.916800
-5.518891
-3.849034
-7.702554
-6.921468
-3.943104
-9.665817
-12.434074
-5.310280
-5.363725
-3.772391
-7.138500
-6.944090
-6.739787
-2.871182
-8.573721
-0.686264
-5.016272
-2.302113
-8.443582
-9.752894
-6.229502
-6.324386
-7.133393
-2.203741
-4.484881
-8.782074
-11.382487
-7.795431
-6.919279
-5.692913
-3.724710
-2.341293
-11.155043
-7.978552
-12.451203
-2.153926
-12.321148
-3.200454
-9.735676
-6.341003
-4.512097
-9.118443
-5.249228
-9.824566
-9.117493
-3.289279
-6.078543
-8.247649
-6.079111
-12.947746
-12.785327
-7.127282
-5.322016
-5.214817
-5.474877
-1.961298
-7.454391
-3.890275
-8.792453
-7.742466
0.558543
-4.697263
-1.375631
-6.324411
-6.737014
-7.869665
-9.238681
-4.295222
-4.501293
-3.498902
-7.633008
-12.625077
-3.894750
-4.939187
-9.018644
-8.355894
-6.829094
-9.804569
-7.905888
0.875437
-7.081420
-9.999505
-2.340860
-6.009924
-8.130632
-3.115470
-1.277481
-3.546829
-5.642850
-8.759399
-3.597400
-6.538303
-9.172965
-9.370297
-3.278732
-4.686448
-1.183087
-5.082841
-9.473431
-7.880605
-3.112567
-13.353789
-7.859282
-8.208463
-6.455092
-7.105393
-2.367029
-5.530034
-6.871549
-8.397835
-6.936414
-9.184351
-13.425792
-8.660559
-9.626690
-4.327034
-7.169727
-3.390292
0.231496
-5.457092
-2.223298
-10.571875
-10.360790
-8.108366
-7.634144
-3.687182
-5.498217
-7.095498
-9.159454
-6.487845
-14.150185
-2.611860
-4.515564
-8.314929
-2.149195
-7.732951
-5.871758
-9.799961
-5.002378
-6.134860
-3.442899
-7.093174
-6.048179
-1.272709
-5.740569
-6.217350
0.313712
-12.222708
1.769256
-8.626125
-3.363147
-3.193092
-5.584325
-7.950435
-3.909175
-2.217265
-5.961095
-5.904010
-11.768539
-10.983264
-6.669509
-3.251852
-10.455236
1.701218
-5.155797
-3.377200
-5.571038
-10.145769
-5.267019
-8.636591
-7.409370
-6.553110
-10.413006
-11.425866
-7.635037
-2.987894
-6.151084
-7.680370
-6.188458
-5.144946
-7.555828
-10.742573
-7.941498
-2.859780
-6.339306
-2.380176
-3.446586
-7.868380
-4.799872
-5.671371
-4.981769
-9.993856
-8.662107
-6.561032
-10.611746
-7.914185
-6.970475
-8.317078
-12.443847
-9.104187
-6.694058
-5.996181
-9.911860
-8.466194
-5.143466
-8.155746
-7.190872
-9.484568
-6.559702
-6.622615
-6.459220
-4.217978
-7.601699
-2.232686
-9.326746
-13.380038
-5.054471
-4.768438
-3.287699
-5.756581
-5.624579
-9.648466
-5.625615
-6.650401
-8.310835
-4.556098
-5.380676
-7.338367
-9.368408
-5.455826
-6.962684
-6.158458
-5.449976
-8.132001
-7.967448
-4.810145
-5.068929
-8.965198
-6.554756
-6.481505
-8.166784
-10.073257
-6.357679
-8.740108
-4.607498
-8.919296
-6.443674
-10.006076
-6.391012
-7.600781
-5.483441
-8.092762
-3.278990
-4.210933
-10.442298
-7.533709
-9.172392
-8.548645
-4.187646
-4.635663
-6.287378
-6.053962
-11.451440
-7.004624
-7.189139
-3.832520
-2.765158
-3.564264
-7.880314
-8.407885
-9.566747
-6.281837
-5.122014
0.460145
-7.342961
-6.606812
-7.062971
-4.341298
-8.236336
-6.864011
-7.242813
-9.265537
-4.084918
-3.046651
-5.309212
-8.897493
-8.637175
-4.953758
-4.632051
-6.971228
-2.146698
-0.392965
-7.070383
-7.599177
-9.848279
-9.491572
-4.258883
-5.577245
-6.020296
-5.258348
-4.973440
-2.641721
-11.879845
-6.062675
-8.588174
-9.839433
0.587728
-5.030070
-10.446474
-9.365301
-6.485282
-2.832636
-8.816522
-8.886063
-5.571028
-3.877993
-7.312374
-7.011816
-2.173208
-8.348632
-5.425674
-9.888179
-5.093175
-11.762242
-4.570590
-4.050228
-7.798078
-1.498173
-10.611908
-6.929663
-4.595182
-9.715004
-5.079822
-2.773890
0.498617
-4.364253
-2.332469
-7.342404
-5.836576
-6.644752
-9.227420
-3.414969
-8.571702
-2.633283
-7.344186
-9.481898
-2.593056
-0.874902
-3.500552
-6.701563
-3.477729
-5.570106
-3.353880
-6.994167
-5.007895
-8.257231
-7.888233
-6.134198
-4.498048
-6.154970
-6.167396
-6.465420
-1.173956
-4.787892
-7.607136
-6.667221
-1.950455
-7.765092
-9.427122
-6.200625
-8.044851
-10.751526
-3.621307
-9.574898
-5.774029
-5.572671
-7.199625
-8.100225
-4.503572
-7.807404
-5.738451
-6.693289
-5.364646
-2.214669
-7.578848
-3.952227
-4.961729
-9.177834
-6.966774
-9.716819
-9.740203
-4.125541
-6.797442
-6.844140
-4.686292
-4.638440
0.485476
-6.800494
-3.014635
-3.368571
-11.174236
-11.030858
-9.796597
-6.037132
-8.857023
-8.012816
-10.481102
-5.040899
-6.558042
-12.629950
-4.523051
-8.773678
-3.796078
-5.434843
-6.400287
-8.250010
-4.007336
-9.675871
-1.585104
-12.316190
-7.998600
-6.150378
-3.047999
-5.532699
-9.518305
-8.472941
-7.988863
-10.395212
-5.216459
-5.530766
-5.993158
0.113764
-7.122341
-3.360132
0.778127
-11.624011
-7.451321
-6.208679
-5.476351
-10.294227
-3.647240
-6.613346
-11.521713
-7.609893
-9.648466
-5.424884
-8.278587
-4.284429
-12.070495
-8.825200
-4.405845
-8.432208
-11.383109
-9.058522
-1.710245
-5.615751
-6.912642
-3.761509
-2.455651
-9.139026
-10.184692
-5.278354
-6.981254
-6.639814
-1.389757
-4.486300
-7.105527
-2.101461
-3.366924
-4.075043
-2.192038
-8.738018
-7.429898
-7.319352
-10.941428
-7.858626
-3.809427
-8.679933
-6.237746
-2.883042
-5.789684
-6.466522
-7.755419
-3.080394
-9.408021
-3.224733
-4.643487
-2.033932
-7.532534
-8.136978
-2.810082
-2.095937
-7.783351
-14.595023
-6.296746
-9.291536
-7.929149
-4.342021
-10.879803
-15.789109
-7.095592
-6.524554
-5.865971
-5.997737
-6.173187
-9.968890
-5.295174
-1.992235
-7.118202
-5.205255
-8.363475
-5.817505
-11.865746
-5.784955
-3.758044
-8.203547
-0.476576
-3.549401
-6.790977
-6.575198
-5.626239
-5.053494
-5.889397
-9.867588
-2.581236
-10.346891
-6.001406
-9.912065
-6.896223
-6.104999
-2.242960
-3.617787
-11.156380
-7.124514
-5.908613
-6.564741
-8.038548
-1.863174
-7.852923
-1.162370
-7.288891
-2.358287
-9.298027
-7.834381
-9.646873
-6.303556
-8.096033
-3.040853
-7.070282
-2.666725
-9.199226
-6.869305
-1.900074
-6.364552
-6.947162
-6.970644
-7.482017
-2.762516
-4.850525
-8.393957
-2.374760
-8.383268
-5.103960
-11.158247
-8.222258
-3.893825
-9.791574
-6.308454
-4.977656
-4.494605
-8.142326
-8.675277
-10.706575
-5.405784
-7.516878
-8.779349
-6.104718
-8.656844
-6.943066
-3.858917
-1.199012
-3.578988
-8.590463
-7.869665
-9.662883
-5.182431
-10.817181
-6.622399
-4.144636
-11.412162
-2.765142
-5.431130
-10.453691
-4.779098
-9.696887
-5.765679
-1.810383
-10.017319
-5.353831
-7.531026
-5.105079
-7.553569
-2.786513
-7.389343
-8.153073
-6.012067
-5.041080
-6.425346
-8.021408
-8.008253
-5.386272
-6.283278
-6.593020
-8.257160
-1.785703
-1.615754
-10.964128
-6.797291
-6.733106
-7.387836
-5.464617
-9.648466
-5.815222
-7.035398
-10.381340
-9.744290
-8.259721
-9.266804
-9.474667
-7.673865
-7.411164
-3.927902
-3.519739
-10.604435
-5.555850
-11.844085
-9.117424
-11.320765
-5.469451
-3.554870
-6.793198
-4.550941
-10.611587
-8.965498
-5.672784
-9.277795
-6.681333
-1.951541
-8.600155
-12.015915
-6.971283
-7.398458
-5.164429
-8.526500
-11.754221
-10.937661
-4.521711
-7.304343
-6.683812
-3.989631
-5.004497
-9.343456
-4.701275
-3.629642
-6.026874
-7.954201
-9.064603
-6.860757
-6.514132
-8.625097
-7.729488
-9.311991
-2.267207
-6.377526
-7.963855
-7.021367
-8.014259
-6.218004
-2.185651
-6.464207
-4.026514
-8.006018
-7.144505
-9.817673
-6.366390
-10.143723
-6.047935
-4.141836
-3.524739
-6.119550
-5.543671
-5.325061
-12.422125
-9.379030
-12.054058
-4.352848
-8.627369
-7.843642
-5.743548
-9.428084
-5.662240
-6.584008
-5.369907
-8.237356
-6.105906
-9.228510
-6.419186
-3.876949
-5.556581
-2.584863
-3.646511
-6.736979
-8.713651
-8.248725
-10.282354
-6.911538
-9.845566
-5.328513
-5.444905
-6.453112
-4.167026
-6.894025
-7.904506
-4.302497
-8.363140
-8.681675
-6.724071
-12.502535
-3.022752
-5.245782
-8.715355
-1.579359
-5.830547
-6.919250
-8.431489
-6.301312
-10.461912
-8.908759
-6.702850
-10.684650
-10.804018
-7.124701
-12.427432
-3.443872
-8.315385
-4.341583
-3.956309
-5.288154
-8.479213
-5.877042
-8.210239
-7.805444
-5.955044
-9.732457
-4.864347
-9.015684
-6.431299
-4.105302
-5.267790
-9.572101
-2.674638
-5.895498
-7.923370
-8.937092
-6.248965
0.116414
-7.254071
-7.958748
-4.519104
-9.720634
-5.488966
-6.230350
-2.264737
-9.648466
-7.265447
-7.269342
-3.936783
-6.938217
-7.705678
-5.470506
-7.482855
-4.536098
-11.284270
-4.750611
-5.877492
-10.081920
-3.308307
-4.697954
-4.175858
-2.990143
-6.584673
-10.036680
-3.216468
-4.891224
-8.437628
-7.479138
-6.902744
-7.225320
-10.836723
-8.791900
-3.859077
-6.467626
-6.601884
-6.964101
-6.807933
-3.536963
-1.148069
-6.380681
-10.622897
-4.036715
-9.353334
-3.916112
-5.090717
-8.175459
-6.249617
-9.757652
-5.570328
-7.490381
-8.100622
-7.302955
-3.657494
-10.225922
-5.841825
-4.455627
-7.714255
-7.238321
-7.011826
-3.734535
-4.417480
-4.395456
-9.574549
-4.349890
-6.910058
-3.593238
-9.715588
-9.337395
-8.162167
-4.147358
-9.192530
-7.686398
-9.062755
-6.103201
-2.871781
-4.140681
-6.435587
-3.305928
-6.339284
-6.142921
-11.154058
-7.077022
-7.608205
-6.591902
-4.069401
-6.742649
-9.234282
-8.789049
-7.869665
-5.213666
-7.066532
-10.336676
-5.241334
-5.476751
-7.608895
-6.547288
-4.701116
-10.874914
-7.127241
-7.438343
-6.203185
-6.674918
-8.793505
-7.295896
-4.876802
-9.251348
-3.302650
-8.346849
-6.882039
-9.926780
-5.681541
-2.488543
-8.313742
-4.147751
-8.374897
-6.971915
-7.759112
-11.920532
-8.169065
-6.754889
-4.744532
-2.163464
-8.085268
-5.348585
-7.754881
-6.654486
-3.618089
-6.515463
-4.858146
-6.847468
-9.648466
-3.627919
-3.516201
-9.240112
-9.544956
-6.166255
-4.615140
-3.134136
-7.890441
-3.862023
-7.917078
-7.116142
-5.729813
-4.519257
-8.218922
-8.654391
-6.258957
-9.388554
-7.828647
-6.560445
-9.646034
-8.562307
-7.433420
-9.061727
0.429171
-7.968136
-4.422225
-9.934366
-10.293058
-9.382211
-7.064477
-9.625467
-6.077824
-3.648419
-9.257024
-7.827502
-7.042153
-4.829688
-5.786598
-11.036258
-3.430184
-3.918606
-6.903631
-7.742103
-7.294236
-8.609679
-9.110212
-4.719053
-8.685086
-6.024329
-7.766734
-5.780819
-11.892433
-4.332229
-5.165507
-5.175076
-10.440148
-5.602106
-3.122929
-7.305354
-7.914154
-7.135396
-2.453015
-10.426266
-9.834545
-3.751869
-3.410089
-6.284359
-4.694507
-6.146804
-10.152570
-8.214264
-7.634944
-7.735121
-8.332106
-6.906653
-10.749018
-5.743111
-6.815999
-2.347270
-10.372780
-6.498582
-5.819066
-11.354315
-8.921875
-6.078249
-7.383504
-7.309770
-6.623428
-6.234095
-3.043470
-5.698388
-6.837773
-10.322217
-11.862417
-3.986613
-7.970413
-8.606176
-4.384672
-6.867440
-5.560497
-4.162759
-6.071199
-5.026469
-9.433613
-2.999531
-6.614151
-9.477054
-8.801918
-9.005960
-8.046769
-7.777619
-11.193111
-8.900846
-6.107521
-10.849216
-8.400854
-8.367785
-10.408401
-8.684014
-3.569490
-5.385400
-6.953876
-5.826725
0.168622
-9.534935
-4.285477
-3.940421
-3.603796
-8.694999
-6.609213
-5.373206
-10.547472
-9.061239
-7.613347
-7.893853
-3.776619
-5.344146
-10.705359
-2.093379
-2.647219
-6.862666
-4.419488
-8.438505
-10.310226
-7.808843
-8.317014
-10.505796
-3.553053
-8.414572
-4.785990
-9.579198
-3.174588
-7.021876
-6.011648
-3.752711
-9.977577
-3.105878
-6.325281
-8.597812
-4.309397
-7.447312
-9.809017
-4.843327
-7.900877
-5.333641
-7.786781
-5.338612
-5.424815
-4.818863
-10.690490
-4.790981
-8.321173
-10.067759
-10.531157
-4.924318
-6.602798
-5.647812
-6.795849
-3.574432
-5.601107
-0.736499
-6.550374
-4.974010
-5.109468
-1.978682
-6.011270
-5.781579
-3.987280
-9.665210
-8.920719
-9.015674
-9.635621
-4.597653
-8.463437
-7.853760
-10.154224
-8.722997
-1.685395
-8.807512
-4.318037
-5.570281
-7.718042
-11.608546
-9.684175
-6.207318
-4.475810
-4.756988
-5.880853
-6.002172
-7.289118
-4.608385
-1.946639
-4.140014
-9.084394
-5.143392
-6.129216
-7.048921
-3.741439
-9.466667
-11.582548
-7.886860
-8.157218
-8.712858
-3.172325
-9.700165
-6.315829
-8.045959
-4.149487
-8.844994
-6.654810
-9.472369
-6.174003
-9.227682
-0.099948
-9.298865
-6.914048
-8.496350
-11.343440
-4.573811
-5.075743
-7.272569
0.574304
-11.620444
-6.801566
-4.973948
-11.180279
-8.445100
-9.322067
-5.531022
-6.093091
-6.264056
-7.590911
-3.754360
-8.614201
-1.821902
-5.481009
-6.945656
-9.897388
-9.033009
-4.861199
-4.262830
-7.246445
-2.017135
-11.665721
-8.337358
-5.285689
-10.218555
-4.205674
-8.438294
-10.691269
-7.481835
-8.365527
-8.501031
-5.480951
-10.553244
-11.617964
-3.546727
-4.299012
-5.068859
-7.563065
-1.406914
-2.483484
-1.829591
-10.422752
-8.847735
-10.240477
-9.610826
-7.676341
-4.644353
-5.065834
-2.733805
-10.679098
-8.451688
-4.562167
-9.207501
-6.000826
-8.127130
-6.295439
-12.745026
-4.435107
-5.768334
-6.677012
-7.857141
-5.271790
-6.179542
-8.766278
-10.298594
-9.956055
-8.632777
-9.386878
-6.706063
-6.426208
-9.532721
-9.490017
-7.869665
-8.157608
-8.356722
-7.494669
-6.103362
-11.023573
-7.825576
-7.388783
-3.483694
-7.638594
-7.576191
-10.863622
-8.986745
-4.887624
-5.621100
-7.372722
-7.622052
-7.296888
-6.988767
-8.342098
-5.951127
-5.538533
-7.170117
-6.980242
-5.254228
-10.116779
-3.561433
-7.913237
-11.106955
-6.787298
-7.365010
-8.166094
-10.065887
-7.943947
-6.728151
-6.221791
-2.658857
-10.521392
-10.515711
-3.497449
-2.666286
-7.308762
-6.599151
-7.237092
-9.987506
-9.125682
-4.439675
-8.847351
-6.756593
-9.959731
-11.818796
-6.644075
-5.271643
-7.034002
-7.479452
-6.641223
-3.604830
-6.186699
-7.096729
-5.348518
-3.273983
-8.833492
-9.414930
-9.494486
-4.112613
-5.850596
-5.423025
-9.683028
-3.785564
-8.739054
-2.614660
-5.007257
-2.750294
-12.191230
-5.540655
-3.681849
-5.008056
-3.925546
-8.578232
-4.785351
-4.268907
-7.406429
-6.616430
-3.691785
-7.362908
-9.766966
-13.695602
-11.424707
-6.245359
-11.909616
-7.827335
-4.632723
-6.397117
-9.082565
-9.798626
-6.426401
-9.654594
-6.736058
-5.771117
-9.224611
-9.088172
-3.696419
-8.073785
-8.122320
-7.270709
-9.833035
-8.327478
-7.657407
-6.545386
-11.282816
-6.800250
-5.418856
-7.757469
-7.435500
-5.718509
-11.169285
-9.888521
-7.556192
-8.405696
-9.504881
-7.532334
-10.399383
-5.864996
-6.819564
-4.597839
-8.663422
-1.004508
-5.604373
-7.639966
-8.922382
-11.161230
-11.873185
-6.018299
-5.787054
-6.884021
-9.465783
-2.634881
-11.279696
-11.017630
-5.849901
-7.114441
-7.504718
-7.077556
-5.991376
-9.181473
-5.216883
-5.030453
-6.698089
-3.027953
-4.343429
-7.309654
-4.768155
-2.658765
-7.846641
-11.690834
-8.640381
-5.944590
-8.529345
-6.919889
-10.147734
-6.413166
-12.620162
-7.392045
-3.067705
-5.756793
-6.356113
-5.943337
-5.983514
-1.707355
-8.634583
-7.507772
-7.523966
-7.947401
-8.215126
-8.014411
-6.652547
-8.210239
-5.453962
-9.400643
-6.920014
-7.950418
-11.236391
-7.648143
-7.947999
-9.716204
-4.557461
-4.963945
-9.609200
-5.124312
-3.755134
-9.271704
-6.455865
-5.498091
-6.265016
-4.810227
-5.679098
-3.440001
-8.039244
-9.648466
-10.366780
-6.004010
-3.994086
-9.309637
-7.759605
-6.572416
-7.871534
-8.148542
-8.183539
-9.150747
-7.755911
-7.274245
-5.474463
-6.053228
-6.823794
-8.447367
-9.877659
-3.822790
-6.257938
-3.577646
-9.992629
-7.872169
-8.920055
-5.552944
-5.783172
-4.915121
-8.144026
-7.683907
-9.657768
-5.641528
-7.493178
-4.193160
-6.340691
-3.471839
-6.025614
-8.049923
-10.962631
-7.676867
-3.497295
-2.630317
-6.117179
-3.099234
-12.241064
-6.703074
-9.066381
-6.535187
-10.592325
-7.693967
-4.282153
-5.943213
-9.603512
-5.993309
-6.311398
-9.648438
-2.365318
-4.428958
-2.083947
-5.500994
-9.293098
-9.910005
-7.477150
-10.448751
-9.662615
-8.549114
-8.311871
-5.752813
-6.329271
-5.433005
-7.559069
-8.724648
-8.730083
-7.111572
-7.810380
-9.915111
-6.314643
-11.055097
-4.765191
-8.716455
-8.113148
-11.590051
-9.884724
-4.697222
-1.506850
-3.544597
-2.915468
-8.610071
-4.799346
-9.934826
-4.866068
-6.352036
-8.780397
-5.993148
-3.611992
-4.284259
-6.653854
-3.110138
-3.946525
-4.501882
-4.690703
-5.905437
-5.072478
-5.188192
-7.438521
-6.894371
-5.955338
-10.280951
-8.672472
-9.872676
-6.278583
-5.714599
-9.538328
-1.276806
-9.034817
-8.785059
-9.718390
-3.145569
-8.187038
-3.176375
-4.544450
-6.320654
-3.998622
-4.854405
-10.534132
-8.838674
-3.830174
-7.500149
-13.269724
-3.730865
-8.644737
-4.021560
-6.428774
-7.585133
-13.101223
-10.192072
-9.549530
-6.667039
-10.834410
-9.248073
-6.814947
-5.477348
-6.457248
-8.390554
-8.497931
-6.820908
-11.761347
-8.644144
-8.427875
-11.625112
-7.630486
-2.615792
-12.935940
-5.653164
-7.318212
-8.830811
-6.841303
-5.463445
-7.614508
-3.960312
-4.755615
-4.628192
-6.494656
-10.222674
-4.838152
-5.118425
-7.012155
-10.347804
-8.605827
-6.724654
-7.577170
-6.901479
-5.861562
-9.760093
-4.801372
-6.975019
-8.389355
-3.557787
-8.596025
-5.505369
-2.940194
-4.270828
-12.470482
-2.378428
-7.503730
-1.772362
-8.487181
-8.592212
-8.136244
-8.413259
-6.739639
-4.824035
-6.508372
-7.853076
-9.518896
-8.704523
-4.269371
-1.607200
-6.742159
-7.212564
-8.773739
-4.704641
-6.594120
-5.237597
-12.005805
-8.213797
-11.642305
-6.665584
-9.948589
-6.451534
-2.894691
-9.407489
-7.498426
-5.729371
-5.638655
-10.698271
-6.469527
-2.575301
-6.375586
-8.544699
-9.164490
-4.564246
-3.959110
-3.477618
-3.938548
-3.755012
-8.982416
-6.015471
-6.322773
-10.733000
-10.087369
-8.307390
-6.458466
-5.530279
-4.360809
-5.732937
-9.358910
-3.025124
-7.462529
-6.809456
-5.646763
-9.128105
-9.690649
-8.616745
-2.837198
-7.741847
-4.750458
-5.155810
-4.068715
-3.918848
-9.999241
-8.684545
-4.758163
-4.059861
-13.620018
-7.061205
-8.602993
-7.737177
-10.341163
-6.723490
-12.774759
-8.721544
-5.238615
-8.560809
-2.609213
-7.726708
-4.311307
-5.689671
-3.447416
-4.773660
-4.242370
-9.608134
-5.549303
-5.136145
-7.183060
-5.616674
-6.895739
-6.129612
-4.299328
-8.497177
-7.609817
-4.051290
-8.604473
-4.946694
-8.830991
-4.659739
-13.104267
-9.241920
-7.474055
-9.210872
-9.458696
-6.776228
-7.622013
-6.623482
-9.728056
-8.624220
-5.059256
-2.638181
-10.766451
-5.474083
-9.337133
-8.146719
-7.686176
-5.591692
-8.038280
-10.328661
-5.731425
-7.794697
-6.654410
-7.550140
-9.534540
-5.588355
-5.354920
-6.842101
-3.309180
-3.283113
-6.329765
-7.675534
-7.016395
-7.742252
-6.347991
-6.855766
-11.978027
-6.797230
-12.128820
-8.643973
-5.826678
-7.861832
-6.270184
-5.935214
-7.246951
-8.806608
-6.537646
-9.125924
-8.609824
-5.906194
-6.364337
-7.253808
-7.403432
-4.962599
-6.930699
-6.967879
-3.254763
-7.932605
-9.348448
-3.565095
-6.527905
-8.125628
-9.418002
-6.000148
-12.322122
-6.572189
-7.318856
-8.842573
-9.849379
-3.049670
-0.148170
-6.668171
-7.733836
-7.553241
-4.909322
-6.527227
-3.476305
-8.667204
-8.598405
-4.902080
-8.914173
-5.194855
-7.438888
-3.784383
-9.014088
-12.022903
-8.870570
-9.000721
-7.710274
-7.924778
-8.321923
-9.603432
0.140509
-5.012864
-2.127565
-7.549088
-2.025010
-9.281881
-8.056538
-9.511862
-2.123366
-7.042064
-5.104821
-5.012290
-9.693890
-7.228889
-8.820942
-6.591655
-8.936213
-8.321234
-7.049725
-1.769017
-10.485445
-4.774645
-11.286865
-8.144466
-11.966007
-9.424414
-5.035441
-7.435651
-2.976932
-7.377169
-8.250486
-7.081810
-5.756577
-8.866735
-8.116270
-6.108556
-8.155402
-5.319334
-7.422405
-7.709913
-4.560447
-9.009306
-5.763216
-9.672215
-9.262598
-5.876903
-6.263328
-10.516345
-4.093697
-5.593990
-7.573037
-11.581442
-6.498196
-5.064448
-7.491364
-3.905468
-7.930631
-6.243911
-5.311690
-8.317566
-6.400815
-7.444084
-5.343461
-7.618115
-5.554103
-8.841606
-1.592452
-4.753910
-6.209522
-7.615716
-6.361816
-8.993687
-6.428679
-9.824457
-8.701196
-9.375954
-11.919406
-5.959263
-6.646758
-10.988167
-11.007023
-5.272656
-2.826867
-7.621176
-10.544750
-9.701073
-8.231049
-7.169169
-5.911808
-4.024704
-6.706039
-0.899859
-3.932350
-9.805531
-11.992435
-5.971741
-6.658457
-7.263834
-7.240819
-4.919722
-1.295097
-4.534235
-10.997095
-6.961357
-7.837424
-5.482748
-8.243221
-7.196973
-11.974877
-2.272982
-6.756442
-6.746125
-2.347771
-7.774874
-8.566230
-9.591824
-7.043226
-8.241139
-11.035576
-5.987152
-5.975718
-7.972342
-11.339616
-8.091793
-6.146059
-3.366346
-6.469039
-12.349197
-5.369256
-9.084734
-11.651243
-6.921174
-7.646677
-7.341380
-7.354270
-8.303732
-10.909685
-8.045888
-7.982794
-4.150875
-7.573616
-7.266759
-9.421988
-8.855453
-6.703934
-6.581919
-7.186437
-4.724460
-2.886559
-7.270140
-11.514128
-6.362930
-9.133808
-2.551494
-8.065365
-2.586461
-7.590852
-4.193351
-9.254980
-8.286798
-7.054324
-8.466733
-9.724873
-5.746634
-3.527705
-5.144998
-9.437318
-10.683332
-6.766588
-7.874778
-10.714901
-8.938036
-4.997791
-7.082469
-5.198033
-8.057108
-6.889286
-7.327905
-5.244615
-2.092113
-6.980574
-7.497164
-7.462562
-5.358960
-5.927905
-10.163581
-7.852312
-7.303108
-5.310359
-8.219881
-8.439978
-6.696509
-8.511599
-4.150258
-6.301599
-9.775570
-9.593032
-3.339545
-6.274106
-8.626224
-6.153062
-8.667245
-6.164083
-10.487598
-2.207369
-5.869352
-5.900082
-6.817482
-5.173811
-9.789246
-7.618077
-8.129713
-10.234916
-11.373070
-10.583487
-6.155008
-3.793897
-9.110767
-7.147518
-6.512365
-6.529529
-3.236072
-6.676648
-8.704322
-5.043473
-8.302143
-8.630817
-5.444907
-5.280495
-0.425536
-4.721541
-3.363754
-5.690823
-2.678689
-8.713861
-3.699603
-7.869665
-8.002209
-0.530241
-9.564772
-6.952030
-8.817841
-7.478572
-6.427729
-7.216596
-9.693075
-12.213529
-11.556431
-12.352582
0.022747
-8.971192
-5.220316
-6.078856
-7.156316
-9.338721
-3.889485
-8.522049
-4.012212
-6.968833
-6.134142
-5.125739
-5.864251
-9.394588
-4.890355
-6.721059
-6.842389
-8.048491
-7.824408
-3.099123
-10.281141
-5.562196
-7.802890
-7.363344
-7.666314
-5.053886
-5.512493
-3.574909
-6.704797
-7.098214
-5.092533
-8.980899
-8.884409
-9.660231
-6.194049
-7.602233
-10.547895
-6.762413
-5.155058
-9.901123
-10.220507
-5.175969
-7.705968
-6.499090
-9.826961
-2.195084
-9.069782
-6.240211
-12.118544
-8.858757
-5.007555
-8.525446
-6.535298
-8.432536
-5.674577
-7.385385
-7.028414
-7.557467
-6.255754
-7.608901
-5.998183
-7.938980
-5.781057
-4.396490
-5.731716
-7.527627
-6.532796
-5.714826
-9.012934
-8.485736
-6.888464
-5.424838
-5.169121
-7.551367
-3.806929
-8.687773
-7.845716
-7.666887
-6.633715
-0.427179
-6.938802
-8.217803
-3.759385
-7.272094
-8.565585
-4.674462
-5.065834
-6.928538
-7.916772
-7.698601
-8.420871
-5.016665
-6.181661
-6.054771
-5.719743
-3.468089
-8.203924
-8.897255
-7.934166
-5.618325
-7.365307
-8.665623
-5.297961
-9.196068
-8.911266
-10.299919
-5.055426
-8.166732
-7.943352
-7.716671
-3.472571
-6.581096
-8.082423
-8.040894
-8.980416
-4.318852
-2.544742
-7.474877
-9.528312
-8.364176
-4.495002
-7.457146
-10.335427
-4.716647
-3.134517
-8.776309
-5.461938
-4.502013
-4.542836
-6.852432
-6.593066
-6.177200
-9.765349
-7.215293
-10.094110
-11.376667
-8.585557
-9.144485
-7.563595
-10.963729
-0.821153
-4.744579
-7.999038
-7.085011
-9.273972
-7.050892
-5.527881
-3.589681
-7.699977
-11.382399
-12.205326
-4.933116
-6.816279
-6.378619
-8.370409
-4.992724
-7.420864
-12.467190
-8.127839
-7.176092
-6.159323
-9.848718
-8.302901
-5.845127
-8.540056
-5.233984
-5.754857
-7.772136
-8.433640
-5.455868
-5.434691
-8.270741
-12.111195
-7.293108
-2.296322
-8.923560
-8.215343
-6.846036
-7.869665
-5.133056
-10.395725
-7.808652
-3.439657
-6.038438
-5.473001
-6.499638
-7.071590
-4.547750
-7.673944
-4.134389
-4.180656
-9.932198
-8.275656
-7.897711
-6.313410
-3.289370
-6.329733
-10.085238
-6.694413
-5.112593
-8.891170
-5.894861
-7.966474
-7.909552
-6.828519
-2.765264
-9.773800
-6.690150
-2.575384
-7.995484
-6.231246
-8.132032
-3.420088
-4.080117
-3.112785
-4.160921
-5.964965
-7.874169
-10.302710
-6.424635
-5.296699
-8.349021
-7.507805
-10.236467
-9.306936
-8.859561
-4.839918
-4.877419
-11.054829
-8.808660
-2.543119
-10.346730
-7.869665
-3.519309
-9.894157
-4.666088
-7.305023
-2.440192
-9.578426
-6.004096
-7.603039
-8.163280
-9.041437
-7.816516
-6.498298
-5.134006
-8.968029
-7.309019
-9.346418
-10.032315
-6.096358
-8.037167
-5.290568
-11.438183
-10.331308
-4.133761
-6.384151
-3.579770
-9.365966
-6.271324
-8.613084
-7.669688
-11.020916
-6.149978
-8.991600
-4.844963
-11.360586
-11.280855
-7.428961
-9.391412
-5.657372
-7.500144
-4.973873
-9.858554
-3.727356
-8.637442
-5.275125
-10.702437
-9.192041
-12.728447
-6.752096
-5.998053
-4.187859
-7.135380
-5.753389
-12.708650
-7.980663
-5.104700
-3.892417
-1.861995
-7.612491
-11.235865
-7.770646
-8.550980
-7.754522
-5.538898
-5.391462
-8.650900
-2.926770
-10.477548
-8.133350
-1.904867
-5.293592
-6.079634
-10.446394
-10.112930
-8.105386
-7.060523
-11.556122
-6.640531
-5.508367
-3.179945
-6.570118
-7.924437
-4.439120
-8.119302
-6.905643
-5.045794
-6.136222
-6.646370
-7.312512
-11.985914
-8.579470
-9.719000
-4.086381
-4.523723
-0.899277
-3.286026
-4.762830
-8.891090
-9.205739
-5.761752
-4.453784
-4.405337
-0.951197
-9.007828
-8.921017
-8.043483
-9.768555
-8.121517
-10.621439
-6.875390
-3.806149
-7.450688
-9.211980
-7.232748
-8.477278
-6.334697
-7.386503
-12.611935
-13.558584
-7.028091
-5.744725
-4.823062
-7.537940
-11.014620
-4.928301
-4.788721
-9.422366
-8.342079
-9.538185
-4.339631
-10.141939
-6.815183
-9.361927
-6.760050
-5.458792
-5.280878
-6.232048
-6.660569
-9.307979
-7.615571
-11.416784
-6.607086
-7.604962
-7.793919
-4.701210
-7.635635
-7.331717
-7.622507
-6.585339
-1.432422
-5.302953
-7.693143
-9.294383
-6.107345
-2.015752
-12.017649
-6.974201
-10.113745
-8.150441
-7.509144
-6.790388
-7.586326
-3.319527
-5.577419
-8.301487
-6.785448
-10.860114
-10.055479
-8.471075
-10.701561
-7.983367
-6.895286
-4.206205
-7.149282
-6.637332
-5.686503
-9.857875
-8.500772
-9.080672
-4.265746
-6.646585
-4.811702
-8.801765
-8.545633
-8.501083
-5.577724
-3.358047
-10.882865
-4.587242
-8.045549
-4.572862
-5.454520
-10.828506
-7.218802
-2.354808
-7.245290
-8.184999
-1.126205
-10.057835
-7.495563
-10.057772
-5.781774
-8.954837
-6.123443
-4.362346
-6.219377
-5.935472
-10.707552
-6.869891
-10.381149
-9.866253
-6.568746
-8.330805
-4.489734
-10.428587
-7.313482
0.474489
-6.804226
-7.950211
-4.771069
-4.884429
-0.068074
-6.861326
-5.047324
-7.566886
-3.969759
-6.543148
-6.129174
-6.220686
-8.218946
-8.120706
-7.494968
-5.127482
-5.664073
-5.071682
-9.291353
-6.534444
-6.266398
-9.932224
-6.011570
-6.051112
-3.351761
-4.529214
-9.233351
-10.883977
-6.969378
-6.006569
-9.246065
-6.920465
-7.442004
-8.003051
-8.036302
-8.956128
-4.008611
-7.968265
-7.172746
-1.734588
-4.389091
-8.463189
-14.199731
-3.562211
-8.888060
-6.227556
-9.679647
-9.598407
-5.196202
-7.390763
-7.972986
-4.229106
-5.248015
-8.013650
-5.069901
-1.579978
-6.093091
-4.087520
-8.706274
-4.946445
-7.757690
-8.200590
-6.913806
-6.415718
-6.619518
-6.099984
-9.572101
-3.376591
-2.200515
-5.367933
-6.590712
-1.724291
-8.427014
-7.929752
-6.441333
-3.584945
-6.474700
-3.510739
-8.081862
-5.269750
-10.267969
-5.873825
-2.992774
-5.657495
-5.049267
-5.717873
-6.374126
-7.656169
-6.159118
-4.281905
-9.025697
-7.108967
-6.841230
-7.274213
-10.955841
-5.676754
-6.903041
-4.623070
-10.516456
-5.855978
-3.575927
-8.998526
-5.448391
-6.664566
-1.494856
-8.467589
-11.658751
-7.705282
-6.549045
-6.836131
-8.468496
-5.859950
-12.550478
-7.606764
-4.368392
-9.210108
-9.192760
-5.297658
-6.085520
-4.340978
-3.873827
-7.444994
-10.502367
-9.063974
-7.827417
-12.385216
-7.395905
-7.936568
-4.538458
-7.266589
-5.677197
-5.511423
-8.809635
-7.193759
-8.617054
-8.400366
-6.739359
-6.431823
-7.627276
-6.463363
-6.169195
-8.523474
-6.139978
-6.274822
-4.801492
-7.714032
-5.955001
-6.049438
-2.080567
-5.294897
-7.427627
-5.862751
-8.250148
-8.281350
-6.311697
-8.798824
-6.393852
-4.980193
-6.606964
-7.881400
-6.719724
-8.558279
-6.252379
-6.559503
-6.136474
-9.291986
-8.051515
-9.648466
-9.737588
-5.315943
-6.232958
-6.433130
-6.641831
-4.189178
-7.555569
-8.782033
-5.633494
-7.023694
-10.433849
-4.987235
-11.903057
-7.353148
-4.524809
-5.724728
-3.771183
-5.502186
-4.146406
-5.308925
-6.559383
-4.892399
-5.302792
-5.271233
-5.943388
-3.675942
-9.027571
-7.730921
-5.725063
-8.297311
-9.380809
-7.182803
-6.679008
-6.936533
-8.247612
-3.439345
-8.426065
-8.941272
-9.845813
-7.627195
-9.135862
-6.884967
-6.565271
-7.228652
-4.716527
-4.464727
-6.827117
-7.059276
-8.471429
-6.459940
-6.666156
-4.326048
-5.909132
-8.504232
-8.723609
-7.945664
-10.052614
-11.510351
-9.065760
-6.569386
-6.567602
-6.118851
-4.395975
-6.624510
-7.875737
-4.764386
-11.549467
-11.095934
-8.065886
-7.061728
-5.818063
-9.607075
-6.188084
-7.508911
-7.205645
-8.362274
-12.270109
-8.829432
-6.177220
-4.803224
-7.969644
-6.494601
-7.763015
-9.380061
-7.746081
-7.445544
-1.960671
-3.362917
-7.073860
-9.426702
-7.113155
-5.714348
-7.601758
-6.469249
-8.225218
-5.236909
-8.494566
-5.917424
-4.482574
-7.723452
-6.727191
-8.904590
-6.724380
-5.193796
-8.772638
-8.996052
-12.982911
-6.341045
-1.465497
-9.072739
-6.031744
-10.131344
-8.614384
-4.504949
-7.027827
-11.904749
-8.154495
-11.422516
-9.658746
-4.405521
-4.774074
-3.875397
-9.469347
-6.157102
-5.973140
-6.060077
-8.216108
-2.423081
-9.180457
-7.974653
-4.541065
-7.813173
-6.941128
-9.391495
-7.954019
-7.876461
-10.812077
-9.196796
-7.068990
-5.209649
-4.876601
-8.220046
-9.031143
-5.410683
-7.364188
-8.001729
-9.168764
-4.155749
-4.129000
-6.972243
-9.336032
-8.931723
-7.550342
-1.398523
-8.749576
-9.778909
-6.825416
-5.747931
-7.293643
-8.830501
-11.470699
-6.277005
-6.748062
-6.578923
-5.477492
-7.819883
-1.937697
-6.545280
-8.528595
-7.851373
-4.906328
-8.294552
-9.116487
-8.748587
-10.532139
-15.196856
-8.680626
-8.109229
-6.174689
-6.829024
-7.756434
-4.744220
-6.505825
-6.839399
-5.925829
-2.472479
-7.027350
-7.121051
-6.912336
-2.292435
-8.143333
-8.159378
-6.987872
-8.470334
-8.210239
-8.098085
-5.869110
-8.952446
-5.245920
-6.454383
-5.859150
-9.177889
-7.533122
-7.875908
-5.848664
-6.490391
-3.541780
-6.415381
-3.351517
-6.049214
-7.113511
-7.149352
-6.137643
-6.419945
-12.654131
-6.710848
-7.295262
-8.463511
-7.974286
-10.085831
-4.530402
-4.590156
-6.680156
-7.777477
-4.708933
-8.587313
-7.606312
-5.958045
-9.124371
-10.224371
-7.501196
-1.251191
-8.066197
-5.347469
-8.729435
-8.331794
-8.516087
-3.459754
-7.791823
-11.045286
-7.913463
-6.135769
-5.430224
-7.391647
-7.608837
-6.673556
-5.975364
-9.669066
-5.667227
-6.855235
-6.637786
-6.312644
-9.587701
-6.649219
-7.660277
-6.398207
-7.123946
-5.614187
-5.011215
-5.686813
-9.898716
-9.231471
-6.673390
-4.551702
-7.494026
-8.568987
-9.673800
-7.025771
-7.736315
-3.952493
-6.734029
-10.146005
-7.497189
-3.708308
-5.930116
-7.220884
-7.578190
-8.259057
-12.793930
-7.828052
-13.080056
-4.972026
-6.831800
-6.165751
-8.225658
-9.863827
-13.375100
-9.343781
-2.143965
-12.362781
-6.205327
-10.182035
-11.663474
-8.910542
-6.422368
-3.843005
-7.823187
-6.985164
-9.476050
-10.931585
-9.741632
-6.559400
-8.517810
-10.071523
-12.855374
-13.009584
-9.103643
-11.117041
-4.534617
-5.588621
-9.016828
-7.602461
-4.988024
-7.613603
-6.790007
-9.556499
-9.164349
-10.645880
-10.608717
-5.983774
-7.035581
-4.923823
-12.175447
-6.763275
-11.506283
-7.752014
-8.506463
-8.470778
-7.825797
-3.616320
-4.382205
-7.838962
-9.663829
-3.869431
-6.556803
-11.016958
-0.217670
-10.059709
-4.807818
-7.129740
-5.726882
-7.411082
-4.806679
-10.534758
-6.953230
-5.261616
-13.582987
-4.927584
-5.654599
-5.721476
-6.863251
-5.548106
-7.342872
-8.508471
-5.990709
-6.433099
-9.064906
-8.484465
-7.845175
-9.648466
-7.750704
-2.873245
-7.408630
-7.912089
-6.613275
-10.566294
-9.715137
-5.361118
-9.849064
-9.919183
-5.207319
-4.708661
-7.608212
-3.645519
-11.853241
-6.197856
-8.176208
-9.171451
-8.837272
-12.765119
-5.044575
-5.143906
-7.120924
-7.368700
-5.945213
-6.926496
-7.455835
-11.189500
-9.853392
-9.778019
-6.961308
-6.531631
-7.557456
-4.639288
-6.576173
-9.414845
-6.781036
-4.707840
-4.023349
-10.617301
-11.730655
-7.051347
-5.745912
-11.266439
-9.103377
-6.232330
-5.252400
-9.059679
-7.974642
-4.791930
-2.220596
-9.714988
-6.206418
-9.282829
-10.468273
-10.018576
-11.017237
-8.301776
-10.096575
-6.911413
-2.668489
-9.019797
-10.957848
-8.207747
-5.119252
-2.374546
-5.260554
-10.582418
-5.335113
-7.970384
-8.030132
-6.157975
-6.463109
-8.551664
-6.237913
-5.750222
-10.351984
-9.626273
-6.369280
-8.795100
-3.108042
-3.951103
-13.117020
-11.423105
-8.660266
-7.530516
-6.715098
-10.627050
-5.151859
-5.934058
-7.195788
-4.539116
-5.601683
-4.592497
-7.584200
-5.239622
-6.863233
-8.395846
-6.018083
-8.610003
-7.677877
-4.214748
-8.081245
-6.889974
-13.280392
-9.242708
-4.076194
-4.394835
-4.403843
-11.661457
-7.722765
-5.722736
-7.869665
-9.846145
-4.792980
-2.046149
-7.540776
-6.351333
-10.581008
-6.377330
-6.015479
-11.859639
-8.912689
-5.358269
-7.786696
-5.943210
-5.849855
-9.621737
-7.367142
-10.881880
-8.403475
-6.308116
-7.765174
-9.252840
-4.911380
-3.748416
-9.485632
-6.922707
-11.413292
-9.194647
-4.396285
-7.911983
-3.940114
-5.943331
-8.438758
-8.688708
-9.165539
-7.741699
-7.391164
-7.515702
-2.040356
-7.344350
-8.394825
-9.792185
-5.211738
-6.857165
-9.030416
-4.907036
-6.234644
-10.119839
-8.599230
-5.555258
-5.529397
-10.357280
-8.156813
-3.503830
-11.134876
-10.553499
-9.114778
-5.197317
-6.592494
-6.895341
-5.754376
-2.464995
-7.562743
-7.835334
-12.082304
-6.506308
-5.561437
-3.966042
-8.955861
-7.485037
-6.402287
-7.061841
-8.628610
-5.140440
-9.172384
-7.906660
-5.304196
-3.576603
-6.588904
-4.004025
-7.855294
-6.514132
-13.252270
-8.078001
-7.836330
-12.260628
-9.314163
-9.026724
-6.585346
-6.132024
-3.074260
-9.708546
-3.568930
-7.740029
-5.383809
-8.378805
-5.205793
-6.346941
-7.166651
-7.832326
-6.659504
-7.835186
-10.728561
-5.925791
-12.164264
-8.082376
-12.016742
-9.282215
-5.934192
-8.868361
-9.184921
-6.941752
-6.347007
-5.892322
-5.650973
-4.724831
-8.935419
-8.489084
-5.623999
-7.539829
-6.891352
-4.704603
-9.784030
-2.527966
-8.655064
-6.450526
-10.848874
-6.217760
-9.096032
-6.677654
-9.334960
-3.401140
-6.087153
-6.460729
-7.401403
-4.245621
-10.004513
-8.283998
-7.429818
-7.805310
-0.945893
-6.998952
-4.478274
-11.150305
-4.480396
-6.016279
-5.361645
-6.087190
-11.457918
-6.433293
-9.442477
-8.558944
-9.985488
-8.771897
-3.350541
-3.926339
-2.600493
-6.177469
-9.630687
-6.646296
-8.563742
-7.045479
-5.472370
-7.842240
-8.678067
-8.757359
-7.652133
-7.477921
-8.647681
-9.205363
-8.598413
-11.301544
-8.297020
-10.795144
-8.409233
-6.016107
-9.765536
-3.820885
-6.006830
-3.667767
-8.217234
-5.887959
-6.891385
-3.084210
-9.117632
-6.508632
-8.320099
-5.883966
-5.781787
-7.060343
-6.765679
-3.769578
-7.583935
-6.122554
-9.409929
-6.376477
-8.203321
-2.364426
-10.188323
-6.925357
-3.763420
-9.296794
-5.945518
-7.896711
-7.849661
-10.740454
-11.891716
-6.724652
-8.557923
-6.607946
-4.204677
-7.280137
-4.205316
-7.400000
-12.151973
-4.163360
-6.551419
-6.919513
-7.619649
-9.882230
-5.699679
-10.118450
-7.360080
-5.611884
-6.788476
-6.033701
-6.321058
-7.207426
-9.246601
-8.978508
-7.155207
-9.115068
-4.478752
-3.746250
-6.559116
-10.501768
-6.914571
-9.190518
-3.541595
-9.942619
-10.684731
-7.132062
-5.624929
-3.354969
-6.068325
-9.761518
-8.984527
-6.102796
-7.802826
-8.095879
-3.009222
-5.969829
-3.821627
-6.904956
-6.162642
-13.151257
-6.665851
-4.293287
-9.775548
-8.388268
-11.418574
-9.572113
-6.567395
-6.433474
-7.995421
-6.300167
-8.257483
-8.137482
-5.360321
-9.870369
-7.366760
-2.726064
-2.914366
-7.329055
-5.735827
-4.584566
-5.790831
-8.984775
-7.651485
-7.655036
-8.371892
-7.937902
-6.624914
-3.600944
-9.841486
-9.138056
-4.264143
-6.020266
-7.291753
-5.811123
-10.466314
-2.211711
-12.966115
-7.903876
-11.055212
-5.834313
-7.946857
-8.206172
-8.208859
-8.889398
-10.848101
-10.246743
-4.916977
-8.613673
-6.012983
-7.512643
-3.595742
-6.974042
-6.427850
-8.666725
-6.905991
-9.174171
-4.880840
-2.412767
-5.857767
-9.643499
-11.436975
-4.168536
-6.180557
-7.848931
-4.356187
-5.540806
-10.784470
-7.758760
-6.185914
-7.085423
-1.020542
-8.555161
-4.108640
-13.236570
-7.989337
-6.387842
-12.468589
-4.433153
-9.412188
-12.251511
-4.980370
-8.729101
-11.044617
-5.385439
-5.055315
-6.356640
-6.549282
-6.168384
-6.661749
-6.762758
-5.586499
-7.202177
-7.624665
-10.228732
-3.262340
-5.474741
-10.426458
-2.706985
-6.705509
-8.552647
-6.751792
-3.488836
-10.003960
-5.041831
-8.305105
-4.264874
-8.204592
-7.403499
-9.379947
-9.869189
-13.945457
-8.583264
-2.533398
-6.630763
-8.097486
-13.698169
-7.017917
-7.944610
-9.563208
-4.825183
-3.566473
-12.180916
-8.246378
-8.572761
-9.839771
-6.786599
-4.870085
-4.183857
-8.965549
-7.032696
-7.616567
-12.411736
-9.006750
-6.116585
-7.141702
-3.794219
-11.298106
-5.593381
-4.595853
-9.558228
-7.601514
-5.501904
-4.356668
-8.027362
-6.796247
-8.040162
-6.651155
-9.725395
-3.674235
-7.696561
-8.789465
-4.627576
-7.393722
-11.461675
-10.011959
-6.244884
-3.398443
-11.854970
-2.034009
-6.251595
-3.909716
-6.944337
-6.213431
-5.851769
-4.994164
-8.268579
-4.792350
-7.876667
-8.519449
-8.988793
-5.718948
-3.545016
-9.332297
-6.233814
-5.215661
-6.790529
-6.566054
-7.952990
-10.356738
-2.145355
-8.505047
-8.493494
-6.280722
-8.535683
-6.414465
-9.128981
-5.077336
-7.538270
-6.502010
-7.348805
-10.794214
-2.811670
-6.404993
-8.280249
-9.300423
-7.690697
-7.638683
-7.480676
-4.365463
-3.741699
-5.758280
-10.001839
-6.698404
-9.878737
-12.024513
-6.627185
-7.612991
-7.218684
-7.695761
-6.478429
-9.816051
-10.756205
-4.807090
-9.050383
-8.655978
-9.062526
-6.887511
-10.869240
-6.626164
-11.459227
-9.234058
-11.467337
-6.831902
-7.527352
-8.271512
-9.791368
-12.164040
-9.494514
-4.924295
-8.820061
-8.870560
-1.843760
-5.391319
-8.640413
-11.301756
-7.174435
-6.714159
-6.592330
-10.207994
-7.051788
-10.324436
-7.040625
-8.320344
-6.828234
-5.744626
-10.361853
-5.694615
-7.198792
-10.288881
-5.773580
-4.866724
-7.796957
-4.618194
-8.139631
-7.260218
-6.839909
-6.516134
-4.046760
-9.688484
-10.375892
-5.500509
-5.182535
-9.163328
-6.368592
-6.996382
-6.807279
-4.957691
-8.192717
-8.999010
-7.732703
-9.978211
-11.068198
-8.510475
-6.222470
-7.533393
-5.611118
-4.525512
-11.491655
-9.290033
-8.619105
-5.807069
-7.046343
-5.877019
-8.033531
-4.599034
-6.495880
-5.939724
-8.980628
-9.455011
-9.282358
-5.653027
-8.492667
-5.167426
-6.957225
-6.638336
-6.127621
-6.000792
-9.558813
-3.322746
-8.730096
-10.681654
-7.010442
-7.807519
-11.083901
-6.810988
-8.118079
-9.748597
-10.131519
-5.697700
-8.873365
-3.427554
-7.037828
-7.757469
-4.906290
-6.239649
-6.765707
-5.135067
-5.631219
-7.033834
-1.354848
-5.281586
-7.434196
-7.384420
-6.748258
-8.922494
-9.446837
-3.767584
-9.414112
-5.804749
-8.564833
-6.065331
-7.575145
-7.619118
-6.767590
-8.449208
-4.143774
-11.466740
-8.224354
-8.264853
-9.446334
-6.149505
-10.880157
-7.856995
-3.893551
-5.407382
-8.233727
-7.423422
-9.775524
-8.845082
-2.594961
-9.181043
-6.513889
-5.784823
-6.590736
-3.659896
-11.094456
-6.769580
-7.352676
-10.560917
-2.706451
-5.567815
-5.680990
-2.640757
-10.225876
-8.800839
-8.350071
-10.147764
-3.842102
-5.447078
-11.660312
-5.749291
-8.456238
-4.859288
-8.480646
-4.270167
-9.242052
-7.419654
-1.704119
-6.867918
-6.200361
-6.720069
-9.070856
-7.766660
-7.131241
-4.188196
-6.967055
-8.733823
-3.700523
-6.762498
-10.525030
-6.026047
-7.412377
-8.747758
-3.006477
-3.098843
-7.592343
-7.612410
-5.467014
-10.059613
-9.838202
-6.585113
-7.413240
-6.262485
-8.512182
-7.439114
-7.006963
-5.246893
-9.235944
-11.326651
-6.301728
-10.033295
-7.594047
-7.297177
-7.825840
-3.561637
-8.723227
-10.817339
-7.596560
-7.503177
-12.482853
-11.167956
-5.726881
-14.916202
-6.398289
-3.108240
-2.138671
-6.657203
-5.326656
-4.074344
-6.698002
-8.230340
-10.256464
-6.873243
-8.723970
-6.599404
-5.488383
-3.403791
-13.500676
-6.913377
-6.697958
-11.173160
-7.201697
-4.345280
-6.103372
-5.897511
-9.874617
-9.415876
-10.163574
-7.869665
-6.505603
-13.965094
-9.866008
-7.896524
-13.888033
-9.639538
-8.462223
-9.431624
-5.352645
-5.612335
-3.766164
-5.017070
-8.153543
-7.790263
-6.313193
-3.956948
-8.606924
-5.826150
-8.500136
-8.291118
-8.991926
-8.816498
-5.675972
-8.387063
-7.637033
-9.481528
-6.876131
-11.335922
-7.502032
-7.186230
-7.407295
-4.050437
-9.767509
-5.227849
-7.838371
-7.089651
-10.091035
-6.600118
-12.775217
-5.303454
-10.162547
-4.721204
-8.544859
-7.294881
-9.973626
-6.865460
-8.070701
-7.236115
-11.181865
-6.343613
-8.044275
-5.638684
-6.783381
-2.120465
-8.101173
-9.202897
-10.846071
-3.513588
-9.528782
-10.007593
-7.711462
-5.333256
-7.246196
-6.345738
-11.886692
-8.560060
-4.990501
-11.649601
-7.286554
-8.064013
-11.298779
-6.380026
-4.706054
-9.080375
-7.826840
-8.642433
-8.687016
-8.713161
-8.118876
-6.724642
-4.611085
-6.355146
-11.244209
-10.555624
-4.388211
-3.611427
-7.909640
-7.081648
-4.044793
-7.859206
-9.332783
-5.952613
-7.036074
-8.557117
-7.455032
-8.588526
-4.524420
-9.054328
-10.155464
-5.423377
-4.521371
-8.802948
-8.436198
-7.678624
-4.912598
-5.564672
-4.960886
-7.158297
-8.929942
-6.527378
-4.936038
-10.092470
-8.665186
-7.246401
-6.346934
-9.485751
-8.456178
-4.232934
-7.651882
-6.598106
-8.709314
-10.783499
-8.107003
-11.123014
-10.900490
-9.666290
-11.259855
-8.705482
-7.386065
-5.721416
-5.229722
-6.093091
-7.872157
-11.903122
-13.740246
-3.603214
-7.587358
-10.924107
-9.396205
-9.403776
-8.461338
-7.156773
-5.568963
-8.182664
-7.311928
-9.744299
-5.445139
-9.500550
-8.986928
-6.312111
-6.001415
-10.676892
-6.052981
-7.230648
-9.782755
-8.605031
-7.944330
-3.539690
-10.649348
-5.569255
-5.018302
-5.772010
-7.031219
-9.140266
-9.276126
-3.250885
-8.710548
-5.524129
-9.885524
-6.492725
-8.238584
-7.141621
-9.589212
-8.586973
-6.735870
-9.646556
-8.653152
-8.713296
-7.132553
-4.094319
-9.922436
-4.605342
-7.016840
-7.414815
-4.454678
-10.452925
-10.210560
-10.957823
-3.137504
-9.073582
-9.970158
-9.003053
-8.672426
-9.530233
-6.511802
-8.943381
-3.671432
-9.087192
-8.287508
-7.648271
-5.872276
-4.762491
-5.379670
-5.289596
-6.870095
-9.390413
-10.705550
-5.532780
-7.070884
-7.440659
-1.512197
-6.123414
-8.365845
-9.595005
-6.669587
-9.965578
-9.808420
-6.639482
-4.511224
-9.325540
-10.230494
-7.054419
-11.055351
-6.106262
-7.169146
-7.468781
-12.780190
-9.583173
-7.509181
-9.353714
-13.600060
-9.503530
-8.719177
-10.798482
-7.291635
-9.371943
-8.164237
-6.415513
-4.207919
-5.233583
-2.593285
-8.903337
-4.028617
-6.361176
-6.535988
-3.705211
-10.256628
-6.161654
-7.702734
-8.065540
-7.220290
-1.891425
-4.798250
-5.893690
-1.860158
-3.051596
-10.881491
-8.180365
-9.459752
-7.416337
-0.874144
-6.371365
-9.275362
-6.683519
-7.222069
-3.686705
-8.654338
-4.055604
-8.878420
-3.465213
-5.767210
-4.482679
-7.952312
-5.173765
-11.069462
-6.827295
-8.944197
-9.227877
-6.572402
-7.926039
-5.546369
-7.923348
-8.385046
-3.069232
-7.236572
-7.877179
-7.863873
-7.298355
-7.083505
-7.781163
-4.461722
-6.871135
-8.812182
-7.921465
-8.837778
-8.399518
-4.822370
-9.146540
-6.985887
-4.174708
-7.493135
-5.656389
-8.933956
-7.341663
-8.920082
-11.230299
-10.202496
-11.668137
-6.144359
-10.565643
-6.481018
-5.548336
-6.546672
-9.418421
-5.641681
-7.716542
-4.058904
-4.174981
-1.576059
-4.112066
-12.126305
-6.235287
-10.035254
-11.662454
-7.875189
-7.885270
-1.822312
-10.708086
-8.849308
-8.808701
-9.241913
-7.280235
-9.283712
-5.758880
-7.547076
-7.827828
-5.126966
-8.026588
-8.492022
-4.333333
-5.218793
-7.491458
-10.555165
-0.902487
-9.950937
-7.082900
-9.585524
-4.475785
-3.186316
-10.574537
-8.597061
-10.536016
-7.304142
-4.087410
-6.872311
-7.965081
-12.106248
-6.594031
-6.035782
-7.889337
-10.297394
-6.140628
-5.890320
-4.714971
-5.779366
-2.664119
-5.911140
-8.716590
-5.144103
-10.133854
-5.934310
-9.669350
-7.274342
-6.639960
-6.039149
-5.142151
-3.681332
-8.631015
-7.662477
-7.500472
-7.051188
-7.424129
-10.794991
-8.389812
-7.147344
-6.883086
-6.326591
-8.126372
-5.819467
-3.497141
-7.390471
-8.032277
-7.762316
-8.327155
-9.865145
-7.971189
-6.690646
-6.282941
-9.998363
-4.414114
-12.405856
-9.381752
-8.087402
-6.305794
-10.434309
-2.534972
-4.508536
-5.736506
-7.537220
-9.792437
-9.121078
-7.958543
-8.335230
-4.479774
-6.251845
-7.479399
-12.058386
-8.221423
-10.924944
-9.813552
-5.777393
-5.060712
-6.469354
-5.617326
-7.279750
-8.458792
-6.261159
-6.482933
-5.830607
-7.705968
-9.186213
-9.408880
-4.642383
-6.915756
-10.431120
-8.816763
-8.214985
-3.367721
-8.003712
-7.443382
-0.727942
-5.427699
-4.018633
-9.637173
-7.730506
-8.929812
-4.559815
-5.896876
-6.777725
-4.150734
-8.251738
-7.041700
-10.168079
-2.451856
-8.657257
-8.805365
-10.168724
-5.218663
-3.494945
-6.280079
-8.198680
-8.401898
-3.678442
-12.151143
-7.032469
-5.737638
-8.521848
-11.587317
-5.144845
-7.869665
-9.003137
-6.624963
-8.843676
-6.806853
-9.094814
-8.883748
-10.454246
-11.000037
-8.116899
-4.066186
-5.402324
-9.521807
-9.480175
-10.184240
-5.511862
-9.534397
-6.161271
-6.407341
-9.686188
-4.791794
-7.225145
-7.373725
-11.170785
-6.785043
-7.821838
-5.496944
-7.141118
-6.061215
-7.328611
-6.343016
-6.647353
-6.187469
-6.582339
-9.855849
-9.065745
-5.360257
-7.168020
-8.771395
-10.081132
-8.295932
-5.547503
-10.847702
-6.720179
-6.065598
-6.430153
-7.634614
-6.171187
-7.827384
-4.894869
-7.491722
-9.903560
-6.228391
-6.629821
-3.235044
-7.491518
-6.840187
-8.198632
-6.290080
-6.375237
-10.890944
-8.349692
-9.746580
-5.604439
-11.729286
-8.465781
-7.912694
-6.766593
-3.804057
-9.633466
-7.013409
-10.270302
-3.536212
-8.599172
-6.706512
-6.151638
-8.978727
-7.479719
-12.960772
-8.448865
-9.386580
-9.530930
-10.298381
-11.121893
-6.894551
-8.681789
-8.020561
-5.050447
-6.608341
-4.885318
-6.975063
-6.504593
-6.672209
-7.289453
-3.892807
-8.553228
-9.546270
-4.134570
-10.932763
-9.484601
-9.265673
-5.704608
-7.388333
-7.964878
-8.119150
-3.541864
-7.114063
-8.128589
-12.349705
-3.762462
-5.637828
-6.859948
-6.888394
-8.095528
-7.277188
-9.479853
-6.644407
-10.113472
-6.172341
-4.737550
-10.195726
-12.268490
-4.807737
-12.649254
-10.179640
-6.353279
-7.245855
-12.126572
-3.881495
-5.943901
-1.411790
-5.121133
-9.681288
-7.049902
-7.264672
-7.884100
-6.067571
-6.696043
-11.276505
-2.532932
-5.132121
-5.946285
-5.664954
-7.600825
-7.484445
-10.245783
-6.571743
-8.194985
-5.494411
-5.235442
-5.840214
-8.244554
-8.458739
-11.118968
-2.731135
-6.311976
-4.919683
-8.367762
-7.212369
-4.938688
-7.894314
-7.712564
-7.449574
-8.210451
-3.452886
-8.083866
-7.957509
-7.285892
-8.617991
-6.734223
-5.313947
-0.068242
-6.494555
-10.508034
-7.164713
-7.843505
-9.419952
-6.894022
-7.845880
-8.916677
-9.073306
-5.293288
-10.103178
-4.060924
-8.937619
-5.382802
-6.968183
-4.724020
-7.211809
-9.194355
-8.844343
-9.776282
-6.023927
-9.200018
-6.560769
-7.922944
-7.869665
-6.962694
-12.333331
-6.799390
-7.189418
-8.281425
-9.696548
-6.748415
-6.107514
-5.663415
-5.332653
-6.649541
-3.739439
-4.187412
-7.273658
-7.119672
-12.942146
-9.494232
-6.005396
-9.334122
-8.980892
-6.392195
-4.491175
-9.508102
-8.655788
-8.649725
-6.032216
-9.648466
-4.088200
-4.747467
-9.742605
-6.405789
-11.124530
-9.249190
-8.097072
-9.648466
-5.867593
-9.670292
-5.559141
-6.458868
-8.808933
-10.176089
-6.797107
-5.201918
-6.822765
-8.458963
-7.940228
-5.326596
-8.572544
-9.716757
-4.234554
-5.911009
-8.330298
-7.969030
-11.620397
-6.482100
-7.578543
-4.177607
-8.987789
-7.986196
-10.191902
-1.503477
-6.879712
-8.462015
-11.473146
-4.637011
-7.330751
-7.743870
-7.407894
-13.385405
-4.141591
-2.176019
-8.406550
-7.869665
-6.194007
-7.536615
-9.313135
-4.656130
-9.389148
-7.275444
-3.725523
-8.822399
-7.394032
-10.549646
-6.676524
-9.089061
-7.523296
-6.183816
-11.572526
-7.537323
-5.651956
-3.838718
-9.270753
-8.017828
-6.822124
-10.145910
-9.704529
-7.093556
-1.452630
-3.597535
-7.902661
-12.546427
-10.487810
-10.465347
-6.154289
-6.732794
-4.025849
-11.382029
-6.972113
-5.618859
-8.781805
-4.228265
-7.984090
-11.842246
-8.405313
-8.219606
-6.003131
-8.225370
-3.699272
-9.119820
-10.040941
-9.898716
-7.531559
-6.427934
-8.072044
-8.925241
-7.253576
-10.278146
-5.505408
-12.225181
-5.554943
-3.952322
-7.441191
-1.686517
-4.208954
-7.537605
-5.118531
-6.519088
-6.728505
-11.044786
-8.153913
-7.742736
-7.470006
-7.000290
-6.801474
-6.716157
-6.475549
-8.141196
-8.389423
-7.164971
-7.309742
-10.445364
-12.841511
-8.514109
-7.773494
-8.210239
-9.015486
-5.053667
-10.647211
-8.121817
-9.176082
-8.323526
-9.929456
-5.368639
-11.829771
-10.067161
-8.026670
-5.062957
-4.720701
-7.739530
-4.580685
-8.271669
-8.805836
-6.932104
-10.864810
-9.131790
-9.648466
-9.409393
-13.871200
-9.337329
-5.361073
-9.933422
-13.358632
-8.039547
-10.294302
-8.921457
-8.139927
-9.458757
-8.325041
-5.252154
-8.755033
-8.507383
-5.109461
-6.477918
-4.770272
-6.602763
-8.634418
-7.352923
-2.279299
-10.433797
-10.248840
-7.115922
-6.323444
-9.765285
-6.589601
-0.794603
-5.972979
-5.778968
-8.927740
-7.324404
-5.707603
-4.711064
-6.300687
-7.757668
-7.762649
-7.088843
-5.857598
-3.338650
-11.425103
-7.097177
-8.904068
-10.827608
-6.550930
-7.788992
-12.277864
-4.123551
-7.991941
-13.193685
-7.314556
-9.217587
-8.087654
-5.068118
-8.927104
-6.730323
-4.012394
-5.996780
-8.896211
-8.942619
-3.548713
-7.536356
-7.573206
-6.101785
-9.029545
-9.592191
-6.088690
-5.272999
-6.531954
-5.345354
-9.605696
-8.815643
-10.241730
-4.304353
-4.694170
-7.357812
-8.618057
-7.200326
-7.160818
-6.258695
-8.922430
-5.671115
-10.050371
-3.698295
-6.954538
-8.098246
-4.423196
-7.066068
-7.996896
-5.396625
-8.795529
-6.996275
-2.813771
-7.297820
-8.944312
-4.668966
-12.404911
-9.825539
-8.736762
-7.532796
-6.999630
-7.959415
-6.771976
-6.332432
-8.665359
-7.037925
-7.098060
-8.468382
-8.339087
-8.074304
-5.734652
-7.810493
-4.964821
-7.979652
-6.629157
-8.748160
-6.886463
-8.154509
-6.880325
-11.137078
-10.032767
-13.636276
-7.352628
-10.302207
-4.501340
-10.365418
-5.907890
-8.458819
-9.342800
-5.559358
-11.743505
-6.783336
-6.549523
-11.932797
-3.780520
-5.549742
-9.804668
-8.465548
-6.393977
-8.710318
-5.505873
-7.251200
-2.537276
-4.955018
-7.094825
-11.334472
-7.312103
-9.311519
-3.258463
-13.878237
-7.664331
-9.462051
-10.391846
-8.528902
-8.919296
-8.774605
-10.298702
-8.987240
-12.312763
-8.843536
-4.593669
-7.516271
-8.194853
-7.792529
-9.004697
-8.671637
-5.882030
-8.120463
-4.632543
-6.557540
-6.271870
-7.822984
-3.627415
-4.716866
-8.144722
-7.480387
-7.474823
-3.637705
-8.954714
-10.125091
-6.358451
-7.524708
-9.488835
-7.640888
-8.111527
-8.603713
-6.683324
-4.139958
-4.153311
-8.556735
-9.680396
-9.044892
-9.958983
-11.136189
-8.556688
-4.248621
-4.433423
-7.907015
-7.776207
-7.173824
-7.944315
-5.327266
-5.648431
-3.973151
-5.401564
-5.133725
-7.618099
-6.807017
-8.411950
-5.621463
-7.482753
-7.750830
-6.349194
-8.446015
-9.143080
-5.148619
-6.200923
-4.683204
-7.718618
-5.225628
-7.110947
-5.810665
-5.259938
-8.483485
-9.123190
-10.276974
-5.865477
-7.033068
-8.715380
-6.257589
-8.599572
-12.597183
-7.197823
-7.451272
-4.315653
-5.209702
-9.286469
-6.011298
-5.391812
-6.263348
-7.911983
-8.925266
-7.479070
-11.030437
-10.916929
-7.367071
-7.219767
-5.535664
-11.085857
-10.775775
-5.352599
-8.163642
-3.850324
-10.326719
-10.651337
-9.007312
-7.487265
-5.771778
-9.971363
-13.773250
-3.957828
-3.472399
-6.520489
-6.586738
-9.300377
-9.280054
-9.667089
-3.201307
-6.879029
-10.903624
-8.642816
-5.682289
-4.016755
-5.018865
-8.074574
-7.223564
-4.137956
-10.036089
-7.377016
-10.878239
-11.444513
-8.474916
-4.230824
-6.656155
-8.362988
-6.228147
-10.728722
-6.879720
-9.635414
-4.213256
-2.028584
-6.328762
-8.063044
-4.297889
-8.696219
-9.930849
-2.565241
-7.807891
-6.014709
-7.292934
-6.550648
-5.265048
-8.214871
-9.368179
-9.272308
-5.492331
-9.307807
-9.963911
-9.615373
-5.235646
-10.125091
-8.420105
-3.746691
-10.681568
-9.218132
-8.219057
-7.215397
-8.831705
-4.960399
-3.642111
-3.300311
-4.890763
-9.648466
-3.857378
-7.507745
-8.199025
-8.794399
-10.105593
-8.984418
-5.838943
-7.449033
-7.283797
-8.266068
-10.259530
-11.380667
-7.757469
-6.675055
-10.997684
-7.460975
-6.640498
-6.315087
-4.341228
-7.779258
-9.554717
-10.494762
-10.742213
-8.451484
-7.404695
-9.430466
-11.158881
-8.206383
-11.881290
-5.216742
-5.075291
-7.043745
-13.065513
-5.099874
-4.374335
-9.677479
-14.499226
-5.601579
-5.873022
-9.148560
-7.655330
-7.524659
-8.272672
-9.255388
-6.460622
-5.486884
-5.392951
-6.757489
-6.952863
-8.150312
-8.073111
-5.610030
-10.511697
-8.155479
-8.588812
-8.941032
-7.342216
-7.513862
-6.427612
-8.568413
-5.287014
-7.662336
-5.950528
-7.610708
-6.201653
-9.767192
-2.870281
-7.665313
-4.611506
-10.711893
-5.272065
-6.699518
-7.598216
-8.168421
-11.700943
-6.181683
-7.831664
-4.903944
-6.424564
-7.200521
-6.745301
-7.654751
-9.358772
-8.960995
-3.573879
-8.866023
-5.637624
-11.685333
-5.907687
-9.386102
-8.585802
-4.588587
-10.111525
-7.894549
-7.028348
-5.963293
-9.039054
-9.296347
-9.638568
-7.600802
-6.042790
-6.086286
-9.023378
-4.174240
-6.689528
-7.647815
-9.550213
-7.546742
-2.118702
-7.491264
-3.377987
-9.751292
-9.121312
-7.737432
-4.458639
-5.224157
-9.446490
-5.323139
-6.771895
-8.099520
-7.158473
-10.131445
-2.938029
-4.600519
-7.017164
-5.947347
-7.077041
-5.864726
-8.353454
-5.333097
-9.509838
-7.044847
-10.916379
-6.343157
-6.458103
-6.930105
-4.457050
-6.080132
-3.636551
-8.939449
-9.240033
-11.709110
-7.925659
-6.944614
-9.441198
-7.731419
-10.626211
-4.112416
-8.029720
-6.461887
-7.022161
-7.523669
-7.739853
-6.627162
-5.256322
-4.717951
-8.826421
-11.900546
-8.431026
-8.953939
-7.936251
-6.102569
-8.292192
-6.906505
-8.760796
-10.338713
-11.746659
-6.960939
-10.466025
-6.100048
-11.909960
-4.115573
-5.720588
-8.718273
-8.486210
-3.709616
-8.911359
-11.835678
-3.803364
-8.473188
-10.031506
-10.752254
-9.174534
-7.869665
-11.061067
-6.986441
-10.816910
-10.079042
-4.420347
-7.089672
-7.640162
-7.505614
-6.683548
-7.647430
-8.678111
-6.956592
-7.344418
-8.851258
-10.601556
-8.840612
-9.318931
-6.334240
-13.203959
-6.793161
-5.210631
-5.822437
-7.681120
-12.593175
-5.588985
-6.297138
-3.494132
-11.709848
-3.382374
-5.555672
-5.877138
-6.959055
-11.592874
-7.854213
-7.930245
-9.264703
-5.948190
-7.055763
-11.546354
-8.220517
-5.324332
-9.252815
-10.032130
-9.375014
-9.658317
-8.846346
-7.574870
-10.879402
-7.501570
-8.082513
-8.533744
-8.689293
-11.092554
-5.868586
-5.950528
-9.925978
-5.894497
-8.812193
-10.824406
-8.633659
-7.664682
-7.321190
-5.944827
-4.531236
-5.800626
-8.943882
-5.200064
-4.754635
-9.833458
-11.119465
-6.929491
-6.928683
-7.369064
-9.889110
-3.303030
-7.440520
-8.126608
-3.965479
-9.691410
-9.057909
-5.163214
-7.836548
-9.082621
-8.088633
-7.584882
-3.799639
-4.747257
-8.863853
-4.701074
-10.266024
-10.720137
-8.941235
-8.030533
-4.696130
-8.567898
-3.570931
-4.035093
-6.010815
-5.876112
-7.723532
-7.688720
-9.459677
-2.877288
-9.229087
-6.077488
-7.275055
-6.505371
-3.550722
-11.398672
-7.136337
-5.764779
-8.062842
-5.612485
-4.948188
-14.194557
-7.906425
-10.217555
-11.062002
-7.040376
-7.729931
-7.663164
-7.604082
-4.440313
-5.269065
-4.768495
-6.505938
-8.205427
-10.637503
-8.778143
-6.148226
-10.550911
-12.403373
-6.274375
-5.994119
-4.232079
-6.139074
-8.556038
-6.486130
-8.170508
-10.831701
-4.829515
-9.469988
-9.948053
-3.434540
-5.554743
-6.442834
-5.911934
-6.502693
-6.420943
-3.429507
-6.798146
-3.161098
-9.584008
-8.179538
-8.418629
-5.753283
-9.298768
-8.544963
-7.196181
-9.554235
-8.749428
-9.552289
-11.243758
-7.465733
-3.367691
0.360071
-8.435894
-8.988363
-5.765425
-10.623794
-6.491909
-4.191992
-4.704643
-12.558154
-9.567613
-8.712351
-2.720678
-7.298090
-8.352611
-5.873144
-10.773401
-6.203130
-10.554503
-5.357972
-3.892618
-5.984517
-6.160783
-8.593322
-8.072000
-8.919295
-13.987988
-10.907134
-4.257759
-8.790743
-9.181900
-5.538205
-5.775044
-11.636690
-8.819695
-9.639627
-6.951128
-9.805571
-7.446259
-6.719847
-9.452117
-7.499217
-6.583556
-6.590834
-4.998110
-7.437796
-8.823144
-8.236794
-9.668428
-7.399362
-8.466668
-7.118968
-5.020792
-6.105230
-8.452531
-13.006152
-7.598476
-4.579412
-10.977145
-6.326425
-7.220062
-6.114429
-9.542471
-5.922682
-10.267273
-5.803590
-4.248577
-6.122622
-6.014501
-6.585120
-8.172906
-6.339638
-12.136603
-4.631703
-6.600972
-6.816203
-7.565183
-11.662118
-6.225340
-10.788477
-8.594526
-7.155995
-7.054842
-10.021754
-5.041258
-7.125151
-10.027489
-9.973755
-5.298164
-10.836259
-9.052531
-7.365124
-12.196245
-9.375255
-2.887782
-7.578302
-7.960247
-2.789000
-7.744559
-9.180550
-12.115452
-9.731823
-6.673474
-9.905894
-9.794100
-6.268443
-9.764736
-8.157318
-8.532742
-10.142941
-2.774416
-6.275224
-5.521504
-5.238217
-10.606414
-5.115518
-9.347695
-8.919296
-9.453462
-8.656945
-5.391058
-5.009604
-5.971246
-8.741903
-8.210239
-8.323098
-8.735345
-5.064762
-7.076836
-9.500383
-4.892875
-7.458521
-5.465425
-10.497283
-9.208773
-6.879448
-7.069901
-3.372676
-6.370790
-7.189586
-4.014269
-10.973870
-7.312347
-8.918190
-8.965454
-8.389209
-11.923801
-3.448775
-8.515411
-7.174290
-3.832359
-9.458089
-9.871559
-1.584662
-7.582168
-7.866320
-8.741053
-6.796895
-7.152588
-6.627679
-2.196692
-6.839659
-4.331080
-7.498019
-8.480087
-8.823077
-9.995643
-7.313443
-7.427224
-5.990388
-8.378723
-5.141683
-6.666566
-7.151447
-8.147943
-6.590187
-8.432981
-9.143429
-4.697161
-6.314016
-2.823188
-6.134038
-9.702047
-2.377362
-7.574242
-6.613885
-11.697178
-10.119352
-7.967299
-7.201694
-6.808345
-9.036787
-9.285798
-10.603111
-7.175518
-11.319687
-5.488431
-3.087082
-6.884304
-7.446141
-5.260504
-6.962976
-4.545521
-5.754230
-2.280374
-8.072725
-7.703844
-7.523377
-10.113038
-6.157896
-7.709658
-5.546077
-3.778626
-9.972543
-6.965299
-6.576666
-2.952104
-10.632635
-6.832996
-6.676147
-5.970083
-12.858546
-6.690412
-7.403792
-9.871989
-7.696630
-2.807542
-10.728186
-5.421678
-9.029243
-10.399405
-5.896570
-11.026323
-5.740888
-6.933823
-2.689415
-4.465141
-6.170887
-7.420634
-8.005730
-11.225853
-1.750206
-10.358323
-8.426567
-9.455347
-10.384009
-4.440794
-7.276558
-7.467734
-7.712649
-7.203235
-7.794057
-7.131877
-7.103041
-7.999271
-8.484003
-10.129678
-7.878109
-7.556866
-9.653521
-4.003237
-4.243003
-8.444610
-4.141151
-11.649564
-10.388589
-6.557369
-6.690882
-8.328217
-4.613277
-6.339019
-7.442449
-3.772791
-9.908762
-7.746083
-7.510026
-9.321596
-11.017801
-7.926685
-9.491831
-9.130185
-10.715223
-8.291306
-5.731911
-5.390025
-5.908815
-6.934459
-8.205236
-6.797033
-8.821939
-5.852282
-8.045140
-4.319678
-7.319792
-5.617484
-5.937835
-9.105492
-6.548708
-8.070281
-6.913620
-5.959609
-7.193196
-11.310510
-11.398575
-6.309304
-5.437748
-7.044055
-9.911869
-10.346151
-6.998678
-5.240944
-9.961441
-11.001774
-10.045144
-7.014380
-6.899043
-9.149660
-8.028831
-8.121367
-5.061037
-4.336510
-5.841697
-8.181989
-9.128305
-9.459751
-7.536623
-3.974011
-8.142130
-11.820250
-9.320593
-2.930539
-4.911374
-8.725882
-6.153522
-7.574202
-8.731682
-5.328954
-9.624503
-9.686018
-4.398907
-8.031240
-8.403666
-6.588233
-7.748384
-10.132431
-6.684456
-4.316015
-8.123020
-7.652843
-6.015640
-9.149147
-7.470423
-2.733369
-8.630083
-9.161680
-8.423263
-8.311913
-6.777407
-6.041242
-7.987306
-8.378575
-11.449070
-6.981594
-10.987728
-8.970930
-10.892546
-9.163855
-10.484324
-9.517511
-8.823867
-6.804603
-3.055614
-9.007887
-9.543864
-7.117706
-1.824425
-3.889853
-7.696762
-6.579474
-9.716619
-5.368869
-10.420660
-5.631873
-7.250155
-9.369062
-4.842506
-11.457104
-8.366482
-1.241588
-5.214876
-4.875803
-4.372063
-8.906373
-7.988658
-7.461082
-9.301153
-7.145195
-4.936771
-8.304359
-4.246559
-6.026615
-6.723370
-10.428164
-7.929693
-7.945681
-5.543380
-6.766199
-10.020077
-3.548604
-8.604422
-6.221879
-10.909670
-7.831506
-9.488486
-7.636735
-4.466595
-6.878242
-11.020476
-6.123442
-7.984634
-5.055899
-6.712069
-5.834517
-1.387367
-8.672066
-7.371852
-12.004713
-3.781145
-5.892996
-4.868368
-8.393659
-6.879874
-7.040279
-7.103181
-6.760019
-6.631021
-6.915764
-6.178775
-8.344189
-5.562782
-8.251986
-9.055964
-5.632457
-6.814335
-4.112203
-7.537822
-6.453639
-9.640635
-4.274815
-8.064625
-11.197305
-5.347784
-4.787728
-3.373044
-6.275032
-7.074285
-10.469806
-9.721222
-4.377728
-6.752293
-3.633458
-9.030663
-5.684254
-4.943974
-9.678105
-6.607348
-7.864037
-6.560857
-8.660944
-12.839887
-5.222376
-7.190446
-7.918481
-10.319794
-10.011075
-5.940862
-9.548083
-9.038832
-5.302125
-4.052082
-9.546951
-8.880959
-4.326768
-8.109008
-8.994638
-6.817207
-8.178108
-8.972382
-4.684225
-8.445158
-3.768545
-8.973635
-9.432095
-4.498800
-8.430348
-6.381257
-8.151759
-6.592774
-6.559462
-6.552932
-10.620987
-10.198568
-8.588362
-12.118055
-9.298585
-10.362999
-12.331161
-9.377746
-1.699353
-9.472218
-6.956990
0.166951
-7.456583
-9.822832
-4.567036
-3.366419
-9.031658
-7.714314
-8.299545
-6.422966
-3.527705
-9.138302
-9.781473
-9.900275
-6.681690
-6.183894
-5.101838
-8.512861
-1.999495
-9.467205
-12.708000
-6.201189
-7.720998
-3.318733
-7.477920
-8.110460
-8.161591
-4.641146
-9.778206
-6.599967
-10.819301
-9.177507
-7.977401
-10.566568
-7.173179
-9.342678
-6.382968
-1.677241
-10.297008
-6.272392
-5.252265
-9.351345
-8.045133
-5.685687
-4.561772
-8.785278
-4.473174
-6.728477
-8.024188
-4.786958
-4.847363
-7.575873
-8.196226
-8.582594
-6.086007
-7.507088
-8.750751
-6.806860
-9.032954
-5.310188
-6.298159
-4.207011
-5.614337
-10.064863
-4.891057
-3.106435
-10.722927
-7.924191
-10.664998
-6.393238
-8.290914
-6.466466
-6.409504
-9.334610
-8.564621
-8.298448
-7.412775
-6.693864
-8.202819
-8.763950
-8.411487
-4.683064
-3.286851
-6.144711
-9.198300
-8.421646
-8.173142
-6.527829
-7.947296
-9.258076
-6.988069
-10.672735
-4.565431
-8.760452
-7.641226
-7.210236
-5.670949
-10.840153
-6.956673
-7.236914
-8.171519
-11.516986
-6.021746
-7.852783
-5.250449
-7.113228
-11.452282
-11.691193
-11.261065
-7.643870
-9.683063
-6.541929
-5.906931
-6.889462
-5.325459
-4.475988
-6.850233
-5.805023
-6.795759
-7.542972
-4.871244
-4.660690
-4.831809
-7.453300
-3.070424
-8.429236
-9.849491
-10.433120
-3.548588
-10.905190
-9.915653
-12.445329
-6.237930
-5.335952
-4.816506
-6.162465
-8.264803
-6.179696
-7.678576
-7.739614
-8.770823
-7.228273
-2.425313
-9.693199
-6.004945
-3.188963
-10.606905
-8.159658
-10.109536
-7.314414
-6.572946
-6.552507
-8.239070
-8.233853
-5.144630
-6.876762
-4.031558
-6.167261
-5.963428
-8.574086
-5.921850
-9.504070
-4.230562
-11.446238
-9.397820
-7.869665
-8.580359
-2.058396
-11.707474
-10.173207
-4.669465
-4.165966
-7.334509
-9.100380
-7.722847
-4.543920
-9.559416
-6.194229
-9.040412
-9.619236
-11.847793
-8.788211
-10.073936
-7.303916
-3.263968
-8.450678
-13.000771
-8.993900
-7.916313
-7.561118
-7.818608
-9.915830
-6.554762
-7.188545
-9.176822
-11.596714
-5.825519
-7.407466
-7.282860
-8.094256
-11.879709
-4.760872
-8.620265
-6.170865
-8.838617
-6.680164
-8.438971
-8.819789
-8.189206
-5.280632
-7.241167
-7.930906
-8.020851
-9.806878
-6.610199
-6.009538
-2.102652
-7.565531
-6.515603
-9.494023
-8.928504
-7.632360
-3.614606
-11.360718
-5.024753
-6.190313
-9.910244
-9.872250
-10.383671
-7.238778
-10.498782
-7.363016
-10.760111
-8.214269
-5.830210
-5.847659
-3.586190
-8.760098
-6.222848
-10.225768
-7.788069
-8.849165
-10.515126
-3.775569
-6.218311
-5.621748
-7.686564
-3.943747
-11.016265
-11.197556
-8.529446
-3.992095
-6.315803
-5.267956
-5.036563
-6.293667
-6.252419
-4.489804
-5.784075
-6.329068
-6.723589
-7.359255
-8.952516
-8.749741
-8.217959
-9.761594
-7.872608
-6.664557
-7.988025
-9.254900
-9.211451
-7.188218
-5.260950
-10.254469
-6.614050
-6.094990
-9.967561
-9.995712
-9.046580
-7.260808
-4.282617
-8.003556
-8.188698
-6.006713
-7.998646
-4.753100
-6.302567
-10.287158
-9.203981
-4.943662
-5.534561
-10.395207
-6.723516
-4.375077
-6.439074
-9.916543
-7.584624
-8.252088
-7.811153
-11.238193
-5.659377
-9.269596
-8.086646
-5.823538
-7.731435
-10.171952
-6.397730
-7.649961
-5.101183
-7.978800
-6.502480
-9.007688
-9.187411
-7.282568
-7.622129
-8.588105
-3.808093
-10.849396
-8.931396
-8.393578
-8.136087
-7.409508
-6.140650
-9.537027
-4.227280
-6.173901
-7.319747
-6.725244
-7.001902
-8.439665
-7.887059
-5.138651
-12.661288
-5.743035
-4.315627
-7.799829
-8.464764
-9.392176
-10.441126
-8.219940
-10.501887
-7.205997
-4.982196
-5.507131
-5.937808
-4.975299
-4.300528
-9.237814
-7.608833
-3.599181
-6.098431
-7.181354
-4.889898
-4.211642
-8.956676
-6.705612
-4.493097
-9.189502
-7.828452
-7.203743
-11.712708
-13.088003
-9.535839
-7.094571
-6.561095
-5.744179
-7.380861
-9.736884
-7.938899
-8.193548
-5.730154
-11.595609
-7.803421
-8.601068
-7.161034
-4.404710
-7.217477
-8.034390
-7.595075
-9.088432
-9.648308
-5.347025
-5.518160
-9.871877
-7.774508
-9.260950
-7.308447
-9.070877
-11.290192
-5.684335
-8.251626
-5.008396
-6.221555
-5.177216
-7.032212
-9.275451
-6.978474
-5.953040
-6.066195
-10.133251
-7.707732
-5.510836
-3.323927
-7.887567
-9.917599
-8.966949
-10.850338
-9.697217
-10.462824
-10.500921
-11.964663
-5.175011
-7.071484
-6.582071
-7.294926
-9.696964
-9.722417
-11.325619
-3.046287
-7.933047
-3.101189
-4.901458
-9.593967
-3.227200
-8.469034
-5.397295
-1.631729
-11.713318
-7.313352
-7.472470
-9.764074
-5.867076
-5.783215
-11.302253
-6.651819
-3.809626
-8.037916
-8.582284
-8.241936
-5.546027
-8.047071
-6.342514
-4.800623
-7.879886
-8.375824
-7.697462
-8.589490
-9.904399
-11.842365
-12.128105
-9.856461
-7.082915
-9.110425
-7.362466
-6.385156
-6.379093
-6.534248
-6.967240
-6.309201
-8.566092
-6.918019
-9.501324
-10.798244
-14.458954
-5.468342
-7.469624
-9.049006
-5.270942
-6.544436
-7.496017
-5.347067
-8.576986
-8.449630
-5.875203
-9.173368
-7.941096
-7.382204
-6.087811
-8.556456
-5.856065
-5.987778
-7.884995
-12.299364
-9.082571
-7.292534
-6.349410
-4.857403
-8.126003
-7.941689
-10.567096
-7.632484
-6.590188
-10.108276
-9.021938
-8.454895
-9.046190
-3.989785
-8.221366
-8.058954
-9.295390
-4.576322
-7.340549
-1.420713
-8.736928
-11.027248
-8.362324
-9.107891
-10.974771
-5.271426
-4.321027
-5.472001
-9.693736
-4.963097
-11.184433
-5.934345
-7.892243
-8.326610
-3.527653
-5.288695
-5.844737
-7.901140
-10.913379
-5.985619
-10.634405
-6.045023
-6.034584
-9.776222
-3.044104
-6.257076
-1.867481
-5.116320
-4.706816
-6.574967
-6.264257
-6.293287
-9.230112
-6.075890
-4.001406
-5.379777
-7.015613
-6.989575
-6.817406
-8.800138
-5.373003
-5.870002
-6.693645
-8.339991
-9.088060
-3.950294
-10.491364
-8.220487
-10.757550
-8.841873
-11.232576
-9.464384
-7.527396
-4.911001
-10.843019
-8.535395
-3.839304
-10.110283
-5.965973
-13.360304
-8.663939
-5.533503
-6.818051
-10.733538
-6.102242
-7.663313
-6.371306
-8.512387
-9.308299
-5.831568
-7.236410
-10.861794
-13.885497
-7.865143
-5.709157
-4.388491
-9.432095
-6.065619
-11.164848
-7.406221
-7.554554
-7.111091
-4.918652
-6.360257
-7.475949
-9.340402
-8.036201
-4.531309
-9.737385
-9.732223
-9.357884
-2.337005
-5.335611
-8.786868
-8.808106
-9.291039
-7.474959
-9.441381
-9.329957
-10.278593
-8.169426
-6.292804
-8.079786
-8.075521
-9.727137
-7.281170
-8.991005
-4.857821
-6.137312
-7.441300
-8.423944
-8.351868
-4.913522
-5.794574
-6.363029
-6.336176
-9.107012
-4.918466
-6.268673
-5.735953
-2.386657
-5.660110
-8.956014
-11.751163
-5.694315
-6.849220
-4.256034
-9.968753
-5.464829
-6.485524
-8.452147
-7.442305
-6.141861
-8.489090
-8.325571
-8.208898
-2.689609
-5.009163
-9.403823
-7.987395
-5.479650
-10.318446
-10.590628
-4.603809
-6.732617
-8.240716
-5.821556
-6.355402
-9.298784
-9.291628
-7.781775
-9.681702
-4.592635
-6.376021
-6.250487
-7.390695
-5.123564
-11.916624
-9.013392
-5.059307
-8.889654
-6.927655
-8.214396
-2.455047
-10.691438
-4.116613
-6.526796
-3.858615
-8.422552
-6.943923
-10.343077
-6.109155
-12.338659
-6.606970
-9.322448
-10.546482
-10.287354
-6.211064
-8.130762
-8.395952
-10.277468
-4.938004
-8.636389
-7.512308
-10.100450
-6.064134
-6.625144
-5.684428
-7.102686
-10.066186
-12.980385
-7.460123
-1.560260
-8.825408
-12.427513
-9.504782
-4.402194
-8.137154
-4.357432
-10.729877
-8.334655
-8.250664
-8.928729
-12.261807
-7.352400
-10.451025
-8.210743
-10.048052
-9.965568
-8.268994
-6.923879
-5.302338
-3.345228
-8.315314
-4.535792
-9.679323
-7.970718
-4.936490
-8.915594
-6.364569
-6.557107
-7.115123
-7.064626
-11.456266
-7.768430
-7.107827
-7.328021
-9.375323
-5.310346
-7.506347
-8.530876
-5.339934
-5.924882
-7.627208
-6.495249
-5.441681
-6.665056
-10.011846
-7.288702
-4.326184
-6.871406
-9.266617
-8.760687
-8.214344
-7.797729
-11.654922
-5.997089
-9.346135
-8.543876
-5.475603
-9.501111
-8.774702
-6.383693
-7.726592
-5.376167
-8.450199
-6.872146
-7.141366
-7.504072
-9.598576
-9.232732
-4.576381
-8.206234
-4.845548
-12.444001
-8.917665
-5.721006
-7.696784
-5.160129
-7.739228
-11.316987
-12.282522
-9.075104
-5.278812
-6.348574
-8.187926
-9.809882
-10.374691
-8.993077
-8.441579
-9.145712
-10.613985
-6.125229
-8.659278
-9.788233
-13.063974
-5.746574
-5.439542
-3.580869
-6.875585
-7.253732
-6.098798
-6.600867
-7.360857
-8.068392
-7.909620
-10.475916
-6.956663
-8.036922
-8.622545
-5.014851
-5.437454
-11.618935
-7.374954
-11.619833
-8.582267
-7.767011
-5.908022
-7.416486
-6.512142
-7.199865
-9.648466
-6.983488
-7.799130
-7.483067
-7.925137
-5.774232
-10.414207
-8.692966
-9.379230
-9.816194
-6.473330
-10.975584
-7.707023
-3.225282
-8.076722
-6.261867
-3.366205
-5.923751
-10.313126
-5.535507
-10.720034
-5.792503
-6.365522
-9.735184
-6.665191
-9.782747
-9.182258
-2.837157
-8.966871
-6.317048
-9.472317
-9.976790
-8.499578
-8.103472
-7.760664
-7.103319
-10.798307
-9.048455
-8.887024
-1.821874
-11.307331
-8.589547
-10.711341
-7.615008
-9.354666
-12.451096
-11.389602
-8.607812
-4.689847
-8.682863
-9.358367
-6.379393
-7.481504
-10.089990
-11.487720
-7.723436
-7.617350
-9.393543
-5.682711
-9.679908
-9.722109
-7.406209
-4.974777
-9.248314
-9.468283
-5.713573
-5.610208
-9.349562
-9.821934
-8.237841
-8.976592
-7.131691
-10.134479
-6.691735
-8.444143
-8.285378
-10.481102
-9.376511
-8.714230
-6.843705
-8.141284
-7.565189
-9.662977
-8.520807
-5.218595
-5.849557
-9.404202
-9.157039
-7.012295
-9.775523
-10.094095
-5.204989
-11.762804
-9.145157
-6.976312
-9.069027
-3.969785
-7.372989
-8.827511
-9.456968
-8.168423
-8.043305
-10.369248
-6.274029
-6.308728
-11.208857
-6.333522
-6.807815
-9.109896
-10.315945
-9.364446
-8.010306
-5.046659
-6.072833
-9.954847
-6.811282
-7.963521
-7.747224
-9.708065
-6.617795
-10.626527
-7.528700
-5.633877
-7.819888
-7.566576
-8.862732
-6.973351
-7.383270
-6.309083
-10.550853
-6.256959
-10.653904
-11.586603
-6.784122
-8.245399
-5.445317
-4.821484
-8.968153
-5.878778
-7.721809
-6.596258
-8.729158
-8.342954
-5.902512
-3.726142
-8.565701
-5.052593
-6.690227
-6.194000
-6.566575
-7.297640
-3.638812
-9.697489
-9.139425
-9.367334
-12.008695
-5.212750
-9.459353
-8.440987
-9.937360
-4.410055
-8.918227
-7.888913
-7.025290
-6.548696
-7.734862
-5.402309
-5.228645
-6.180106
-6.286416
-4.841656
-6.251542
-7.760792
-12.005945
-7.062084
-6.440620
-10.152493
-8.680419
-10.843279
-9.775356
-3.236997
-5.721692
-4.676290
-8.981425
-7.805171
-7.899200
-11.207905
-7.841393
-9.062348
-9.755075
-9.014931
-6.627622
-12.387333
-9.002088
-6.592637
-9.442878
-4.248723
-6.504264
-11.024440
-7.023062
-7.756219
-5.362569
-4.575690
-10.550072
-4.797689
-4.455548
-3.173203
-9.226130
-5.033271
-8.211235
-7.865114
-5.065834
-9.975298
-10.648546
-6.665251
-7.689829
-9.596256
-9.923185
-9.503633
-5.848914
-8.508579
-7.963496
-5.284631
-7.289873
-10.288324
-5.225732
-6.891958
-6.686604
-7.521335
-9.167378
-8.598377
-7.357136
-9.355652
-3.597076
-4.058223
-6.094169
-9.286619
-10.616278
-4.005905
-6.482193
-6.131433
-8.615870
-9.221985
-7.296397
-6.929504
-7.813133
-7.532440
-5.542989
-7.840150
-6.931216
-10.213314
-10.315831
-5.015517
-11.633518
-5.771970
-6.667333
-11.117254
-7.568359
-5.455491
-7.271440
-5.216416
-7.489214
-7.814915
-7.666873
-5.548765
-6.657949
-7.685676
-9.366370
-4.821872
-5.323284
-7.860332
-4.677519
-8.292863
-9.915051
-9.869722
-9.838017
-7.056064
-10.905375
-7.098520
-4.123051
-7.200314
-8.174725
-9.827702
-9.566399
-4.056391
-6.405059
-8.126530
-6.134321
-7.107054
-8.293327
-5.515244
-8.972572
-7.573953
-4.335779
-3.921879
-7.676804
-12.403027
-9.413479
-9.958459
-9.753649
-4.098909
-12.436197
-9.649426
-5.322475
-8.301346
-9.488703
-8.563538
-7.356788
-7.553056
-8.241310
-8.073307
-10.721436
-8.223433
-8.565258
-7.996923
-7.623991
-6.593684
-8.301723
-6.617069
-4.154881
-9.349297
-7.101818
-6.432708
-9.592114
-9.268063
-6.700196
-7.805050
-6.736608
-9.691668
-10.054421
-8.883023
-7.869665
-5.659714
-10.632550
-4.493100
-7.284014
-6.263322
-10.082187
-6.595902
-8.135874
-9.871400
-9.973909
-8.517294
-8.851747
-6.380081
-10.393377
-8.097896
-10.491546
-8.659720
-9.709240
-7.280429
-5.547859
-8.224992
-9.154790
-6.138822
-9.138565
-9.051754
-7.633943
-7.501393
-7.355865
-2.502856
-12.522724
-5.134011
-12.882442
-3.295624
-6.720200
-8.481176
-8.831249
-4.837620
-8.678713
-10.086858
-9.475017
-4.409731
-6.996828
-8.979639
-8.059106
-8.968628
-8.588421
-8.358693
-10.319353
-7.839775
-11.146475
-6.871334
-5.099464
-6.835769
-1.845356
-7.468946
-7.574090
-11.257749
-9.323189
-8.516678
-8.525878
-8.048244
-10.107552
-9.205206
-10.971016
-5.787387
-8.243047
-6.646420
-10.177927
-9.165313
-8.641236
-6.410344
-8.535673
-9.724971
-5.231420
-3.984928
-3.333084
-8.883538
-4.993005
-8.810901
-5.510072
-5.491360
-4.581025
-6.454440
-6.251254
-7.979124
-7.757043
-9.537230
-7.504265
-8.288020
-9.976187
-7.110743
-11.428098
-7.670755
-11.586831
-7.525181
-4.463261
-7.534716
-8.082706
-5.270758
-7.455137
-3.440889
-4.834702
-8.056746
-6.344821
-8.442022
-9.306549
-7.346537
-7.985900
-8.480277
-5.606029
-8.280087
-9.819886
-12.075870
-10.290079
-6.950672
-8.750803
-7.295205
-6.821683
-9.943987
-7.670049
-9.242508
-7.845871
-8.921900
-7.176017
-8.159614
-8.300575
-12.498620
-8.840872
-5.519947
-5.947236
-8.377009
-6.316282
-4.879228
-9.355125
-9.099819
-5.204489
-9.799234
-6.320398
-10.143791
-9.136772
-8.273610
-10.111998
-9.993031
-6.271967
-3.125005
-8.495147
-6.200527
-7.201328
-6.512581
-8.358197
-10.453215
-6.789103
-7.884729
-13.491856
-10.210857
-4.935134
-11.063220
-8.980293
-5.661569
-7.810155
-2.747220
-11.162406
-6.572387
-5.364459
-8.790390
-8.525873
-7.538032
-7.380936
-6.163126
-8.377716
-9.986045
-5.592699
-8.541745
-7.364519
-5.272262
-9.692278
-8.098135
-8.011302
-10.617316
-4.263738
-8.320654
-6.897534
-7.964708
-10.114153
-12.546874
-7.908203
-4.413872
-5.686838
-6.945475
-4.544797
-7.716327
-3.557259
-9.976480
-5.827585
-11.800449
-7.511977
-8.547983
-4.079773
-10.133057
-5.421844
-8.381787
-8.193478
-9.362062
-11.745477
-8.981543
-12.281659
-4.789179
-5.700451
-5.666576
-6.965425
-5.902519
-10.759357
-6.001285
-5.625985
-4.551082
-6.944103
-6.453960
-4.394169
-11.539429
-6.330521
-7.249803
-9.143137
-6.739314
-5.648312
-7.467943
-9.752605
-8.373899
-8.412339
-5.452668
-8.015567
-7.313695
-5.439495
-5.973642
-9.776473
-7.715608
-11.267488
-7.557002
-12.004847
-8.433283
-11.868076
-4.746335
-4.622939
-3.995623
-3.399383
-6.206086
-11.774850
-5.648654
-10.042305
-5.876185
-8.321518
-8.370855
-8.294538
-9.413188
-6.188370
-7.711092
-8.578552
-8.597265
-7.022542
-11.819844
-12.535627
-8.096231
-11.711446
-9.241642
-6.241706
-7.861188
-6.128026
-9.189267
-7.580384
-4.652782
-7.585897
-6.461476
-7.136332
-10.669227
-5.226250
-5.792214
-3.897018
-7.531145
-7.781518
-7.744643
-6.501177
-4.941897
-5.652871
-5.505549
-8.310932
-8.536127
-7.186279
-13.320354
-10.871799
-7.262270
-9.666849
-7.585487
-6.056877
-9.495178
-3.292053
-9.049442
-8.419785
-5.758523
-7.825627
-7.664286
-8.922209
-7.710572
-6.386474
-6.353771
-11.210689
-9.960894
-4.394977
-11.157110
-6.318578
-4.455175
-4.888741
-8.919296
-7.977777
-11.247903
-8.807509
-4.908802
-7.108436
-5.636942
-9.000399
-4.124192
-8.184669
-5.725436
-10.716553
-6.804965
-5.004530
-7.375517
-7.974216
-11.196959
-6.704694
-6.972949
-12.902220
-4.857689
-10.534983
-5.159767
-7.410724
-8.203936
-5.572854
-6.903335
-10.343431
-6.619016
-8.214428
-5.574935
-8.524544
-6.633887
-7.181985
-10.781383
-8.140582
-6.823721
-5.172513
-9.365297
-5.726322
-7.264048
-8.575427
-7.481356
-8.496119
-7.786462
-6.391889
-6.948477
-10.959591
-7.734237
-5.626183
-5.405115
-8.499304
-8.580851
-1.137726
-5.362677
-6.377130
-6.083461
-6.141510
-10.527751
-9.980665
-5.409519
-9.113654
-7.763701
-1.679310
-5.276951
-8.368010
-6.418549
-6.068395
-2.510164
-8.506857
-7.119605
-9.239737
-6.700293
-4.346288
-7.559226
-8.241917
-3.884819
-6.157090
-4.004176
-6.317036
-5.340889
-6.717862
-11.175835
-9.043397
-6.729702
-10.262635
-8.473948
-8.616119
-7.926804
-2.413679
-7.450340
-9.893364
-10.461164
-9.483681
-7.035499
-5.834999
-7.338640
-7.820746
-6.917700
-9.150532
-8.000352
-3.506621
-7.625246
-6.917381
-10.219378
-9.049126
-7.853558
-8.543641
-9.992345
-4.856654
-7.320889
-6.900831
-10.817687
-7.713556
-7.696200
-8.608648
-12.188518
-6.115836
-7.920679
-6.824083
-8.348379
-5.906890
-11.445379
-6.432560
-5.509338
-6.783996
-2.186312
-4.989665
-8.555357
-10.267342
-9.869393
-7.722120
-8.247452
-5.224027
-8.305559
-5.814687
-7.156132
-12.080778
-9.948994
-7.399138
-8.727168
-8.429937
-9.464254
-8.103969
-5.112502
-6.790626
-7.168662
-10.491646
-4.190746
-13.082758
-6.158812
-6.232716
-8.452514
-6.985721
-6.966119
-4.590574
-6.182183
-3.280465
-7.457500
-7.566401
-8.863328
-5.259174
-9.676429
-8.074116
-9.733248
-6.020771
-10.687230
-6.925732
-7.994108
-7.006083
-9.886155
-6.592508
-8.443134
-5.671409
-6.191575
-8.229040
-10.358413
-6.649287
-7.408438
-8.383188
-7.456394
-5.470551
-5.994361
-12.739004
-9.619554
-7.750667
-4.095253
-6.238288
-6.970126
-8.207300
-7.176623
-9.379626
-6.239905
-8.590717
-9.120402
-10.627925
-7.592359
-13.395761
-6.086823
-13.084245
-7.646139
-7.956339
-7.457561
-9.724886
-7.104962
-7.235615
-6.789917
-11.999290
-6.716264
-12.547256
-7.837928
-8.877013
-8.931533
-10.954505
-6.517686
-6.957487
-4.445404
-8.628082
-8.998734
-10.121182
-6.870511
-8.487520
-8.632063
-10.360062
-8.703133
-8.611250
-5.858715
-7.559290
-6.247305
-7.753443
-8.801613
-4.702521
-7.547390
-6.330716
-5.158804
-8.845167
-6.301353
-6.322940
-5.691455
-9.435367
-5.059060
-5.913034
-7.697711
-6.561935
-6.207703
-7.836249
-9.487651
-3.167023
-9.546385
-9.416598
-12.077172
-4.812366
-6.773778
-4.280603
-10.740817
-5.536428
-8.781864
-9.258092
-6.814825
-8.977038
-12.690328
-5.414581
-5.128921
-9.306542
-4.713121
-6.437256
-8.848320
-9.474024
-9.871193
-8.333809
-7.584211
-6.641459
-9.263702
-7.994226
-8.909489
-5.625842
-8.297995
-9.261496
-8.767290
-4.774335
-7.092013
-9.352682
-6.157436
-8.079848
-8.449297
-4.638308
-7.639707
-10.352015
-7.748338
-8.619370
-7.621298
-9.490562
-7.144637
-11.459045
-9.428770
-6.430999
-3.633813
-6.399231
-9.084879
-10.926085
-4.734156
-10.601785
-3.371271
-7.344899
-5.285910
-8.788990
-3.629488
-7.102216
-12.570026
-7.963515
-12.808070
-7.411058
-8.508659
-5.916755
-9.433439
-5.785895
-7.383492
-8.255583
-6.740923
-8.602494
-12.253600
-8.353930
-7.928243
-9.155884
-7.822856
-7.072837
-6.343674
-10.292337
-7.876540
-7.635704
-7.694694
-6.961959
-7.686416
-9.856932
-4.545588
-7.833939
-4.627892
-7.869665
-7.156384
-8.253334
-5.655097
-8.979560
-8.973667
-11.236145
-6.874960
-5.741962
-8.072460
-6.183187
-9.880593
-5.330379
-5.142365
-6.627384
-10.738317
-8.534149
-12.513492
-4.960621
-7.843564
-8.386731
-7.529942
-11.606903
-8.398892
-10.463975
-8.636479
-9.495236
-6.983652
-7.895451
-7.770986
-5.790454
-8.372946
-8.014814
-8.029121
-8.309381
-7.671312
-7.326747
-11.100601
-3.363017
-9.780642
-5.882702
-6.654378
-8.216648
-7.662091
-8.172500
-10.662223
-8.177766
-5.020473
-12.383001
-10.246588
-8.617846
-8.941019
-4.543835
-5.725028
-7.121432
-11.185373
-8.669597
-7.253267
-5.119954
-10.546140
-5.844017
-5.542284
-7.339315
-4.886167
-7.389810
-5.009919
-9.359939
-7.587383
-8.791302
-12.088129
-9.303035
-7.629651
-9.696963
-4.620272
-7.511712
-10.668785
-4.286277
-7.314413
-4.904263
-1.626362
-7.572277
-5.873645
-8.323115
-3.419723
-9.112668
-10.039969
-8.333258
-8.902152
-6.074975
-8.319729
-6.188654
-9.121037
-6.046420
-9.605640
-8.003283
-2.615653
-1.118010
-3.221426
-6.725503
-6.639014
-6.094191
-10.264582
-9.872735
-8.128420
-4.742496
-10.509979
-5.485301
-5.063063
-3.955096
-6.872166
-6.080099
-5.590157
-8.207373
-9.160140
-5.768028
-9.565721
-10.410730
-9.415457
-8.672113
-7.153416
-10.246127
-10.491549
-3.121469
-9.882752
-9.687725
-11.500702
-9.875538
-7.919461
-10.531545
-8.948726
-5.478332
-7.168873
-12.159090
-9.888672
-9.069833
-6.454825
-7.381694
-8.253416
-12.140062
-9.974928
-11.229883
-5.418720
-7.695670
-9.996478
-8.190361
-5.689483
-9.433651
-8.746554
-9.102569
-8.861784
-5.493965
-8.800300
-4.423582
-7.800671
-5.358878
-5.591730
-9.426137
-4.269632
-8.558211
-6.137090
-11.234793
-8.059851
-11.495712
-7.214258
-8.638971
-4.780690
-6.805978
-9.163613
-6.780077
-8.675452
-14.632187
-6.853404
-8.925960
-10.389847
-9.014021
-9.936646
-7.191194
-9.214239
-6.101673
-8.574743
-7.623828
-9.315081
-10.140734
-5.012117
-5.161865
-9.578059
-9.206141
-10.984072
-6.374597
-7.285773
-8.401821
-8.869017
-5.076435
-6.791883
-5.819051
-2.403936
-7.527942
-8.611553
-10.764915
-8.384695
-3.182612
-9.867301
-7.144568
-8.198463
-12.386700
-5.249782
-6.311530
-10.472186
-5.706467
-8.425753
-4.392764
-9.769928
-7.320707
-8.877003
-6.362351
-9.296364
-7.229612
-8.583420
-7.370556
-4.468915
-6.532468
-7.513166
-3.733038
-8.426777
-7.102363
-9.771701
-2.980286
-4.324493
-11.501858
-9.172091
-9.097363
-8.851242
-4.361943
-7.824441
-8.466697
-7.641583
-8.471517
-5.631254
-5.346876
-10.148792
-9.588098
-8.628922
-6.223684
-7.627793
-3.807844
-7.354402
-5.769691
-6.824700
-7.461498
-10.880780
-5.466937
-5.744592
-6.600795
-4.967696
-7.871171
-2.846575
-7.007191
-4.202725
-5.258113
-7.165024
-8.939543
-5.982511
-6.163172
-6.085599
-8.507590
-5.083617
-10.044386
-5.467482
-4.067024
-5.345915
-11.315792
-10.715675
-10.831778
-8.404444
-9.888781
-4.381569
-8.891022
-8.335149
-7.461553
-8.496056
-11.530189
-8.364998
-9.577871
-4.407785
-8.322639
-9.335556
-9.954108
-12.969831
-10.897766
-8.957687
-10.047949
-5.162091
-6.986607
-10.762515
-6.272401
-7.881226
-6.309896
-7.397669
-9.765156
-6.794942
-8.936276
-6.685537
-6.805453
-6.585881
-6.278234
-7.905529
-8.035120
-9.903373
-7.821373
-7.276555
-8.913786
-6.288205
-10.651975
-4.643373
-7.786729
-6.404998
-7.328189
-11.488804
-8.759805
-5.424626
-12.039868
-5.628243
-3.616359
-7.929760
-9.294131
-8.942311
-8.102663
-7.917310
-9.333626
-10.971851
-6.511351
-4.481919
-8.193015
-10.524402
-6.285143
-5.941544
-8.625673
-8.544442
-6.185596
-5.389903
-5.990336
-9.822520
-7.591092
-6.347014
-9.103436
-7.393700
-5.962241
-9.701348
-12.073019
-9.586181
-6.777269
-8.669249
-6.583609
-7.828897
-8.360697
-10.749717
-7.783179
-11.731703
-7.622813
-7.721364
-7.546722
-4.111383
-8.957100
-4.547842
-9.662940
-8.602471
-7.358727
-8.273705
-9.812613
-8.321927
-5.931836
-3.744121
-11.076439
-5.298229
-6.005947
-8.025827
-5.428361
-7.671402
-7.436433
-6.895361
-8.324564
-10.261723
-4.616486
-4.422496
-7.078238
-9.426001
-5.340574
-7.196696
-5.184009
-7.148069
-7.137128
-7.149614
-9.017218
-5.849248
-7.999282
-9.419952
-6.653934
-5.805023
-8.620358
-8.289106
-6.286418
-7.833146
-2.758876
-10.659122
-8.891381
-4.674636
-6.136625
-6.301801
-5.790684
-4.273443
-6.507988
-6.294434
-7.752844
-5.930071
-8.816123
-5.155548
-10.787781
-7.289786
-6.741673
-7.285525
-6.523355
-8.186201
-11.971842
-4.595938
-7.336427
-9.769562
-1.983961
-6.770276
-6.241374
-8.411193
-8.224632
-4.003243
-10.807970
-6.677299
-10.134913
-9.553787
-7.875172
-12.123378
-5.031780
-11.607618
-6.841312
-8.004040
-9.952888
-9.376778
-4.915829
-11.529956
-5.137348
-5.540662
-6.968538
-10.618635
-6.412537
-2.665639
-8.395727
-7.579313
-8.316559
-4.339895
-4.851374
-9.484379
-6.808123
-8.096426
-7.085012
-5.903549
-9.324124
-4.838170
-6.058949
-10.776367
-5.530836
-8.439739
-5.189867
-6.347080
-3.880026
-6.595798
-5.908087
-9.684631
-4.098674
-10.446687
-7.114572
-8.290709
-6.798539
-6.103624
-12.235959
-6.804560
-9.044627
-10.613414
-9.708155
-11.582074
-9.063046
-7.078979
-10.409527
-8.028065
-6.134543
-4.398875
-7.509932
-8.523823
-9.950232
-13.133522
-9.932346
-7.480059
-9.219152
-9.669966
-10.582290
-8.653306
-10.029480
-10.820099
-8.862681
-8.763415
-9.912406
-8.338952
-6.531175
-11.293264
-6.367179
-9.234522
-8.372478
-10.337349
-5.194167
-7.826039
-4.936804
-11.219298
-9.627813
-8.053606
-5.263313
-7.821492
-6.225760
-6.461990
-5.426917
-5.979366
-7.317961
-5.599541
-7.356490
-7.772831
-5.718571
-12.722921
-7.649639
-8.322593
-8.222472
-9.281969
-7.788893
-6.337425
-7.912454
-8.647448
-7.424582
-5.202050
-5.846563
-8.402292
-11.456751
-8.874061
-7.916010
-7.006186
-8.128580
-8.086637
-6.646597
-5.376660
-6.690080
-10.377026
-3.558142
-7.732411
-4.257192
-5.100604
-9.708549
-6.113060
-6.744524
-9.108809
-6.165313
-7.012099
-7.614904
-9.891621
-6.485346
-4.809677
-6.112868
-6.638445
-4.980172
-6.427750
-12.503304
-2.215177
-8.632804
-3.668481
-12.052052
-7.222354
-8.694465
-8.800651
-8.113700
-10.165128
-4.211773
-7.311475
-6.791568
-4.655335
-6.125162
-8.815182
-8.334825
-7.039546
-6.666932
-8.919775
-9.386467
-4.188643
-8.838064
-8.814964
-9.275513
-6.324495
-8.817028
-11.457889
-7.324438
-5.484674
-8.840814
-4.366756
-8.520600
-9.562681
-8.790370
-4.253552
-10.384737
-7.246155
-5.879412
-9.236416
-6.493936
-5.989238
-9.317769
-8.173731
-7.630940
-5.671608
-9.852249
-8.851715
-8.048333
-7.215194
-8.128607
-7.512700
-10.589218
-9.394053
-6.917794
-6.822116
-6.827878
-8.130659
-7.877838
-5.788575
-6.400840
-8.651598
-10.677634
-5.284514
-5.038497
-4.958909
-11.012572
-3.691567
-4.867820
-7.106864
-8.742011
-7.375901
-7.849627
-6.847877
-7.729095
-4.809098
-6.696150
-6.504205
-8.043096
-7.224094
-6.728033
-13.382804
-10.536121
-3.910805
-7.441176
-7.607070
-12.524225
-5.243899
-8.439137
-6.904993
-6.563601
-5.263715
-11.262489
-6.069526
-8.674694
-5.268380
-12.325956
-11.036673
-7.761932
-7.180122
-11.103516
-7.590972
-9.659470
-6.144015
-5.290133
-6.094028
-3.599397
-11.294703
-6.136914
-7.981513
-9.936110
-4.061450
-5.589828
-9.543997
-6.272714
-6.107705
-6.328401
-5.851676
-7.313717
-7.207568
-9.505978
-5.855320
-7.740766
-9.908867
-4.457938
-5.996024
-8.672820
-10.384068
-8.334201
-8.820198
-8.131525
-8.647741
-7.802443
-7.551898
-9.663471
-4.669514
-9.224010
-5.286976
-10.790399
-7.329817
-7.410263
-4.842332
-8.068921
-8.617235
-5.880120
-7.712033
-4.622871
-5.624085
-9.895541
-6.415312
-9.692692
-4.656959
-5.236510
-8.270445
-7.879347
-9.118633
-6.374852
-6.091688
-5.287985
-6.441620
-6.650261
-10.470021
-6.409895
-5.680002
-7.868929
-7.489871
-8.988516
-6.231314
-9.678351
-7.460297
-7.474861
-9.364744
-6.099365
-7.778399
-7.977787
-9.248707
-10.442582
-9.648466
-5.520260
-8.362508
-8.898873
-5.587940
-10.952656
-6.885759
-9.070662
-7.930141
-8.866329
-6.330540
-9.783847
-7.863716
-7.692864
-8.536331
-14.022685
-9.773950
-6.603986
-10.225210
-7.592901
-11.171505
-3.595943
-14.020796
-5.690242
-8.996638
-5.700164
-7.912494
-8.578199
-3.788939
-6.747974
-8.761517
-7.917231
-8.390209
-5.942152
-6.110711
-4.581768
-4.339747
-7.209270
-7.885363
-10.675858
-5.179167
-3.431330
-5.153453
-8.369779
-9.025876
-9.210574
-7.723545
-9.843928
-7.211794
-8.510586
-6.642838
-12.260825
-8.098495
-6.225995
-6.903460
-4.263436
-5.530340
-6.938886
-5.626645
-4.734097
-8.886949
-4.449149
-2.012205
-8.778691
-6.079599
-5.745349
-5.401158
-6.739314
-8.094539
-4.376755
-9.062445
-6.068732
-6.382440
-7.616296
-9.940913
-7.512296
-3.625971
-9.448804
-6.080837
-8.229692
-9.274645
-6.233929
-10.000935
-10.588145
-7.766254
-6.691928
-5.459855
-10.389149
-5.695874
-7.292945
-5.260674
-12.599087
-6.413568
-5.195158
-9.086242
-8.562996
-8.029335
-6.946434
-7.462396
-8.515869
-6.622549
-8.227731
-7.491024
-13.431947
-10.782722
-7.415995
-8.355227
-6.277764
-2.525748
-7.638254
-6.519913
-5.777097
-7.925577
-5.225212
-8.270402
-8.639729
-5.442933
-5.202656
-5.903569
-10.001764
-6.345517
-7.028720
-4.447752
-8.629500
-8.972494
-6.129268
-10.151551
-8.569806
-8.841662
-6.369754
-11.906740
-7.327367
-10.138434
-7.557630
-6.382400
-8.262099
-3.614270
-8.265712
-11.562231
-3.011145
-10.112867
-9.961670
-8.924971
-6.858763
-7.671776
-7.101451
-4.150561
-8.952846
-4.462439
-5.934165
-7.008226
-8.561138
-5.472313
-9.179480
-7.857010
-9.150404
-12.013312
-7.207428
-9.451407
-9.665318
-8.873909
-7.313666
-8.069221
-11.323003
-7.022312
-9.995863
-3.949122
-8.532284
-10.742660
-8.610479
-3.367449
-7.979853
-6.494443
-8.350170
-2.901447
-8.676609
-3.557852
-10.315277
-7.170703
-12.369982
-5.661085
-8.811684
-9.440520
-10.800640
-8.509438
-11.055270
-9.042644
-12.420498
-7.324884
-5.508252
-6.545269
-11.211098
-10.361803
-4.287277
-4.158055
-4.443952
-11.848495
-8.132180
-9.345343
-6.673338
-8.035863
-11.773544
-8.530675
-5.930000
-5.884042
-8.978624
-10.535774
-8.224791
-7.504004
-6.024901
-4.726241
-10.791957
-6.773603
-9.268909
-7.188985
-7.923750
-7.862366
-11.599024
-7.590574
-8.974621
-5.734843
-8.435067
-7.540999
-8.267160
-5.278805
-5.576277
-8.019510
-10.244301
-7.983377
-6.645625
-5.669368
-10.777559
-7.617884
-7.518344
-9.033485
-6.110239
-6.067361
-7.289200
-6.398972
-10.047750
-10.864859
-5.812376
-9.578104
-11.952615
-7.831923
-7.724427
-6.135940
-9.981155
-10.175395
-10.436821
-5.359710
-6.440361
-5.951947
-8.243663
-7.566119
-5.434783
-8.685431
-5.250746
-5.306803
-7.192658
-9.981334
-10.095478
-12.135950
-11.445898
-8.725433
-7.308776
-8.393302
-6.342744
-7.242360
-5.629090
-5.401769
-7.584803
-8.766475
-7.270838
-8.925970
-8.741171
-9.911530
-10.342770
-10.370811
-7.831351
-5.743274
-7.782336
-8.472980
-7.793813
-8.732378
-5.741553
-10.553350
-8.856828
-7.338512
-7.756481
-8.123049
-6.869577
-7.350399
-5.881711
-5.901444
-5.321222
-8.235412
-9.139592
-9.970843
-8.220838
-6.314832
-4.063185
-7.573437
-9.630029
-8.658739
-11.628969
-7.755832
-9.775369
-7.019794
-6.796307
-3.728029
-10.617029
-7.767418
-4.925469
-7.982797
-9.449520
-7.296240
-9.187960
-7.722155
-8.758130
-9.018201
-9.572845
-10.792675
-5.374350
-6.516246
-7.224944
-9.375869
-8.185684
-8.123995
-9.709835
-8.891726
-7.516616
-7.605329
-6.002222
-6.114126
-10.135637
-5.714131
-4.279843
-4.460941
-6.265163
-12.419219
-9.777063
-9.169577
-10.087241
-6.649488
-6.581984
-3.896252
-9.932643
-5.114779
-4.013786
-5.339864
-8.334553
-6.557429
-8.016380
-8.486796
-6.312279
-12.215654
-13.045837
-6.497930
-11.256471
-7.103678
-12.410769
-9.120916
-7.126084
-9.039079
-3.868889
-13.123180
-8.468015
-9.473909
-6.197730
-6.220157
-8.056749
-8.026755
-7.869665
-8.027833
-6.617887
-8.847296
-8.663236
-8.271482
-9.091461
-7.373843
-7.189348
-8.211971
-7.058798
-10.611552
-6.879919
-5.327182
-9.688499
-2.449824
-4.548693
-6.673498
-10.757030
-6.295444
-6.398411
-7.693193
-10.488050
-5.780971
-9.924382
-10.335393
-5.956798
-5.197496
-9.617798
-6.841455
-8.308400
-8.908350
-9.890391
-6.921463
-7.211102
-8.624102
-10.031600
-7.554347
-7.301132
-8.586545
-7.165667
-8.523345
-6.313732
-5.733371
-7.829386
-8.305104
-10.707058
-9.719833
-6.417544
-6.492421
-7.413729
-6.839140
-3.775920
-6.811713
-7.721151
-7.660915
-5.709769
-8.654410
-5.059617
-10.944208
-7.743959
-8.883612
-8.754684
-7.203378
-4.179331
-7.416527
-3.870051
-9.048725
-4.697467
-6.047409
-8.690530
-7.470281
-5.567708
-7.499700
-8.226911
-11.409589
-8.347315
-9.639232
-7.477202
-5.928432
-6.470354
-5.977616
-9.470394
-5.555836
-3.316256
-8.350856
-9.302395
-8.101015
-8.171923
-3.921379
-8.568493
-5.340993
-11.075088
-6.687269
-7.560111
-9.477279
-4.681909
-8.673661
-7.257370
-10.967003
-6.796115
-10.024283
-3.965131
-6.903370
-9.523397
-6.959743
-6.858906
-6.086381
-9.521691
-8.410101
-6.464042
-7.157674
-9.002972
-6.532770
-7.230680
-9.302852
-10.497110
-6.464914
-5.981547
-3.313807
-9.560390
-7.773237
-5.451414
-6.457179
-8.862881
-7.634443
-5.890984
-8.760519
-11.649410
-10.853384
-7.295095
-7.815653
-5.441021
-10.870440
-5.467099
-6.324908
-5.308555
-5.901532
-9.897932
-9.243256
-7.484944
-5.522553
-7.859314
-4.969701
-6.572111
-8.156662
-8.216984
-8.299801
-7.836234
-9.134409
-6.984335
-7.614884
-8.148393
-8.958301
-7.603952
-3.696472
-4.734149
-8.074567
-4.782869
-8.859949
-6.598288
-11.110500
-7.707125
-9.698113
-3.717521
-9.783852
-4.786381
-6.535792
-4.949389
-11.372259
-10.096872
-6.946742
-11.179120
-4.953591
-6.992267
-8.663139
-5.273256
-6.273746
-8.039913
-5.312233
-8.585113
-10.304925
-5.096359
-8.915274
-5.014947
-9.579714
-4.815005
-1.773494
-6.871599
-7.773812
-9.526316
-10.454695
-4.885681
-7.440347
-11.794083
-3.463400
-5.586762
-6.781581
-7.026622
-8.394569
-7.337650
-7.652225
-5.402978
-7.858473
-8.316121
-9.839268
-4.653187
-8.150269
-9.245249
-3.268047
-9.587687
-5.975589
-9.417292
-12.519682
-7.562332
-10.173104
-10.846815
-6.260115
-9.457379
-8.904582
-6.749555
-9.096240
-3.384026
-6.160620
-11.887379
-5.477538
-8.997804
-5.568338
-12.784313
-4.555562
-6.386535
-7.236143
-12.233492
-8.949639
-9.271430
-8.392252
-4.926592
-6.073619
-7.525520
-12.646203
-7.971787
-9.213767
-9.020578
-7.204803
-8.280993
-8.434336
-8.998081
-9.073957
-8.901478
-4.904845
-9.302388
-12.369914
-7.103446
-9.988648
-7.338045
-7.134943
-8.775951
-6.907393
-10.582713
-6.734119
-6.517474
-3.782920
-9.562328
-8.033132
-5.076885
-8.041883
-7.241285
-11.917005
-8.969304
-7.351715
-5.827865
-8.087531
-4.438972
-3.485075
-10.625363
-6.330699
-7.368005
-8.765509
-8.260870
-9.233001
-3.776154
-9.721418
-8.662681
-1.649853
-5.974081
-8.086526
-7.940897
-10.311588
-7.518190
-9.848717
-5.822926
-6.633354
-11.332104
-11.038018
-8.004827
-8.931579
-6.328728
-5.976066
-8.205027
-9.248499
-6.747797
-8.884590
-6.575314
-11.377333
-7.363378
-6.565441
-7.942778
-7.843825
-7.393312
-12.428808
-10.858214
-9.720716
-9.363216
-4.534737
-6.094068
-8.386232
-9.193129
-5.224496
-8.844492
-8.808696
-4.638144
-10.266888
-6.651519
-10.464868
-6.382360
-7.188732
-1.938788
-11.744505
-7.645871
-8.570853
-10.850710
-6.540119
-5.765731
-7.503476
-8.158757
-7.223624
-7.318775
-7.557415
-8.622347
-8.909237
-9.328101
-9.493130
-4.942947
-4.616378
-8.449015
-10.506422
-4.683747
-4.631200
-6.534595
-13.102942
-6.469086
-10.356380
-7.383280
-10.334120
-6.896729
-8.945726
-7.678349
-5.957844
-10.988639
-5.996031
-8.749081
-11.549799
-8.476790
-10.264736
-3.931859
-9.743782
-5.757808
-4.569875
-6.418618
-5.564914
-8.819832
-6.131186
-3.272313
-8.318651
-8.882598
-8.669722
-5.675995
-11.236059
-6.282920
-5.689448
-11.038864
-6.690189
-9.978559
-3.589384
-8.940401
-8.641686
-7.191158
-6.623128
-9.689540
-5.112865
-7.753649
-4.558586
-7.809771
-8.970191
-8.231798
-11.937428
-9.899275
-6.013955
-6.253686
-9.045472
-7.565736
-3.632416
-7.636399
-9.841054
-7.980958
-9.934256
-9.177854
-6.334697
-7.231350
-7.030487
-4.056746
-8.656657
-8.655577
-8.864896
-11.521334
-8.455931
-6.486261
-8.746755
-8.854795
-8.319879
-5.607380
-6.267070
-5.906334
-9.654799
-8.347547
-8.692986
-7.662359
-4.209900
-6.153741
-9.089735
-7.214997
-7.257446
-12.825072
-5.110068
-9.729282
-6.161006
-8.622145
-9.372015
-8.925735
-8.991532
-8.092412
-10.161519
-9.682125
-4.909245
-6.985400
-5.488173
-6.918238
-9.673483
-11.445332
-6.314055
-9.449653
-3.584681
-10.588435
-9.334736
-3.111855
-9.544531
-11.108210
-8.514400
-5.447404
-7.482300
-10.271999
-11.001711
-7.640140
-8.458856
-5.647813
-9.459433
-6.253568
-10.322907
-12.125816
-7.127847
-5.938312
-6.244467
-4.978498
-6.592212
-5.370089
-6.963096
-8.685596
-8.857126
-7.460509
-7.642297
-6.747120
-8.692228
-7.782571
-8.912340
-12.171284
-6.955301
-9.194693
-11.199099
-3.169768
-4.484910
-9.106353
-9.455917
-6.590733
-5.644621
-8.863561
-7.062799
-9.492607
-6.020984
-5.268221
-7.407404
-7.792411
-7.069058
-11.748482
-8.294924
-11.220691
-4.373592
-5.756165
-11.183527
-6.111593
-5.833339
-5.034769
-6.646473
-5.483301
-8.012771
-6.278218
-5.353515
-4.871456
-12.049490
-7.970256
-6.340360
-7.674337
-5.308467
-9.684012
-10.562597
-4.129960
-10.889330
-8.912642
-9.165961
-9.736422
-5.252354
-6.364108
-7.043998
-7.796205
-6.320639
-10.925760
-7.548529
-11.770153
-5.494391
-10.541992
-4.449808
-7.361467
-7.675438
-7.760307
-8.789076
-8.073676
-10.540554
-9.969084
-4.860167
-7.697623
-10.739145
-6.298870
-6.665149
-8.001601
-8.802313
-7.896128
-1.715651
-7.095078
-7.439739
-6.008255
-9.427577
-9.757238
-11.864380
-8.837270
-8.581200
-8.643959
-3.096955
-10.005252
-9.422073
-5.906043
-4.139150
-8.366265
-11.538505
-11.722768
-7.946198
-4.922909
-8.756817
-8.731473
-9.294975
-8.011042
-11.050997
-9.165009
-5.790381
-10.370537
-8.598660
-6.636808
-7.708829
-9.604549
-8.811228
-6.587134
-10.153738
-6.666336
-12.886400
-6.838352
-6.821408
-9.393682
-6.423560
-8.828759
-4.403358
-6.914621
-10.200951
-7.233693
-7.094032
-4.271906
-10.165307
-5.560276
-6.866690
-6.995178
-6.923133
-6.043229
-6.907342
-11.946938
-8.828691
-8.417119
-7.586133
-8.792858
-11.123710
-6.241850
-6.103224
-9.255026
-11.311428
-13.033319
-9.743849
-7.498384
-5.951461
-4.581376
-8.926550
-10.595015
-8.336543
-7.546395
-6.516000
-7.523740
-6.640586
-8.646743
-7.725629
-7.264894
-7.131582
-9.326418
-6.763438
-7.807446
-8.236212
-9.133585
-7.367939
-9.581608
-8.564722
-9.188148
-8.180027
-4.467210
-8.249394
-7.318915
-7.766198
-9.060398
-5.954227
-8.565649
-10.438973
-7.378931
-10.242228
-8.915536
-9.121954
-4.977606
-7.724652
-3.702821
-8.024644
-11.197632
-5.616596
-9.431032
-6.596658
-6.470576
-7.700101
-8.639085
-6.753757
-7.756261
-6.270883
-11.682348
-10.323605
-7.201983
-10.962482
-9.513469
-6.415565
-3.499944
-8.194393
-1.897022
-10.604851
-12.951890
-6.466959
-10.068815
-9.571247
-3.565356
-6.385168
-9.951529
-11.831981
-9.491167
-7.916583
-6.963672
-9.783202
-5.484441
-9.949702
-10.436606
-3.640839
-7.209424
-4.537913
-8.811134
-8.053554
-6.887291
-6.434860
-7.337058
-5.636542
-11.301286
-8.423001
-11.288244
-6.306773
-3.691617
-7.888091
-10.299687
-6.497594
-6.223429
-7.362413
-11.264244
-6.801555
-7.685566
-10.561925
-9.416924
-11.968382
-6.025564
-8.799121
-6.049016
-7.237947
-6.487530
-7.465429
-11.083387
-5.790022
-7.949973
-5.186269
-5.777346
-5.284781
-11.363903
-3.400483
-6.181908
-9.516623
-7.304911
-9.588405
-9.361856
-8.004872
-5.835311
-7.979594
-8.168659
-10.316936
-11.252563
-7.359108
-7.121424
-6.334491
-10.542205
-3.476500
-6.350125
-10.722596
-7.856472
-9.036486
-7.649072
-10.295313
-5.389643
-8.459886
-5.924584
-10.329983
-8.908735
-6.140268
-10.084428
-8.682392
-7.344020
-7.272161
-7.624595
-6.435860
-14.414006
-7.934184
-11.002226
-6.912362
-5.480581
-7.633091
-8.019289
-7.743186
-8.064651
-10.840508
-8.297888
-8.498202
-8.680864
-7.268634
-7.058124
-6.893326
-9.468233
-10.335217
-8.249483
-9.237907
-9.626512
-6.788517
-6.585960
-9.109007
-8.547853
-10.967364
-7.193263
-5.933195
-6.295617
-10.449955
-6.440779
-6.538922
-8.467053
-7.595357
-10.059326
-7.030438
-7.823289
-9.892530
-11.690794
-8.910135
-3.579887
-9.769674
-6.985187
-11.508396
-8.463799
-7.076462
-8.630074
-7.664440
-8.049337
-7.937234
-6.667397
-7.379645
-4.267334
-10.375340
-3.861738
-7.390145
-8.172788
-4.753080
-11.439590
-7.216577
-4.574014
-9.369220
-9.869854
-9.706015
-6.303507
-11.194189
-5.433866
-5.151366
-8.233890
-11.477928
-10.196712
-5.855464
-5.793380
-7.028548
-6.464683
-9.813345
-8.652178
-9.275866
-5.779547
-9.226784
-5.268015
-12.054710
-6.613617
-6.655071
-5.831518
-5.690188
-10.128608
-9.827151
-9.555237
-11.831433
-7.027925
-5.916479
-7.384797
-6.038339
-8.897195
-4.210315
-7.100864
-8.966864
-8.967793
-6.681873
-9.852368
-6.031087
-6.258097
-7.225410
-8.029184
-9.492849
-8.545126
-4.870465
-9.269973
-9.522709
-9.178808
-3.956769
-3.224751
-7.953996
-8.508270
-10.508188
-7.193743
-4.498506
-8.940155
-7.602771
-8.674780
-6.805043
-7.458755
-6.059212
-10.534616
-9.799431
-9.515989
-9.977854
-5.475342
-7.069997
-11.347555
-10.424830
-9.221680
-7.063117
-7.352949
-8.037863
-6.971687
-9.333330
-7.957110
-8.360128
-2.592555
-10.031562
-6.731842
-6.621160
-5.614386
-7.583755
-8.890166
-7.672946
-10.623018
-5.095984
-7.672201
-4.133648
-9.093793
-12.685905
-5.182466
-5.713832
-6.871687
-10.846506
-5.977817
-4.673909
-5.503151
-8.225883
-6.016355
-7.161507
-8.406971
-7.372276
-4.940225
-8.613375
-4.795368
-11.135756
-7.338988
-5.604013
-8.136748
-9.012419
-3.952912
-6.887798
-6.977696
-10.370327
-5.116391
-9.705053
-9.867418
-5.375866
-6.694844
-9.667192
-6.284115
-8.224501
-8.198812
-6.250049
-7.053438
-9.416815
-7.894695
-11.019997
-6.691025
-7.424838
-9.581774
-8.450920
-10.098606
-11.882833
-4.653162
-7.642717
-6.833621
-10.169481
-11.764269
-8.992399
-9.185769
-10.485291
-7.922930
-10.323189
-7.740272
-7.303650
-6.557776
-10.294325
-6.198992
-9.341980
-11.467573
-5.020524
-7.832102
-9.876596
-9.567484
-7.407367
-6.902655
-10.478956
-7.079625
-8.630691
-3.897273
-7.863029
-9.438482
-5.337261
-5.305364
-9.929530
-5.349637
-9.970094
-8.210282
-5.475786
-8.382296
-10.370214
-7.231504
-6.958769
-6.371983
-10.581652
-4.399421
-8.311118
-8.837247
-11.786314
-11.164761
-7.802358
-11.078813
-7.977749
-8.583138
-7.156123
-4.475284
-9.263498
-8.531080
-6.838195
-1.498815
-11.744089
-9.880333
-6.885386
-6.209073
-8.429609
-10.066939
-8.538531
-6.872151
-7.071257
-8.069201
-9.250717
-11.805796
-5.502368
-11.424202
-8.696815
-9.828375
-9.669409
-4.048949
-6.137202
-7.509215
-7.602672
-13.184081
-5.963039
-9.466159
-10.481424
-6.796114
-6.589285
-8.275874
-5.551783
-6.604258
-10.190628
-10.070142
-5.436359
-6.232523
-9.243273
-8.795615
-9.528688
-11.862274
-8.356478
-8.990487
-10.928813
-8.393191
-4.591575
-5.866786
-8.386855
-10.165722
-6.894904
-5.622513
-10.278640
-8.952890
-8.125288
-7.130180
-9.716722
-10.672232
-8.085374
-11.949987
-3.940114
-6.188112
-8.668393
-6.499387
-6.728855
-8.524588
-6.996784
-6.784457
-8.163331
-8.469122
-8.621618
-6.703691
-1.743425
-5.752933
-5.883906
-9.425618
-7.243551
-8.310172
-11.332157
-9.122993
-8.592525
-9.720001
-11.164433
-5.251813
-4.584314
-7.452422
-9.391638
-9.203285
-6.881157
-6.583633
-7.620631
-9.261543
-10.321087
-9.760779
-6.664285
-10.049706
-10.852070
-9.591038
-6.240239
-8.765265
-5.680243
-8.917177
-6.057349
-11.609549
-5.496864
-9.338549
-11.855786
-11.036955
-4.517030
-9.108517
-7.272070
-3.161553
-7.060106
-7.568778
-8.503933
-9.767047
-8.776989
-9.328320
-10.599756
-10.885989
-5.645287
-6.227758
-8.668123
-7.845542
-8.157822
-5.165839
-6.008383
-7.635050
-6.894799
-9.028515
-7.436575
-10.470881
-4.707230
-11.756413
-8.021114
-7.922605
-6.318042
-5.171797
-6.223802
-7.973722
-9.242218
-5.442707
-11.544563
-8.318514
-8.356188
-6.217916
-9.724037
-6.230330
-1.949243
-9.945251
-9.633689
-3.609962
-10.893612
-7.685196
-4.059794
-9.170570
-9.240558
-7.942194
-6.654883
-7.059598
-7.838056
-6.889822
-7.790381
-11.543682
-7.258255
-5.990386
-5.402717
-8.142035
-7.601563
-5.535459
-6.430056
-7.464667
-9.376217
-9.785774
-10.645393
-9.625603
-9.634762
-7.815280
-5.642972
-7.528471
-5.782156
-6.993033
-8.987400
-10.737292
-9.339083
-4.971926
-7.552784
-6.289322
-5.912732
-8.392256
-9.648413
-8.574615
-9.589490
-7.208921
-5.653187
-10.653500
-6.527706
-8.284657
-6.288709
-8.630561
-12.136444
-11.003242
-9.693174
-8.269856
-8.050188
-8.632996
-7.537817
-6.354788
-9.458851
-9.232074
-7.899436
-9.371938
-4.176625
-9.915658
-7.806895
-8.525027
-9.613998
-11.057446
-5.533169
-5.947702
-6.862617
-5.403723
-4.318625
-7.075965
-7.825776
-7.714464
-8.522315
-8.402987
-6.545403
-10.819802
-6.787967
-5.177880
-4.926486
-11.224342
-5.928247
-8.014187
-5.842324
-9.786105
-6.225208
-10.225047
-10.518660
-7.398924
-11.264273
-5.900617
-10.220526
-3.436206
-7.130894
-8.940105
-7.526705
-6.255786
-5.992619
-5.996119
-7.753420
-5.527983
-11.128878
-3.299084
-9.486424
-9.800267
-10.278473
-8.759729
-6.673739
-10.598114
-5.226933
-7.677667
-7.674188
-11.229258
-8.972360
-7.571350
-5.171163
-10.297221
-7.982408
-9.182329
-8.260088
-8.210650
-7.541955
-8.446409
-6.885190
-7.409890
-9.277887
-6.251144
-10.388553
-3.926261
-9.973416
-7.847957
-8.085268
-5.470626
-10.628812
-7.870137
-9.456484
-10.215919
-8.283369
-7.381315
-8.125628
-9.967525
-4.605259
-3.232785
-7.314879
-8.266367
-2.160821
-8.521520
-10.113362
-7.209706
-7.119206
-9.093379
-10.071774
-9.126630
-9.571660
-7.596162
-5.666443
-4.805436
-7.935470
-8.956488
-5.193398
-6.392553
-6.812197
-8.896304
-8.594832
-8.432953
-7.046281
-8.985249
-6.172779
-6.730762
-8.095875
-8.036429
-11.412026
-9.425705
-9.365771
-11.297418
-7.026617
-6.048502
-3.375225
-8.856341
-8.703432
-7.439763
-7.817250
-10.559019
-8.450087
-8.989635
-8.106995
-10.304812
-6.064779
-4.206502
-6.108533
-10.052418
-4.295932
-9.404245
-8.128052
-10.236403
-11.600624
-9.828309
-7.948080
-2.004662
-8.152315
-5.969858
-9.600498
-6.982859
-8.526288
-8.141184
-6.900228
-10.262455
-13.570700
-6.300753
-5.852881
-9.916916
-9.138222
-6.847827
-10.495753
-5.928538
-9.665020
-7.740256
-9.647238
-12.161510
-8.528130
-7.749996
-9.166031
-11.191920
-7.658716
-5.738506
-6.960587
-6.856931
-7.051245
-7.267300
-7.204242
-9.746037
-10.948462
-9.307718
-4.251476
-7.919636
-7.265854
-9.645621
-3.204916
-9.986678
-5.005980
-7.825624
-7.322659
-12.102245
-8.821170
-7.863886
-5.772608
-8.306603
-7.084967
-7.867869
-4.556568
-10.179473
-4.950991
-9.482543
-7.143378
-7.737996
-8.127464
-10.506875
-3.476022
-10.283119
-9.736196
-5.346272
-5.336377
-5.123015
-9.645041
-5.578099
-10.595500
-4.889417
-9.627098
-13.196730
-7.336464
-10.087307
-7.598158
-8.664041
-6.981521
-11.433923
-9.986589
-7.391213
-12.715446
-8.395674
-7.094195
-5.887080
-3.447285
-5.529118
-7.481087
-4.420774
-8.533054
-6.615120
-7.148196
-8.339394
-8.093809
-7.638118
-10.537313
-6.806170
-9.339578
-6.025453
-4.473572
-3.669915
-4.591691
-5.454217
-7.398931
-5.535124
-4.041786
-4.500712
-3.818972
-8.477515
-10.636255
-9.092335
-6.409404
-11.773425
-9.297523
-12.058475
-9.673650
-4.160388
-2.287743
-7.110827
-4.578994
-4.257771
-3.846443
-9.331509
-10.143871
-9.565839
-7.620829
-4.711138
-7.351608
-8.895567
-8.116730
-7.626855
-8.087355
-6.649255
-7.779843
-11.979349
-5.435653
-8.010899
-8.438379
-7.235496
-5.148979
-5.493056
-10.284615
-9.725474
-6.951831
-10.292478
-4.288726
-7.249595
-6.946953
-9.867699
-6.520277
-11.920252
-7.726326
-6.589592
-6.848691
-8.868005
-6.787563
-8.553119
-6.232554
-9.432125
-8.592528
-3.996979
-9.090384
-9.749195
-7.667421
-8.056605
-9.128977
-5.147485
-7.839149
-9.203630
-8.201519
-6.841652
-11.673592
-8.865049
-9.611926
-8.761652
-7.526011
-5.359013
-7.345680
-10.399111
-7.593351
-9.583120
-5.191453
-8.995522
-7.228532
-4.234874
-6.870883
-7.034956
-6.452374
-5.857557
-8.177642
-9.465459
-4.553684
-7.145801
-5.856848
-7.892709
-3.981202
-7.812941
-5.771917
-7.444509
-5.270699
-8.124821
-7.451615
-7.290997
-8.234014
-8.214132
-10.271894
-5.324226
-3.152410
-7.027584
-6.223343
-10.219387
-5.947719
-7.389671
-8.124898
-10.300988
-8.337551
-7.844002
-7.813393
-9.350880
-5.590773
-8.996675
-6.396476
-7.939701
-6.714201
-3.317708
-9.926670
-5.547856
-8.755737
-8.485247
-10.202585
-9.759996
-7.589520
-7.106559
-8.917344
-9.316115
-6.956806
-11.737415
-7.807443
-8.622915
-4.608381
-8.521763
-10.389566
-7.897533
-7.683484
-8.606946
-6.313881
-9.671024
-6.602244
-5.136633
-5.457624
-8.915403
-7.893403
-7.686045
-7.221987
-3.589889
-7.620802
-8.751894
-10.435232
-5.792839
-7.617914
-6.579023
-9.002434
-7.778750
-5.152032
-6.604805
-7.512564
-6.917112
-8.847151
-9.111924
-8.145409
-9.289135
-7.830209
-8.505305
-7.835231
-6.015609
-9.784198
-8.629253
-5.864926
-10.471429
-5.243066
-5.541521
-6.161494
-8.356990
-9.413628
-10.226241
-7.745337
-6.860973
-9.519743
-6.434763
-5.811679
-10.739333
-10.341991
-5.216778
-9.371533
-9.814987
-4.052914
-8.685522
-9.230361
-10.681168
-9.857092
-10.964515
-8.357068
-5.564817
-7.473447
-13.727162
-8.696558
-8.593918
-8.870146
-8.833520
-9.491188
-9.612325
-9.880303
-6.124987
-9.837550
-7.831405
-4.343988
-6.150244
-7.522000
-8.872157
-7.964390
-11.786506
-7.591257
-9.409167
-10.942791
-7.306893
-5.898154
-10.560497
-10.204006
-10.645103
-10.705982
-7.031446
-7.647415
-9.552616
-7.883099
-7.578917
-9.402551
-9.791845
-6.127408
-8.620078
-12.197221
-11.205419
-5.604118
-8.333462
-7.586404
-6.466441
-8.381782
-5.743012
-11.883207
-3.585742
-7.900558
-9.646045
-8.689106
-8.327950
-10.975913
-8.973577
-7.554329
-8.154024
-8.921699
-10.309187
-6.600498
-9.253104
-4.353279
-7.099383
-14.770729
-6.802919
-6.898427
-10.855979
-9.822934
-9.066471
-7.538314
-8.186350
-9.359754
-10.198313
-7.078808
-7.026041
-6.223015
-6.249253
-10.725979
-3.741877
-8.775954
-9.970612
-7.541193
-9.889336
-9.641994
-8.256332
-6.884246
-10.220390
-7.473246
-8.408704
-10.228221
-7.545648
-5.690838
-8.970709
-6.261909
-7.608695
-4.013024
-7.855155
-6.575143
-7.177747
-6.630164
-4.611764
-5.082731
-11.164696
-7.975331
-9.522999
-10.039058
-9.258343
-8.555745
-6.851969
-5.688539
-4.323118
-5.610447
-1.118231
-7.819233
-10.209097
-7.694705
-8.083895
-4.213037
-6.859385
-7.405501
-8.874784
-9.780454
-5.932367
-7.825396
-8.239977
-8.253572
-9.502602
-11.583511
-5.270626
-8.807074
-11.025183
-6.589303
-5.936123
-8.891911
-8.405782
-5.468562
-10.079712
-5.527967
-7.273528
-8.126669
-9.610451
-10.256949
-9.425884
-7.430812
-5.833453
-8.569454
-8.917253
-9.182547
-11.546883
-9.942920
-7.322386
-7.623556
-8.378180
-6.594738
-7.468121
-12.621013
-5.839757
-5.617430
-5.858034
-9.442459
-11.466740
-4.728556
-7.789949
-9.829995
-7.112297
-6.577931
-9.413798
-7.850803
-4.683777
-5.309346
-8.823059
-9.469229
-7.554668
-7.120209
-6.414477
-7.827085
-14.082561
-6.649593
-9.533856
-7.271149
-7.394497
-8.343408
-9.286669
-6.923081
-7.443930
-9.297071
-9.856106
-7.287636
-7.324055
-8.713783
-7.140798
-6.834155
-3.310958
-10.499997
-9.371790
-12.682709
-6.399834
-8.841199
-5.526186
-8.063444
-8.784628
-5.428167
-7.491832
-7.905742
-7.890396
-7.307460
-10.157549
-6.648356
-7.357997
-9.658523
-6.924670
-7.912468
-5.456311
-5.383868
-2.156955
-12.245764
-7.414842
-11.815126
-6.635473
-7.079887
-8.183184
-4.014698
-10.333000
-8.112319
-6.978379
-7.843699
-10.028934
-7.960427
-8.633965
-9.471310
-7.622854
-8.012329
-9.743179
-9.839331
-7.265974
-9.855973
-6.303482
-6.573210
-10.187275
-7.532649
-8.895432
-8.438780
-4.940399
-8.201166
-9.594555
-5.977123
-10.712043
-6.446875
-4.944081
-6.428254
-6.719141
-6.698562
-11.346098
-6.017508
-6.550839
-6.343364
-11.658506
-6.819016
-10.813665
-8.161365
-8.267242
-6.114685
-6.421915
-8.344825
-9.432458
-12.170558
-12.094419
-9.778182
-5.042649
-3.289788
-5.965759
-2.740902
-3.658217
-10.105415
-10.115292
-13.678644
-4.293818
-7.174981
-7.128506
-9.984565
-8.594086
-4.402162
-9.086742
-8.210389
-8.997380
-8.546556
-7.841655
-7.657735
-10.871359
-6.676217
-5.696794
-8.530110
-7.377284
-8.735587
-9.306850
-6.349051
-6.609982
-11.254636
-7.593539
-7.792459
-3.804628
-7.106263
-7.115564
-8.206051
-6.904785
-6.768384
-6.180857
-9.859220
-7.473773
-8.808867
-8.679130
-3.825274
-6.015389
-7.723757
-7.985997
-5.863970
-6.391430
-8.925576
-10.321712
-2.962328
-4.237721
-5.108426
-3.297434
-7.883159
-9.034749
-9.760104
-4.512825
-4.791468
-8.545764
-9.503425
-8.205731
-5.228421
-8.789610
-9.134226
-8.521243
-6.120921
-6.736889
-10.853792
-4.520380
-6.868433
-7.932758
-10.298617
-7.958468
-5.688888
-7.654967
-8.308562
-9.815755
-12.258039
-9.143184
-8.997777
-5.735105
-11.111399
-4.622156
-5.541909
-8.328699
-6.103837
-8.420383
-10.675790
-10.634299
-6.315619
-9.919167
-9.587946
-4.655344
-11.785921
-5.043399
-8.418880
-6.330758
-8.660798
-6.592785
-6.636117
-8.796203
-5.685286
-9.893702
-5.313401
-5.903617
-8.195851
-10.894105
-6.427889
-7.027530
-3.478016
-6.628489
-6.465840
-7.189748
-5.026944
-3.273544
-7.946316
-2.633731
-7.884656
-11.390223
-5.455456
-11.143323
-8.696078
-8.132147
-12.861851
-7.746531
-9.950630
-8.139836
-8.870342
-9.496525
-7.448403
-10.009884
-7.609266
-6.830624
-4.598405
-8.087084
-11.464420
-8.850050
-6.544475
-8.895992
-8.345202
-4.713168
-10.113942
-9.277565
-8.697172
-8.696424
-5.287793
-5.907929
-10.742167
-8.423509
-9.034698
-9.373653
-8.066271
-4.695200
-8.015108
-9.187871
-8.108340
-5.142634
-6.872996
-8.094449
-12.580864
-6.522953
-5.488437
-11.577465
-9.317382
-6.789909
-4.633127
-4.883925
-7.519296
-7.815540
-8.129032
-7.198635
-12.303602
-8.329693
-5.781734
-6.407665
-8.852726
-7.985710
-7.975312
-14.053114
-5.128975
-7.347180
-11.082561
-8.752762
-7.791255
-7.484252
-6.269360
-8.916744
-9.373960
-7.958169
-9.478212
-6.929733
-8.649258
-11.634743
-10.229547
-6.676000
-7.433129
-10.774869
-4.250763
-10.861820
-9.829643
-10.233828
-9.501544
-8.672951
-9.239273
-6.652625
-10.087022
-7.010423
-9.915548
-8.931003
-2.048748
-12.386689
-11.111781
-3.233622
-10.101333
-8.328115
-6.145974
-8.147662
-7.022233
-7.117158
-7.916420
-6.499663
-6.228585
-8.717287
-9.913748
-5.240469
-14.259331
-9.845032
-9.143364
-5.294673
-10.434513
-4.502498
-9.207829
-11.036070
-8.369427
-7.829422
-8.742606
-7.691224
-9.470127
-7.570202
-7.503187
-7.947032
-6.439099
-9.742914
-6.321017
-11.401197
-8.383876
-6.564674
-5.841190
-8.980077
-8.254560
-8.090958
-5.521302
-9.559305
-6.572410
-10.091841
-9.760565
-5.855353
-7.566453
-10.540478
-9.265980
-11.114931
-7.130357
-6.069804
-8.629978
-5.494351
-6.029047
-10.877119
-10.440756
-7.054402
-8.110090
-6.511151
-11.674144
-5.997522
-8.520419
-4.207888
-8.889714
-5.990355
-6.309961
-3.597757
-7.406770
-8.450204
-5.650587
-10.164054
-9.159863
-8.237484
-6.404344
-7.079662
-9.156150
-7.051127
-8.220811
-6.952252
-7.948751
-9.885297
-7.872927
-9.413115
-10.165644
-11.865896
-8.371661
-9.257775
-6.006593
-8.847097
-9.595037
-6.263849
-6.588650
-7.042280
-6.429423
-6.001175
-8.516653
-7.989273
-7.031489
-7.014866
-8.357651
-7.632312
-11.648976
-10.040255
-9.824619
-9.988080
-9.613672
-5.266406
-9.442009
-5.912974
-6.367501
-7.075486
-11.505583
-5.605096
-5.074039
-7.284343
-3.920386
-4.689026
-8.073318
-11.220015
-11.710797
-9.789679
-11.512128
-7.867696
-10.140328
-5.700888
-9.543471
-7.902415
-9.630703
-6.943542
-8.553037
-6.692878
-9.063173
-9.428608
-6.266930
-12.708776
-8.677255
-4.338998
-9.106837
-8.542567
-9.181593
-8.911885
-5.434364
-6.476293
-10.536737
-7.460176
-7.778434
-7.277045
-6.681779
-8.929113
-9.283203
-8.710840
-9.131701
-7.831879
-4.661277
-8.021395
-7.228355
-11.417690
-6.190217
-4.793894
-8.121186
-10.161263
-9.273148
-10.545673
-10.778982
-7.923931
-11.550529
-7.137337
-6.119960
-6.014767
-4.848630
-10.155553
-7.571208
-10.764078
-6.888353
-7.380753
-7.362286
-7.222603
-6.906306
-6.317254
-7.112005
-5.009438
-8.002264
-5.304432
-5.133031
-10.228786
-9.214141
-10.603136
-7.516809
-7.733997
-6.810051
-12.833204
-7.913141
-10.036132
-8.764135
-10.274295
-9.468004
-7.006895
-5.745149
-8.491578
-8.359967
-6.383277
-7.780768
-5.936292
-5.987619
-7.405495
-9.340506
-8.398939
-8.951227
-7.797157
-5.552647
-5.381828
-9.717751
-12.411242
-9.641666
-10.053255
-11.161317
-5.957347
-4.618064
-9.464890
-9.150887
-12.938915
-11.817605
-9.978052
-7.248742
-9.726686
-11.371994
-5.330406
-7.418039
-7.748466
-5.738780
-9.072312
-8.815667
-7.719297
-8.132838
-9.791985
-8.947087
-10.477059
-8.405869
-9.842705
-7.720601
-10.019291
-7.398822
-10.323146
-7.046542
-6.718908
-10.530349
-9.345227
-11.293444
-6.396509
-7.372510
-9.232832
-3.404877
-5.880013
-11.396380
-9.516437
-8.311154
-6.939952
-7.575862
-7.306343
-9.504099
-8.670249
-10.621632
-10.669615
-10.995512
-6.372625
-11.717912
-6.607869
-8.799324
-10.200724
-5.069695
-4.490906
-9.835236
-6.590210
-12.344662
-7.855021
-5.676991
-8.605797
-5.151199
-8.354770
-4.887588
-7.884519
-1.238311
-11.851018
-6.968795
-9.702410
-10.430827
-9.512503
-8.664505
-7.595155
-8.256279
-10.067228
-7.421047
-11.100784
-9.795985
-11.544555
-7.461211
-6.674172
-7.933435
-9.787123
-4.735435
-5.625659
-5.142998
-1.940647
-6.427192
-11.434562
-5.859797
-6.994040
-6.479575
-4.731722
-11.226493
-12.426816
-6.079424
-4.686035
-7.750887
-10.191937
-7.521550
-10.137867
-8.300639
-9.817137
-6.572511
-7.335521
-6.396332
-12.480019
-11.707397
-5.466567
-9.197000
-8.773216
-9.107473
-6.457304
-8.083617
-10.003831
-8.026052
-10.045499
-11.161264
-6.919535
-9.301998
-5.809240
-5.349197
-5.004828
-5.985600
-5.127922
-7.989130
-8.782868
-11.999781
-8.545764
-8.299920
-7.591322
-9.972628
-9.880271
-5.963156
-9.286578
-6.984452
-9.383864
-6.813371
-6.796600
-5.057921
-9.653627
-10.110273
-9.401565
-7.677865
-9.311311
-6.004562
-8.260256
-13.904716
-9.606756
-5.021237
-10.577806
-8.102299
-10.750985
-6.895061
-6.812092
-6.678035
-8.794286
-7.826094
-9.101219
-11.106680
-8.140947
-9.148180
-6.493998
-5.963082
-3.885715
-9.064939
-5.796227
-7.433519
-8.234846
-3.316797
-8.593939
-7.214896
-11.590861
-8.387959
-5.279906
-9.162800
-4.363378
-7.683327
-12.113769
-8.869478
-13.669488
-8.746948
-9.907799
-7.934695
-9.033260
-8.204792
-6.489272
-8.711320
-12.237389
-6.902710
-6.900385
-8.979126
-6.452403
-6.217482
-8.424261
-8.228084
-10.485605
-7.071054
-10.050685
-11.777945
-14.550276
-9.913134
-8.833027
-10.870182
-10.405473
-9.272389
-10.469071
-8.263084
-8.723256
-4.471611
-11.755434
-7.195780
-7.374042
-8.608221
-5.872608
-6.207222
-7.293428
-7.752927
-11.839117
-8.906139
-7.538644
-8.914589
-8.273653
-10.252302
-5.264645
-7.230294
-5.699628
-10.636007
-8.800522
-6.518061
-6.176620
-6.930996
-9.854215
-8.626901
-8.576147
-3.926024
-10.107152
-7.592322
-4.753212
-12.808331
-10.745450
-6.310891
-5.020600
-7.678154
-8.423769
-7.492363
-9.152253
-5.775276
-6.602999
-8.200933
-6.259238
-4.684939
-3.554756
-6.444436
-8.941911
-7.389060
-12.392134
-9.102706
-8.215590
-8.684615
-7.074087
-5.500571
-6.665512
-8.259680
-5.624631
-7.657576
-6.333996
-7.776064
-10.339495
-7.513847
-7.474865
-8.754858
-8.145567
-8.406767
-11.162172
-9.259274
-8.777740
-11.505800
-8.903629
-7.744435
-6.531727
-7.695751
-6.716355
-4.836428
-3.610888
-6.203146
-6.825332
-6.907496
-14.425129
-6.759665
-3.877086
-11.163755
-7.848106
-12.168663
-8.484342
-8.832073
-7.814109
-8.004866
-9.286601
-7.703147
-8.631741
-7.235322
-7.438511
-11.100726
-11.151915
-6.228839
-6.103367
-9.936081
-6.629379
-7.106907
-8.938497
-8.741861
-9.894366
-7.640971
-7.651891
-6.929436
-5.343159
-5.650919
-7.983898
-6.461173
-10.852553
-8.353995
-12.151144
-5.052938
-7.190434
-8.814109
-8.767406
-8.075224
-5.855377
-3.748217
-6.500545
-5.816806
-8.166879
-7.730394
-9.862971
-5.162186
-2.855135
-4.715611
-8.633643
-7.759020
-10.426226
-7.340151
-10.537924
-8.246205
-8.380654
-10.698126
-7.535764
-8.451630
-7.258410
-7.582514
-4.887133
-5.767861
-7.493435
-7.891294
-6.697643
-8.510721
-7.367025
-10.557114
-6.794870
-10.931034
-8.396929
-8.783030
-5.879784
-10.675234
-7.494259
-5.655283
-5.058412
-11.879210
-10.721620
-10.818104
-11.527263
-9.724758
-5.928237
-7.982232
-6.543558
-9.930056
-8.669809
-5.869367
-7.562581
-11.802674
-12.152889
-7.022048
-7.695090
-8.935006
-10.485013
-11.055648
-8.288132
-9.784780
-8.668091
-10.260214
-5.592516
-7.547374
-7.745666
-4.835935
-7.854645
-7.127693
-10.197134
-11.838413
-8.889261
-8.065347
-5.618469
-4.963424
-8.455387
-6.506302
-2.155748
-5.064498
-12.211685
-7.511292
-14.155603
-7.792618
-8.471869
-4.260973
-9.095945
-8.123074
-9.719816
-6.931670
-9.064196
-4.912229
-9.353616
-7.799055
-10.744223
-7.263680
-10.493243
-13.144936
-5.946818
-6.693199
-8.986725
-11.480739
-9.937135
-7.647120
-8.212099
-7.564563
-10.060499
-4.284539
-8.791592
-10.693609
-6.933730
-6.228468
-3.891208
-7.600353
-8.351954
-10.163870
-5.287313
-7.762596
-8.740542
-5.950970
-7.561800
-6.815653
-9.177842
-1.300607
-9.112570
-8.760261
-5.773296
-13.994814
-6.595827
-6.503469
-5.560588
-9.196152
-6.242733
-5.780322
-4.356337
-4.428223
-9.730128
-7.307622
-9.873592
-9.662535
-6.615640
-7.648040
-7.539392
-8.774999
-9.372516
-7.114322
-11.933517
-6.429162
-9.026278
-10.827476
-6.398367
-7.734697
-4.583891
-7.426978
-6.886861
-8.304459
-5.202764
-9.238497
-8.836512
-10.202097
-8.118870
-8.669275
-5.811722
-5.275471
-8.867908
-8.281434
-8.708620
-9.183576
-8.083645
-3.825042
-3.469485
-9.920027
-6.976719
-6.277842
-8.115936
-8.914335
-9.086423
-10.548214
-9.738408
-6.961949
-8.049164
-9.563976
-3.538327
-10.010712
-7.377509
-4.880412
-6.217057
-8.823957
-2.646317
-4.016558
-5.946626
-6.926556
-7.617524
-11.535450
-4.670645
-7.643461
-11.427787
-4.890359
-7.713017
-4.888126
-9.819723
-7.370180
-4.575826
-10.363234
-7.752389
-11.041845
-7.079369
-6.650783
-11.451012
-5.723701
-11.614285
-10.146239
-5.990109
-5.724790
-2.433322
-11.044331
-6.742353
-9.003063
-11.984739
-7.767490
-9.230635
-7.415567
-4.039031
-8.525921
-6.433697
-10.037145
-9.149918
-6.744052
-7.725484
-10.333064
-6.686666
-7.858809
-5.447375
-9.662745
-9.535157
-10.865204
-7.981551
-8.599567
-5.211402
-10.874950
-8.360654
-9.077335
-2.657953
-7.569875
-8.338130
-9.329700
-11.259661
-8.459714
-8.777993
-11.650427
-10.073363
-6.415181
-13.834744
-7.769913
-5.262033
-8.953543
-5.122372
-9.023223
-7.406487
-10.244861
-6.442082
-4.771127
-6.829617
-10.055027
-8.873988
-3.018820
-8.007896
-6.340203
-7.728338
-5.768358
-5.801203
-14.579865
-5.699766
-6.045892
-10.784400
-6.274820
-10.337421
-4.244031
-6.710503
-8.110284
-9.314291
-8.729518
-7.421575
-12.269881
-1.968962
-4.927799
-6.969717
-10.967299
-6.439305
-7.666085
-10.601339
-7.054355
-8.238157
-8.139242
-9.535168
-8.888884
-6.300982
-11.777113
-7.481352
-9.000881
-8.640973
-8.185572
-9.781614
-7.143316
-9.008260
-6.791657
-5.239451
-7.934444
-12.271039
-9.704150
-6.547863
-8.401505
-5.725073
-8.381104
-10.620522
-9.111362
-12.640354
-11.324971
-10.442528
-7.356037
-6.675576
-8.524328
-10.080864
-5.106273
-12.178925
-7.170825
-4.526497
-8.501463
-7.352927
-10.054043
-10.110589
-5.613868
-9.238972
-6.638997
-6.473028
-9.789301
-6.079458
-9.020967
-9.085107
-9.589139
-6.693561
-7.931155
-7.836611
-10.576529
-7.437360
-9.068755
-7.194475
-7.422672
-7.945387
-7.302243
-8.482959
-7.221027
-9.881071
-6.235376
-6.105274
-6.879379
-9.337546
-8.752776
-4.717423
-9.875153
-8.479795
-9.894248
-7.899582
-2.727818
-6.432488
-8.824625
-5.791201
-7.058527
-8.944247
-6.652255
-7.886345
-11.805276
-7.624616
-6.302128
-10.898497
-3.286621
-5.168927
-9.356382
-7.087212
-5.131745
-7.630474
-9.670356
-7.918255
-7.974250
-6.282035
-9.058471
-9.124916
-7.165808
-5.355235
-7.352151
-8.029985
-10.375965
-9.577068
-10.671115
-8.456073
-4.921702
-13.306513
-5.314940
-6.956752
-9.107011
-10.775735
-6.733372
-7.277352
-10.768366
-3.755609
-7.233371
-7.421362
-5.916420
-5.630353
-6.374699
-10.196598
-3.432488
-6.774604
-7.718333
-9.495917
-13.184483
-8.174553
-9.387651
-8.789033
-8.317745
-5.260673
-8.417603
-8.059838
-10.516565
-10.140152
-5.810746
-7.167322
-10.568111
-10.628880
-6.509058
-7.895123
-10.683603
-9.110094
-8.465537
-9.241101
-10.339769
-3.112263
-6.432176
-4.894111
-9.908765
-8.246588
-6.191354
-8.133833
-5.891131
-6.595105
-9.778197
-12.976063
-7.876326
-8.177056
-7.072201
-7.578017
-6.280728
-6.763527
-6.581158
-5.299160
-9.783311
-7.915406
-10.094715
-9.270176
-8.189967
-9.361271
-6.259439
-10.666007
-5.793243
-6.596577
-9.782932
-7.754746
-9.083336
-8.663073
-6.670662
-8.853542
-10.693733
-10.358537
-8.210078
-7.661512
-9.975440
-6.520811
-8.176435
-6.834953
-9.523907
-9.125525
-8.885064
-7.011846
-11.456089
-7.223275
-11.258242
-10.120813
-9.314297
-10.108218
-4.620805
-9.357172
-8.549274
-8.075054
-4.340045
-6.505055
-6.963757
-9.144316
-9.236292
-10.940582
-9.142229
-6.674063
-4.309873
-6.662057
-8.185219
-7.361339
-6.787914
-7.523321
-6.435633
-6.523901
-13.930871
-9.472121
-5.165476
-7.396684
-7.900126
-7.193164
-7.895769
-7.510531
-10.074081
-10.119759
-6.945076
-7.043140
-7.229375
-10.493358
-10.349553
-7.835085
-7.181007
-11.612848
-5.298477
-6.556229
-5.434603
-10.195035
-9.503540
-10.995648
-6.330738
-5.505476
-6.402133
-7.705935
-9.603992
-9.207845
-7.562572
-13.269237
-7.309002
-8.181107
-7.842081
-8.782846
-7.286233
-7.854413
-4.779422
-11.295813
-10.322756
-8.025908
-8.933360
-9.279508
-8.278984
-9.552305
-5.886558
-6.049811
-9.933882
-7.179351
-8.918278
-4.390186
-10.109541
-8.003284
-6.609029
-9.701159
-9.387117
-2.361642
-6.597909
-8.769734
-10.819393
-10.840294
-13.015150
-6.613454
-10.040797
-11.805482
-6.695221
-7.411520
-5.307293
-6.353550
-11.411317
-2.824244
-7.676567
-10.538747
-7.557456
-9.756491
-6.338428
-5.245292
-10.690047
-4.977740
-5.850091
-5.780567
-10.153328
-6.869604
-8.167743
-7.802365
-7.927048
-5.447820
-7.923754
-6.445682
-8.027596
-6.657820
-9.769664
-8.625050
-7.061226
-7.698837
-6.655974
-7.088538
-9.250780
-9.072549
-6.864915
-6.294227
-3.904688
-9.839049
-6.206700
-8.639323
-10.077003
-9.037138
-10.820166
-4.786172
-6.310277
-10.867790
-6.481665
-8.865321
-11.084333
-5.999748
-7.132513
-5.672256
-10.307822
-8.927126
-9.176912
-13.707604
-5.964311
-13.760182
-9.444654
-8.041437
-6.450067
-8.435438
-11.476598
-4.728978
-7.182828
-6.611327
-10.791656
-8.847733
-10.380159
-7.233415
-7.606872
-9.489912
-6.031108
-7.998934
-8.358907
-8.265408
-7.800134
-7.674504
-11.650660
-6.921987
-9.193830
-6.228275
-9.055538
-8.262439
-5.397609
-4.914021
-12.696625
-7.235500
-5.691928
-7.758773
-7.238044
-7.307817
-6.764120
-8.940222
-9.816444
-8.420865
-9.851501
-11.266800
-8.997358
-11.517423
-9.176331
-8.512949
-4.869662
-7.978655
-4.368956
-5.381938
-6.280969
-6.527079
-6.613573
-7.051337
-7.929006
-8.682634
-6.193756
-7.966290
-7.504170
-5.755890
-10.132229
-6.102795
-9.019386
-3.057072
-10.134674
-7.065054
-2.816761
-8.527677
-9.792023
-12.288816
-6.336942
-7.465712
-10.747489
-8.539276
-9.935102
-4.801678
-5.495647
-8.803661
-6.296916
-7.337681
-6.946881
-7.584258
-5.429524
-10.039506
-9.654055
-10.596523
-8.203814
-8.301345
-4.735048
-8.723446
-8.265531
-7.175742
-4.793711
-10.731436
-6.941949
-7.495077
-7.118679
-5.390597
-6.103288
-7.212162
-7.039603
-7.153093
-11.531969
-5.307384
-9.241002
-6.201192
-12.088078
-5.488090
-9.500200
-6.616045
-8.710445
-7.623110
-6.866521
-7.809472
-9.888412
-9.726607
-6.919211
-7.192398
-6.168976
-6.586071
-8.270992
-10.809179
-4.073629
-11.945651
-8.111316
-3.702423
-8.379569
-8.651329
-7.495564
-12.679499
-9.891489
-9.513187
-8.992837
-6.881342
-13.454080
-6.445348
-8.254225
-7.416677
-10.349379
-7.016154
-10.295533
-6.693272
-9.193523
-9.310627
-8.346644
-9.679025
-6.111770
-6.459754
-2.519360
-12.713690
-5.699223
-5.381774
-6.857026
-7.876709
-10.468980
-6.170223
-7.195775
-10.317820
-8.118594
-9.766890
-7.873148
-7.034421
-11.818468
-10.044290
-9.609447
-6.699460
-10.270266
-9.147535
-8.883848
-11.100379
-6.511799
-4.251761
-5.507444
-5.675778
-9.554203
-8.093131
-5.102076
-10.710201
-7.693454
-6.967109
-12.090231
-5.624408
-7.846523
-8.139536
-9.975418
-4.927480
-8.954298
-6.372165
-11.898347
-12.154358
-1.969615
-4.877243
-11.660976
-10.095531
-7.568295
-7.841226
-7.442745
-6.520576
-6.460567
-7.641836
-7.846774
-8.609469
-6.097569
-6.029175
-8.346663
-10.423920
-5.896733
-8.412615
-9.583229
-7.022666
-6.296160
-8.400198
-6.214087
-13.361067
-9.644714
-10.048318
-7.873237
-9.346030
-14.711749
-11.925121
-5.150926
-8.848954
-9.461649
-6.638038
-12.041348
-12.357134
-4.955627
-7.946410
-5.316206
-8.525870
-5.333890
-7.089889
-6.875797
-7.372380
-10.327002
-11.293379
-9.435933
-6.777783
-6.526050
-12.836399
-8.801550
-10.503858
-9.525562
-8.968702
-6.543356
-11.245729
-8.668550
-6.366498
-7.288629
-9.399176
-8.697989
-11.030268
-6.004089
-5.218773
-7.425759
-11.702149
-6.001779
-8.370168
-7.087618
-6.848640
-7.929060
-6.989236
-8.505509
-8.565798
-8.444427
-3.771312
-4.127099
-9.005250
-6.151653
-8.055677
-8.743072
-8.642606
-9.758025
-10.424288
-8.148865
-6.424993
-5.937407
-8.769123
-7.391356
-10.031986
-7.015885
-8.919614
-9.126665
-11.620840
-7.486722
-3.030125
-9.592045
-9.489269
-6.653337
-5.479238
-11.004413
-7.030315
-9.167724
-8.589874
-8.943451
-7.564610
-8.583128
-7.730797
-7.362514
-5.735758
-14.333384
-7.210111
-6.315514
-6.419905
-8.559864
-4.128450
-8.522887
-6.959277
-5.764199
-12.217525
-8.372425
-7.121482
-10.568399
-10.073832
-11.544686
-8.965748
-7.946559
-12.619416
-7.419446
-7.481663
-9.508809
-6.162659
-6.621651
-9.180357
-5.283285
-6.234227
-9.565617
-9.066784
-7.824323
-6.896119
-8.379733
-9.351055
-8.500560
-6.761569
-12.980799
-6.738956
-7.726481
-10.439157
-9.596448
-9.736344
-5.469242
-12.071098
-7.606013
-7.365912
-4.127093
-6.461967
-11.382528
-6.500422
-11.994793
-10.934518
-6.835892
-10.309692
-7.407323
-5.835852
-9.555245
-6.147810
-11.179366
-7.029445
-10.121864
-7.123460
-5.742355
-7.557956
-6.664567
-11.471311
-8.154299
-7.517820
-10.623316
-7.079598
-6.518148
-6.289435
-7.324057
-9.591825
-10.554007
-9.648466
-8.707486
-7.658670
-9.915109
-10.001239
-6.942013
-10.247371
-8.382204
-10.037135
-9.217281
-9.277857
-7.459618
-7.384828
-10.695737
-11.101446
-4.023406
-6.565771
-8.973656
-7.039910
-5.099880
-8.811783
-3.465410
-8.815293
-12.084618
-8.816565
-9.071007
-7.952652
-11.487833
-9.274006
-6.409513
-4.692161
-9.528795
-8.979344
-5.578952
-9.988551
-2.107052
-4.334906
-10.335835
-6.398114
-7.419634
-8.862401
-12.236339
-15.552734
-7.933316
-9.564421
-7.227638
-6.679998
-9.454608
-8.409133
-5.583793
-8.840719
-6.152035
-6.786563
-5.925158
-5.877227
-10.484072
-8.382179
-10.446427
-7.578591
-10.224968
-5.021685
-8.877198
-10.594928
-11.713419
-6.937082
-7.558455
-6.291419
-8.549635
-13.710155
-8.513410
-7.234411
-6.667848
-9.886017
-9.625765
-9.237427
-11.812486
-10.501782
-7.806522
-6.067922
-8.495779
-9.570538
-9.725549
-10.898608
-5.440990
-7.857573
-6.852782
-3.004657
-7.632086
-9.184011
-6.001949
-2.589064
-5.668849
-9.693067
-9.426165
-5.744379
-9.768217
-7.940598
-10.222139
-8.559238
-8.843123
-5.819359
-8.154184
-6.146278
-6.460805
-9.790560
-12.481058
-7.673027
-5.081749
-8.614680
-7.481327
-5.200443
-9.463675
-7.549796
-10.175982
-9.354574
-3.790264
-5.134637
-9.162498
-6.824289
-9.967251
-9.604774
-7.094517
-7.441222
-8.620598
-4.556881
-8.309290
-8.386535
-10.656976
-9.733681
-9.194580
-11.292860
-6.594541
-7.411672
-6.553850
-9.626987
-5.774122
-11.102365
-4.833626
-8.847740
-5.597044
-6.024246
-5.227973
-9.942060
-6.377903
-7.761400
-6.677979
-4.736771
-1.447476
-3.063873
-9.447012
-5.388441
-8.832802
-7.431170
-10.753163
-6.392892
-7.884026
-9.311836
-6.533051
-6.398777
-4.628899
-9.263153
-8.334228
-9.665310
-8.827396
-7.823714
-10.851911
-9.105291
-7.959331
-8.395684
-8.373244
-9.197959
-9.179686
-8.064354
-10.043589
-11.758129
-9.365086
-5.804761
-5.501137
-10.409240
-9.972614
-8.270355
-9.284838
-11.676600
-7.758381
-6.331171
-5.535419
-8.453246
-4.189401
-8.161863
-6.828966
-10.528932
-6.949461
-5.734786
-8.808445
-9.852673
-11.574439
-5.822853
-9.415823
-6.109594
-7.631088
-11.668772
-3.523716
-3.424173
-6.810240
-9.942804
-11.237653
-7.594498
-3.827166
-7.632419
-6.056841
-3.477319
-6.469674
-5.806130
-5.715071
-8.027891
-7.241447
-7.228024
-9.882759
-8.841072
-9.935405
-6.759639
-8.352829
-10.053260
-9.848708
-7.579132
-10.441772
-6.178648
-9.499172
-8.635255
-12.202458
-6.689723
-3.968671
-9.063740
-9.866547
-9.074951
-5.358847
-9.517234
-8.584661
-7.181883
-4.824140
-5.981030
-8.979797
-11.278416
-9.234839
-10.629969
-9.484076
-3.542049
-8.545485
-8.867146
-9.204826
-9.164951
-7.477924
-3.724234
-9.560038
-8.612253
-7.742103
-7.393634
-6.008841
-9.183607
-8.580032
-7.480615
-3.919030
-7.475260
-11.919674
-6.503689
-11.369781
-10.570084
-8.265068
-5.686170
-9.109063
-7.939634
-10.324318
-10.248750
-8.973159
-8.871046
-10.461515
-8.053972
-8.650517
-6.475741
-5.744231
-7.418704
-3.892565
-12.604485
-8.217415
-8.625578
-9.769444
-9.851462
-9.550454
-9.992113
-10.392814
-7.668143
-7.428173
-8.873946
-7.587612
-8.545974
-8.965651
-6.611401
-4.212120
-7.025236
-11.286157
-9.249885
-8.277122
-5.432149
-8.071889
-8.268993
-8.136271
-9.128210
-3.792704
-7.693191
-10.949534
-10.844011
-5.988738
-7.855428
-10.270151
-7.418911
-10.273531
-9.111496
-9.031532
-5.732624
-5.839553
-6.353445
-9.838121
-8.497729
-8.848117
-6.839020
-6.679692
-9.189669
-6.610947
-10.743155
-8.743149
-9.753191
-10.026851
-9.557930
-7.660848
-6.596779
-7.675811
-3.726009
-7.453499
-8.073073
-9.531458
-11.640079
-3.358439
-7.048703
-9.465446
-8.235054
-8.218096
-7.183932
-8.394240
-5.261965
-6.998977
-4.892334
-8.557661
-8.001403
-6.335832
-5.692703
-11.598287
-7.994301
-8.813206
-6.497939
-5.215763
-6.292689
-10.868484
-9.863256
-9.626461
-8.208501
-9.670862
-7.798929
-6.940424
-8.561990
-9.148388
-8.081730
-5.045335
-8.741529
-7.058439
-8.117207
-9.648481
-8.230055
-8.715013
-8.629751
-11.520525
-9.114908
-8.294990
-8.068131
-8.252880
-7.159905
-8.806238
-11.626924
-6.158499
-8.163532
-8.188374
-10.719467
-10.134594
-3.473239
-8.289312
-9.757031
-7.705968
-7.538442
-4.768630
-11.199563
-11.890577
-10.368351
-5.478514
-8.357565
-10.772306
-8.538719
-5.162008
-10.092225
-5.088617
-10.280008
-5.448400
-5.790589
-10.204173
-11.849094
-11.159356
-6.214812
-6.485703
-5.403952
-9.176973
-5.575665
-8.567560
-6.411671
-12.099222
-9.547556
-10.997479
-9.284960
-6.788177
-7.749555
-4.884476
-5.572619
-9.812851
-5.874855
-14.312380
-9.471553
-7.605657
-5.491551
-6.591998
-6.711265
-6.521736
-7.254662
-4.544171
-8.428001
-5.816975
-7.214362
-7.227979
-8.299612
-7.031599
-7.225023
-13.578642
-10.136404
-7.038966
-9.121788
-9.267870
-7.175311
-8.046327
-5.376685
-7.564599
-8.157907
-8.262065
-8.589167
-10.581484
-8.158957
-6.105499
-6.232489
-6.528587
-7.985083
-6.514962
-8.232314
-8.414276
-6.159170
-6.194956
-9.891012
-7.676628
-9.862391
-8.772952
-10.567365
-8.024616
-6.368219
-5.257808
-2.779821
-8.134761
-7.257126
-6.553960
-11.006187
-8.366479
-8.554615
-6.319955
-12.843431
-9.446039
-11.519093
-9.148465
-9.188825
-8.626340
-8.000019
-5.713089
-6.082566
-4.620564
-6.984005
-5.436499
-6.169090
-9.873722
-6.965191
-6.887661
-8.269197
-10.595561
-10.458319
-6.889442
-7.254497
-9.064250
-10.203520
-6.027795
-5.894214
-5.457698
-5.932415
-5.154632
-11.087379
-4.560626
-11.669505
-10.226404
-9.663910
-7.916315
-9.120772
-7.548895
-7.748682
-11.442525
-10.224711
-8.377841
-4.550068
-7.571711
-10.458330
-7.961675
-10.185717
-5.661879
-6.404903
-6.585255
-6.658240
-9.004948
-5.765262
-9.963099
-9.301311
-10.059862
-10.176353
-4.691975
-11.963673
-4.799589
-8.225975
-7.742520
-9.206387
-8.818993
-9.170836
-7.635326
-7.070593
-9.607581
-7.518385
-7.735776
-7.126794
-8.118093
-9.330162
-6.647068
-9.999463
-12.447384
-9.051404
-4.495684
-8.319820
-5.281673
-8.830124
-8.991706
-9.220675
-4.768508
-5.479972
-7.884554
-6.787333
-10.655616
-10.002892
-9.112633
-9.235161
-7.883606
-6.865986
-9.088864
-5.972843
-8.990289
-7.746912
-5.480850
-12.851792
-8.126588
-12.304802
-4.250906
-7.726541
-6.606836
-5.969462
-11.122953
-8.425564
-11.089201
-8.944513
-6.106935
-8.105774
-9.134035
-3.017380
-7.647791
-2.973423
-10.591998
-4.553220
-7.734640
-4.263628
-10.811404
-9.491072
-6.643857
-8.239687
-9.969618
-5.607507
-7.210489
-7.415831
-7.673621
-6.464411
-9.476350
-4.772770
-7.365647
-6.964825
-7.127972
-7.393962
-2.931997
-8.212930
-14.049816
-12.165487
-6.685163
-7.997641
-9.110737
-4.423532
-5.011774
-4.694571
-8.626049
-14.127613
-6.638618
-7.145208
-7.409308
-7.192256
-8.124774
-9.845996
-6.766876
-9.313839
-8.692278
-1.718766
-6.396038
-4.732067
-9.127027
-9.321269
-9.560755
-7.020581
-11.325834
-9.714020
-7.622417
-10.426700
-9.407261
-13.252443
-7.012085
-7.132075
-5.988262
-8.810699
-4.865285
-11.006823
-5.948060
-9.144750
-8.474979
-8.738726
-8.999900
-7.280872
-8.918808
-4.907110
-8.981131
-7.048526
-6.760063
-8.756857
-10.299727
-7.090761
-8.910460
-7.945253
-5.485091
-10.041053
-11.356378
-10.084693
-7.162630
-5.235339
-8.019327
-6.863711
-8.683279
-8.824315
-5.799656
-7.480762
-5.767983
-6.399476
-8.358749
-6.454580
-7.488489
-11.134075
-5.133858
-5.772393
-9.728868
-11.106677
-12.780219
-5.285558
-7.856431
-12.056745
-11.068450
-10.274197
-8.037138
-10.397932
-10.462763
-7.679347
-6.895840
-8.347817
-7.796041
-8.388049
-9.509225
-7.795892
-6.755992
-10.864341
-12.486031
-8.469116
-7.043863
-5.863602
-9.389521
-8.503680
-9.266209
-13.249927
-7.739238
-9.893641
-7.504664
-9.099869
-8.536956
-10.040602
-9.088163
-10.664674
-7.316624
-9.140247
-7.281850
-6.155675
-5.065834
-7.136058
-4.540871
-7.910127
-11.846073
-5.397114
-6.550722
-10.245347
-7.969015
-10.506248
-2.541786
-6.286180
-11.320364
-11.790781
-4.752068
-5.075702
-6.609969
-11.557578
-6.815230
-11.054773
-2.307968
-4.912240
-4.642699
-6.546138
-10.595555
-9.884837
-9.019312
-2.607772
-6.615724
-11.128403
-7.558677
-10.304678
-6.483006
-13.037369
-7.064268
-6.503747
-8.347835
-11.723366
-8.328032
-8.811663
-4.049463
-8.029386
-8.018126
-8.224349
-5.782050
-9.195555
-14.191823
-9.224443
-8.969507
-10.920722
-6.443054
-6.322261
-5.534682
-6.898190
-7.857438
-7.012085
-11.317287
-6.310321
-9.563004
-11.172318
-8.018218
-6.828897
-9.281468
-5.552207
-7.158620
-8.525888
-7.665668
-7.836363
-12.124488
-9.767640
-8.986720
-7.501199
-7.135762
-10.040201
-7.228607
-6.483576
-9.505366
-7.354906
-8.126629
-7.631389
-11.714753
-10.441628
-9.130437
-8.560284
-6.984511
-8.066122
-5.091372
-4.002782
-9.134844
-11.685894
-7.782266
-11.773169
-6.797219
-5.471827
-10.909984
-8.107820
-6.855346
-9.540956
-10.476948
-10.066514
-10.201479
-7.990596
-12.292382
-9.394306
-10.149113
-9.907321
-9.684513
-10.246477
-5.665670
-5.555925
-5.399374
-8.375194
-7.271513
-10.690139
-3.976841
-10.160986
-4.776853
-10.053236
-5.218775
-11.345836
-9.331582
-8.599897
-6.766900
-5.778895
-6.262784
-10.498801
-8.718148
-8.635733
-6.488021
-7.057449
-9.960534
-8.344361
-8.017757
-7.114140
-10.146761
-8.140927
-12.038620
-6.280215
-8.037399
-5.990505
-11.810938
-5.787388
-9.395785
-9.437335
-7.411908
-7.741509
-7.271582
-8.744721
-7.907411
-10.301113
-6.321208
-11.320057
-4.467999
-7.099048
-6.627411
-7.116773
-6.139555
-10.282881
-11.770403
-5.367366
-6.760985
-8.928267
-5.648263
-7.221905
-5.484870
-10.421117
-5.716390
-10.451594
-7.904014
-5.598439
-7.156462
-8.436956
-7.598347
-6.378487
-8.282036
-12.170492
-7.950263
-5.400782
-9.241070
-5.528616
-11.909477
-5.803286
-9.876816
-8.864176
-7.430903
-11.036623
-7.416278
-4.068357
-11.833834
-7.619354
-5.666389
-8.910969
-9.164745
-5.504888
-10.209097
-6.452655
-4.873143
-8.392845
-10.653419
-11.335041
-7.154814
-6.484982
-15.371356
-6.936531
-4.301885
-12.878708
-8.431076
-10.607427
-8.341726
-7.464159
-7.965093
-9.327663
-11.840140
-7.025948
-5.351256
-7.807529
-9.527461
-8.017734
-8.166643
-11.187716
-6.060796
-11.560867
-8.724699
-8.640077
-6.735685
-8.494390
-6.444608
-9.066788
-8.662218
-6.740401
-8.552481
-10.326883
-11.230536
-10.154299
-6.000315
-9.026426
-8.189688
-4.551609
-10.042049
-8.422649
-9.751830
-7.765036
-4.211997
-4.091093
-6.119304
-6.621067
-8.709989
-7.515022
-8.390209
-9.720324
-7.640646
-6.734033
-7.633685
-5.388855
-7.369154
-4.699307
-8.921496
-8.752062
-8.015810
-5.354327
-6.328739
-7.335404
-10.907742
-5.475224
-8.235381
-8.640682
-9.099418
-6.973592
-9.503682
-10.920753
-6.950969
-4.758266
-11.969779
-11.775321
-9.598495
-8.717230
-8.567376
-12.553159
-10.683464
-6.498933
-6.217814
-4.955297
-10.242152
-8.873307
-5.570775
-7.075676
-9.920038
-3.386526
-6.098411
-6.963687
-8.835529
-10.157720
-8.510030
-6.299740
-6.937039
-6.686077
-10.459579
-8.741068
-10.620365
-6.580037
-10.023530
-8.373239
-10.980305
-8.310357
-11.277403
-11.039934
-13.082652
-12.231942
-5.872957
-6.258693
-6.148009
-9.248373
-9.059743
-4.421821
-7.104984
-5.021885
-8.644742
-6.348653
-9.993732
-12.002450
-8.648195
-10.019657
-8.187361
-6.906938
-10.689376
-9.324231
-8.445617
-11.658533
-8.651440
-8.058710
-6.246511
-8.991202
-6.951957
-7.544100
-9.034850
-6.819384
-6.176268
-7.159317
-10.284463
-6.897351
-6.423041
-6.308961
-4.517977
-7.635042
-6.143594
-10.235351
-7.999782
-7.048409
-8.081706
-9.887109
-8.030470
-7.593972
-11.766135
-7.171193
-8.088745
-9.789701
-10.561096
-8.646332
-6.347489
-10.060507
-5.527131
-10.201427
-6.781888
-6.411893
-10.262599
-7.408760
-5.065007
-11.321474
-8.838583
-7.188049
-6.859413
-8.796739
-8.733007
-9.462440
-9.120131
-11.921251
-8.967389
-7.449092
-10.775335
-6.557224
-9.852547
-11.624500
-11.218482
-6.348424
-8.630443
-9.153400
-7.009020
-7.395421
-6.188650
-7.910983
-4.645809
-3.539761
-8.226768
-11.934892
-7.370128
-5.968568
-7.893533
-8.336417
-10.479310
-12.284945
-11.019044
-10.379391
-10.300205
-7.225511
-4.971920
-7.891137
-8.644073
-5.453590
-9.265706
-8.216314
-10.757642
-7.877962
-12.954745
-4.447547
-5.625405
-11.429290
-6.367523
-8.973241
-5.576587
-10.563993
-7.049329
-7.117093
-9.338988
-5.508734
-10.048567
-7.980593
-12.422448
-9.973570
-9.419003
-6.035756
-7.332397
-7.595935
-5.584420
-7.958638
-3.635362
-10.243148
-4.913194
-8.043865
-3.554932
-11.987092
-6.067896
-5.034480
-9.532229
-7.526643
-7.916626
-7.208133
-8.971839
-8.561838
-8.896688
-10.524555
-9.743887
-4.598797
-8.061006
-12.815724
-11.981898
-7.298128
-6.042892
-9.094747
-5.976872
-10.244711
-9.243332
-4.533624
-7.665320
-14.239379
-8.128563
-6.201217
-7.801731
-8.831643
-7.433416
-9.978516
-10.450307
-11.431836
-10.283023
-7.642337
-9.839051
-10.466490
-10.006591
-9.022462
-7.975574
-7.157271
-8.579719
-4.812108
-11.559311
-10.342764
-10.464838
-5.587507
-4.181419
-9.383725
-8.797286
-6.374901
-8.998905
-6.285874
-8.619627
-3.743081
-7.933095
-5.261289
-9.487447
-6.720459
-7.501536
-6.766229
-7.929140
-7.312816
-10.265055
-7.470732
-11.077130
-7.229271
-9.749782
-7.811270
-5.848327
-7.023206
-7.950754
-5.673903
-9.224945
-10.896061
-8.644291
-8.378986
-7.935751
-7.902299
-4.551566
-7.520894
-8.028669
-8.241680
-9.123099
-10.202641
-9.576508
-9.168028
-9.544008
-13.431804
-6.945673
-10.011626
-8.867473
-7.392406
-8.459116
-7.175394
-4.884096
-6.616625
-10.642013
-8.688069
-5.466013
-10.793671
-11.753700
-10.086273
-9.604330
-4.013941
-11.961571
-7.319042
-5.329322
-5.640922
-7.594041
-10.479240
-9.894895
-8.807606
-3.391894
-7.706689
-8.900045
-9.534107
-7.318459
-10.095362
-9.363270
-6.641356
-10.532570
-10.281572
-11.740282
-10.246661
-6.498597
-11.594528
-11.628913
-9.901616
-12.211094
-8.581331
-3.943887
-6.677779
-8.399817
-8.054624
-9.240164
-5.047060
-5.293856
-7.412173
-8.654767
-9.821669
-7.358858
-9.491131
-8.197989
-4.927363
-8.173020
-6.240521
-9.810008
-6.832439
-7.088585
-7.011141
-7.046972
-9.206617
-6.559384
-5.425424
-8.858130
-6.233447
-14.709902
-11.806688
-7.859831
-11.920045
-7.626626
-9.660075
-6.858727
-8.367916
-9.841843
-8.450806
-9.168504
-6.123995
-7.468703
-8.147207
-8.031575
-9.245688
-10.676023
-7.936316
-7.377715
-6.609104
-6.197207
-6.526098
-10.561296
-8.757073
-8.892400
-5.524254
-6.978679
-6.792841
-9.245540
-13.887748
-9.988204
-10.282327
-9.820863
-9.693069
-6.385294
-3.605924
-9.257993
-6.820259
-5.979709
-7.705899
-9.180187
-10.337254
-8.839263
-9.079118
-9.923938
-9.380152
-8.864641
-11.336012
-7.868875
-9.202662
-9.040052
-7.031744
-8.917091
-6.856249
-6.095263
-4.079576
-6.553427
-10.382755
-10.866524
-1.836675
-9.240026
-9.242460
-9.805898
-5.853416
-10.797357
-3.362796
-5.820426
-6.715471
-7.023687
-6.832524
-9.453905
-10.493354
-4.016175
-7.810817
-6.686145
-9.019573
-1.414634
-10.144198
-8.742446
-6.356059
-6.559546
-4.181655
-8.312354
-5.988046
-8.571167
-8.002171
-5.713075
-6.373065
-2.402519
-7.250209
-6.026672
-9.270638
-8.312777
-8.323195
-8.175522
-7.249367
-6.089802
-10.075601
-8.701711
-9.516026
-8.811745
-11.207468
-6.889975
-8.304585
-4.272300
-11.992169
-6.140040
-6.582528
-12.350828
-9.512502
-13.154407
-9.464754
-11.104278
-7.132288
-6.120597
-7.254991
-12.497899
-10.197642
-8.353928
-8.194490
-10.562828
-8.551038
-6.590481
-8.073227
-10.349875
-8.287562
-8.728539
-4.807951
-9.044484
-5.472071
-10.884468
-11.001110
-5.740469
-3.994009
-8.968144
-8.341694
-11.232273
-8.746922
-9.485842
-11.405476
-9.117614
-7.532356
-8.001315
-7.323913
-8.285613
-9.393934
-8.305718
-9.432967
-9.278905
-5.919816
-4.609101
-6.952699
-3.977030
-8.421617
-7.744653
-7.364962
-4.707328
-9.482947
-7.970803
-7.021346
-3.557139
-7.110065
-10.408482
-8.300060
-6.966668
-6.471727
-7.956044
-8.183567
-9.977567
-7.847183
-7.911407
-7.361201
-7.492219
-7.731702
-11.412368
-9.932073
-2.958061
-10.104434
-11.209858
-10.029102
-7.648240
-7.847365
-9.734066
-7.243277
-10.066458
-6.146380
-7.926122
-6.734476
-2.506252
-6.033178
-10.002149
-9.830135
-7.883066
-7.629664
-10.458293
-9.223475
-9.047878
-6.833743
-7.380665
-9.304029
-9.233584
-6.502874
-8.369747
-11.257727
-8.970145
-5.333157
-5.347760
-8.799891
-6.906474
-7.429395
-11.901408
-7.709466
-11.877370
-8.354296
-9.543297
-7.971969
-7.845282
-8.580387
-7.300805
-9.807767
-11.647686
-7.115088
-6.927453
-4.370123
-6.591026
-6.157577
-9.014102
-8.510099
-10.427553
-10.082488
-9.880491
-6.451290
-6.716077
-10.345777
-6.703547
-6.085585
-11.730741
-10.150659
-9.621552
-7.564587
-9.126521
-7.552331
-6.424317
-7.129196
-7.416548
-13.708597
-8.554409
-10.243898
-9.174242
-4.670277
-7.487819
-9.053161
-6.526298
-8.479877
-8.411119
-7.824347
-7.853081
-11.953375
-9.235786
-6.045497
-8.807422
-7.380848
-13.331949
-6.778201
-5.007021
-7.449880
-7.628375
-8.232233
-8.402205
-10.707159
-11.878086
-4.640486
-3.227371
-8.069592
-6.756486
-8.918757
-7.159330
-6.017835
-3.336618
-9.111538
-9.756772
-9.857245
-8.154925
-9.226295
-9.732784
-10.607272
-10.399262
-8.322187
-7.426326
-6.676724
-7.208120
-8.481572
-9.109567
-7.726996
-5.038117
-8.104002
-6.728582
-8.805799
-7.520867
-9.777402
-7.381000
-9.567118
-4.946768
-10.455062
-4.658653
-5.816200
-9.482301
-6.102471
-5.172515
-7.869665
-8.896644
-10.058222
-9.040654
-12.347240
-9.005922
-10.148777
-11.705075
-6.790282
-11.379189
-6.336201
-9.574940
-6.109987
-7.353274
-8.746945
-7.391561
-5.370323
-8.355184
-11.659636
-9.387912
-6.605433
-9.146128
-7.826248
-10.274987
-6.850635
-5.192008
-10.920452
-9.044909
-4.686378
-10.395887
-5.111965
-9.676241
-3.961265
-6.978786
-7.293674
-10.217387
-6.155316
-11.471389
-4.718536
-9.062302
-5.706123
-8.001889
-9.073793
-8.659132
-8.075161
-4.085825
-7.914116
-9.482235
-9.126705
-8.703060
-4.186675
-11.364522
-8.398252
-3.718350
-6.218516
-7.525460
-8.901663
-7.598212
-6.432804
-8.141224
-7.396490
-9.329255
-8.127029
-11.113088
-7.413588
-4.302778
-6.574862
-8.933884
-9.901368
-12.462975
-7.995895
-8.456656
-8.688024
-11.290689
-10.435205
-4.301519
-5.758357
-10.791517
-8.699781
-12.192275
-9.991732
-5.279442
-8.150791
-7.874233
-8.980258
-8.994346
-10.647804
-8.286613
-8.117993
-11.474863
-9.863232
-7.744596
-9.723331
-8.038228
-11.484282
-8.376020
-8.428159
-10.514107
-5.332641
-11.086480
-5.921563
-7.249726
-6.749959
-9.952035
-9.567972
-9.680952
-11.254688
-7.560335
-9.676287
-5.284645
-8.388640
-8.341170
-10.520892
-12.478692
-5.318311
-7.438416
-6.951026
-6.239555
-9.005701
-5.814854
-6.742709
-10.149701
-7.489903
-10.380664
-9.444214
-6.750806
-5.560829
-5.561607
-6.797174
-13.205738
-5.065834
-5.952307
-8.216183
-8.817067
-5.603117
-10.670755
-5.986092
-9.177117
-6.430687
-10.659810
-6.616441
-7.507792
-9.094047
-9.437264
-9.108614
-6.709351
-7.188213
-8.216444
-8.905345
-9.464909
-7.089952
-7.181449
-12.311394
-8.039308
-7.177840
-5.623361
-6.824402
-10.268003
-8.573552
-8.523045
-6.760194
-7.494035
-8.658838
-9.344699
-6.959259
-8.175613
-6.401176
-10.531958
-8.446963
-4.451336
-8.235093
-10.706155
-6.857354
-12.029226
-7.289470
-7.168018
-5.838407
-7.570475
-9.494163
-6.527856
-4.924989
-8.332956
-8.605636
-6.688675
-9.598729
-6.638808
-5.136672
-3.519147
-12.096315
-8.907737
-7.979308
-8.409829
-10.915112
-9.902073
-4.735240
-4.592508
-7.565168
-14.391788
-10.179393
-5.305348
-9.301022
-5.400349
-6.707322
-7.283478
-7.659349
-9.887656
-8.187929
-9.637644
-10.075665
-9.057244
-7.807856
-5.449943
-11.880146
-8.353780
-8.132258
-10.835608
-6.729531
-12.162663
-4.998106
-10.870070
-9.622681
-8.386577
-7.438646
-9.257198
-3.525182
-8.234545
-9.303634
-7.034048
-9.351020
-6.671391
-6.331079
-7.402847
-3.413626
-5.655241
-3.535888
-9.282991
-9.426623
-8.530561
-6.616134
-7.818984
-8.012539
-6.410160
-6.454261
-8.970458
-8.807917
-13.486429
-8.375218
-11.444426
-9.544891
-6.232742
-10.761218
-9.267637
-8.788193
-9.856337
-10.783280
-4.964705
-8.660009
-6.636335
-8.575045
-7.257854
-7.842603
-9.663998
-7.842267
-10.040660
-8.799210
-5.981038
-6.318042
-8.638618
-10.358845
-8.352297
-6.309114
-10.663208
-4.872201
-6.732111
-4.186034
-3.645107
-9.677243
-1.207986
-6.441260
-7.965652
-8.640001
-6.968334
-8.490646
-10.290009
-6.061076
-7.664310
-4.959175
-6.418036
-9.328045
-8.403314
-9.643474
-4.828786
-16.021980
-11.449903
-3.898039
-5.315305
-9.403619
-8.088940
-4.946119
-9.544397
-5.137802
-6.508985
-11.160476
-9.771475
-8.889774
-8.817034
-7.533290
-11.778807
-3.765348
-10.588955
-9.667447
-9.395376
-7.680721
-7.205729
-9.305037
-6.694719
-12.085421
-7.097939
-7.673880
-4.534513
-9.215498
-6.809223
-9.051394
-8.754071
-12.209648
-8.276088
-9.037118
-10.387299
-11.018476
-6.874885
-9.562717
-8.386702
-7.706757
-11.610974
-10.272482
-11.298590
-9.406876
-14.660522
-6.712324
-6.964626
-11.701896
-7.234283
-8.406799
-7.806479
-6.536667
-4.430702
-9.647443
-7.987469
-6.076298
-10.182805
-8.196093
-7.310207
-8.111634
-9.315436
-7.356377
-8.251634
-7.501976
-9.189957
-6.334610
-9.731707
-9.309991
-8.753566
-8.567628
-7.165598
-10.340107
-7.512395
-4.257554
-10.079302
-8.946282
-9.643493
-8.076570
-6.680546
-7.648292
-8.626703
-9.680429
-10.026020
-8.163033
-7.749594
-5.293335
-9.125570
-8.172590
-6.359385
-10.147175
-8.244490
-6.677917
-6.249961
-9.034741
-6.285540
-5.163193
-4.514792
-6.450850
-13.262753
-12.963284
-5.531763
-7.017154
-9.650537
-4.518538
-8.918277
-7.911270
-9.386166
-9.920426
-10.176322
-5.038291
-7.561090
-6.481610
-9.100785
-7.164688
-7.999183
-5.950567
-9.778115
-11.419216
-12.001196
-9.536067
-6.557556
-7.566446
-10.834182
-8.305794
-8.118658
-6.715566
-8.745026
-10.657671
-7.775185
-7.636907
-6.213099
-3.113758
-5.348839
-7.627573
-12.057395
-7.088424
-11.071869
-8.790111
-6.842303
-8.671962
-6.705349
-2.824960
-5.783148
-8.590861
-7.372515
-9.780719
-7.423939
-11.848946
-9.993208
-6.777599
-10.707024
-7.011224
-10.551844
-9.699121
-4.293586
-7.988446
-12.113769
-7.089273
-8.106858
-10.342238
-6.647349
-8.341024
-8.103425
-10.434614
-9.533455
-6.622272
-9.760809
-9.438418
-11.402501
-7.078926
-8.796910
-6.338881
-10.594593
-9.871563
-8.516597
-5.771987
-7.514356
-11.142481
-11.065739
-8.485538
-10.478307
-7.045938
-5.943677
-7.973276
-5.160302
-6.671987
-10.710495
-10.093522
-9.051512
-7.308100
-5.741242
-4.790457
-10.257383
-10.281736
-6.638017
-7.287816
-6.078414
-7.691003
-6.358270
-12.136101
-2.450009
-9.241255
-10.291924
-7.064620
-6.896846
-10.521871
-8.087021
-4.872578
-7.969261
-8.965612
-7.400429
-7.435944
-3.605406
-8.135209
-9.653469
-10.891331
-9.143273
-4.081392
-5.864692
-10.856679
-7.395443
-6.666634
-8.656693
-6.985249
-11.312086
-8.831840
-5.947728
-10.384429
-9.989414
-9.510878
-10.079790
-11.331678
-9.266781
-5.942381
-9.674837
-9.064163
-10.574671
-7.988608
-5.194174
-8.361105
-12.294265
-6.935611
-8.877783
-7.485209
-8.700445
-8.887762
-6.354616
-6.670289
-8.938413
-9.515582
-6.245175
-7.812040
-8.523523
-4.375824
-8.556162
-9.911369
-8.648127
-15.668427
-10.077154
-7.571009
-9.340338
-11.381034
-6.171639
-6.118466
-8.995434
-8.968254
-6.242166
-7.122481
-10.871905
-10.565795
-5.018869
-4.844848
-6.732644
-6.488022
-4.522212
-7.523037
-8.215246
-7.772489
-4.629616
-6.768775
-11.000976
-7.896288
-7.325945
-10.233178
-9.939087
-8.498389
-7.722236
-8.211567
-7.555242
-5.794893
-7.065679
-4.718970
-9.378178
-4.287317
-9.120000
-6.327847
-6.996188
-8.532032
-10.320755
-5.983700
-7.806722
-9.523736
-8.974823
-8.425179
-10.093025
-11.544036
-9.171720
-4.650917
-9.908811
-5.741927
-7.289570
-5.593123
-10.650431
-1.510509
-4.894581
-10.742637
-6.928277
-8.252605
-7.965812
-6.948584
-9.453764
-11.097820
-8.969574
-11.023381
-7.747000
-10.339495
-9.332095
-9.290106
-6.916950
-7.692623
-9.487783
-8.105661
-9.603948
-7.313221
-8.471611
-5.124856
-8.965619
-4.089873
-3.502789
-9.272206
-12.985216
-6.108813
-8.470135
-9.786693
-3.822874
-11.130180
-6.466235
-5.936721
-8.212721
-8.489835
-10.588492
-8.347711
-7.875127
-5.741067
-11.422415
-7.361439
-9.509753
-6.618014
-7.433378
-8.948650
-10.327708
-7.326124
-7.354652
-7.694965
-8.221687
-11.795133
-6.449077
-9.824211
-8.319203
-5.793012
-9.024257
-7.337759
-5.094532
-6.857242
-5.737055
-10.545803
-3.774370
-7.494492
-5.648511
-9.556008
-7.123013
-11.053226
-6.604520
-7.200267
-7.516349
-8.742760
-8.887310
-11.100701
-10.291350
-5.931386
-5.839521
-7.105370
-9.546230
-12.365087
-8.679296
-10.275880
-7.132830
-11.599051
-10.959970
-7.670915
-7.868155
-12.223553
-7.725228
-10.376854
-7.940165
-11.732857
-11.094938
-7.361289
-10.137883
-6.704648
-8.506719
-11.614253
-7.890465
-8.096429
-10.332575
-10.435191
-7.812329
-8.164999
-6.989266
-11.101590
-9.959910
-9.305766
-7.995625
-4.036894
-11.004835
-5.525054
-13.967413
-9.536446
-8.929059
-8.926901
-5.274790
-8.761765
-9.625403
-8.813722
-4.502605
-9.093842
-11.122122
-10.782563
-9.602074
-7.683022
-7.139066
-11.132812
-6.147470
-2.371090
-10.293840
-7.318758
-5.603790
-10.954090
-7.864208
-8.616262
-6.464293
-8.956679
-9.482388
-9.593451
-10.379170
-9.124706
-8.545563
-8.714472
-6.346896
-7.333923
-8.514380
-10.271953
-7.888760
-5.191483
-11.670278
-7.346395
-11.408020
-11.699785
-7.884092
-10.651169
-7.302288
-9.017929
-8.767406
-9.648466
-7.468514
-10.448510
-6.049907
-6.799897
-3.841196
-6.683960
-8.008184
-5.020370
-5.564431
-5.892626
-7.922814
-8.146709
-7.516530
-7.151668
-3.668164
-7.932498
-8.049112
-7.478658
-10.764961
-7.169019
-5.480787
-1.718251
-5.279348
-8.193237
-7.149508
-8.233521
-2.341069
-6.971187
-9.844473
-6.499452
-6.970025
-9.302729
-11.983133
-1.781171
-9.955348
-7.279796
-6.323406
-9.190874
-9.257851
-11.549084
-11.037933
-9.408717
-9.822212
-8.905385
-10.219149
-7.455130
-4.992023
-9.235563
-7.647789
-2.560557
-7.972599
-9.599725
-11.280255
-8.394604
-9.421343
-8.662016
-4.872046
-4.459858
-6.690732
-10.111614
-11.404008
-10.153305
-6.346928
-4.859147
-9.376553
-4.097114
-8.645564
-8.753302
-7.663954
-12.785574
-13.497413
-8.216040
-5.168263
-8.826662
-9.017876
-8.618321
-9.086521
-11.286497
-9.534441
-7.608602
-6.516405
-9.226913
-8.837427
-8.409447
-8.830207
-7.490375
-8.197878
-7.830970
-4.090081
-5.033175
-6.895862
-4.372506
-8.525343
-6.781210
-6.673300
-4.152711
-8.904078
-8.836216
-10.247139
-11.505442
-7.780129
-9.520303
-6.809362
-9.239958
-6.261883
-7.918540
-4.552618
-7.251147
-13.136845
-8.788658
-9.886059
-8.550018
-5.407902
-8.649592
-8.305118
-10.243676
-9.499022
-6.669747
-8.457406
-8.963916
-9.496896
-5.614896
-8.880953
-4.391805
-12.410938
-8.418855
-10.124557
-10.210672
-8.971568
-7.465171
-10.413053
-9.089954
-8.647415
-8.837534
-8.976230
-7.036929
-12.747427
-9.111679
-13.243470
-8.218801
-3.015726
-9.128756
-10.351068
-8.650515
-7.812724
-5.391027
-10.137164
-10.896744
-7.525396
-6.050413
-4.393919
-10.251324
-11.666128
-6.531520
-9.544147
-10.606404
-8.293994
-7.065487
-9.264024
-10.452665
-6.032268
-8.662691
-7.037174
-9.609326
-6.587261
-6.507953
-5.977555
-4.638862
-8.606786
-5.354355
-9.743814
-9.406662
-9.602392
-5.097022
-9.428779
-11.091503
-9.963069
-8.435907
-9.424358
-6.422175
-8.148523
-9.261556
-7.030319
-8.105675
-10.506832
-9.712955
-7.839267
-4.536263
-6.183995
-10.109563
-7.361407
-10.530026
-7.050404
-6.748899
-12.423654
-8.425767
-8.455197
-9.621075
-12.241601
-8.166987
-7.625985
-6.503950
-9.556252
-9.079926
-10.886425
-4.869657
-12.591535
-8.367733
-12.792742
-6.461964
-5.380232
-8.123096
-7.628575
-10.552520
-8.870334
-11.764579
-2.421882
-3.953663
-5.046887
-8.060336
-13.116180
-6.618399
-7.719422
-7.754522
-8.772104
-8.226105
-8.992902
-10.539504
-10.573274
-5.208155
-9.297190
-10.915637
-7.018219
-9.377556
-9.751432
-9.452638
-9.483565
-7.049297
-6.861107
-8.125690
-12.113506
-7.578623
-5.052485
-5.524614
-9.587053
-9.186829
-9.072990
-9.513799
-9.270872
-11.023163
-8.219792
-8.269220
-8.382153
-11.348385
-6.997217
-10.558446
-6.251710
-8.945614
-9.766858
-10.387309
-9.042078
-11.227002
-7.383959
-7.219760
-8.580905
-8.284266
-10.502905
-10.060568
-7.952269
-11.602075
-9.496823
-6.214012
-7.268329
-8.123281
-7.925831
-9.754715
-8.161407
-8.138327
-9.200366
-8.517710
-9.116318
-6.218364
-7.691030
-7.918571
-8.070915
-8.128654
-9.325834
-8.919686
-8.659913
-8.570276
-9.303911
-5.612472
-5.855024
-2.758279
-7.342129
-12.262287
-8.991355
-9.712134
-6.532525
-4.631745
-6.818560
-8.029888
-7.705328
-5.205066
-5.329916
-10.510517
-10.146074
-10.576179
-9.171596
-5.429921
-10.559418
-9.271706
-8.420853
-7.897175
-6.234246
-11.348891
-6.530527
-8.143461
-4.376048
-7.520885
-7.224284
-6.574845
-8.024513
-3.876479
-9.258936
-7.967755
-9.489293
-5.776449
-10.380594
-8.613354
-7.649753
-8.765786
-9.758874
-6.729924
-5.264632
-8.405235
-10.117029
-10.391609
-4.833056
-8.538742
-7.752091
-5.907253
-4.868311
-5.967111
-10.970617
-9.109158
-6.527505
-8.721483
-7.471595
-7.364410
-8.306301
-6.989906
-6.746617
-8.374985
-10.457243
-4.936480
-13.639869
-11.439969
-7.435848
-7.071672
-7.843554
-8.832216
-9.640306
-8.591703
-10.491890
-8.995793
-8.327498
-9.869148
-10.767951
-9.048833
-5.742000
-10.364458
-12.905732
-8.996032
-7.295552
-5.311738
-9.444720
-9.991299
-6.080603
-14.038494
-7.972952
-9.037448
-3.561703
-11.455116
-7.672928
-8.127677
-7.422896
-7.737842
-5.315631
-6.302016
-9.099590
-5.068817
-8.625097
-9.444748
-12.122182
-7.336462
-8.606644
-7.644772
-5.640243
-5.142301
-6.820052
-9.880402
-6.415028
-6.901251
-7.862340
-7.103866
-9.032072
-10.280614
-9.401646
-8.020766
-11.053514
-10.817990
-9.156674
-5.737335
-10.549938
-9.072207
-7.608384
-7.819687
-9.360823
-11.293926
-8.261236
-6.634100
-12.587422
-9.341407
-9.069824
-3.584401
-12.214348
-8.149089
-7.210033
-9.914299
-6.801588
-11.470187
-12.927532
-8.198087
-9.873320
-5.272749
-8.851937
-9.710695
-12.547083
-8.793352
-8.275417
-10.380125
-7.777797
-9.669750
-7.574740
-6.898299
-5.694211
-8.745433
-8.030461
-6.994613
-7.385659
-5.906720
-7.362806
-8.604679
-9.552217
-8.985426
-5.560711
-7.888065
-6.793773
-8.328815
-7.933158
-9.318855
-10.861346
-9.834712
-8.014179
-4.817228
-8.586040
-8.436989
-9.039614
-9.115438
-14.584286
-7.222266
-7.154875
-9.660116
-7.566883
-8.413467
-6.964290
-7.310998
-8.631717
-9.019294
-6.016106
-8.905981
-8.010597
-4.750054
-4.499129
-8.659972
-10.027731
-5.599597
-9.441118
-5.250536
-7.422551
-4.641541
-9.024052
-8.662531
-6.683595
-6.317977
-6.871427
-4.962097
-4.587471
-10.544302
-11.550508
-6.106124
-9.065308
-7.712950
-10.734951
-9.965594
-5.554378
-7.865121
-4.316915
-5.555734
-8.055773
-4.790930
-6.553726
-7.399051
-2.397075
-6.230153
-12.532831
-7.402369
-9.723013
-6.998698
-7.072065
-12.106709
-5.437221
-9.019833
-7.408502
-11.516518
-9.933371
-7.404598
-10.777274
-6.949741
-10.331014
-5.473806
-7.002068
-11.156406
-10.792703
-7.489769
-8.397312
-5.296155
-7.268581
-6.897583
-8.251095
-6.712156
-4.296226
-7.108276
-11.433115
-5.787410
-8.158726
-10.410011
-7.574949
-6.329680
-9.614860
-9.652659
-7.106619
-7.077694
-7.816834
-11.613066
-7.078187
-9.254469
-6.609177
-11.247848
-12.644427
-7.571407
-13.370611
-8.016711
-4.599550
-8.852080
-4.891393
-7.024668
-10.759909
-7.331849
-4.995500
-10.087722
-10.702168
-9.154057
-7.447678
-7.640556
-10.085173
-7.579788
-11.925945
-6.413845
-6.752825
-7.486015
-4.152925
-8.533537
-8.421962
-7.117216
-6.569451
-7.570090
-6.772948
-7.292399
-8.413962
-6.363652
-8.021043
-6.662684
-4.371830
-6.934493
-6.677614
-7.336317
-10.384348
-5.168022
-8.015863
-12.875068
-11.637929
-9.807326
-7.887304
-10.718887
-8.861338
-9.252975
-6.654531
-5.103291
-8.635310
-9.900616
-7.992810
-10.367153
-6.134993
-7.007886
-8.577933
-9.077432
-8.457522
-9.241023
-7.399189
-5.846889
-8.567924
-7.983136
-5.385129
-5.487272
-7.721382
-10.575370
-10.131992
-10.946815
-11.415376
-9.189420
-9.497229
-7.995710
-8.925075
-9.450479
-10.394079
-5.777222
-7.373591
-6.717229
-7.852266
-9.720778
-7.433410
-10.178319
-11.169643
-8.913912
-9.522190
-5.384221
-11.365325
-10.898564
-9.156498
-10.082274
-6.052135
-7.834673
-8.961226
-11.127241
-9.502452
-10.698812
-9.671610
-7.653828
-6.916111
-6.745666
-9.554307
-5.726708
-6.014153
-9.924346
-6.251287
-5.943526
-8.395663
-11.134501
-7.376280
-9.058094
-3.899720
-8.265181
-7.126794
-8.761223
-8.850725
-6.058402
-4.729414
-8.874320
-8.729655
-9.412370
-9.886338
-4.672552
-10.603376
-6.865548
-5.467880
-10.749675
-5.314745
-10.479797
-11.364470
-7.202984
-10.358181
-8.120184
-9.065757
-7.572095
-6.145946
-9.175088
-10.029884
-8.374184
-7.935789
-5.227090
-6.414700
-8.199638
-7.553934
-9.428227
-7.739207
-8.013494
-5.259329
-9.931358
-5.287466
-7.385592
-8.763041
-6.698246
-3.919028
-9.613320
-11.119375
-9.055045
-9.015692
-13.622419
-9.817129
-7.927794
-6.001912
-8.205701
-11.698684
-8.909592
-10.763227
-5.890151
-8.666694
-6.477285
-8.488770
-9.323637
-5.417951
-7.502916
-7.960234
-10.112876
-8.964804
-7.979874
-6.106723
-7.541761
-11.635874
-7.853390
-9.337597
-8.898651
-7.100326
-9.182604
-8.903681
-8.201430
-7.339063
-5.488838
-8.788333
-7.625095
-10.512063
-6.972968
-6.823312
-8.200118
-5.763419
-9.197233
-7.190897
-10.657843
-4.547649
-9.709221
-8.795408
-7.746680
-7.507641
-11.110297
-7.271847
-6.466339
-8.504323
-9.427807
-6.709926
-4.076529
-7.676431
-8.403662
-6.853951
-9.039446
-6.740694
-11.618860
-10.700064
-8.011541
-10.479522
-12.752886
-11.658448
-11.944593
-12.264633
-4.786054
-7.676355
-5.674305
-7.742167
-8.660858
-8.487355
-8.010403
-8.208513
-8.863273
-7.896100
-7.738879
-6.463561
-7.847928
-9.267070
-7.103261
-7.921127
-5.460424
-7.729457
-9.161540
-6.259577
-9.794016
-5.914122
-9.629226
-7.556052
-14.317317
-10.901157
-5.412014
-8.715410
-11.664339
-6.703095
-4.803479
-11.209674
-8.161924
-5.384708
-5.614301
-7.900301
-8.984472
-8.547688
-7.550220
-9.525906
-7.524189
-7.745572
-7.323484
-7.176099
-3.403629
-5.594247
-10.130745
-5.106125
-8.854126
-9.179855
-6.504366
-6.746990
-4.721351
-7.592642
-6.079024
-7.157952
-7.309674
-10.847472
-7.364015
-9.808769
-6.137343
-12.110864
-5.371825
-12.505723
-8.468572
-9.775865
-10.555883
-9.413167
-9.117737
-8.245045
-9.678444
-9.844407
-6.853981
-7.503690
-7.889475
-8.994418
-7.491146
-11.940403
-10.662532
-9.859722
-9.309021
-6.371302
-9.907378
-8.974811
-8.828342
-5.398472
-6.982821
-9.045205
-8.516994
-10.246950
-6.108497
-8.736712
-6.618731
-8.357973
-8.919705
-7.163501
-8.603708
-6.041992
-12.199492
-8.590174
-6.717239
-9.305221
-8.503413
-6.539810
-6.807741
-8.200333
-12.037946
-6.821781
-9.724142
-8.668222
-6.923388
-10.097395
-7.262018
-6.904683
-6.770702
-8.190950
-7.614485
-9.063698
-8.766828
-12.518038
-7.191974
-5.844100
-5.558093
-10.295717
-7.861979
-6.560667
-11.774715
-8.434693
-5.623736
-6.477206
-10.843584
-5.774536
-10.396296
-6.986071
-7.684826
-9.361093
-9.104631
-9.805593
-8.469609
-8.313776
-7.411533
-11.487845
-9.475855
-10.485082
-8.999907
-10.379875
-4.141053
-7.051036
-7.352227
-7.127110
-6.653084
-8.115313
-9.107761
-9.266075
-7.232658
-7.338003
-10.016856
-8.892056
-4.834471
-10.915881
-9.808792
-9.010601
-7.054229
-7.306286
-10.651112
-8.431314
-9.261952
-9.190050
-2.158990
-8.855861
-8.802605
-11.966198
-7.086808
-8.854818
-6.003215
-8.974768
-7.343328
-5.896389
-10.670081
-7.786778
-6.325612
-8.165798
-9.114388
-10.069412
-6.446972
-13.552298
-7.558688
-9.552160
-6.143055
-10.965971
-9.899364
-7.852097
-10.487638
-7.455347
-11.626694
-7.301261
-8.041862
-7.075707
-9.560248
-10.411170
-5.899013
-6.910459
-10.495235
-7.021073
-7.567533
-4.113668
-6.329133
-7.062152
-9.028355
-8.744499
-9.321018
-7.672791
-4.015090
-9.429808
-6.622282
-11.001240
-9.453977
-7.637613
-12.626414
-11.463285
-8.898115
-10.956953
-8.597940
-5.948138
-6.052437
-11.295624
-6.714546
-9.841599
-6.344128
-6.728547
-9.077801
-7.480523
-8.811250
-5.286292
-9.844943
-6.593388
-8.150536
-9.104062
-8.257790
-9.422840
-7.286534
-9.609338
-9.875227
-9.812058
-11.177780
-10.335653
