8
1 500 1000 200 42 777 13 99
-4.688814
18.794323
10.468129
2.220299
-0.665175
-0.062947
1.128744
14.408024
-0.542954
8.406919
1.441176
2.632153
15.610097
10.378793
15.605753
0.205698
1.861732
2.189316
1.372189
2.836319
-0.216843
-4.184004
1.246820
0.690222
0.072735
-0.035118
9.216546
3.474226
-1.388529
2.404478
0.477188
6.065274
1.572891
5.928259
3.079380
7.085854
4.591431
4.544151
1.467522
-0.455210
2.568644
5.622248
-0.862765
2.223880
4.177678
4.812717
2.074753
5.530061
3.662841
-0.445745
1.092173
3.887939
2.863861
3.359617
5.167736
-0.708664
2.153763
2.913008
1.472509
0.937127
0.616272
-2.296116
1.572891
-0.686557
2.324753
3.854021
5.559513
9.103771
5.768459
2.215044
6.319698
6.137654
7.519809
8.538084
2.407537
8.553939
4.188185
9.112781
2.606733
6.011403
8.520539
-2.037065
10.140204
9.811733
2.973972
5.829079
7.232010
2.913763
2.635163
4.258162
6.631672
0.616272
3.380221
1.954517
-1.388529
1.622435
-2.244987
-0.845822
-4.668040
0.616272
-0.137469
4.319357
0.616272
-6.420128
-5.231796
0.616272
0.616272
-1.365202
0.616272
-1.388529
5.732796
0.616272
0.266962
3.312264
1.572891
1.572891
0.616272
3.243958
-0.665175
-0.651792
0.444950
-1.388529
-0.574644
-0.716949
-0.217228
-1.388529
0.062314
2.979177
3.081706
1.008287
1.985614
1.572891
0.616272
-4.754675
0.731315
0.616272
-0.665175
-1.134708
0.616272
-0.574644
2.220299
1.181737
3.840442
2.878952
0.616272
1.572891
-1.388529
0.616272
2.878952
-1.388529
0.616272
4.424769
-1.388529
-1.388529
1.628050
-0.665175
0.616272
0.122649
-0.574644
-2.930963
0.445073
0.616272
0.616272
2.220299
0.477188
0.616272
-0.665175
0.616272
-0.665175
-0.289095
-1.388529
1.572891
-1.089307
1.572891
0.477188
0.616272
1.106783
2.220299
-0.574644
-1.388529
-0.574644
2.220299
1.572891
-1.388529
0.447732
0.616272
-1.388529
2.028698
-1.388529
1.572891
0.578936
0.122649
-1.388529
2.220299
3.070615
0.578936
-0.665175
2.878952
2.878952
5.591674
0.632080
0.530343
1.572891
0.616272
1.286468
-2.094825
-0.574644
-1.114126
1.329515
0.477188
-0.665175
-0.665175
1.286468
-1.114126
1.572891
-2.400961
0.616272
0.616272
-3.094213
-2.233941
0.616272
6.638604
1.572891
0.195986
-1.384679
0.477188
0.278795
-1.035188
2.220299
-2.262520
0.616272
2.996769
2.220299
-8.327881
4.122415
0.616272
0.445073
0.122649
1.505938
-0.665175
-0.574644
-0.665175
-0.906089
-1.114126
0.616272
0.192394
0.616272
3.198723
0.714463
0.616272
-1.388529
0.616272
0.647730
1.454273
-1.388529
-4.120208
1.849960
3.004529
4.889484
4.915661
7.482140
4.943497
6.626184
3.425669
9.228090
12.509484
2.784532
6.211772
4.658761
3.369611
6.993242
10.513686
1.668456
3.829063
6.421253
7.335316
4.374651
3.289491
10.277338
6.527431
-1.597041
7.631172
6.899981
3.868101
11.720415
12.954693
5.756976
3.525290
3.173311
2.766249
5.935144
5.865666
6.105534
5.373958
0.037886
6.754515
2.597145
1.306632
2.934269
2.013888
-1.882191
9.813197
12.830276
-2.034749
-0.815744
5.421179
4.646987
9.172122
6.293650
4.394843
5.425688
4.520231
4.435510
0.541240
3.592507
1.277621
6.427420
5.945997
1.316389
-0.278670
6.915911
2.121500
3.589170
10.276131
-2.094404
5.688222
2.285552
5.166353
3.125534
-0.427296
-0.949121
3.086975
6.735102
6.227343
6.573061
3.003626
8.065500
5.591205
2.454252
7.651945
2.676721
6.309123
0.669928
0.868803
-2.603505
5.271965
1.415785
7.642954
5.486627
0.936056
2.079886
-3.374894
5.368114
4.566310
6.436880
1.065514
1.782478
7.918564
0.928627
-0.665175
0.122649
0.616272
-0.574644
-1.388529
4.358673
15.047259
2.542881
-0.306382
3.503654
0.515638
0.323610
5.719902
4.781130
3.560732
-1.115917
1.412700
-0.854963
4.464508
-1.545897
0.161995
-1.473645
3.943251
3.363642
8.427907
9.056242
7.383404
6.520258
4.427907
5.602838
6.985661
3.163231
7.706688
4.904454
3.010893
3.089067
0.019737
4.829551
7.676653
6.599739
2.566238
5.603916
2.524412
-2.371984
3.223726
7.553907
9.284542
0.274586
1.345910
0.867485
8.416279
5.246339
9.208505
9.631446
4.267875
5.919889
4.049367
4.303845
2.942591
6.936597
8.010166
7.250309
10.352070
-5.204073
5.622893
2.184009
6.966005
6.257525
2.148352
0.073678
2.378048
3.965395
7.105402
4.505455
10.621776
5.338140
1.050985
5.485636
6.532818
-0.288716
1.798274
6.223720
5.695403
-1.556852
6.248127
2.199210
-0.956429
4.170931
10.459216
4.974429
-0.119918
-1.352140
-3.371840
5.855975
-1.029171
4.879475
4.576900
6.051917
7.577968
4.042713
1.191473
4.628643
-0.649822
3.661318
-0.440497
5.072998
3.967361
6.364594
-2.179757
4.916202
2.002613
6.539450
9.363529
6.306547
1.583913
7.167250
6.734088
-0.652960
5.332107
1.244316
2.723213
0.941553
1.533839
2.144784
2.108128
5.397147
7.412886
-1.027063
5.671786
3.413880
-2.437834
5.324100
-1.926010
5.337317
11.013910
1.563747
8.323476
7.870941
4.657465
2.173653
0.879869
1.551343
7.569304
5.774771
0.881651
1.704187
5.980944
2.109972
7.314804
0.503085
8.270502
1.560253
0.446645
2.665958
8.308904
-3.161016
12.154759
2.495397
-2.493008
6.670589
3.615150
3.899819
-0.293797
3.106205
3.094492
6.642558
3.124691
6.537736
0.145525
-1.284514
0.104391
6.028679
3.907535
6.905933
4.193911
1.905218
2.862989
3.326399
6.100279
9.501063
0.436113
7.602991
3.142941
3.368368
0.616272
1.936258
0.529325
3.446106
2.383046
2.472859
0.287261
-1.164624
2.576721
4.143386
-0.410415
4.519799
1.735744
3.815682
8.649246
3.944687
3.693380
7.310141
3.525420
0.248662
3.012101
11.426643
4.601032
3.259118
3.281436
3.589372
0.095081
-3.099265
0.236922
6.446929
7.310641
10.577343
3.349043
-0.337151
1.795321
2.649427
0.682281
3.545877
2.040994
1.572891
2.205297
11.314443
1.366053
-1.479558
1.536293
7.279934
4.406221
2.289412
4.720440
3.032196
3.297675
2.089245
5.386626
7.940565
0.727175
5.018824
1.094195
1.234865
0.823598
4.812338
-0.568581
-3.467512
4.073347
-0.173328
2.029638
5.729116
-1.064189
2.535807
-0.304578
6.533374
-0.014744
5.830161
-1.024207
5.515602
1.609474
6.806537
5.680468
-0.114582
3.722588
0.566294
-1.572316
7.468222
-2.906204
3.232669
-2.627993
7.567745
8.663218
-0.666698
-0.713192
6.039920
4.802717
5.506248
4.427134
-0.710905
4.216043
1.568071
4.737128
2.981287
10.127956
4.245762
4.925359
1.878237
0.641977
4.438725
1.404946
9.121380
3.818586
-2.407667
0.538776
-0.473030
5.713781
1.143867
-1.751624
1.331548
5.264713
5.727767
1.211529
0.278417
8.343961
0.435265
2.677535
8.472214
3.043696
4.534582
7.003282
-0.942389
-0.942282
2.738257
4.546012
-1.996971
0.702621
0.290947
1.906545
1.765338
-1.164648
-0.014633
1.379654
1.424251
3.394642
-0.387777
0.035969
2.090339
2.237045
3.716702
0.360015
0.044875
2.972312
5.937901
5.962834
-3.215780
0.741475
6.353759
2.020499
5.638381
0.006776
1.408026
0.616272
7.396433
1.744390
1.195953
10.366342
6.749171
0.459192
2.143997
3.707002
4.853189
5.492119
-0.522657
0.516256
1.944341
4.049594
5.855485
-1.293112
-0.051644
3.314751
-2.483688
2.944666
2.455015
4.453256
8.928246
2.220299
1.409532
2.588735
4.568258
1.976257
3.929731
1.854672
1.498143
9.698483
5.683503
2.327287
6.796144
5.919785
6.262514
2.201639
4.493162
5.777584
3.131119
0.969262
4.695557
1.489577
10.110052
0.456491
3.682526
0.467425
3.186318
-0.851958
3.081178
8.734112
-0.908430
-1.906393
-0.568861
5.127693
0.134977
6.874956
5.901754
0.767438
-2.546891
2.470746
3.757483
1.062056
1.889009
1.804432
4.957776
1.953212
2.536362
4.234781
2.752532
6.828229
-0.084229
-0.099497
5.079063
6.822451
3.768414
1.731464
4.066227
4.714614
0.200098
-0.318669
1.533700
1.482124
9.056612
6.698351
6.031589
7.471251
2.358307
5.611897
-1.192429
-2.983732
4.212523
5.016953
2.108186
0.541445
3.048808
3.249117
3.742685
2.136555
1.445966
2.007039
4.491826
5.501180
3.578759
5.304040
1.582979
-3.083652
3.396929
3.396262
4.182082
-2.163670
11.366268
3.432487
7.139234
2.916200
2.648963
1.544930
1.771761
1.465975
1.547565
7.129376
-2.240168
-0.203358
3.725063
4.447859
4.759506
-2.143510
7.092922
1.884810
2.575536
1.578943
1.779980
1.575729
2.015941
1.001935
0.338922
6.659899
2.201108
0.330438
5.758544
-0.045080
0.607841
1.319875
8.516479
0.215449
4.432360
1.572558
2.743460
-1.439799
5.893742
-1.179214
0.805037
2.758162
-1.229865
5.549582
7.219218
-2.962339
0.347692
5.220903
2.100397
6.429761
5.954606
6.667063
6.990229
6.006474
0.688190
0.190752
-3.392073
0.983414
7.166595
-0.196898
4.277905
4.473087
5.990440
-1.481768
6.747867
-1.176810
3.886232
4.581333
-0.365418
1.647057
2.910104
4.171159
-3.668919
1.403863
1.517540
1.431660
5.259867
2.293509
0.867086
7.028702
-0.859041
0.785541
6.097379
2.857427
6.754797
-4.068389
1.037621
4.167314
8.382043
4.729421
-1.344088
2.124866
-0.184152
1.771243
3.288849
2.419758
4.536283
6.911527
2.837615
1.926199
8.760987
-0.482537
-0.616624
-2.054749
1.343901
3.656160
8.533194
-1.048225
1.065303
1.460760
1.954517
-1.392004
1.930334
-1.399033
4.288043
2.530083
7.698732
1.468556
1.005510
1.572891
2.128582
-1.799959
2.933424
6.239077
6.038462
1.458125
2.156502
0.051872
-0.704704
3.628487
6.025474
1.755214
3.506788
6.070392
4.809147
6.446222
6.291306
2.852767
1.441586
1.051214
1.005591
-0.819409
9.096057
-1.986957
4.191973
6.267507
3.423276
3.611829
3.191440
5.235360
2.707256
4.162374
7.309844
0.894201
4.481401
3.389148
8.787295
2.952171
-0.188510
0.383286
2.314301
0.168800
1.726081
-3.374942
1.429147
-1.734763
2.029959
-0.611266
2.394756
1.850318
-0.376434
1.260653
1.315864
4.691310
2.309519
2.708182
-1.239859
0.425041
1.009443
4.056526
4.511320
3.503007
3.787210
2.902633
-0.726125
3.678413
4.605635
4.816525
5.151155
-2.112233
-0.517216
2.662921
1.339316
3.431244
1.093967
2.557331
7.679747
7.457391
0.365902
4.284210
6.105135
-2.915292
2.094790
5.878716
3.607024
6.565774
0.692924
5.308375
2.413281
0.922644
-1.150349
3.688031
2.049639
6.823416
6.719234
4.444920
0.455051
4.800509
0.935082
0.486016
2.701200
6.121358
-3.258602
3.246551
1.728715
1.705996
3.190716
-1.069402
4.944821
2.380125
1.533284
4.627189
1.599933
2.777682
3.067589
4.915092
-0.903738
-0.369434
3.131958
4.407751
6.065512
0.396785
2.762341
0.839514
-1.131723
4.326294
5.334985
6.499331
0.872341
2.719025
-0.818806
3.335932
7.282669
0.471463
-2.452522
-5.281439
3.962059
1.654613
-3.803700
5.525604
3.743999
2.780934
6.154912
-0.603765
3.144948
5.275071
3.118538
4.303832
-1.388529
2.553646
-7.360707
5.572419
4.673138
3.849586
1.969266
3.048951
-2.467426
1.265407
-0.209328
-1.473120
4.703344
5.959369
2.296542
2.568585
1.947014
0.686091
1.565293
-1.388529
2.157215
2.051204
-4.615789
2.879915
-5.911200
0.873902
0.275245
0.359106
-1.535973
7.654030
2.669637
2.260849
1.382319
4.260690
1.196392
0.851295
0.939692
1.443667
0.567581
5.155902
1.586332
1.491753
2.297819
0.429145
7.250174
4.315016
-0.040459
-2.176441
0.691233
2.642266
5.981681
1.962182
0.635751
2.528913
2.752452
2.492569
0.333017
6.716831
2.505926
4.119780
2.992939
-1.499773
-0.038133
-1.477035
0.251039
0.206614
0.616272
-1.388529
2.567692
-2.656929
5.979425
2.315269
-2.811050
2.194263
-0.705506
4.484571
3.839502
1.779411
4.829281
1.622286
2.800535
1.052717
0.372233
0.214334
3.768235
3.972713
3.219814
5.766996
3.758340
1.732250
0.954570
3.615803
-1.496924
-3.609721
-0.465456
4.082440
4.582842
4.069721
0.080027
4.059504
-1.266093
2.841936
0.182368
1.958033
1.206377
3.501118
-2.756073
3.496706
7.135266
1.696409
3.820518
4.302160
1.170307
4.000875
0.288305
6.646692
2.089845
1.760078
3.538110
3.877073
3.121207
2.322218
-2.572610
3.059223
2.768706
-2.583996
6.405796
0.560564
-1.061584
6.516851
4.401836
3.507056
-1.575909
-0.795420
0.837757
-1.372357
1.534093
1.806385
-3.167583
1.454885
0.994248
3.063186
-1.551507
4.056031
4.674931
1.037626
0.820920
-0.042395
0.445073
-1.417896
4.286028
1.846869
4.161780
1.879745
4.147198
-1.028296
1.808557
1.572891
-0.527360
3.167953
-0.836378
0.682591
-0.894249
-0.501268
-2.131213
5.520523
6.280446
-0.554319
3.859229
-0.763159
3.209121
0.616272
3.773876
-1.566160
2.620191
1.945234
2.035001
2.181333
0.949085
0.297017
-2.906574
2.330648
-0.874324
4.705009
1.104207
0.302731
0.786373
7.442704
3.745518
-0.737522
-0.034396
4.140097
1.269681
2.879756
-0.831951
1.552287
0.700844
4.777315
2.123743
2.005848
5.156862
2.284334
1.387913
5.951470
2.674118
0.516822
-0.511390
4.689528
-0.754756
0.610353
8.008329
2.615072
-0.221146
5.311771
-1.170220
3.442953
4.824151
5.890945
4.583600
-1.884295
5.239376
8.230467
3.116076
2.274591
3.372098
7.437382
1.254810
5.054374
-0.270630
5.502731
10.539103
3.794027
1.145355
1.983942
-3.040097
0.953522
-1.844518
6.367010
4.107699
3.203626
5.005125
4.684184
5.798944
0.751221
5.042380
3.012085
1.936399
3.433042
2.045947
8.207018
-0.531785
5.484282
2.638408
-1.533918
-0.375930
1.323597
7.153948
1.301657
-3.608031
-0.463372
-0.633188
4.725561
3.064161
-0.201964
0.112556
6.461991
1.735281
1.143600
-1.274700
4.601585
-0.407269
-0.935541
8.726866
0.022582
-2.463790
0.457798
0.251222
2.624533
-4.055687
6.357338
0.287157
5.903608
1.452194
-0.403355
3.757470
-2.924961
4.505696
2.764301
-2.911270
-0.213246
3.561430
-3.024324
9.764558
2.196649
0.928392
2.529915
-1.388529
2.464926
5.852985
1.917739
-1.788298
0.966265
4.367887
3.224240
5.630400
2.611939
4.455295
0.077282
-2.023693
4.415684
1.875582
2.343840
-0.381471
1.870051
-0.958513
0.979456
0.092994
-1.068323
-2.661486
5.050940
11.486615
-1.385538
3.376807
-1.914155
-2.333257
0.398356
4.251190
-2.372769
4.440657
8.012148
-0.852661
0.211939
1.352139
1.655007
1.265618
-2.052568
1.558246
4.982612
3.224874
6.650064
-2.707970
-0.650726
2.517622
4.143667
1.707077
0.740422
3.448132
3.996789
-2.459770
0.250191
1.426236
3.143125
0.976678
1.326671
3.844689
0.031700
1.447569
-0.969646
4.980478
-1.037252
-2.936928
1.475953
6.191029
1.572891
-1.810936
2.585181
4.382548
-0.583069
3.400629
2.170023
5.733805
3.673025
1.023106
7.537856
5.905998
4.462878
-0.307833
4.152941
-1.820835
-0.409709
-2.055045
6.319934
2.338609
5.939039
2.485044
3.759212
8.444871
0.274599
2.256003
0.999401
1.820776
8.625717
-0.435065
2.106209
3.475401
1.958695
-0.665175
0.702368
-2.858736
0.712960
4.883460
1.345258
2.075910
2.923816
3.048986
-2.627960
1.732414
4.591524
1.983966
2.093777
3.122812
3.079566
3.428117
4.957892
-3.243092
-0.297658
5.917712
3.929767
1.658039
1.927979
9.460020
-0.806131
2.395385
3.191443
1.400875
1.991611
6.042572
6.686183
-0.937636
-3.002186
1.927990
7.908749
1.483529
4.032331
3.518352
11.960079
5.596556
2.186256
-1.323400
2.542534
-2.052713
-0.319442
0.038427
-1.808110
2.029273
2.278220
3.277444
-2.318699
3.660187
0.998678
7.955746
1.717051
4.404732
2.717012
0.933464
4.724010
5.745120
6.305399
1.260464
0.792989
3.722425
4.904587
-1.129852
-3.053188
0.030316
2.686898
0.439476
6.382879
6.270588
4.519939
-2.129991
-0.843595
-0.919490
4.993216
1.909028
3.795187
1.366305
4.876835
0.279711
5.276017
4.062893
6.772819
-0.492179
3.823435
7.039467
-1.418863
3.057018
-0.611778
1.187324
3.689719
-2.226841
5.155671
-0.406299
0.835321
4.193728
-0.324871
6.922443
2.232217
-1.444609
4.523825
1.089490
4.386790
3.291713
4.517694
2.269356
1.553904
-3.202812
3.919596
7.144099
5.826488
-1.299188
2.849625
3.096594
1.249786
4.868449
0.810287
1.999231
1.084522
-0.691160
2.966055
6.163306
-0.329307
0.103702
-0.789605
-1.951159
1.182557
-0.933605
-2.812857
5.453424
-3.486658
10.542079
2.764449
1.498845
2.879687
3.390776
2.024179
4.385933
5.458302
10.515313
4.110475
1.972828
1.916653
-0.095691
0.807714
-2.575880
-0.347566
-0.137469
2.493880
-1.612442
3.995028
-4.555985
7.681852
6.178082
-0.645146
2.355759
0.123039
2.219149
2.873446
4.082085
12.457135
3.175234
4.421307
5.969053
2.696217
-5.726701
4.228784
-0.177423
4.172773
1.340683
-5.714196
-0.818690
0.413215
0.212881
3.450153
2.625977
1.905930
1.790159
9.475067
6.053093
3.714450
-2.028858
-0.602651
-4.476551
0.151344
0.587439
0.642116
0.616272
7.673765
-1.745039
-1.063177
-1.674315
-1.669873
3.832382
0.291649
-0.402344
0.027984
-1.917514
1.464159
-1.338062
1.248325
5.801422
1.369796
0.419286
-3.940454
0.302657
3.069783
-3.084674
1.231294
0.407984
-1.553530
0.971670
0.616272
1.906486
3.212913
0.120506
4.214995
-0.486722
5.293610
-3.263264
-3.738293
4.822763
-4.173693
-0.099683
-1.555026
5.308799
-0.289715
-0.994720
3.064313
2.458536
-0.429132
1.721200
-3.524587
1.866564
3.829159
2.706526
3.243501
4.608088
2.233115
-2.414293
-2.145109
3.715114
2.775157
1.120168
0.573870
3.111553
2.112428
-0.223250
3.607459
0.615527
0.322105
4.805137
2.159371
3.368982
5.312149
1.962882
-1.015152
1.339896
4.889425
-0.640516
-1.160660
1.958612
4.483627
-0.270043
-1.931150
3.080866
-0.872259
-0.595440
4.627293
7.631098
3.278200
3.412558
1.504091
3.159671
-0.017025
-1.363691
1.906832
2.125637
9.674143
1.303454
-1.746495
0.027428
2.680123
3.037946
6.646654
-3.082598
-1.669519
10.141363
3.892640
2.747278
-1.885904
3.500521
3.321795
0.013731
8.222809
-4.019559
0.580271
1.391839
-0.476716
6.122744
1.457759
-0.066391
1.188393
3.115782
3.117861
0.600033
2.652242
1.007964
-2.023118
1.190963
0.212713
2.617358
-2.173235
5.096254
-1.503192
3.723800
2.216267
4.027235
-1.033630
1.605235
2.978105
-2.468320
1.644020
6.092067
0.616272
2.322798
-0.627411
2.032182
1.951030
0.710550
1.706378
5.218006
4.399200
1.205170
2.673097
-0.463004
4.563360
1.846691
3.916383
1.925731
0.717160
0.426269
-0.188424
0.424624
10.528688
0.616241
2.242846
0.830218
2.794294
-4.719026
2.442265
1.646014
-0.132133
3.949131
3.941354
1.294182
2.446307
1.454884
1.753716
2.651103
-0.484116
6.015308
0.192506
-2.101126
-0.601793
5.016701
0.454787
1.515739
4.091681
-0.184681
1.008145
-1.388529
1.804523
0.566410
-0.033912
11.113174
1.888189
2.309454
4.315071
3.086504
7.992538
-1.149424
5.879072
1.746604
0.786350
-0.271616
3.464782
4.946369
3.343804
-5.153291
8.370197
1.686875
4.970560
2.088365
-1.189491
-0.481375
4.302078
3.167237
-0.281899
1.282641
2.347374
2.542716
2.975183
3.754560
0.428946
4.179785
6.520722
6.702282
5.023642
-1.795435
2.878952
1.567250
2.077430
6.577273
5.246259
1.125763
-0.399607
3.770555
0.301465
-0.121947
2.816249
1.012164
4.177471
2.192286
2.340508
-0.026814
5.542360
-1.114126
3.331887
0.858931
3.589135
0.738875
2.792303
3.395671
-0.537531
5.706984
-0.278879
-0.740217
1.358160
4.521561
6.024907
2.455832
3.351410
3.567908
5.824329
1.178136
2.334748
0.510739
1.046267
5.747272
5.125250
2.961464
1.905562
2.092999
2.133140
5.637547
0.622240
1.033154
5.510175
2.949727
-0.986155
0.625766
2.796295
2.976339
1.961043
2.066217
2.680731
4.464230
4.387113
2.798885
0.616272
5.514332
-0.626781
3.829485
2.889965
5.225159
3.653405
2.319473
1.352940
3.028244
0.956614
-0.600115
3.238165
6.530490
-0.572556
3.656287
2.563448
4.003467
-4.271322
-2.939990
-0.815951
-1.151816
-0.394928
1.972203
7.354502
-1.740969
5.436911
1.182215
3.768000
-1.017016
0.748899
2.893136
3.952805
0.691375
4.391309
0.253599
0.907522
5.847187
3.341579
3.344028
5.217160
0.556102
1.719546
-1.084824
-0.810887
2.051097
1.916196
0.064519
3.559882
-2.705694
7.528465
1.383207
8.336457
0.702641
1.142139
0.219744
3.768050
-0.922417
-1.246204
4.174794
1.456667
4.018023
5.441972
5.003026
0.302425
6.536268
-1.186531
-1.119442
5.577428
2.742352
3.726522
-0.425939
-0.374864
0.853366
-0.873356
1.038146
5.996387
-0.260550
1.803835
-0.206161
4.241437
1.424609
1.346279
0.424600
4.456436
-0.236921
2.116764
1.918960
0.607816
6.919432
3.288201
-0.268351
4.484938
3.086636
3.144855
-1.396986
2.493509
-0.440372
5.268727
3.256461
4.298032
-3.344440
-0.608988
2.166659
7.637347
5.478939
-2.312780
0.108159
3.457077
0.411608
0.780585
2.903046
1.917996
3.638026
0.409037
1.334789
8.870638
-2.799349
5.422960
0.920723
3.423934
-3.900491
3.756611
2.681643
8.542084
-3.855424
0.356069
0.359167
0.716835
1.072274
4.081441
1.304662
4.675779
4.493088
-1.078015
-0.906202
5.321130
1.748130
-0.406845
-0.425307
6.494788
3.709256
-0.043062
-0.501803
3.705696
0.961765
3.364231
2.410095
2.461851
7.140271
-2.774546
2.093193
0.984728
-0.597134
-0.374995
3.975997
4.141356
4.540678
3.187376
2.452184
2.464406
5.206993
3.400638
4.542964
7.387869
1.821629
0.549500
4.613558
2.025548
2.455282
-1.037046
4.428506
4.116117
2.655323
3.955694
-2.149781
5.712324
5.191083
0.513228
0.775144
4.792974
1.463627
-1.228439
7.249221
3.602262
3.313848
4.358197
1.201577
7.567187
-2.725491
0.849021
3.553800
4.136862
-0.090572
2.257269
0.778084
1.121624
-0.413019
2.756224
0.533877
2.521772
0.885663
2.249002
0.360347
3.475780
4.456161
3.655765
7.186541
-1.384247
2.908052
-2.008942
0.516223
4.379512
6.214506
-1.595971
3.201798
-2.938848
-1.243015
-4.636880
3.410644
5.472241
1.195547
6.915285
5.265602
0.208532
2.083515
-0.331859
2.547970
0.727357
2.535284
4.657589
5.126431
4.495502
0.430889
7.396389
4.966010
4.645344
-2.369799
-0.464901
0.303004
2.159555
1.529316
0.219572
2.655849
-2.331316
2.568621
-0.400919
6.487611
2.314741
-0.510780
-0.298304
5.942287
-2.952283
1.607719
10.479362
5.021282
5.290043
3.732408
-1.413198
-0.495251
3.055647
1.666609
-1.290019
-0.191415
4.485535
0.346539
-0.668926
5.666176
2.732226
1.571030
-0.722771
3.311223
-0.301046
4.854195
1.129741
2.097548
4.334827
3.795229
3.496144
1.645819
4.811124
7.346658
2.723145
-2.100752
4.717515
5.675102
1.176472
2.723975
1.143899
-0.253112
2.852076
2.285543
0.211327
-0.689811
2.860400
3.702635
1.395709
4.220011
-0.730809
7.680517
1.052223
5.536877
1.053228
2.860472
4.388943
-1.570288
4.873366
2.938296
4.122837
0.646004
6.572148
1.937442
3.875985
2.160612
-1.560837
1.654757
0.756726
7.712950
3.424814
2.553240
-1.093610
2.451619
5.385197
1.541153
1.368402
1.458798
2.979834
2.945299
6.635552
4.453357
0.666294
1.979491
6.430397
3.518200
2.360810
1.993409
4.443809
2.372075
1.011577
-1.668447
3.380607
4.978626
0.905006
1.453782
2.959238
0.522527
0.453844
3.352036
1.980942
2.179259
-2.024635
3.864749
2.332265
1.459718
7.441992
3.573786
5.983257
7.545177
2.760525
3.490062
4.033796
1.733418
-3.287088
0.345771
1.017770
6.558870
3.859430
4.463319
1.572891
3.561059
2.929255
2.783716
2.671822
1.441374
0.522932
1.447454
4.598223
3.822387
3.050827
-2.063711
-1.449254
2.034301
2.057395
2.973625
1.183764
0.944191
-1.638721
-0.382881
-1.470036
1.419989
-1.143907
-2.547593
0.889760
3.075106
5.050931
1.056935
-4.889767
0.285157
3.880383
1.654936
4.179686
-3.189038
-2.107725
4.391091
5.458903
3.426693
3.213994
0.793848
4.029409
2.909986
1.506149
0.995687
3.041466
4.027639
1.875884
-0.232719
4.041283
3.087430
7.064873
-1.909866
2.912312
-0.177772
1.947143
0.416602
1.746740
0.321495
2.285594
-2.644598
0.734525
2.534198
-0.306715
2.605512
1.801311
-0.882102
2.343381
-0.936591
6.372699
0.522960
2.596713
-0.584671
1.528264
7.124354
5.016007
3.541762
-2.664532
1.073995
1.116046
-3.267160
0.778843
2.786715
2.539929
-1.696367
4.854588
-0.665175
0.440109
5.017776
6.013935
0.215406
3.324740
3.733479
5.473976
1.303826
-3.812242
1.104221
0.245548
-0.327393
1.976302
-0.717414
5.186120
3.728085
3.838680
7.262245
2.464690
-0.022626
3.919448
0.647524
4.869453
3.063274
0.169142
1.845627
-0.732225
-1.388529
1.108109
1.046616
1.031366
2.654744
5.076474
1.244266
-0.390860
-1.562587
2.893619
0.514655
-1.948734
-5.707696
-0.251267
3.811781
1.447594
4.659079
3.051663
1.559155
-1.181069
4.158035
-1.484222
1.595446
3.537073
-0.383901
-3.891133
2.029463
1.647848
-0.159519
1.930095
3.060966
1.007224
5.200442
2.302673
3.035874
3.226729
2.720379
2.604153
4.278401
6.547847
4.185629
3.637166
5.861245
2.251261
1.855062
-1.324333
0.026880
-1.418285
-2.048280
-1.338378
2.584589
5.577142
4.637213
-2.287390
0.049566
3.099384
1.736213
3.664041
0.175381
-0.486834
4.985865
1.424544
2.833471
1.749958
-0.763213
3.588472
3.396187
6.117381
5.295036
3.435045
2.116697
6.927425
1.581941
5.216831
5.579521
-5.086746
3.936103
-1.481844
1.562654
4.072676
5.597644
-0.493240
2.410595
1.146403
0.018210
4.675383
-0.686518
3.867342
3.956596
-1.769253
-1.595841
0.783847
5.439784
5.956010
5.056622
-1.064116
2.351317
1.310921
-3.379121
2.218321
6.606791
1.185709
-1.208785
4.239646
1.620550
0.816336
2.975462
0.618134
8.064890
2.353447
0.641887
6.482337
3.003866
-0.258663
3.227469
0.488866
3.755550
2.354534
0.093693
-0.593967
2.448176
-1.318070
4.411328
0.939970
4.111856
-2.451841
4.157213
1.572891
6.258272
2.711090
2.383058
0.910410
0.135346
3.153395
2.788117
1.258204
1.216483
5.362520
-2.048016
4.615514
4.079470
4.295849
-2.555452
0.763295
2.063971
-0.502749
2.654463
2.881092
4.276258
7.511167
-0.212218
0.378134
-1.001953
1.982215
-2.881240
5.524505
7.850392
2.292696
2.537410
2.990484
0.426529
1.180817
4.583736
1.091002
3.884131
2.129246
0.769574
5.622468
5.175772
1.476072
0.165921
0.616272
-1.532735
3.586378
5.325260
0.743502
-0.128645
0.272552
-3.035104
-2.454271
4.545372
-3.800793
1.472773
2.754684
-0.959030
3.177913
4.506157
10.695162
2.482086
0.401052
5.549791
1.374782
2.387163
-1.859226
4.158980
4.416188
1.219374
1.561579
3.886400
2.381823
4.894068
5.810861
2.244208
-0.678947
4.110126
5.789021
2.807232
1.967671
-0.068600
3.684069
2.037674
2.533021
2.515821
3.450331
6.835576
0.777431
-0.988721
5.934479
1.315141
-0.346004
0.840106
0.378635
1.068550
2.352942
-0.795887
5.782766
3.743866
1.061893
0.095611
2.851854
-0.629745
0.653028
0.794889
0.074304
1.457479
-2.339796
1.901414
4.057356
-1.338130
-0.335817
2.479837
2.703507
1.664164
2.047131
-0.407428
0.163113
2.199280
-2.189218
2.759350
0.736888
1.972045
2.318187
0.898374
1.348270
4.064078
0.673156
-0.396628
-0.670940
0.074824
2.183468
-0.793891
0.072650
4.285217
0.616272
1.487681
3.288474
-0.345431
-0.240424
1.920877
-3.738841
1.572891
5.717809
2.787725
3.771318
3.774930
1.996758
2.439825
5.092761
4.664334
3.917839
-0.257260
2.955358
-0.478527
-0.176167
3.408464
2.463747
0.107458
-0.521967
4.125005
-1.109991
-0.102818
3.380383
0.843762
6.895384
2.002487
3.443055
-0.751220
-0.460297
-0.031634
5.631490
4.786491
3.994252
2.671605
-0.501232
0.642488
-2.326708
2.398689
5.578367
1.099739
0.359867
1.366000
3.382926
4.142972
-1.375277
1.656648
1.898200
1.305377
0.122649
2.774730
0.072968
3.756770
3.724569
6.293121
-1.233727
5.905987
0.317424
2.093893
6.393633
2.711259
2.592885
7.125135
0.466879
4.159695
3.895494
2.349682
1.948400
3.517124
-0.271451
-1.135240
1.737793
5.660104
5.139680
-0.543818
2.855602
2.298105
-2.434187
1.572216
-0.005655
0.647990
1.123322
4.627737
2.048871
0.730556
2.887695
2.161520
2.415359
1.356486
1.879663
4.746447
6.707422
4.675462
3.220608
3.735074
-1.713139
-0.433628
-1.160301
2.321248
-1.699259
0.850436
-2.534712
-0.358130
-0.623831
3.152392
1.104601
1.985693
2.476833
0.087663
7.979054
-0.232955
-1.395149
3.156443
1.940836
3.373286
2.819748
-1.555065
2.196815
9.966124
7.492937
4.781715
-2.321135
6.190939
2.192167
-2.900006
0.761936
1.329696
2.979324
7.776879
0.595812
0.744276
0.271466
4.112112
4.337117
3.451607
3.429731
2.909039
2.306568
0.496094
3.188683
1.275507
4.285217
0.628425
1.753400
1.984065
5.729789
0.616272
0.785312
4.302536
3.184785
3.779402
1.368539
1.964238
2.060481
1.947820
1.826952
-0.451408
-1.257175
1.717359
3.374618
4.883224
0.146249
0.284887
1.572650
0.213161
3.698524
2.243856
-0.087325
-0.012377
1.732154
0.591059
6.178177
-0.372116
0.981759
1.104975
-1.638244
-0.584351
-1.359437
1.666261
-0.594380
2.802029
4.097210
-0.608352
0.312975
-0.728139
6.678812
-0.082171
4.351202
3.952098
-3.034119
1.482833
0.339939
2.362272
0.906724
3.184313
2.331272
4.780353
5.437917
-1.199737
6.645479
-0.078814
-0.555986
-0.370136
-0.349597
-1.803189
-1.614303
2.568986
3.821039
7.473826
-1.243412
2.292809
4.812187
3.592643
-2.615838
2.291428
-1.762820
-0.413491
4.334621
-3.047739
-0.911620
8.401720
1.801370
-2.192567
3.149556
-1.210967
1.558200
1.806430
1.292960
1.711185
-0.001586
3.991073
4.765809
1.220575
-0.091077
0.938832
3.359819
-0.739233
0.809712
3.709389
3.851712
0.017425
3.267719
4.230373
3.547981
-1.574050
-2.478197
-0.149704
-1.129353
4.081949
0.188697
4.091920
3.259628
-0.698618
0.754446
1.600857
4.562420
1.868237
3.817327
5.760679
3.288150
-1.312814
-0.847754
5.211818
2.622033
0.409977
7.736477
7.414518
0.883497
4.310036
5.468733
3.508329
0.855021
7.017068
4.959173
0.824448
-1.738030
3.097665
3.404510
4.312592
1.951461
0.584390
3.445952
-0.532235
2.320364
-3.236052
3.875044
0.799257
-4.799307
4.659182
6.264219
1.380431
2.776071
3.528643
0.748671
0.804901
-2.577246
7.591243
1.386397
-2.661289
2.028698
6.181078
4.235402
0.006566
0.907615
-0.610342
0.914927
3.373840
2.518569
0.616272
4.536213
-3.964595
0.055870
-2.369961
-2.155056
0.729026
0.067539
4.415156
6.155038
2.118635
0.391635
3.826418
5.486088
-1.388529
5.605429
-1.384345
3.834332
0.495483
6.270430
3.323503
2.368117
-1.537969
1.595837
-0.665175
2.343126
4.650051
0.113139
2.141617
2.306759
-1.162481
0.078770
1.638648
2.140344
1.311794
7.475553
2.153217
4.967659
3.684559
2.917439
-1.341012
-3.947572
1.637924
1.712931
5.580302
-1.384069
4.631063
-2.539931
-0.026849
3.465527
-1.429093
0.535552
1.764468
7.104726
5.911385
4.092474
0.397568
-3.625466
-0.360924
3.070518
3.990147
2.658214
1.462889
-0.173856
-1.696271
2.271734
1.614359
1.945850
-0.280438
6.300312
2.226465
2.104934
3.427929
0.546696
-0.213356
-1.388529
2.356407
0.624081
-0.751312
-0.423201
0.586985
0.546990
2.295788
-2.740156
-2.773347
3.714414
2.274381
-0.012837
5.722749
0.923633
2.215858
3.083414
1.403468
2.224656
0.837482
3.929580
-0.721723
0.645066
2.467337
2.398137
6.840840
6.294195
4.017413
-0.093220
-2.353764
4.868550
1.722940
3.850926
7.907932
-1.889986
-4.622945
5.022445
2.569689
1.822199
-1.354164
0.390330
0.568048
5.065028
2.425498
-0.189898
-1.437334
1.016847
6.882656
-1.140379
-0.725213
-4.424901
4.187207
2.525356
1.257544
4.214674
0.896265
1.631798
0.514809
4.621915
4.132912
1.858998
4.079720
3.345723
1.339491
-1.450358
2.934428
-3.403387
3.491699
5.200984
1.984468
3.360631
0.499921
5.284340
3.318828
2.682353
7.225848
4.398237
0.556423
1.181911
3.757452
3.647072
4.538825
2.945059
-1.771538
0.830872
0.712963
1.371890
5.398943
3.135839
-0.092540
2.026168
2.499891
-0.262767
3.817028
2.273937
5.798792
2.447606
2.531735
0.168646
-1.152872
1.302590
5.031773
2.308358
-1.389656
0.987775
2.422118
-1.490448
0.540699
2.111500
4.478459
1.387992
0.840095
1.915594
5.458482
3.538204
4.813223
4.399590
-0.522195
-3.056404
0.509860
2.859147
-1.811140
-0.967862
4.297939
3.511364
7.294542
2.227216
0.598809
-0.545538
4.092372
1.748088
2.692209
-0.265190
-2.709111
1.352794
2.800098
0.014253
3.817560
3.691011
-1.906969
2.453086
1.932843
1.340301
0.372036
0.508337
1.366312
-0.408901
1.865623
-1.637671
-1.878193
-1.521752
-4.396836
-2.435405
1.755843
0.344287
-2.141097
3.615856
2.033574
0.875774
5.039450
0.545747
-1.125147
1.968275
1.101051
5.642345
3.252612
1.221675
4.904282
-1.744814
-1.198411
3.208491
1.345949
0.568879
0.927789
0.058328
1.868393
4.542545
2.561244
2.982586
-0.373712
-0.080360
1.603750
-2.717956
0.370995
4.207172
1.277531
-0.317811
-0.680151
4.058496
3.155696
3.983712
2.848855
4.763988
1.726711
5.352399
3.587592
-1.487649
2.306408
4.828870
-0.276728
3.270526
2.917488
2.131503
0.703680
7.299355
-0.457060
2.105252
0.397145
2.519422
-4.481439
4.501515
-0.370419
1.997816
-0.928264
-0.477918
4.110707
-1.688975
4.598269
3.822274
-0.748239
1.521949
-3.202800
2.220299
-0.643816
5.536091
1.416348
5.861567
-5.755877
2.538280
0.185401
3.787752
-1.469782
3.242902
3.461545
4.810210
3.792142
-3.188372
6.802881
2.090244
6.507092
2.643764
-2.441514
-1.568356
3.867117
-1.133179
-1.002589
2.411880
6.576597
0.400503
0.819365
4.381786
3.871712
0.239664
-0.267427
2.191271
2.721155
-1.296332
5.161943
1.742836
4.109542
4.496950
5.153099
4.615688
4.844671
1.598713
-0.621869
0.315553
0.307001
5.267857
-1.120045
0.441529
2.686030
4.069475
2.029024
-0.010325
1.738020
-2.364501
1.350340
1.252356
0.603629
2.179678
1.412884
0.234433
3.144120
2.262033
1.371029
2.958426
-3.226726
0.279707
0.591362
1.597413
3.244169
0.103675
-0.817629
0.810585
5.100046
3.596743
3.646343
4.460171
3.750032
1.651558
1.775732
0.184487
-1.532837
2.488741
-4.717146
1.114104
3.156192
4.343318
4.440140
0.895034
-1.388529
-0.015232
2.758213
1.605712
-0.828058
2.556853
-1.072748
5.931419
2.096684
-1.073794
0.305528
2.140879
-0.864005
1.535944
3.310555
1.591544
2.346023
1.458681
0.893747
5.605310
1.339914
2.710304
-0.850933
1.183286
-0.270344
-2.592899
3.948904
-1.185541
3.895715
4.283470
1.366389
-1.801861
-0.283493
-1.907183
6.372395
1.050488
1.902901
3.735796
-1.193480
-0.603569
0.403634
2.243565
6.097111
6.089596
1.925019
-0.586683
2.819210
3.251858
2.580179
2.792183
0.597588
1.644681
2.584588
-5.879729
2.581866
2.432543
-5.031827
-2.230864
-0.410085
4.060966
-0.094249
2.202788
1.292928
2.079405
3.353005
2.303841
-0.882644
1.235610
1.925220
1.920937
0.701031
1.560471
0.253575
5.432471
4.197971
-1.702185
7.416506
2.060927
-0.103323
0.518309
0.616272
2.064340
-0.038978
1.336126
-3.713417
6.669238
1.674074
2.012381
0.548134
4.368002
-1.020261
-4.130236
3.990187
3.463953
-2.624609
-3.134883
0.117146
-5.772853
2.090938
0.616272
-4.347131
-0.286154
4.696237
1.431971
4.356718
0.019108
0.663932
3.889857
-1.819763
2.501685
5.082226
-0.715401
3.156170
1.290732
-2.639787
1.374724
2.765567
4.036117
1.661715
-0.255245
-0.295506
-1.284026
0.614349
2.998876
3.729107
1.854129
1.749364
3.869666
4.687344
-2.657364
-2.033163
5.452054
3.155032
1.139853
2.203082
0.505469
1.144921
-1.223659
-1.114126
2.283190
2.012314
1.343737
-0.082212
0.287350
0.535139
4.382321
-0.716340
-0.252957
3.336535
1.811260
4.203674
3.763383
5.430189
3.924933
2.286306
1.034798
-1.414440
0.694766
1.554493
-2.772260
5.126015
5.596638
0.320514
-0.542831
0.336548
2.169724
7.044909
2.655381
6.283005
0.163092
-0.886395
-3.801186
1.365677
2.259790
3.156070
-0.706858
-4.235802
-2.623421
1.782391
2.553637
0.168074
5.205839
4.038230
-1.160562
-0.018872
5.033072
3.296470
2.664108
2.071358
-0.512843
3.549223
0.203470
0.807252
3.178383
1.284889
-2.079222
1.985044
-0.988628
4.144443
-0.104517
4.056828
-0.085030
-1.037041
0.601900
0.859690
0.703099
-0.445166
3.864282
0.794937
1.754540
2.181463
-1.601390
-1.685219
0.046571
7.358610
2.940400
2.431231
0.972933
4.661999
0.614811
1.383940
-3.413492
-0.794028
3.380110
9.248636
-0.557412
7.164691
1.621989
-2.562262
3.195217
3.534419
-2.838523
4.742835
1.294258
3.043896
2.014058
4.157960
3.953400
-3.928246
5.315045
4.199646
0.678652
-1.388529
0.861359
5.463116
1.707342
3.142169
2.489147
2.272997
-3.073656
4.577642
1.030800
-1.525576
2.870207
2.970022
5.269585
1.206499
2.874710
1.084467
-5.630541
3.595287
4.101747
1.525902
-1.625670
0.520198
5.841737
4.119352
-2.077810
-1.953228
2.131927
-0.267551
-2.029665
2.891094
3.489662
0.240049
1.779737
2.275362
5.057413
6.977659
1.468598
3.768162
0.471259
3.167161
1.796103
-0.576559
6.017621
-0.873013
-4.831907
2.172750
2.642351
2.501418
1.267608
4.433310
1.572891
1.685452
1.693007
8.157061
-0.574644
-3.708942
5.306557
5.013420
5.886124
7.896336
1.176262
1.970500
4.391541
-3.316484
-0.319891
1.545035
-0.974543
3.064032
1.061392
2.733212
-0.102312
3.299150
4.019404
0.783918
2.121631
-0.202847
4.048351
1.381566
2.467425
3.051935
4.920010
1.361258
1.129618
2.395168
-1.157816
0.765989
0.820464
0.840796
5.174866
1.133965
3.753609
2.668852
3.774622
3.049399
4.231770
-1.310021
-1.603231
-1.272726
1.965591
0.616272
6.749617
4.881752
1.915117
1.075709
5.115110
-0.185360
0.943568
2.875166
0.629522
7.415901
-3.887824
2.290462
1.245132
3.104462
0.135735
4.277048
0.265788
1.015087
0.578204
1.406317
4.345365
2.004049
3.563040
2.402637
5.180851
0.494914
3.604530
-0.317230
-1.494967
0.771101
6.946882
0.570412
5.328678
2.059478
-0.726482
6.649388
2.447521
2.951607
-0.814033
-2.580544
-0.282784
-3.249364
4.722702
1.888453
-3.450098
-2.128877
1.798791
4.287689
-1.359965
4.110508
-0.258986
0.889677
2.334444
-0.741162
2.742164
3.412394
1.389292
-0.602361
-3.661286
0.265123
1.022088
0.625309
-0.889055
3.046240
2.716943
5.816663
3.235466
-0.556621
-0.975402
2.629978
5.810991
2.087556
2.229115
0.818980
-0.507339
-2.936899
3.156016
0.650353
-0.349579
4.174631
-3.464799
0.658814
2.998017
5.687407
1.977824
5.850355
1.594335
4.443354
-1.374588
0.944542
3.325722
4.816098
-0.027143
-1.504057
1.671539
4.876977
7.923309
2.853488
6.409161
2.881989
-2.074171
-1.894558
4.725423
3.637485
1.073879
4.509089
3.616350
5.210447
1.339335
4.302999
-1.988423
3.990529
0.331459
4.385144
-1.458582
2.863936
0.717528
1.023081
1.450586
4.050704
3.348084
5.331592
-1.282446
-1.493090
-0.098362
0.749346
5.296732
4.016913
1.671276
5.088076
1.870975
2.410825
0.174652
4.850231
0.068173
-1.381633
3.014288
0.720890
2.228023
2.646287
0.245253
2.646243
4.776934
-0.241896
2.239684
2.529270
6.088994
1.586409
-0.333538
5.021512
-2.274675
2.869013
2.617315
3.049738
1.732391
1.555661
1.286427
6.561302
0.212173
0.532576
-0.114605
-0.412462
1.801551
-3.247383
-1.723984
4.535143
0.397923
7.080488
1.572891
2.642050
3.320415
3.194126
-5.169840
0.851712
0.172848
0.019420
2.401767
1.517751
2.979822
4.479197
3.587967
4.486608
0.723993
2.513283
-2.898203
-3.227867
3.807833
6.909079
4.583943
5.185415
0.130234
1.048259
0.879292
0.527546
1.145630
5.001528
2.254354
4.791058
-2.842862
3.816463
5.199990
1.677115
-0.609004
1.931816
-3.332221
3.428631
2.877841
-1.423015
5.128249
-0.864954
3.122043
1.830610
3.873885
2.254378
-0.111370
0.986416
1.201295
3.953982
1.171526
3.627050
1.758944
-1.067365
2.038639
1.171572
-0.855427
5.208917
1.499568
3.833593
1.307805
2.798123
1.987761
0.802036
5.104118
0.951229
2.920063
0.392514
1.345592
1.993129
1.564730
-2.387222
-4.135712
7.262890
-0.628812
-0.826867
9.349211
8.030056
2.057339
3.642429
5.468620
2.335325
6.346282
3.141999
4.184649
1.194300
2.571784
3.128756
-0.640009
3.981630
2.675266
-2.041529
-1.602692
5.397322
3.126957
0.487209
0.938828
-0.492595
2.617057
-1.043258
1.123678
1.472037
0.971349
-0.387196
1.545588
1.280927
-0.116016
0.257322
1.899560
1.912052
1.680113
-0.622712
1.535595
0.142446
-6.108747
-0.885571
1.557472
2.895613
-0.481348
2.957574
0.711092
8.696144
0.513165
1.953181
-0.034122
7.245068
-0.736107
1.970826
4.422006
-1.093944
0.663524
1.019239
2.460388
1.059363
1.438858
0.683345
4.253405
2.507036
-1.759768
3.223896
2.331326
-1.900255
0.571196
4.422904
-1.011748
1.588774
5.110006
2.138937
1.414395
4.179650
-3.296726
-0.755280
1.337506
1.700624
0.569947
2.280349
4.213176
2.775513
0.896544
-3.047653
-1.257156
1.752053
-0.369795
1.321483
-0.971125
3.418457
3.098101
1.505398
2.350977
-1.427854
3.166452
1.008299
5.939638
4.327760
1.813800
-4.229736
5.685234
1.090958
-0.498839
5.597301
3.639716
3.499589
0.663064
-0.880879
0.477779
0.033021
5.961575
-1.683160
4.512118
2.950142
1.210985
-0.234357
2.522994
-2.343122
2.429144
2.901854
3.080444
-2.771919
2.890362
0.712526
-1.014022
3.351166
0.604180
-0.908479
0.284841
-2.250521
4.585268
-0.513409
0.547993
-0.311748
6.625587
3.177114
-0.909684
1.529486
4.669279
2.145516
4.035930
3.326703
4.948971
-1.867287
1.053510
2.777110
-1.201518
2.474998
4.896574
4.493459
1.572891
0.216105
-1.825715
-1.301613
1.881989
1.181501
4.955067
-0.039360
-3.887628
1.086512
1.495104
5.032965
4.029104
-1.679730
6.380768
2.361023
1.434602
4.569290
-1.630446
3.617702
0.349064
1.034483
3.245637
-1.595041
2.456001
-0.001391
-1.984489
4.659919
2.141407
2.189241
-3.750314
-0.119316
4.372150
3.534502
-0.098154
-0.785002
5.695391
3.005409
-0.935377
4.336212
0.438892
-3.245570
1.744962
0.215116
-1.502666
6.186115
-2.368676
4.983163
1.264414
1.986214
2.931004
2.139953
1.985856
3.559270
-0.695465
3.425625
1.147078
3.366994
-2.830315
3.353802
-2.047913
0.483807
-0.182452
3.729856
4.388811
0.327967
2.350988
-0.665175
-0.142275
-0.605577
2.013919
-0.081511
4.333273
3.603601
0.577378
-1.613764
0.292931
-0.311710
4.540911
-2.178428
6.296309
5.964149
-0.836181
1.283514
5.725083
4.334065
-2.648282
3.074708
5.612316
2.630873
6.206116
4.151385
-1.224747
1.281957
2.100014
1.871707
1.153011
-3.915656
-3.301498
0.202133
-1.065146
0.457462
4.024723
0.765125
-0.281814
1.678492
3.061485
2.697927
6.065857
-2.661462
1.329202
6.017937
0.448060
0.670741
4.574852
2.883283
1.721723
-0.048276
2.789629
-1.339794
2.986402
2.913799
7.381723
3.080793
2.549473
3.730987
-1.143103
2.550595
5.023990
0.168129
3.148814
0.513703
0.188535
2.277905
2.116487
5.367518
-0.784105
4.085091
-0.700584
2.757065
-0.075708
1.296331
2.538107
-3.207220
2.563509
0.305512
0.332213
0.223989
1.595461
4.299708
-3.928894
-1.030387
2.513026
-1.896593
0.461698
2.966029
-2.749916
-0.407871
-0.759786
2.296369
5.478161
4.140781
1.927397
4.315467
0.905644
1.376954
5.687412
5.993796
1.861952
0.197904
2.565050
2.189016
1.495745
2.035107
2.755239
1.366474
3.406301
2.581780
-3.388787
1.321304
3.420607
1.105953
-2.844893
1.435163
4.936026
-3.162971
-1.013556
0.765513
3.062092
-1.806378
6.890099
6.131364
-2.763200
1.358724
1.071632
4.136758
1.117191
7.331656
-0.934958
1.044611
4.195196
-0.264826
0.327280
0.098505
2.702399
-1.842921
-0.125929
2.716116
5.077078
5.420849
-2.145943
2.889889
-1.434771
1.783215
3.332907
0.004480
-3.805668
0.009933
0.767715
1.247872
-4.991910
4.744267
-3.550341
0.200285
3.452180
2.048052
-1.065387
3.118609
4.366924
-2.719541
1.699818
2.236462
1.076622
3.203838
2.199509
-1.460565
-0.673750
4.660048
-1.405610
1.704336
1.647424
3.126234
0.843289
2.578134
2.850983
0.301302
0.434036
0.592899
-4.026197
3.515457
-2.194069
0.867580
-1.817745
3.654911
0.650887
0.871747
0.005757
3.857380
-0.535424
-0.360313
1.444633
4.869149
-0.438087
0.646589
5.446086
2.265471
1.700256
2.117710
2.556810
3.943577
3.074991
3.911071
-1.863096
-0.844785
2.657918
0.270431
1.810291
2.425159
-0.780784
2.638922
2.931476
-2.792692
-3.463575
-0.803305
3.325566
6.959322
4.704322
2.946838
0.991004
3.065230
0.289265
0.453797
4.046806
-1.303601
3.458392
1.673883
0.291008
4.156273
1.984767
4.300867
4.435189
2.111323
-0.604670
-1.870008
1.799988
-1.228178
2.272572
1.360824
2.801129
0.704314
1.836194
0.616272
3.647180
0.928705
3.068844
2.441262
3.235252
-0.604343
-1.567568
1.809079
3.562866
3.934484
1.532937
0.120860
2.774981
3.281331
3.463549
0.698877
1.598781
5.151254
3.305214
-0.843109
5.053877
-0.137469
1.406649
1.692805
3.740199
1.122627
0.572370
-1.869605
1.235220
2.294317
-0.464813
1.637678
-1.829374
5.070980
6.203284
-0.284903
0.075299
-1.656475
2.333145
3.560253
1.797125
-2.392957
4.457021
0.887223
-0.686258
2.397236
3.788026
3.702599
-0.817669
4.030575
-1.324798
8.211840
0.594038
-2.993951
2.529422
1.480513
3.054662
-2.966059
1.574529
2.321506
0.462356
5.223139
-0.289353
0.195101
4.922131
2.969101
1.812105
1.160625
0.718077
0.422526
0.546075
8.926247
-2.688556
2.887033
2.331224
1.150522
1.532043
-2.009150
-0.528948
1.220329
3.028130
-3.224549
-0.227690
-0.426402
4.875854
0.023777
3.725166
1.205979
-1.037267
0.685310
2.285276
2.041797
1.930189
3.536147
0.567001
-1.156702
1.306791
-3.032857
1.696298
-1.745844
1.624887
-3.541717
1.726947
-1.323389
-0.485099
1.182757
3.397598
4.300582
4.862164
3.051953
2.003617
0.596721
0.178330
-0.361094
0.882111
4.799784
0.815780
-2.114991
2.568573
2.949661
4.745855
2.495845
1.461429
4.585363
2.132188
-0.032445
-0.950295
-0.254395
4.160440
-1.987564
2.369464
1.943500
4.131291
-2.561329
3.418475
4.149345
5.775078
0.848903
4.961293
-1.924273
3.578117
6.048548
-0.574644
0.624903
3.767459
0.469410
4.273911
5.487607
1.803189
-4.912297
4.207842
-0.065307
2.356901
0.743377
2.732215
-2.575335
0.307905
3.872293
4.170919
1.737913
1.572891
-0.804418
6.230488
0.006553
0.564924
-0.951002
-0.784150
2.534222
3.395455
0.100963
2.410563
1.699918
-0.476784
4.066595
-0.211553
-2.008889
1.611498
2.713799
0.877914
3.740244
3.734499
4.835335
2.657392
1.252301
3.991159
3.724953
2.370031
2.649158
-3.343545
1.077766
4.164987
3.599663
5.881525
5.657276
1.676826
1.643384
-1.367821
-2.571232
1.977527
2.873919
4.380533
-0.455010
2.440761
-1.583968
7.860399
1.713781
0.422074
0.212866
4.887260
-1.580106
-1.896996
3.219249
0.376738
-0.045385
1.048758
1.593431
1.190434
0.323633
2.169770
3.654184
5.137361
2.133884
4.839115
0.610540
-0.416180
0.613131
2.918735
0.163361
-0.196219
-0.778687
2.094440
3.081392
4.213064
3.694632
2.452047
2.541505
-0.155026
0.660560
-0.577521
2.022384
3.307690
1.415121
0.363968
3.010048
5.231094
4.494393
2.046677
-0.066126
0.122278
2.084897
2.667780
0.678082
1.432415
0.218032
-1.014751
-0.060156
3.403114
5.573967
0.597297
-0.514010
2.052340
4.371687
5.789471
2.178744
1.328324
4.433109
-0.236012
3.733150
-0.717239
3.449818
-1.385275
1.008745
-1.296700
-0.110904
4.359196
0.125673
2.312666
-0.890603
4.023499
3.413280
-2.118700
2.132244
2.827252
-0.041350
3.412275
-0.798473
-1.013600
-0.134960
1.899216
3.709964
0.851184
0.985298
7.838219
-0.608391
-0.545665
-1.203778
-0.057984
0.445073
3.894152
-1.599082
2.981155
-0.089001
2.035407
0.161259
2.980435
3.927348
1.940962
1.944012
1.167188
5.130395
1.364596
1.471373
1.708960
-0.564031
1.784906
3.451145
4.928537
-1.286387
-1.373915
2.694908
1.233801
1.657830
-0.263188
2.874058
1.971024
-0.973015
2.353687
2.529120
0.670635
-2.226240
4.514643
-1.024363
1.531435
0.967710
3.413253
1.842981
2.710129
-1.388529
2.704510
2.697962
0.330680
-2.770510
-3.963770
0.889159
2.646349
0.100686
4.554928
2.320734
7.680187
-3.593417
-2.910149
2.082966
1.780930
6.030162
2.747738
0.633997
-1.423223
4.515644
-0.295950
-0.550131
2.035759
1.347522
-0.725597
0.363968
-0.550877
2.880566
-0.914495
1.222686
1.075333
-0.925055
4.466965
2.912212
2.624002
0.593206
0.934299
2.074039
6.339558
-2.688652
-0.121117
4.200821
4.912986
1.220860
0.657044
4.752545
1.096861
-0.125756
3.279553
6.385921
1.936338
2.668756
2.279218
6.552049
1.545704
2.169326
-4.103637
2.780424
3.246405
-2.113777
3.341737
-1.256189
2.464230
-1.420599
-1.017765
-1.924168
4.361210
-0.876060
-1.748035
0.819201
5.112253
5.131506
3.627260
-1.266896
-0.694585
-0.841080
4.606026
-1.940600
0.779320
3.038716
1.132504
1.618147
0.911451
1.334313
3.064329
1.615915
2.005201
1.111127
7.037140
1.191044
2.757997
2.591476
7.398747
5.455207
2.423493
3.114117
3.483450
-1.869211
-0.506693
-0.839571
-1.282337
1.169850
-2.099467
3.175188
1.430221
0.530243
-1.188807
-6.906368
-0.313875
5.125355
-0.983532
2.787786
1.512861
4.472433
1.108600
0.700116
-3.179980
3.511702
4.801388
4.246745
2.008377
3.801466
-0.607615
-1.505707
4.700162
0.596801
1.273684
7.242386
3.716477
1.928349
4.936856
1.747459
1.334982
1.259731
4.270683
5.332936
0.671051
0.906673
5.203314
5.830481
0.788485
1.012813
-0.827868
0.402618
2.378212
-0.103934
1.478926
1.860389
3.926789
2.913769
5.227201
-1.553467
4.191359
2.913174
-0.924390
2.251591
3.128908
4.101157
1.300955
-0.730048
3.423640
0.006775
-0.333154
1.810012
1.043221
1.269056
3.308948
1.228641
5.609629
1.024389
-0.822331
1.572891
-0.888474
-1.638725
1.161840
2.438100
1.654630
0.702835
5.768673
-1.150844
-0.032701
-1.850152
3.154820
3.938026
5.925608
0.907335
-2.423720
0.872414
2.137945
3.562531
2.297166
1.771338
1.126583
-1.450857
0.899021
4.180202
3.659427
-0.379564
4.216892
-0.225366
-2.772078
-0.327417
2.987778
5.741526
0.775270
2.138286
5.084612
5.557216
5.902391
0.263864
3.326645
-1.036983
2.119776
-1.121961
0.371345
-0.119772
-0.609913
5.685034
1.120647
-0.241046
1.855046
3.757743
0.616272
6.070706
4.935351
7.817476
4.540894
2.513027
1.911917
1.783290
0.616272
4.486937
-0.616914
4.788123
-0.621531
4.654883
-1.246161
4.282560
1.399008
2.291930
1.634743
3.947896
0.044543
-0.537483
0.620918
3.091243
5.484016
0.090420
0.297631
-0.492254
-1.126501
-0.558109
-0.260569
4.777203
5.597351
-2.700869
2.660975
0.111346
0.601295
1.776312
2.350657
1.789021
2.162316
3.054652
-1.551612
2.931928
5.468475
0.267412
-0.409709
1.116352
1.286041
4.575992
5.382019
0.130577
0.709889
2.982750
3.703159
-0.793036
-0.011461
1.316125
1.009279
2.492954
1.468076
2.734581
3.188878
1.304132
1.936889
0.871909
3.642488
2.918916
1.770499
1.869865
3.705603
5.658433
1.096622
-0.063098
0.077337
1.756462
0.109088
-0.842298
1.864523
3.806711
4.316012
0.937893
-0.817541
3.954508
4.341166
2.773983
-1.269443
0.674780
2.182915
-1.154531
2.023532
2.262331
0.123776
-2.548401
0.616272
0.214193
2.882509
-2.328059
0.123940
2.954854
-1.188407
4.264043
-0.860541
1.283602
1.682290
0.345771
-0.322351
6.585226
-1.508477
2.496254
-0.038940
0.154071
-0.782398
0.512060
0.393891
3.165750
3.106613
0.321351
3.107574
3.050321
3.617260
1.769737
3.695168
5.677372
0.246563
4.577015
2.430716
2.385029
-1.388529
0.992912
3.974648
3.952889
2.474896
4.387262
1.282697
1.758953
0.134365
3.004493
3.817702
-0.583521
2.389679
2.503429
-2.804400
3.525576
2.023274
1.921581
3.648368
2.817865
-0.134550
-1.388529
-2.503851
1.501280
1.175016
1.207889
0.586862
1.052414
-1.141340
3.444723
0.244139
-3.360835
6.792671
0.891644
-2.928681
2.221636
3.776418
-0.716145
-0.369867
2.052393
5.503635
2.264158
-0.439125
5.844644
1.335756
4.363297
2.915384
3.765885
-0.030416
0.659571
5.231263
0.135251
0.109568
1.861219
0.633820
6.642426
5.930580
3.546752
0.362995
1.690580
-0.361618
-1.114646
-0.062159
1.677006
3.620310
5.252579
0.410846
0.541499
0.408989
-0.530693
7.542954
-2.912728
1.095775
-3.697371
1.150880
-0.737866
7.051105
-3.178391
5.119728
5.511263
4.514977
1.273328
2.133446
3.523064
-0.985819
0.270680
0.395322
0.004614
3.984831
0.673908
-0.062704
0.822425
2.775094
-1.207983
-1.689091
2.353475
1.970772
3.197899
3.428699
1.145725
2.898664
3.154686
1.958564
0.328455
3.874555
2.501093
-0.085523
-1.209734
3.917217
0.656959
1.352733
-3.658367
0.683742
-0.959888
-3.202329
-1.348248
3.373442
-0.499665
3.149638
-2.448008
-3.194298
4.606430
0.546457
-0.530243
2.133636
2.541745
5.498425
3.368773
1.449308
1.435350
2.715804
5.794529
2.216675
3.099485
1.019123
3.481949
2.967984
0.717939
-1.939194
5.569042
0.161359
0.761992
0.661753
-1.036337
-0.578979
0.132053
1.005311
0.193960
-4.071978
3.204998
1.718158
4.343426
6.569206
0.561379
2.615139
0.471397
-3.179207
1.525023
0.873829
5.293634
0.531585
0.426043
-1.841491
4.401592
2.156628
2.458812
0.999270
-0.147080
1.116631
7.892409
2.904429
6.858541
1.380953
0.673632
0.394819
4.479156
1.369703
0.616272
4.050837
0.152386
1.990179
-1.604970
3.741429
6.596557
2.983168
2.502060
4.110725
5.830670
0.380221
-0.120540
1.234207
6.772071
-1.849467
2.938807
-0.556559
-0.480215
1.704899
2.891216
2.478437
1.897907
6.210239
2.033384
1.572891
7.698375
0.195720
2.184668
3.012110
-1.439787
0.553357
-4.912046
0.898193
2.183024
-0.397238
2.475085
3.778538
-2.160318
-0.433982
4.372538
4.801770
0.584292
1.283628
2.321430
3.753613
0.672767
-1.196436
-1.383484
0.431458
2.073747
4.123523
3.288770
7.658569
0.191233
2.540204
1.361578
2.476714
-2.005175
2.169348
3.047808
3.523001
1.839295
0.587655
3.739892
-1.102468
2.055073
-6.457960
2.316793
3.836267
4.662086
0.924038
-1.191774
1.016370
1.958709
-1.852394
-0.933825
2.531898
0.130222
4.600108
3.764382
0.742865
1.485630
3.412734
0.506450
2.904317
5.647517
3.450069
1.218135
1.914716
-0.582913
3.086477
2.887546
2.910821
3.783760
-2.833888
-0.058702
-4.197380
3.480819
-0.766385
0.138245
-2.688757
6.074959
0.861465
-0.513760
-0.515313
1.767734
6.534803
0.926217
5.333398
3.268535
3.136072
5.687078
1.940673
-0.323381
2.290158
2.299805
0.864904
5.246543
1.874256
1.255671
4.489432
5.941142
0.313899
6.242755
0.583871
1.020266
2.795890
0.662331
-4.324497
1.333184
3.363265
-0.103371
5.090222
0.109523
3.611081
2.115696
6.620712
2.825516
8.143925
-0.306368
3.137000
2.590375
3.041723
1.365946
3.368214
1.099947
-1.227014
4.492811
2.595371
-1.651392
3.921732
-0.228704
0.674227
2.364498
3.381786
-2.329117
-3.862166
2.873591
-4.154453
5.814525
1.789608
-2.214146
4.491693
5.296913
2.405684
-1.450438
4.710413
-0.665175
1.278205
0.806540
-0.241792
-0.637807
-0.545446
2.522579
5.014348
-1.162891
1.560347
2.927458
-0.173722
0.263527
-0.116712
-3.924095
3.359579
1.595092
1.981188
1.388759
0.585077
1.212265
-0.100245
2.793001
1.472204
0.203827
2.633719
0.054028
0.954802
-0.877168
-1.462404
0.520507
2.266974
0.795305
-2.311490
2.726668
4.700269
3.040063
-1.544254
4.324844
-2.301527
4.604363
-0.574658
5.794310
2.616324
2.641452
-0.325813
-2.036221
2.368546
3.894668
0.875809
-0.067617
0.386441
4.011393
0.631887
0.893331
1.185308
4.037153
1.205428
1.688392
-0.405814
0.824519
3.632504
0.083106
3.213712
-0.028777
1.404350
2.603300
6.256793
6.380462
1.176428
0.694103
0.519309
2.081192
-1.305533
0.590910
-2.295969
6.561120
4.293339
0.946025
2.831617
-0.257540
2.450142
6.849119
-0.970447
2.811326
0.206173
3.297450
0.962083
1.214131
0.103518
2.892360
1.066990
-0.985870
0.416167
-2.900425
2.714721
3.649212
-2.821958
2.782292
-1.267852
1.880334
0.856912
1.645725
-1.477927
4.180202
3.870986
-0.880550
2.976100
0.398359
0.489238
0.547209
-0.152565
1.356335
2.771515
4.198566
-1.140038
1.391980
3.207510
-0.231121
1.632782
0.618017
3.516903
0.148168
2.698555
3.336920
0.575083
2.162657
1.938231
1.371182
0.181443
2.495839
-0.257106
2.186838
-1.570736
0.447610
1.009293
-1.991108
-0.387885
2.922436
4.527074
1.370899
2.860711
1.793214
6.321132
5.109274
3.127872
1.151332
0.611954
4.642310
5.059486
-0.250058
2.716811
-1.180791
0.901097
0.491629
3.014871
3.248325
5.786541
0.963956
-1.773435
1.932325
0.694701
4.295094
1.770976
2.208728
-0.448191
3.436154
2.892289
2.736362
-0.618505
-1.892610
0.023086
2.231783
1.302550
2.540506
1.648756
-1.143246
1.998884
1.723753
2.972077
7.053088
3.463331
2.777572
0.784982
0.616272
3.902551
-2.617508
-0.306279
0.087724
-1.165657
4.720065
0.434830
3.863569
0.270681
1.338842
0.274783
-0.267935
3.846195
-1.553582
3.291649
4.531295
-0.693303
4.569663
-3.227194
3.225701
2.818826
0.140612
0.106361
0.661647
-4.179418
1.579449
1.548902
-2.254011
2.486260
2.190492
-0.050607
3.398358
1.713082
0.319126
1.742567
-1.780660
2.090179
1.427197
1.677802
0.335056
-0.045001
0.578749
0.381079
2.280901
-1.981379
1.341593
4.227066
4.386054
-1.361152
1.254662
2.403708
4.595170
0.769856
3.417573
0.616272
1.136638
0.695619
4.067482
0.792612
3.991459
-0.662313
3.995566
4.550977
7.512189
-0.920601
4.582024
6.284719
5.081015
-2.443585
-1.634442
3.121818
4.194077
2.177027
-0.531740
1.069356
0.654617
-2.197896
5.703117
1.493126
-1.904309
1.208761
4.976435
2.585284
1.695702
1.339582
-0.631047
2.572558
1.442403
2.429441
-1.815471
-0.689901
-2.504125
-1.456399
2.750374
-0.214421
2.699180
-1.258705
9.872925
2.545725
0.246593
0.433227
6.552032
3.684071
3.192081
2.660166
-2.647551
2.617975
4.372017
-0.279455
3.892065
4.061134
1.957873
3.727161
4.713043
0.757002
3.035440
1.516688
-1.763646
5.113458
0.638917
-0.454684
2.923240
2.476597
1.557919
5.273436
1.903558
1.036471
0.476776
3.609221
1.391546
-2.474124
-0.381148
-0.417617
1.096477
3.472823
5.548277
0.307032
4.566145
0.256962
-0.521043
3.348317
0.182842
-0.484993
5.264684
-0.349015
3.203411
3.053787
3.049766
4.716639
-2.014830
3.377327
-0.135355
5.561123
2.624308
1.036414
0.097400
-2.103737
0.155222
-1.328638
0.342229
1.572891
-2.585759
-0.153293
4.677777
-2.508408
3.339621
2.055540
-0.961406
8.335000
-0.402398
0.737407
2.933380
-2.714685
-3.322783
1.754215
0.718374
2.638432
-0.377339
2.312622
-1.700357
-2.366235
1.546715
2.251725
0.889916
5.837074
-0.520081
5.730811
4.673666
1.934420
1.080757
0.980404
0.026351
1.346256
-0.684820
2.285604
2.184293
1.065520
5.148273
2.600157
1.717351
1.789561
-0.226959
0.160333
-2.202780
-4.145597
2.092617
-1.275020
2.258905
5.605888
4.422938
1.365386
-1.240274
1.148080
0.853897
1.065149
2.535000
5.051537
-3.179863
-1.429682
0.322931
0.584636
2.311558
-1.086549
-0.522082
2.304257
-0.513597
0.953373
3.160113
-1.816132
4.282049
3.252916
4.907547
-1.295584
1.906993
2.070389
1.797497
4.091143
0.859671
5.104776
0.695940
2.919269
-0.594407
-0.481169
0.161594
-1.022232
-2.656960
2.537126
1.756493
1.436601
2.859291
-1.572124
-0.955207
1.064473
3.759496
0.037738
1.224333
3.272410
2.499811
4.626308
1.251562
-0.874269
6.539185
0.335047
4.056145
0.310704
5.291693
1.562291
-0.521253
-3.091598
0.561149
1.068092
-2.650681
1.391311
-2.047115
6.384181
-2.304761
1.670944
1.855608
-0.742866
3.120836
5.473874
2.244791
4.681253
2.091552
0.229519
-1.754433
1.709808
-2.211180
0.477188
-0.290710
0.784438
1.787336
-0.037964
3.134532
0.445073
2.332292
3.385693
0.203534
2.686948
0.846534
4.716284
2.044230
4.033487
-0.150227
0.488914
-6.395224
1.616642
1.870259
-0.774738
2.005710
1.168111
1.017908
-4.429781
2.951879
5.669420
-1.612195
-1.898883
2.925752
3.086779
3.026246
1.263621
-0.212962
3.740166
3.643883
2.009823
2.043497
2.092156
2.790001
3.353268
5.328459
-1.919534
-1.520735
2.980671
3.900146
1.119123
2.736523
2.612784
5.176652
3.952494
1.668166
-1.018315
-1.056719
3.986134
5.035348
3.436705
2.940116
2.974855
0.985638
1.261948
-0.340019
3.488400
-2.095061
3.049838
0.548124
4.053902
3.121816
0.003250
2.474556
2.627428
-0.075846
3.096869
1.760862
4.169128
-2.231069
4.981501
-0.045142
6.007416
-3.419456
-0.102847
-0.990430
1.323641
3.139769
-1.008368
-0.784239
-0.979800
-0.455256
-4.801929
5.121364
1.217781
7.492559
4.895353
-1.907930
-0.568676
1.141836
0.913689
3.067914
0.826356
0.874440
-1.227500
3.281721
1.336579
0.876355
2.159669
2.259263
2.882360
1.576929
-0.505527
-0.130562
-0.079709
-0.019804
1.046488
0.648374
-2.374837
0.330891
-3.852882
4.794224
3.049015
2.708522
-1.144447
3.512856
1.192267
-2.696598
0.451805
-0.952922
2.444396
0.936586
1.949267
4.215366
3.288296
0.290246
-0.137861
5.291560
0.857675
1.758657
4.646341
3.006927
1.053350
-3.218225
-0.285635
0.012501
-0.375414
3.242114
4.232163
-0.253326
2.263640
-0.031355
2.226971
-0.218116
3.120784
0.610561
2.740406
0.514055
1.325954
4.625423
1.063378
1.295770
3.344855
1.017140
0.613132
3.819005
-3.151791
0.122708
6.911217
1.140657
3.618816
-0.107834
1.283634
5.084230
-3.328615
3.783483
3.374674
-1.055084
-0.062133
-2.309417
3.793564
1.798483
-2.184951
5.165770
0.944664
4.277059
4.142600
3.390157
4.247635
0.946480
2.570438
-2.275749
-3.611789
-1.587716
2.751427
1.775609
-0.237934
1.310205
3.271446
4.138134
4.563745
2.995757
-0.913679
1.997551
-0.229568
-1.580065
1.966081
2.364795
-2.859299
1.379881
7.030651
4.326560
0.915263
0.698068
-1.118738
1.079165
2.151228
1.831595
2.633254
4.225811
6.146158
-0.497647
4.170566
1.367340
3.338209
0.212463
1.698715
1.053152
0.415512
-1.180919
0.351797
1.701994
1.274324
1.855855
-2.510255
3.247671
-0.086756
-0.545448
5.683905
3.283241
-0.560501
-0.690823
-1.229862
1.971471
-0.549204
-3.443077
3.570367
2.668023
1.007375
2.376294
5.460279
2.796088
4.543324
1.156960
5.699528
5.214845
0.660502
4.502868
-0.033140
0.126759
-0.257826
0.648692
-3.220417
1.068657
-1.501270
1.153074
-0.013376
3.783599
3.544787
3.343287
4.786119
-1.345487
2.498782
0.959379
3.999219
0.406383
0.302609
3.923961
2.818659
0.399424
1.824406
0.380829
3.293449
-0.472150
-1.424093
1.664982
5.584040
-0.427740
-2.399756
7.598475
2.870951
-0.139502
2.247499
0.080046
2.080153
4.674746
2.594702
3.046492
2.492245
3.248351
2.497663
3.049945
-0.295731
3.954624
7.214905
-0.096934
-1.087404
-4.176239
-2.229539
7.077326
3.067495
2.593729
0.216413
-0.925298
4.338560
-1.352384
3.461459
-2.723772
3.575576
2.938562
1.386611
3.013058
2.150640
5.043478
-1.177214
3.540295
3.885180
1.853036
6.012154
-1.357091
2.727202
2.611551
-3.829165
3.045365
0.878430
4.452578
2.252191
0.584073
4.199682
2.950473
0.614671
-0.480109
-0.551121
3.125575
1.633260
-4.733042
-0.867783
2.102668
1.416673
3.510862
3.961550
2.084924
3.739063
-0.504819
4.122959
6.351338
0.166192
4.995285
-0.829369
4.283213
-1.163380
0.269681
3.997957
-0.285406
1.372041
3.363325
-1.293168
-1.838862
1.688610
-3.026083
2.979183
5.432191
-1.317698
3.332850
1.352282
-2.270329
2.810369
3.423843
2.239008
-0.154527
4.731906
-0.189095
0.900236
-3.620623
1.102637
1.161232
-0.860753
5.390871
2.820880
0.422095
-0.870650
3.201756
1.150602
-2.928637
-0.285220
1.128230
0.131807
0.531644
1.389075
-4.599208
0.616272
1.625364
-1.291072
0.556346
0.709135
6.369589
-1.082258
-0.796948
1.390790
-2.413152
-1.635839
1.005211
4.480512
3.366940
0.443479
3.198941
2.287254
0.043636
-1.341854
-0.136946
-0.091652
-1.522945
-1.419270
2.086687
1.857216
1.377776
3.638203
7.036959
-0.030899
1.906695
6.066538
1.936636
1.899787
4.270502
-2.001560
-0.000704
-0.860255
0.631728
2.398026
3.714079
3.071161
3.230906
0.949375
-0.830635
-1.461166
0.411713
2.680674
0.570161
2.124782
2.175683
-0.400545
5.283584
1.213750
0.993546
-0.287601
5.294118
6.102449
1.513342
-1.928346
5.582116
-2.279401
-0.711784
3.058640
0.339209
1.803941
-2.042150
3.712920
-0.767585
1.495776
0.977076
3.459337
1.996557
2.911720
1.757919
-2.927626
6.716118
-1.949198
2.334698
3.055981
1.445108
1.488161
1.512517
3.925716
0.804228
6.794300
3.133924
-0.602078
1.837180
1.014484
4.869921
1.233391
2.074291
4.199605
1.702402
1.917587
0.723602
3.722875
3.277401
0.992240
3.614533
1.665013
3.903687
1.540268
1.703660
2.587780
-1.261257
-3.699615
-2.766767
1.348289
1.406555
4.098642
4.353491
1.119678
3.833079
4.405746
4.778708
-3.021778
0.725313
4.254013
0.320699
2.652908
0.718502
3.544512
0.890091
4.521698
-3.252601
2.458864
0.747131
0.612987
4.605578
0.832990
3.553044
3.338074
-4.163014
1.005454
2.099445
3.074072
1.101241
3.985295
2.903873
0.845082
1.344304
1.320360
-0.298057
2.649124
1.632494
3.599929
2.218198
3.472681
-2.664746
2.906063
1.665025
2.097027
0.283978
-0.247897
0.616272
-2.372387
-0.798251
-2.055013
-2.656725
3.341121
-1.249830
1.743953
0.676447
0.804624
5.001228
2.235622
1.452320
2.917410
1.573965
-0.574318
1.092356
1.218587
-1.304340
5.497326
0.171462
-0.987993
1.736666
-0.766129
-0.317944
3.215288
3.745696
0.422574
5.942462
2.244589
-2.495010
3.397570
0.786301
1.013887
4.157348
-0.486771
3.586975
3.290018
0.691989
-1.498127
-1.157979
3.095290
3.468898
1.751395
4.413061
-0.679317
2.962976
-2.623310
1.772565
5.705843
2.341496
2.814116
0.694540
2.198765
1.536732
-1.845129
1.458393
0.231779
2.637784
3.525034
-3.663884
2.238069
1.539335
-3.156706
0.782199
0.430203
3.575610
-2.175199
0.624472
4.316976
8.407506
2.654535
-4.151850
2.345524
2.199917
-1.601532
2.774356
-4.062198
2.379928
2.711633
0.080227
4.641867
-0.513749
-1.794538
2.287656
-0.102982
3.764140
4.411833
4.730211
-1.311735
0.964482
-1.069145
5.579275
3.972729
2.292822
2.810329
2.854370
1.885055
3.348866
-0.645454
-1.329332
4.801967
0.604096
1.774757
2.004990
-3.141392
3.479315
7.619039
1.414311
4.759600
0.233177
-1.752631
-4.003801
0.374341
1.546701
1.920802
-0.760013
2.391445
0.785427
0.220082
2.509297
2.408335
0.230132
3.048668
3.415861
-0.900297
-0.485323
-3.577238
2.039988
1.857980
-0.494616
-0.013725
3.240305
-1.667605
3.869394
2.805758
0.744478
-2.066580
3.197626
-2.142900
0.858379
0.726233
1.229031
2.593003
4.201296
5.257014
1.869719
2.055980
3.507152
-1.701508
5.856593
1.502065
-0.324846
-0.438459
3.884943
1.530281
2.632621
0.680938
2.374650
5.072071
2.370215
7.049850
1.514380
-0.562261
0.228414
2.497448
-2.420676
-1.556674
-0.240173
4.968830
1.290147
1.206392
2.439482
2.592342
-1.788486
-0.704399
0.914897
2.953947
5.204721
-0.318911
1.705857
1.216314
0.975960
0.177910
3.496120
-2.310307
5.522446
4.565737
2.636444
2.863710
-1.999150
-0.082895
-0.366838
-0.090622
-6.524663
-0.592716
-0.755695
-0.004862
-1.011869
0.512739
6.261875
-3.712996
0.969914
3.006813
3.968716
2.002343
-2.029419
-0.072048
-0.745589
0.270292
-2.789069
-1.864289
1.248287
2.441395
0.287203
3.000572
-1.551286
-2.850521
2.539488
2.243404
1.950362
0.436497
0.601460
3.276200
2.919927
1.914947
3.031903
4.433929
4.367192
0.706553
2.238735
1.957677
-1.028776
6.255392
1.312815
0.444712
6.834818
4.293337
1.025624
-2.520991
-2.677315
2.345812
-4.583180
-1.837420
-3.506464
-1.621445
3.121432
-2.388038
3.503626
0.758224
0.147163
1.635462
0.157050
6.128117
4.341105
0.381575
4.189898
2.924640
1.060114
1.661156
-0.498347
3.277288
1.864695
3.095182
0.436318
0.660577
6.666348
0.079042
0.516855
-1.110935
3.219543
7.467438
1.067095
-0.360169
4.324718
0.619626
0.326928
3.110783
5.418347
-2.295267
6.122538
1.050148
-1.086795
2.432302
2.475188
1.614853
-4.992171
-4.263620
1.739877
4.649872
3.524468
1.492048
3.313326
1.319845
1.545951
3.096785
-0.838113
-1.697300
0.575728
-0.674058
4.802526
2.539406
1.873469
4.453881
2.811634
-1.117478
-0.536182
0.582381
-3.282327
-1.514530
-0.906601
3.689050
2.467720
3.028329
-1.865550
2.469966
3.407169
-1.141982
-2.092671
-3.286833
-3.633190
1.228048
-0.466377
0.759532
2.953272
-1.850190
1.927572
-3.230298
2.262499
-1.859062
3.022452
-3.079799
2.942435
2.869283
-1.415585
2.014623
2.233611
2.173881
0.055056
-0.927529
-1.177676
2.572952
1.427727
5.433575
-0.082098
5.424259
-1.181974
1.358662
3.304051
4.254931
1.758623
1.831004
4.494146
0.677271
3.108510
2.748359
-0.634981
-0.269648
-1.006939
-0.335460
2.101176
1.148849
2.794544
1.742325
6.920723
1.187893
-0.590709
6.636986
-1.523251
3.493721
0.360870
4.921224
-1.739276
1.330054
0.880313
5.045435
1.673367
-4.551178
3.734458
3.801823
6.480729
0.714027
4.274008
-4.355989
-1.107994
2.843348
0.787145
-0.612762
-2.423397
-1.094219
2.315133
5.494859
-2.701260
4.117730
-1.673172
4.027827
3.625467
1.853533
3.624800
1.559482
0.319170
0.099140
0.966416
1.140212
2.130201
-0.040703
1.573195
-0.674836
-6.152994
2.184896
-3.317428
5.307524
-0.992302
4.161784
1.803887
2.902878
3.172069
2.767558
3.874679
-0.391834
3.851663
-0.328968
2.232079
3.708269
-0.729530
5.263538
-0.791472
6.782106
3.781497
2.342027
-0.564248
-5.011244
-3.650866
-2.215579
-1.619180
2.217901
0.900537
-0.652563
0.384559
1.393646
0.304750
1.413676
-0.640640
2.863864
3.040734
0.967600
-0.261207
3.438834
-0.105427
-0.141661
-0.258065
1.237973
4.355378
5.314987
1.257054
2.256126
0.630108
2.687807
0.970375
3.607273
3.938742
3.541070
0.562429
2.787900
3.745770
-0.512165
1.974738
0.706722
-1.966240
-2.482847
4.947250
1.286467
0.193175
3.014160
3.221876
2.839787
0.417746
0.203543
3.670435
4.246906
0.989078
5.094383
1.479154
0.500483
6.645265
7.115071
2.936714
1.072767
0.924367
-2.457266
-1.162848
4.863539
-0.721561
-0.900262
-1.025539
-0.405663
0.050986
0.296478
8.337211
1.098076
-0.286074
0.571263
-0.412477
3.779436
3.744275
-1.234255
0.687584
3.537721
2.302732
0.945266
2.016057
5.907643
4.867754
-0.467669
-0.991161
1.250948
5.012390
3.063305
1.869197
1.260831
1.234639
5.900629
1.420345
4.803342
4.314535
0.794619
-1.361515
1.809743
-2.391432
-1.957363
5.119590
-0.777459
-0.296816
-2.219954
2.083696
5.552924
5.949366
-0.909011
-2.345315
-1.598682
-1.036568
3.363183
0.252378
0.861282
5.332809
0.587776
-0.314312
-1.024534
2.095557
2.976322
-0.319432
0.290835
1.921082
-2.037299
-2.228435
4.458973
3.937859
0.358771
4.880403
-0.907827
4.687395
3.228019
-0.565097
-2.009322
3.953871
-4.910809
0.777065
0.188015
-0.946319
-1.163567
0.400073
0.341666
3.344042
6.431974
-0.032511
2.379476
2.955915
-1.548222
5.082258
2.343321
2.745909
5.075471
3.745491
0.237902
-1.135851
1.128654
2.156907
0.691062
2.167856
-1.036466
2.955168
1.350430
3.052965
3.596234
2.216156
3.494176
4.818027
0.817148
2.754837
1.061757
5.509984
0.190250
-0.368361
4.023981
2.532381
0.511063
6.885924
5.250876
-3.151136
6.369720
2.448303
1.502520
-0.633938
1.003923
2.067584
3.890163
5.469553
1.005431
-0.526260
-0.592730
-1.483114
0.587079
0.054385
0.425396
1.824460
2.102386
-0.970070
3.195660
-0.986770
2.268120
0.949901
-2.811359
2.941932
-1.871820
1.150376
4.168011
3.695438
1.556757
-2.271934
-0.861898
1.340304
0.080007
0.283213
1.169883
4.399019
4.371861
-3.920772
2.307795
4.266980
1.572891
2.268062
0.099823
-1.309049
-0.596401
3.717800
1.197313
2.284140
2.568640
-3.455245
5.995115
1.426053
-0.890513
4.293429
1.618452
1.470822
4.316637
0.303251
0.886532
0.119324
2.685914
-0.439987
-1.048394
-3.922265
3.731985
-0.524330
1.533824
3.242542
-0.166792
3.781898
-2.877158
0.447598
0.242078
1.992692
2.392061
-0.458508
-0.504438
2.420528
-1.457925
-1.982423
-0.949237
3.355199
3.020620
2.922816
-0.489749
-4.465681
-0.761418
2.822488
5.734012
-0.381437
0.529623
1.380270
2.705626
2.140122
-2.870021
3.507973
1.745386
0.341114
0.306524
-0.911679
-0.505774
1.552836
2.727938
2.742205
2.775294
2.289538
3.274929
5.253039
2.458476
0.995076
-2.783349
0.679490
-4.410105
1.042660
5.077757
1.268233
0.269666
3.033766
0.871655
4.473369
1.905810
-1.755138
1.968966
2.616111
5.582058
7.788146
3.641058
3.401455
2.229535
0.714976
1.045453
1.222824
-2.286333
2.252434
2.303976
-1.097319
-0.785313
3.369784
1.216536
-1.408511
-2.577762
7.237749
-0.880149
0.498203
0.616272
2.728290
0.053273
-1.619578
7.766311
1.455640
1.625854
-0.244774
5.391469
2.989279
1.642935
4.074259
-0.463910
1.478775
-1.173952
6.602622
0.567312
5.350419
0.846672
2.409586
0.442432
-5.840702
1.854033
1.998074
4.220632
4.990510
3.300610
-0.185372
-2.442137
0.355626
4.557459
-0.261868
6.415543
3.454774
1.045226
0.657910
-2.570570
3.353026
1.409561
3.409052
-4.066916
-4.018218
-0.497220
4.861998
1.836812
5.146042
1.135278
3.396306
0.724805
4.070788
0.473230
2.101387
4.045947
-4.981297
-1.457967
-5.361722
6.005982
2.386621
0.046463
1.920557
3.987497
1.789788
2.119179
2.751207
3.664557
4.253826
3.865720
2.311760
-0.229567
1.124774
-1.988492
1.733101
2.965544
1.356809
2.260518
-2.423332
0.481757
1.223307
1.683581
-1.768048
2.086738
0.289670
1.097055
-0.458315
1.621015
3.905852
2.874937
0.174956
1.463982
-3.914206
3.563169
2.860698
-0.001561
0.214135
5.505333
0.913350
2.711553
2.760417
3.635235
0.213628
0.399255
2.822556
0.152909
1.202105
1.945277
0.373507
3.053838
0.616272
-2.781054
-0.141256
-3.319449
3.975458
1.561066
1.648203
1.321584
3.428224
4.301434
-2.372932
4.911083
4.674800
-0.241105
3.558065
4.596212
1.458666
-1.211869
1.357550
0.674289
2.725103
4.215307
5.484514
6.646823
4.770485
3.297495
6.678947
2.624306
3.976672
-2.699358
-0.503922
5.273388
1.481050
0.648653
-1.349188
0.234737
2.266810
2.731430
1.742843
3.686255
-2.008883
2.024254
1.179837
4.572392
2.352449
1.615657
0.713861
4.303574
3.423457
3.475901
2.615381
3.014881
-1.178175
2.841575
1.723815
2.671360
1.091800
-0.422428
0.459196
3.443492
2.059118
-1.881242
-2.034112
3.430491
1.997909
2.625147
-1.030677
4.847641
3.119560
0.442405
1.506070
0.632755
1.396441
5.474513
1.317986
5.011427
4.148439
2.983761
0.822702
3.242513
-6.361006
4.758334
-0.244846
1.053762
0.774241
-0.037724
-1.002676
-0.475778
2.438442
2.796078
0.971493
0.573670
-0.477201
-0.152839
2.431177
2.909572
1.593715
1.280644
4.348248
0.248857
1.779881
5.281841
4.363494
-0.647285
-1.376625
-0.035523
3.286348
0.143974
0.386218
0.913726
-1.773885
1.696493
-3.219297
-2.353125
3.138062
-0.654242
5.012867
2.804642
3.747971
-0.234072
1.286468
2.225272
0.946546
3.154725
-0.497881
7.782843
0.938869
-1.853209
1.806988
1.940954
1.803097
-0.533571
1.058789
-0.717767
-1.047190
-4.128327
-1.169324
1.035928
3.723851
3.394982
2.133584
3.205830
-2.043430
3.566713
-0.498685
0.435071
1.741763
5.088606
-0.035261
6.508476
0.028653
0.233360
0.739830
1.293489
-0.309176
-2.003450
-0.160589
2.054620
1.780670
0.172105
1.993133
3.413452
2.652649
4.121602
-0.140821
-3.326196
-2.315234
-0.137010
0.063204
1.119606
0.184338
0.562854
1.961216
3.069143
4.643656
2.698262
2.352770
-0.420431
1.542447
0.342665
-1.334251
4.053778
4.845369
-2.286442
3.460386
-0.338551
1.006674
0.926728
3.027336
2.624916
-1.355659
5.285372
1.003667
-0.254330
3.536789
2.010528
4.077980
-1.441860
4.232492
1.104635
0.550587
0.886424
6.261265
4.459560
4.176523
2.720278
1.613671
-0.918900
0.092775
1.158243
-1.171311
-0.024962
0.284355
2.816267
1.580866
3.629669
3.795297
5.026720
2.819497
0.746248
-1.919554
4.683646
0.644579
0.072051
4.164870
4.024542
-1.417413
-0.787869
1.212980
3.141051
-3.614595
2.187083
0.740599
-0.521895
2.307339
0.477188
0.771535
4.027058
-4.154213
-0.037072
0.724599
1.168586
5.849980
2.066227
3.977806
2.861214
0.656425
1.622627
-4.728098
0.870873
-2.215508
3.610053
2.855170
4.266146
-0.707100
4.173405
0.680714
1.237751
0.992429
1.791006
-1.074246
1.343802
1.497366
-2.362363
0.477188
0.386984
3.600277
5.563280
4.795337
-0.071087
3.674154
0.981466
2.243299
0.255306
-2.589682
1.551648
1.469240
-0.241554
2.122236
-1.507463
-1.882071
3.141370
1.365524
-0.147003
3.168887
-1.729144
1.705983
4.609249
2.619787
0.765648
-0.095137
1.350267
-0.402214
-0.238760
3.690702
3.960062
-2.112700
0.649802
-1.555943
1.247896
-0.585204
-0.794150
2.331758
-1.026663
3.217512
-2.995500
3.749050
0.060689
-2.406470
0.176108
-0.134095
2.606133
0.711269
-0.157909
0.814249
0.117954
4.351011
2.574678
1.098276
-0.964604
1.620071
-1.352793
-1.276335
-2.728342
1.511547
0.514779
-3.153904
-0.908067
1.199579
-1.659188
1.922819
0.748713
-1.286429
1.235641
-2.136037
0.280668
2.789628
1.611850
2.301110
0.602610
-0.433526
-4.238787
3.212766
3.682319
1.773271
1.665810
0.571489
-2.668265
4.095894
2.292971
0.110680
2.515038
4.066621
0.924741
2.973588
0.295748
-0.351115
0.103206
-2.266753
2.980693
-1.971109
0.554061
1.402079
2.615369
3.763082
3.484524
2.593121
2.964714
-2.657478
0.058954
2.281068
4.709693
0.335476
0.458779
1.932608
2.255268
1.140925
5.093490
1.982409
1.599682
-3.290967
1.259645
2.553058
2.282341
0.511131
-0.565586
6.098884
-1.079943
2.880642
0.444260
0.123957
2.190448
1.373644
0.956842
2.340023
2.899299
-2.375943
-1.183744
1.698585
1.385497
1.450134
1.468299
2.109388
-0.129309
3.858017
1.681034
3.420350
4.394485
-1.651680
0.956977
0.594378
2.723890
-0.107345
3.125987
2.503576
-0.231496
-2.662225
1.569395
2.431672
-2.130648
1.669050
1.218845
-1.030882
5.310154
-3.206099
-0.740570
3.440254
1.534966
-2.818824
4.162149
-1.388529
2.878952
1.131371
-3.307199
0.846730
2.111813
2.939504
0.516281
0.117783
1.767955
2.195415
0.062646
0.489144
2.455627
2.713083
2.486208
2.964282
5.556301
4.051146
-2.070116
5.706665
1.122028
-1.108719
3.476535
1.131316
2.357237
4.275723
-0.711991
2.550755
0.592124
1.911508
2.963470
-1.215756
0.455372
2.454068
1.588024
4.463996
1.115288
0.394543
-0.044003
3.013535
2.822475
-3.019140
7.299226
1.031628
-3.729686
5.717747
0.841257
0.413215
1.286397
-0.514528
-1.521219
1.393376
2.251557
0.304072
2.450907
3.964966
4.107668
1.188685
4.766441
-1.776444
1.010398
-1.475299
4.039080
4.104403
6.474766
2.616018
1.373848
4.002937
2.969312
0.115182
0.760554
-1.862796
1.172735
1.950514
2.794598
-0.126768
0.533322
2.003604
2.234096
0.235926
2.747046
4.659013
-0.792103
2.308662
3.801568
1.669373
-2.884413
-1.328636
0.957794
-1.243290
0.995131
3.168593
1.905120
-2.253888
3.627756
6.585540
-0.952895
1.211725
2.695665
0.498738
4.177887
2.128201
-0.400250
6.687338
-2.230216
1.254700
-2.855399
-2.492097
-3.036907
-0.670965
4.751023
-3.319690
0.392200
-3.762271
1.951026
-1.454434
-2.227327
3.527407
5.101282
0.161919
5.111896
5.486573
3.331508
3.581450
-1.110456
2.856708
2.679493
4.266684
2.216099
2.249397
-4.191950
3.306687
-1.870370
2.198292
2.942160
-1.606443
0.734514
1.141509
0.338412
7.943369
-1.695894
4.050943
1.612342
1.497211
3.156808
-3.558562
0.616272
-2.591480
1.562117
1.529455
1.001799
1.440091
2.547533
3.380234
3.001765
-2.386902
3.924413
2.633053
5.529481
2.064449
-0.047991
0.940400
-0.174428
1.266949
-1.804451
0.132719
3.474854
2.183021
-1.411189
2.843745
-4.485518
2.096762
2.326636
-0.618116
0.993481
2.947510
-1.395099
3.351060
1.735298
2.267650
2.515174
0.453913
1.849554
3.545424
1.563467
-0.959445
-0.422141
2.879774
-0.654882
-3.158252
5.119674
2.606172
0.229863
1.829119
-0.335132
3.069752
3.599743
-2.350178
-4.418203
4.019658
2.021076
0.481801
3.743695
-0.356396
0.729660
0.266599
-0.514032
2.038540
0.776668
-1.437214
2.500409
-0.506039
4.436775
-1.639094
2.026175
3.555193
0.996623
-1.368783
1.498557
-1.006540
0.189270
-3.080579
0.223480
3.774961
-0.614239
-1.013235
-2.747263
-1.300126
2.966644
-0.525817
0.067725
1.235557
4.306727
3.170769
-1.509078
-0.343210
2.518347
3.202177
0.114800
1.695187
-2.387552
3.810389
0.870914
-0.814959
-0.412530
2.808254
2.335238
1.120015
1.277162
-5.300713
3.653524
2.941530
0.138046
1.225816
4.777313
-0.348445
2.641979
1.097005
0.622253
1.006857
1.223717
2.342882
0.711626
1.350173
-1.104928
2.965527
1.787609
-3.185028
2.782293
-2.253571
-0.328125
1.460575
-0.327371
3.529394
-1.418424
3.830019
2.465014
2.505365
1.154609
4.020999
0.188040
2.075653
1.280674
-2.639064
4.542357
-1.173034
3.963701
2.929167
5.199361
1.223167
2.588293
-2.194879
-0.725858
-0.000382
2.797619
3.666759
0.796131
2.211158
-0.915481
-0.340512
4.730215
-0.967263
6.560114
-1.215033
3.001689
1.168571
0.655565
-1.662498
0.884042
3.530165
3.418886
4.666816
2.665036
0.942154
-0.576709
-2.488652
-1.005202
2.769628
-1.144252
2.243317
-0.112858
2.060060
1.024083
-2.126952
1.221838
-1.176665
0.232947
2.438777
3.943844
3.492101
2.443065
2.666229
-0.438709
3.744369
2.325774
2.317660
-0.210975
-0.137469
2.585840
1.038617
1.304645
0.106617
7.430840
-2.165571
2.936512
3.642223
-1.809116
0.339087
1.184361
4.984875
-0.776548
2.225391
-0.137469
0.586798
-4.697357
1.850680
0.963125
1.623057
3.270023
0.050922
4.916023
-0.932084
-1.472646
3.276844
-0.630115
2.299481
3.391681
2.523770
1.471587
-0.885157
0.938411
0.726302
0.988683
-1.729820
1.561622
4.091969
1.438112
1.417928
0.905400
1.205142
1.508314
2.132648
3.560892
3.769894
2.211613
-0.347631
2.883597
-1.763654
5.594940
0.308267
5.414572
-0.450882
-0.499363
1.036246
2.793077
2.734856
1.775561
1.739321
2.173138
3.780849
3.427339
4.610726
0.274442
2.507510
-1.971570
1.081213
0.330431
1.464476
3.718959
-2.579028
0.248320
0.638896
1.984055
-0.040315
-2.387471
6.681757
-0.696040
5.853471
2.957368
3.482901
4.261499
-1.327524
4.206502
0.279302
5.180119
3.820534
1.375090
-3.592371
2.243300
0.256187
4.728242
1.542236
2.510452
0.812100
-1.422160
-0.913129
-0.507776
-0.048159
2.419222
-0.666221
-2.455122
3.519043
-0.577889
-1.798233
6.214736
-0.159442
0.382966
5.710245
2.953763
0.714485
1.457632
2.833082
3.458173
-3.566730
-0.907024
2.036009
0.717586
-4.512558
3.132187
6.049008
5.990341
1.801849
2.025483
-4.654121
4.406080
0.402192
-1.617965
4.262632
1.531416
-1.468786
3.727367
-0.965528
-4.149024
2.639002
6.298096
4.653451
-1.234011
3.629528
1.679251
-0.385443
4.874914
-1.595039
6.818409
2.029053
-0.755331
1.841574
-0.844889
-0.132828
2.305281
1.631703
-2.225677
6.847956
0.497738
1.327333
4.074116
4.283976
3.080639
0.016617
-2.007789
0.719654
1.815272
-2.120335
3.921012
-0.017187
4.827947
0.869081
-2.310493
-1.093508
1.249962
3.152758
0.376991
0.655534
-2.731436
0.802599
1.718520
-0.880458
2.235593
3.394480
-2.018606
-1.385481
1.442142
7.052822
1.481371
2.096887
2.731068
2.064065
5.024056
1.125854
-1.064552
3.523787
0.513482
3.018213
3.831429
0.751712
1.357748
2.476250
-0.022670
2.241179
1.632542
2.464749
1.081305
-2.930161
2.826860
0.697010
0.918760
5.173881
-0.111068
4.479265
-1.022464
2.322803
0.081796
1.572891
3.779996
2.297285
0.249849
0.386945
1.665559
0.737589
-0.747593
2.747839
1.270857
-0.059408
0.514045
0.107264
-2.391839
-1.379904
3.233437
-1.489997
0.967650
1.348501
2.854818
2.223696
5.026823
-2.178942
3.007125
2.646914
-1.268819
0.503819
5.199827
2.645628
0.257324
4.502427
-1.719965
-0.268626
2.067841
0.145103
-3.585327
1.432709
2.937917
3.666236
3.328287
1.087673
3.397372
1.713021
4.258290
4.364991
1.632290
1.844090
1.361096
6.569382
0.328741
-1.994130
1.278803
-2.270988
2.970599
1.996400
2.166859
-1.796316
1.456811
0.839574
1.260839
1.030445
2.502872
-1.262716
0.142591
-1.899654
0.665222
2.817188
5.822220
0.870687
4.687737
-2.341030
3.452459
-0.199257
3.711994
2.450120
0.270064
2.307218
4.833679
0.398983
0.843744
-3.753520
2.956221
-2.120914
4.007936
4.856234
3.035567
0.600221
3.759492
0.952285
-2.333034
4.077939
0.268726
6.235700
2.236803
-0.693080
2.051800
-1.615672
-0.056854
4.815265
4.870146
0.289840
0.359444
4.723255
-1.091927
-1.220009
4.698127
0.575212
1.073628
-0.308629
-0.423692
1.425234
2.119985
4.390674
3.896624
-3.228014
3.124807
0.974831
1.624784
-0.505831
1.273363
5.390589
1.433919
1.528887
1.068026
0.007953
2.301533
1.356028
-0.969313
2.779522
4.934164
0.350084
0.119555
3.873589
-3.959743
2.075603
2.278166
1.944271
3.285291
2.647264
1.169350
-1.328194
-1.311825
2.210206
-1.913042
-1.629323
0.930110
2.813950
5.753637
-0.897253
3.306897
1.947913
-0.136810
3.652411
3.369318
1.245493
2.204062
-1.994064
1.399814
-0.671918
0.631746
0.133965
5.202543
0.844400
-1.013965
4.446903
-2.709820
3.088278
-3.065537
4.020412
4.101551
-2.942353
-1.207584
1.535117
2.585752
-3.923504
0.197940
1.803020
2.582932
3.238373
0.974929
0.395137
5.632088
1.108865
0.838360
1.143162
-2.285171
2.039175
-2.139909
3.090421
3.075987
-3.084496
2.316350
2.138740
2.011869
-0.327352
1.197757
-2.561808
0.176462
1.882815
0.717206
0.030504
1.494008
-2.549012
2.537357
6.635090
-0.274828
2.940655
1.091364
1.610172
0.343597
1.553130
-2.444034
4.712194
1.941578
1.526376
2.698007
1.808709
4.243705
2.146392
1.301728
1.013534
1.815940
-1.176653
0.062534
4.602504
1.201514
7.395990
-1.174982
-1.665748
1.907650
3.315165
3.545651
3.335463
5.730247
0.255970
0.880378
-3.823887
-1.156471
2.967108
4.242464
0.049537
2.370855
0.614346
-3.763248
6.843592
3.322331
-1.448272
-6.025421
3.807989
4.337005
4.450114
-1.151933
1.670959
0.987993
2.612656
-3.638746
3.143912
1.065418
5.538823
-1.175818
-2.582830
0.948195
3.125552
-0.234138
0.616647
4.869020
-0.179676
2.999981
2.381100
-2.955159
-0.188356
0.145432
-1.491181
-2.997864
4.137894
-2.375360
-1.450393
3.483625
3.048290
3.602972
-2.524579
-1.760326
0.278629
2.887056
-0.110213
1.105869
-0.497560
4.091449
2.236835
1.528319
2.482153
-1.480292
5.906972
-0.798244
1.985150
-4.287499
3.828893
1.275213
-0.904972
-3.433649
4.281998
6.083416
-1.811049
-0.186790
-2.686525
2.142147
-0.842353
0.708651
2.762875
1.406450
2.147211
0.172158
0.853119
3.527561
4.091992
3.739064
3.800899
2.954559
1.845224
5.162966
-0.776069
0.192232
2.525509
0.456791
1.035176
3.358325
-0.160786
2.011165
2.570498
1.638293
-1.241501
2.918638
1.036987
4.236578
3.994707
1.866380
3.849302
4.024813
2.515099
2.142029
3.801069
2.429760
4.874218
6.000931
1.071006
1.679248
-3.481932
-1.942554
2.318435
3.773891
-0.143225
1.143525
5.583887
1.680092
-0.450735
0.304211
-3.178967
2.135089
-2.928963
5.856180
0.500377
3.092382
2.285267
6.004979
0.531542
-1.952877
2.186398
-2.338562
-0.346680
1.080902
3.137140
1.834805
3.328813
-1.000535
-0.105909
2.761527
2.581100
4.837298
1.554064
1.124039
1.438321
2.468440
-0.101398
2.055421
-0.218818
4.036217
3.604122
6.769911
0.775620
3.746466
3.576641
-2.889136
-0.142805
2.212337
-0.880099
4.485094
0.265187
5.940829
1.327629
0.411431
3.063715
1.857413
2.368216
2.793684
0.587182
-0.951363
3.543095
0.365523
1.322867
1.429785
0.580042
-3.573106
-1.556382
-2.147210
3.110302
3.060356
5.359343
3.008050
-2.109503
-1.072187
2.467549
-1.864095
2.551569
-0.918259
0.474353
-0.392284
-2.691068
4.132368
0.425466
0.466966
5.873649
3.726487
3.125460
-0.090655
3.554344
3.206135
0.901071
2.732551
-0.484870
-3.911854
-2.699512
1.540359
0.724060
4.396517
2.729218
3.188937
3.890139
0.077103
2.220299
2.766077
-4.938439
-0.338551
-0.622910
0.099456
-2.339228
0.949345
3.224250
2.657432
6.537327
0.330262
0.249044
4.040439
1.486691
3.824322
1.517231
2.614134
2.417613
3.940921
5.708604
1.275223
1.677874
2.079376
-0.340150
-0.183685
-2.983310
-0.290070
0.919014
0.619925
2.320691
5.135500
1.222140
0.308485
4.766665
2.697320
1.833881
0.347023
4.809103
-6.354546
-0.451739
0.004924
-2.142284
0.482288
0.627955
-0.569526
-2.693502
1.484505
2.516705
4.178111
-0.224713
2.994590
3.215612
0.751985
2.278410
2.082742
2.074372
4.032239
2.101583
1.418249
-0.748976
6.645155
6.858420
-2.650966
1.488575
6.264718
2.710238
2.880034
1.948232
-0.055196
-0.748335
3.150689
1.482194
4.186874
3.909040
3.741234
-0.612642
-2.761900
1.629599
1.534142
1.448029
-2.069318
-1.166773
1.108838
-0.462666
-3.115639
1.435521
0.616272
-1.999653
2.526788
4.311655
1.196671
-0.266386
0.895206
-1.036855
5.044886
2.637629
3.244331
4.901152
3.687246
-2.693992
2.169290
-2.494639
2.415582
1.088459
4.110787
3.004525
1.316277
3.326472
3.455338
1.068984
1.552662
1.072356
1.546414
-4.130959
4.958750
3.194944
2.553458
6.093859
2.601482
2.936506
-0.975300
1.943720
-2.679161
0.347162
3.417062
1.900318
3.473991
2.954726
0.803143
-0.688501
5.703704
2.903223
1.920083
0.085389
3.923452
2.459858
0.792020
0.731922
-4.068095
1.950043
1.628499
2.193830
-0.741220
-3.485685
5.703254
1.495794
-2.012245
4.228415
-2.535027
-3.289900
2.393115
3.792034
1.356850
-0.574644
-1.214077
4.280797
2.900394
2.953645
1.039368
0.171140
0.073434
3.199652
0.338400
-0.579403
2.772560
2.783761
0.527050
0.585277
-1.425323
2.986741
0.689407
1.905279
0.038223
6.548670
2.967669
-1.704331
2.038041
2.153865
0.494823
-2.516862
-0.509772
3.902810
3.168276
0.512542
-0.087070
-1.984788
-1.475441
0.854877
4.244992
-0.688630
-1.395579
2.425030
0.597919
3.334502
-0.347498
-0.299842
4.739864
-0.210357
4.786970
3.459526
1.976160
1.352507
-4.644560
-0.476602
1.735666
-1.705624
4.863467
0.111805
2.908171
2.389221
0.611209
2.220113
1.866816
-0.580185
1.619455
3.645071
3.012290
-1.694348
-0.964586
3.581115
2.101015
2.176629
1.096571
0.797998
-1.056765
3.173512
0.951857
0.099983
-0.321461
-0.517034
0.090334
-0.956800
5.124502
-0.962367
1.029234
2.568053
4.324133
2.281870
2.349792
0.978783
1.816144
-2.035453
-3.120889
2.517447
-1.255534
2.321431
1.568254
4.332013
-0.856784
0.254492
3.042566
1.007863
3.407067
1.372246
-0.083602
0.365032
0.077035
5.755737
4.448090
1.604259
3.525681
1.391013
0.171412
0.202895
-1.440806
-3.683406
3.461884
-0.725486
-0.725683
0.012057
-0.302372
1.743555
1.195518
0.405822
0.080225
-0.189419
3.034547
-1.816181
3.238355
-1.330473
4.096999
1.533372
0.400404
3.224119
1.650978
0.394943
-0.087509
4.366932
3.432526
4.452503
2.490633
1.231133
4.315104
3.715935
3.530235
-0.839863
0.879956
3.214219
2.531388
-5.839886
0.009305
1.627111
2.989388
-1.145106
2.283695
-1.051272
0.950587
1.464178
2.617895
1.798359
6.129169
-1.028414
2.719234
-0.855253
-0.448788
0.651911
-3.579466
-3.115865
2.004971
-1.376969
-1.859478
-1.135908
2.407379
-0.260388
2.236885
4.310498
-2.586767
2.603925
4.305805
4.049984
-0.520606
0.275590
3.876425
-2.850251
0.877755
1.490418
4.530174
3.382269
1.729409
1.411332
1.828583
-0.657558
2.133801
3.120281
2.533438
4.164882
-1.316069
-0.957118
1.315510
1.072517
3.349632
3.518378
0.098562
0.969464
-1.783532
1.405462
-0.147526
1.794168
0.676142
4.202225
0.688795
2.495901
-0.643696
2.119437
2.758595
0.796160
0.941418
0.659951
0.434875
3.431667
-1.552838
4.219030
-0.442997
2.711022
0.419821
2.726444
1.865861
1.818331
-1.628554
-4.435423
-0.961435
0.992575
-0.733162
0.671223
1.912079
-3.638927
-3.365294
1.627216
1.296037
2.145568
-4.858559
5.750294
4.787243
-0.531102
2.252814
-2.708081
5.142646
-1.552079
-1.284699
-1.597037
4.994162
2.609002
3.642053
1.418364
-0.006174
-0.721460
2.853671
-2.861523
2.458196
1.954588
0.902008
2.557010
3.001744
-0.875213
2.130795
5.732481
-2.072143
-1.035432
0.817812
-2.668663
3.813240
-0.602612
3.885407
4.493415
1.392275
4.382441
0.951608
-0.477248
3.264609
-3.713451
1.212055
4.494381
5.159351
1.215798
6.224758
0.990134
7.632132
-1.226167
0.169567
3.454530
3.471492
0.159238
-0.119497
1.033657
3.549053
2.494135
2.250584
-2.000536
3.290626
-2.971448
0.858074
4.127337
2.995983
-1.964622
3.135942
4.962477
4.518948
3.572136
2.692072
0.616272
2.361395
0.050560
2.445789
3.741981
1.015318
-1.233582
5.683100
4.371797
1.964152
0.190085
1.402685
-2.264431
2.838701
-2.076686
5.305852
-2.681154
3.176089
4.188734
-1.242630
4.383643
6.125675
2.608129
0.508974
-0.122070
-0.636125
1.977746
-0.735457
-2.471414
0.884435
-0.346548
-2.970140
2.394610
1.680108
2.467547
0.133388
0.124224
1.272050
3.504671
0.071097
5.555215
0.516043
1.838545
-1.292040
4.485320
0.480433
1.142402
2.107982
5.502832
2.887457
6.269192
3.840821
3.190295
5.083034
2.801048
2.130019
0.490088
0.716432
1.907916
4.628126
5.148365
-0.963070
-2.005766
-0.293254
-0.514805
3.851110
3.848925
3.544687
-4.003176
1.332629
-0.716804
2.892662
0.532578
-0.443440
-0.510632
-1.612878
-0.999908
1.937955
0.265578
0.806427
3.427635
3.831445
-0.992157
0.819703
2.119453
-0.793071
0.187134
5.172846
2.538955
1.693238
2.884888
1.228984
0.887658
4.097665
0.264263
0.251595
2.679540
1.302263
2.520476
4.608202
-3.246275
-2.558334
1.388385
-1.865133
1.087592
6.810987
0.795384
3.149839
2.209114
2.806814
1.439196
2.837286
2.945663
0.558554
-0.734927
3.660904
2.219267
2.406032
-1.378215
3.340956
-1.457900
-1.808567
1.444938
1.006239
0.880495
3.488592
3.315968
-0.455931
-4.344205
0.282602
-0.074734
-0.656833
-2.049489
3.252914
6.476894
3.382526
0.242241
4.762895
0.882641
0.390667
0.146213
5.908842
1.108996
2.085109
0.856962
3.699730
3.449106
4.231678
-2.265917
2.335398
1.432075
6.083710
2.477980
-4.691942
0.850836
3.561348
4.966828
1.278566
3.265734
-1.700282
3.481602
-0.822881
4.941001
2.754028
4.499231
-1.667398
1.129825
-1.452509
1.593016
2.071939
1.394382
1.930100
-0.547334
0.233558
-1.569466
-0.586430
3.649171
2.641848
-0.902395
5.347532
2.672950
-2.766261
1.158818
1.432304
-1.521476
0.132510
0.197772
-1.593023
2.237806
4.302712
5.170747
4.466816
5.269049
4.154381
-1.166099
2.484307
-1.240297
-1.000712
5.365471
0.932633
2.272481
2.076179
-0.474542
-4.814779
-3.573268
-0.664991
2.990019
-1.639949
1.077575
2.404542
-0.386010
-0.266439
-0.015895
-1.168920
-0.460885
0.692431
0.296503
2.507063
4.544878
2.489818
0.508213
-0.438670
8.362665
-0.658698
1.043197
2.191351
1.771089
-0.022308
-0.343621
-0.828748
1.321250
-1.337967
0.749766
-0.222169
2.171152
3.722225
1.095433
0.851757
2.224615
-1.757210
2.273550
1.895570
7.379316
4.460879
1.065847
-1.694528
2.028840
3.827538
1.950636
-0.206580
2.443701
0.821534
-0.833653
1.687641
2.490728
2.171154
-0.115489
-1.395866
1.886816
0.961267
2.366666
2.134519
-1.628417
-1.534401
4.362432
-0.130761
4.126482
-4.185726
-0.219720
-0.343843
0.213415
4.522686
3.189408
2.405031
-2.094391
0.067918
1.219774
-0.625661
-1.159388
7.366114
1.363847
3.820911
-0.578808
2.562277
1.037087
2.431331
-1.778337
0.817168
-2.020315
1.675008
2.096360
3.419714
-1.188705
5.056145
2.822352
-1.948792
3.661547
-1.085269
0.689250
1.506983
2.531515
0.318807
1.010627
1.693049
4.364740
-0.525895
4.439800
-0.073357
0.777933
0.041697
1.529683
0.715877
-0.747240
1.360611
0.942234
2.748889
3.156264
1.411940
-0.982008
1.107077
4.172964
1.879716
0.335452
-1.341397
-1.976271
0.644361
1.074039
1.572891
0.359584
2.616474
0.149414
1.921467
3.481281
-2.062059
0.636858
0.891850
3.287080
6.813309
2.624791
0.123721
-0.996860
5.510001
2.923660
-1.227089
0.586536
0.618205
-1.220082
1.998473
-2.473708
1.118481
0.185834
3.696973
5.771972
0.620173
-0.202318
-2.954859
0.892624
1.231158
3.557308
2.446465
2.157442
-2.252791
3.145973
2.108629
0.621316
0.881775
-0.273319
0.003948
3.431744
-3.655807
3.608486
2.323319
2.932013
1.412848
0.232605
2.074780
3.310462
3.931817
5.350262
2.269739
1.820984
-2.170219
-0.700873
4.036690
7.147127
1.114545
0.064927
3.449646
-0.758886
1.642697
-2.774852
1.757860
4.492083
2.231680
4.313736
-2.442246
-5.987621
2.661461
3.153441
-0.230733
5.459169
2.307407
2.348918
0.966386
1.399160
1.764497
-0.329525
-0.008406
1.077855
-2.341566
3.059046
-1.209351
1.726984
2.435639
-2.467601
-2.750761
5.383262
0.810244
0.846243
-0.146481
4.079185
1.845695
0.409801
0.509397
-0.517614
5.599819
1.932479
4.117031
-2.137765
-4.385353
-0.557891
3.752474
5.939276
-1.642496
-2.179179
1.398883
3.995228
3.135061
1.369864
0.677504
2.312089
-1.347538
1.767685
-3.025438
0.270166
-2.732270
3.277354
0.667307
2.759313
-0.395636
1.062220
5.216414
1.613771
3.738601
4.213773
0.568587
0.134175
-0.923079
-0.051892
1.596378
-1.480748
0.028316
-1.566492
0.125584
2.466725
0.745887
3.277593
3.433803
0.237257
0.664732
1.310240
-0.277085
6.198307
-0.450263
1.317950
0.584139
3.288647
0.583117
-1.921202
3.578527
3.322760
3.955080
3.624207
-0.907865
3.573448
3.828355
1.537159
1.104138
2.619844
-1.902407
2.512178
-2.652080
1.944483
1.278584
-1.128689
0.312469
3.018536
-0.009476
1.257114
-3.818075
1.741888
1.796554
0.706236
2.458122
0.057174
-0.330089
6.533705
-2.130029
-1.795484
3.072993
1.413749
6.232489
3.434642
1.129461
4.885971
1.113005
-0.698024
4.432911
4.713753
7.147694
-1.826810
3.595427
0.461339
-0.759205
-0.513747
3.829456
4.771336
-1.709846
2.290739
2.127435
3.620241
-2.256985
2.630013
4.159092
-4.154116
1.880355
0.979679
1.818920
-1.356565
3.611012
0.957236
0.122174
-1.853604
2.738517
1.193853
-2.618407
0.194524
0.399696
1.809533
-1.409878
5.825322
0.618820
0.960900
5.620202
0.927097
4.178750
6.447418
-1.598777
0.924929
0.944860
3.080396
3.913168
-0.394440
-0.529971
4.844154
1.827935
-0.346172
1.919310
2.173800
-0.433200
-0.899586
-1.016290
1.079566
2.397763
5.073816
2.248796
0.948822
0.226197
1.062708
0.551057
1.285384
3.375875
0.537172
-1.726851
1.200823
0.842957
-1.345061
-0.173527
0.074013
-1.720016
4.452692
-0.881918
7.021494
0.824767
-1.117969
-1.323496
0.986346
4.049110
1.166183
2.302691
-1.073202
1.666682
1.507917
2.068907
1.621305
1.322325
3.468019
1.139256
2.950275
1.368615
-0.757322
2.385019
-0.658673
-2.177765
0.444246
-7.652460
3.118897
0.788837
2.920326
-1.371261
-5.320182
-0.004486
0.274858
6.580309
-2.678587
-1.417604
0.388549
0.959667
-2.493561
1.724076
-2.141656
-0.340390
-1.307566
1.350723
3.667178
-1.494242
5.801828
0.444600
2.671507
1.307219
3.243587
2.277396
0.281539
1.234224
3.736536
2.093488
1.116728
-0.668550
-3.776420
-0.312133
0.820399
0.344399
2.699054
0.733107
-3.674189
1.498267
-3.531046
3.796035
0.911626
2.475253
3.725606
2.389793
1.752361
2.169909
0.562984
-0.616655
0.783454
1.161911
-0.278985
-0.390818
-4.591542
3.888750
-5.042356
-0.533320
2.782967
-1.980683
0.042816
0.079871
1.441628
-1.517011
4.006783
1.770948
2.204828
4.330560
-2.385883
3.017638
-0.438726
2.189825
3.764226
3.333043
0.219733
-0.643019
0.471142
0.496542
4.448509
3.047414
3.564466
3.558539
2.443988
4.663832
-3.270748
-1.687814
3.254562
1.433900
-0.082897
2.230652
-1.405781
4.049421
1.143600
-0.034801
1.884607
-1.488647
1.675846
2.505051
1.777903
-3.011268
2.280608
0.797874
-1.365586
-1.826193
3.514171
-2.970033
-1.716096
-1.022981
3.243345
4.273598
4.007779
1.716518
-1.663958
3.931406
1.829144
1.885729
4.031983
-1.751846
-0.716002
2.778829
2.199396
-2.091551
4.070548
0.086623
1.076089
2.187870
2.345245
1.982929
4.471234
0.233062
0.662576
0.520021
-0.378403
1.842114
0.146256
0.486132
-0.859628
-0.536375
0.059298
0.249243
0.256881
-0.324682
3.109585
-0.025001
1.499953
1.677614
1.929936
0.578920
-0.576962
3.486206
0.098236
4.117043
3.646038
0.163443
-2.252634
3.692691
-1.260214
-0.441965
-0.539576
-0.164069
1.322798
3.565825
-1.686863
0.239304
4.643411
-0.353693
-1.011311
-1.167013
3.494331
2.034595
3.025641
4.480798
4.237739
1.493546
2.248829
-0.336246
2.289576
5.076983
-0.519588
-0.501972
1.192562
2.310231
2.792173
-0.793860
4.606303
0.353753
2.622392
1.839870
1.588198
0.039903
0.877178
1.237342
-1.962521
0.007836
9.959151
1.059032
3.907520
0.002693
-0.248110
4.346029
-1.512338
2.311820
-0.137890
3.080637
0.252285
0.702252
0.584267
2.327897
2.912152
-1.157858
2.039907
1.056479
-0.884812
2.706617
4.985456
0.079084
1.290880
1.879119
-0.200815
-2.556686
0.123682
-0.398349
3.789186
-0.598969
0.449924
-0.414332
1.995156
0.737265
-0.088637
0.030544
3.144903
0.638657
-0.190548
-1.771295
4.628848
0.388674
3.705685
-1.900800
3.909644
-2.441472
2.500213
-0.543603
-0.933748
-1.546848
3.526521
2.773220
-1.096621
3.412216
-3.583381
3.303646
2.409408
2.441774
0.875093
0.343959
3.767710
-0.749245
-1.246052
0.107412
0.584489
0.826867
-1.749048
1.860211
-1.362158
0.154370
3.359848
3.674821
-2.181185
2.319796
-0.187186
-2.838882
-1.609946
1.430809
2.562137
2.945685
-0.456162
-0.381985
1.989395
0.003562
2.224084
-3.035011
2.369215
-2.255013
-1.612697
-1.675882
-1.100239
2.600540
1.088545
-0.943164
2.804688
-1.053438
0.575291
-0.327715
-2.852789
-2.725430
0.336072
1.619365
0.558002
1.034073
-4.587944
1.447770
1.165128
-0.595892
-1.197056
0.307441
-3.579926
1.991370
4.118605
0.021832
-3.702329
1.334530
2.593403
1.374595
4.025046
-1.459864
4.241250
-0.588233
2.488652
2.729195
0.197565
2.905272
1.675507
0.409535
-0.461325
1.317987
0.693746
0.618717
3.088569
-0.293852
1.878583
5.503839
4.448459
1.551697
6.583410
1.426170
4.137174
0.477188
6.654175
2.144716
3.158221
2.869660
-0.527627
-1.933138
0.959499
0.412953
0.034440
-2.031128
3.960613
3.470341
0.933168
0.436033
-0.951819
1.814129
4.791799
3.627674
2.118940
-0.013469
-0.445198
-0.191240
-1.819297
-1.418777
1.736112
-0.176660
1.792893
-1.242746
3.181333
1.085393
-1.393245
-2.194798
1.734334
-0.918725
-0.247261
-1.132353
1.105385
2.680907
-1.121404
4.605680
-1.753843
-0.945841
-0.304250
0.711618
2.084394
-2.441621
2.446502
2.686879
-1.938163
3.057432
-1.391031
0.091400
0.672253
-0.139255
5.341751
4.762509
-1.066608
1.853326
-0.970140
-0.537902
0.717293
0.039797
1.342890
-2.384524
0.895802
-0.568740
0.286287
-4.495219
2.730620
1.437393
-2.289082
-1.296454
-0.531046
1.895828
-2.717714
3.214453
-0.877784
3.733764
-3.267826
-0.550566
2.386163
2.569365
-0.508611
-1.938455
0.097335
-0.007865
-2.863741
1.880337
2.417299
2.381813
0.255339
0.116460
3.391684
0.600046
0.231289
0.847038
0.760905
5.387899
1.411591
-1.002563
2.501118
0.347322
1.464019
-0.242281
6.965889
0.897541
-0.517550
2.553051
2.582162
1.712569
2.329140
0.594337
-3.581552
0.551004
0.698345
1.239218
-1.947618
0.124135
-2.469678
1.189755
2.784073
-2.925486
1.598734
-4.464300
-0.030315
-1.145712
-3.465088
1.852685
0.731256
-1.388529
2.065893
-1.338294
-2.236862
4.523663
-5.253743
0.437785
-1.981295
0.687703
-3.637810
2.762272
-1.338688
2.709127
1.824705
-3.260342
-0.459867
-2.318851
-0.898603
3.499936
2.093458
2.381285
-0.807974
1.615440
1.645981
-0.664551
-1.380409
-5.635959
2.855476
5.478580
1.142006
5.029531
-1.585593
-0.653378
-1.853159
-1.938232
0.641115
0.195585
1.672166
-3.834201
3.350928
-1.409772
-1.918507
1.584604
3.079278
2.850174
-1.782621
-1.225473
-2.944496
1.270963
1.990506
2.331333
4.552057
4.038282
6.150351
2.110591
-1.067477
1.845284
-2.047534
2.839717
3.977408
0.816793
-0.543144
-1.646299
0.334973
3.023046
1.203338
0.000611
0.287626
5.200109
-1.105508
-1.002113
2.136408
2.312521
-2.044822
3.311286
3.544674
2.890005
5.111512
-2.233589
3.251324
-1.292081
0.910870
2.263263
3.664561
-1.512144
-0.029887
2.317879
6.965364
4.045755
0.011727
-1.065777
1.814632
2.065044
0.929506
2.319576
-0.129754
-1.864996
-2.574658
4.809641
1.661930
-1.723818
3.369696
4.060089
-2.580490
-4.252060
0.763418
2.018721
0.633478
4.702820
0.605871
4.482258
2.313958
2.391256
5.162988
-0.312535
-0.085229
0.117343
0.691330
0.400381
-0.115392
4.089294
-1.919502
2.018337
2.625530
1.003633
2.435166
0.768000
2.705017
2.709037
-0.328697
0.072272
0.520967
2.550845
3.515244
0.236450
0.586393
3.402563
4.495929
0.501333
3.731804
1.616370
-1.077372
-1.023132
-1.856606
3.557591
3.203002
3.620286
1.710838
0.682109
4.474348
1.097295
4.411720
0.198936
-3.462787
1.227425
-2.997251
-0.446682
0.820354
3.450512
-2.859001
0.816229
0.754813
-1.698959
-0.325638
1.304780
-4.487197
-1.560152
2.386318
4.729805
-1.436199
-1.560519
3.974766
2.270198
-1.391810
2.079532
-0.828255
4.486006
-1.118049
1.708821
2.055992
-2.028730
4.030297
4.650049
-0.945659
2.174077
5.634239
3.324126
-4.588104
2.593989
-4.772400
2.256737
2.262453
1.685476
1.112644
-0.925594
4.942350
2.460208
2.660881
0.175165
-2.086063
1.942055
-1.659627
4.530313
1.648922
2.138359
-1.033383
0.640719
-0.416946
0.455877
3.702740
-0.072024
-1.366558
3.643517
3.961544
0.711239
1.906984
0.651804
1.751266
1.668277
2.899904
-0.016162
6.371033
-1.329349
5.154036
1.476454
1.291693
-0.892591
4.528655
3.237209
0.268795
0.539568
-1.357655
2.119737
3.172051
4.358361
4.013108
-0.224305
-0.457885
1.877802
1.953112
-0.363094
3.700475
1.441454
0.085756
-2.422775
0.089418
-0.004237
1.652703
1.182437
2.144071
0.248872
4.356192
-0.625151
-0.189377
-1.413054
-0.452607
2.521806
1.227422
-0.734132
0.473077
0.826661
4.039817
1.482385
0.753929
-3.969893
4.735260
0.228418
-0.162587
3.763024
2.012286
3.274366
-0.197234
2.407700
0.717222
-0.011706
2.823281
0.286011
2.926022
1.531905
2.548841
-1.274568
3.205916
-0.755645
-5.360923
2.591089
1.343663
-4.252532
0.255152
1.868414
-7.833070
2.117784
0.773808
-0.000374
-0.850750
3.425445
-5.256293
-1.935780
3.383322
3.988849
-1.717321
0.041189
1.934414
2.280758
-0.237990
-0.141588
1.286020
1.282860
0.003565
-0.276472
2.072843
0.815052
3.498753
3.887716
3.088831
-1.542510
-1.067379
4.103903
4.277997
4.458872
-0.963389
-2.568768
0.116471
-3.904000
1.632984
-1.646399
-0.899345
-0.907839
2.819639
3.581499
-0.306644
-2.278822
0.276068
1.240859
0.624508
4.102526
0.454829
-0.412020
3.151240
-2.494418
-4.221136
2.419758
-0.152796
-3.164860
-0.292070
1.790544
-4.011660
-3.126036
2.157245
0.974864
1.572891
2.360762
1.366747
-1.320039
2.808480
-0.494781
1.050889
0.391212
2.615283
-3.111979
-0.346659
3.354522
0.596691
-0.281702
-1.103679
3.073278
0.391582
2.072230
-0.322851
0.021414
1.927418
-0.931433
3.755795
-0.122052
-0.680926
-0.388138
1.598618
-0.428782
-0.769255
1.270004
2.007319
0.835560
2.616720
-2.719498
1.181171
1.415252
-0.162396
2.614157
0.382435
4.235559
-2.035715
0.647652
1.766150
-1.265651
1.594252
3.941022
-3.449895
4.552005
2.745728
-0.693258
1.808773
4.372628
-3.134384
-1.062567
-0.360645
1.453223
3.321384
0.247693
-0.359059
3.443685
0.598688
5.428703
-1.742513
0.513667
-0.685598
3.382521
0.219668
-2.122261
0.017925
0.817973
3.618177
-0.254062
4.225816
2.869684
-3.855473
2.117318
0.689600
1.785419
4.532341
-2.452579
-0.213604
-1.662313
-0.615477
-3.269507
0.823242
2.526047
1.721606
2.988794
-3.629547
-1.145183
2.883569
-2.167810
-0.666708
2.255794
-3.263210
3.879015
1.397399
4.710475
-1.194317
-2.590277
3.548306
5.862798
5.297279
2.945442
1.453209
2.541576
1.560358
1.904628
0.440264
-3.539812
2.311193
1.941064
0.010303
3.626857
1.462248
3.791822
1.422812
0.262276
0.581430
-1.015663
-0.033089
1.361944
0.672482
-0.324451
3.624901
2.376795
4.746300
4.680022
5.295938
4.067262
2.913436
2.687872
1.318857
3.185363
-0.388777
4.412325
0.504574
3.611681
-1.217906
-0.356474
2.228964
-1.751245
0.415648
2.840415
-1.585891
0.462467
0.219389
1.213820
-1.565187
1.525676
-0.144753
2.196226
3.153202
-1.375642
0.980936
3.276377
2.571674
-0.813811
5.364822
6.770101
1.628568
5.268422
3.030546
2.228461
0.205716
1.006461
3.293655
-0.112350
-3.456968
1.693361
3.647666
1.224079
4.528936
1.293096
0.843948
1.088486
-1.015079
-0.487120
1.364277
4.341558
3.163314
3.828936
-1.023057
-0.382475
-0.621291
-1.800386
-2.522635
4.421972
-0.788416
1.189403
0.811378
1.285869
3.449008
0.403947
4.510537
1.862159
5.258245
2.401973
-0.284915
4.420083
-2.847736
0.001682
-0.896458
2.260832
3.814514
1.764021
1.860897
2.762370
3.178862
5.945362
1.465136
0.381317
2.086342
1.107100
4.567090
0.721766
-4.774343
5.200101
3.535798
3.086720
-0.335634
4.241189
1.734325
-0.640496
1.783625
1.981219
3.025891
0.230115
-0.357140
2.438346
0.693436
1.219060
1.673477
0.398122
1.668957
5.010847
1.461583
1.687056
0.461916
0.243462
2.008304
2.168522
1.936966
0.530646
1.232288
-1.793510
0.041063
0.133390
0.036639
-0.050970
-0.720345
-2.341299
-1.117267
1.494895
-0.624662
1.695551
2.417778
-0.489926
1.332530
-0.592557
3.613187
1.077369
-4.429619
1.889605
1.808588
1.711365
-2.182212
-2.219701
0.340828
1.733933
1.707402
-2.878417
0.767807
0.999024
0.977944
0.698149
-0.728994
4.411313
0.400229
0.089764
0.722077
0.926128
3.668960
2.545156
3.563288
4.774870
-2.701170
0.483938
-0.519228
-0.047111
-1.352927
2.251308
-0.440463
1.013720
3.157597
0.408400
-0.674581
-0.167525
1.728115
1.399113
0.033385
-2.605453
0.881710
-1.754936
0.592581
5.021012
-3.031500
-0.378340
0.495419
1.401519
-0.297417
2.368323
1.991549
2.310797
3.352892
1.489738
1.394663
-0.455344
1.204840
2.028468
0.336131
-0.332575
2.825951
4.616497
0.450296
1.099877
0.432870
1.427053
-1.030049
4.863463
-0.707309
2.513434
1.489921
4.894670
-1.174393
1.990747
0.513149
4.291056
1.712599
3.210211
-2.185905
2.793090
-0.544445
1.452280
3.026095
2.151969
1.529913
1.737408
0.504764
2.138008
5.306139
4.526687
2.702805
6.119537
2.483565
2.474139
2.269142
2.373343
2.152627
-0.160615
5.197733
-0.188009
1.233558
0.206762
4.123020
3.725093
-4.057995
6.316794
3.974113
2.890492
2.361794
0.625063
3.547354
0.352920
2.235732
-3.954639
1.504935
4.496087
0.628790
-5.053214
-0.229030
-2.527611
-3.111050
3.478258
0.292130
0.256605
-0.516809
-0.909848
-0.856543
0.547435
0.774567
0.807429
0.109526
0.984426
-0.155647
5.520426
1.935086
1.868893
4.105474
2.981413
-0.574644
-0.709635
-0.297820
0.003218
-0.691373
-0.774756
-0.224660
1.422641
3.496948
0.083702
2.590502
2.270995
4.931764
0.515016
1.095892
-1.968902
0.514098
1.448737
1.170074
3.785857
0.839286
4.402457
3.949203
1.446327
-0.969004
1.123934
2.946054
0.058641
4.872619
-3.400887
0.360744
0.611168
3.478596
0.654433
2.979397
-1.797537
0.138460
0.827583
-3.462143
-1.516613
-0.384820
-2.108197
3.044672
-2.199069
-2.071663
3.668268
-4.065138
1.513350
-0.044558
0.415854
4.837275
-2.969256
0.924794
5.095256
5.669894
-3.399254
0.540382
0.455699
2.403526
-2.163007
-2.083744
2.708863
-0.271994
-1.316611
-2.655264
-0.280120
0.371886
-2.976562
-0.369071
-0.212411
-3.387672
0.910213
0.445592
1.133651
0.718351
-0.580770
4.624901
2.588121
3.101642
-2.879990
-0.247656
3.109290
6.466486
2.279768
-3.407269
1.577167
-2.169697
2.502594
1.465317
2.136698
1.856073
-0.420707
-1.335466
3.719022
-0.657767
0.278708
-3.930932
-0.435179
2.676817
5.314985
1.135643
0.235022
0.511214
2.682565
1.764918
-0.883766
2.335337
3.642449
1.914008
4.907846
1.099722
-1.548585
2.269457
-0.442234
2.218673
-1.758680
-0.984414
-0.689092
-0.677745
-1.732287
0.158982
2.061489
-2.491742
2.430605
-2.506933
3.526589
-0.083937
2.177571
-0.603471
2.719963
0.117559
1.853291
0.288620
-4.511882
-0.032473
2.620819
4.457166
-0.889212
-1.486280
2.036507
-2.182247
1.403302
-0.355022
-0.545824
0.905726
4.820581
-1.805385
0.666857
1.097091
-3.645392
-0.420704
0.732147
2.478022
0.422654
2.297985
-1.596566
3.716643
1.393126
-2.696050
0.723633
3.829253
3.308434
0.123937
-3.523450
0.655718
2.987879
0.247393
-0.329768
-2.376662
-2.469254
0.716026
3.210543
3.022758
1.210704
-1.925236
2.513160
-2.446877
0.938196
-1.502130
-0.775081
5.311918
3.156245
-1.400928
5.451342
2.050082
0.848509
0.798801
-3.494994
-4.107361
5.175345
1.356949
1.583960
2.608377
1.003673
-2.831425
2.109075
-0.317651
-2.098445
-3.144253
2.386234
1.476718
-0.220497
0.743948
-0.372094
0.529006
-1.849119
2.143561
-1.026987
-0.735003
2.400117
-2.192623
1.500583
-0.051737
3.984409
4.213548
-0.138314
-4.361712
1.498726
3.521332
1.540467
1.419716
2.364281
-1.687109
-4.512753
0.278190
-0.552015
3.626935
2.078893
0.344315
-0.101421
0.120598
4.445642
4.732853
-1.836089
-3.519953
-1.117004
-1.083764
-0.173769
-1.445610
-0.712238
2.272418
2.172565
-2.917763
4.312931
2.567958
-2.255295
-1.428566
4.134065
1.648373
-2.623251
5.218393
-3.092438
-4.660364
-1.007537
3.055817
-0.433061
-3.175919
0.122649
-0.410974
-0.141508
2.550500
4.159686
1.327241
4.118423
-2.649249
4.687102
6.638857
-0.626769
-2.797983
0.503071
-2.358504
3.747097
-0.321444
1.484603
-0.904346
0.944963
-0.327845
6.104609
1.406684
1.082186
1.921659
-4.623950
0.278583
1.687667
2.612697
0.588186
1.770383
4.069116
-4.750100
1.267176
-0.565023
0.426585
1.219033
-1.898716
-2.639068
-2.706077
3.406293
4.360651
4.501738
2.541080
2.675028
1.524319
-1.146734
2.023192
0.297372
-1.951350
-0.413154
-1.925653
2.133618
-4.047450
2.606735
1.159676
3.156786
2.305939
-1.933517
1.155382
3.399237
0.648830
0.099250
2.697951
2.734153
1.404112
4.540367
1.610236
1.038558
-2.260159
-1.640907
1.169902
-2.737170
-0.396624
2.190596
0.535500
-2.927807
5.105239
3.365422
2.410946
2.867992
-1.071398
5.002438
2.207174
2.077622
-0.514530
0.792772
1.113262
-0.873929
1.844920
3.307481
2.122375
0.228118
1.331545
3.319448
3.270449
0.756000
1.894939
-0.970836
1.690127
-2.041656
-0.532754
0.838187
-2.976872
1.390166
2.535349
3.655849
3.936339
2.717929
-0.739573
-0.923101
0.341179
1.478850
-0.743951
-0.139772
-1.336405
-0.027915
1.144550
-2.641989
2.798113
-1.386639
-1.571190
3.357071
-0.184956
0.759733
0.028587
1.117130
0.137809
0.771204
-4.634277
-1.051231
3.951354
3.093444
7.284751
1.078410
5.156199
2.666207
-0.780590
0.480724
-1.908360
-2.172686
1.367558
4.857913
0.498685
2.199147
0.442530
-0.070530
1.608031
-0.786134
-4.121203
-0.112779
0.207465
3.208654
0.608931
5.674541
2.634384
-0.776975
4.996769
1.620003
2.956425
1.838620
1.344306
0.038881
0.101281
-0.197202
6.904284
0.002930
0.233008
0.914539
1.406371
1.549259
-3.193450
1.908769
-1.318684
-0.447957
0.854234
1.603603
-3.362653
-2.512146
-1.595668
0.431231
-1.089808
0.691472
6.057205
2.537812
-0.019395
0.818612
-1.341945
-0.015316
-0.575905
2.924342
2.050853
1.325554
-1.032555
0.806945
-2.050952
5.567047
-0.129045
0.253267
-1.190198
1.572891
-4.533405
1.346313
-3.250542
-1.059715
-1.687204
-1.582288
-0.982369
0.302995
-1.998103
0.605810
2.520878
-1.265600
3.795940
-1.867305
-1.269716
2.806759
-0.309367
3.623435
2.943365
2.374825
-1.178997
0.756240
4.927465
-2.847046
-1.207978
-0.026630
-0.474723
-1.193050
-2.221886
0.199808
-0.683301
1.728483
2.979424
-1.914750
-0.992227
-0.293214
1.458144
2.238907
0.969069
3.313755
-2.516978
0.110519
3.751496
4.302334
1.297745
-0.557415
0.907136
0.360213
3.340297
0.533031
-4.009727
-0.040487
-2.375199
0.778208
-4.023500
3.137572
-3.453351
3.071437
4.135466
0.074333
-0.428040
0.155704
0.153990
-0.600076
-2.235994
3.787271
-1.516779
0.178427
6.131651
-1.459480
-1.804870
1.720361
-0.306779
0.208013
-0.857177
-1.844606
4.028275
0.877009
-2.970960
2.201471
-4.226652
-2.343970
-0.093138
1.885736
1.675895
1.327701
-0.014287
0.911956
2.747433
-2.412541
3.090697
1.391380
-0.007690
2.784559
2.315653
-1.140808
1.242076
-1.176547
-2.837630
1.609949
-1.794555
-0.171108
-1.109152
2.770172
0.159641
1.413551
-1.492148
1.608552
0.643300
-1.443057
4.104309
1.393909
-3.926619
1.705649
2.262813
1.030297
3.675365
-3.895018
-4.510074
0.220149
-0.138264
2.260508
1.591766
1.708707
-1.075375
4.483225
1.547791
-0.060113
1.506000
-1.982927
-1.448384
2.463634
0.110615
0.695753
3.583991
-0.735218
2.826597
2.029429
0.465261
2.909081
1.762392
2.648898
-4.706626
4.392951
0.273955
0.968525
-1.940289
2.215703
3.623049
1.427886
3.146370
0.650876
2.627773
-1.179037
2.556973
0.673544
-3.278023
-3.409970
2.799287
7.359481
-0.347830
6.918477
-1.040242
-1.306580
2.768780
4.905259
0.780881
-1.218139
-0.100655
-1.409822
0.647627
1.655498
-0.971539
3.001807
-4.392416
0.605159
0.583983
-0.296930
4.500719
-0.556271
6.800964
1.144497
3.264495
5.972587
1.583310
-1.556907
-2.921313
-0.009817
3.369794
-0.057369
1.459396
2.218277
-0.871333
3.946389
1.105802
0.578375
-0.175905
3.209218
-0.502560
1.364601
0.462932
0.243829
-0.696289
-0.599429
-1.163364
2.105551
3.559834
2.147501
4.600160
-0.899094
-3.271234
3.183751
1.184407
3.878029
0.191983
3.288486
1.701346
1.980586
1.385091
1.974592
3.641055
1.153837
1.172788
3.154457
0.265266
0.381419
0.423772
0.410200
-1.336777
-1.956568
2.477582
0.201768
1.046710
5.324911
3.910872
-1.530288
5.368509
1.038633
0.017162
-2.543100
0.847022
3.731518
-1.784342
0.065286
1.525383
-7.142246
2.331547
3.605721
-2.064980
-0.012254
-1.415072
1.679146
2.422449
1.748705
-2.915649
2.002245
2.400890
1.979607
1.865366
2.220299
1.583204
-3.128735
3.359549
-2.045787
-4.125800
2.447633
2.807461
-3.133003
-0.048230
1.187174
4.139853
2.492630
-0.492049
2.206568
2.342198
-1.977921
-0.404646
1.418871
4.830660
1.979323
1.735413
2.136298
3.406513
-2.440267
0.468217
-1.971697
-0.985912
-3.215443
0.671704
0.945914
1.897257
-3.255339
4.626915
3.269039
1.773035
0.415732
1.472188
0.526049
-2.512795
-1.130324
1.088988
-0.987310
-1.407954
1.838769
-0.274761
-0.585581
1.774536
1.683170
-1.218827
0.836769
1.809348
1.668074
3.055881
-0.782646
0.649935
0.958174
2.253349
-1.297284
-0.081762
4.894337
2.705373
3.241569
4.351660
0.176109
-0.026515
2.587983
2.384698
5.299120
0.681852
0.731771
0.632792
2.065425
1.801966
8.118805
-0.529103
1.969966
-0.535374
-1.040977
-1.299770
2.515318
1.645226
1.745018
3.633569
-3.479935
2.286109
0.657359
1.545527
-1.893975
0.466427
-0.479095
-3.013951
-0.239253
-2.317847
-3.877398
-4.517611
1.291817
2.844438
-1.554512
-0.508418
4.857277
0.600620
1.430054
0.506350
5.612694
0.265402
1.487875
-1.109010
-0.474031
-0.582247
-0.068809
1.231128
-0.848286
-2.799122
-1.460184
0.124024
-1.600609
0.812613
-0.409369
-1.520438
-2.245398
2.146340
4.164791
1.642932
4.033814
-4.230986
1.687597
4.452777
-0.706608
-2.690907
-3.123589
1.854918
-0.457009
-0.964422
-2.209627
1.035385
2.715837
4.610973
0.490650
-0.289001
1.190542
-0.837890
-4.171411
-3.648295
0.015297
-1.428807
2.278929
-2.122940
1.985614
2.482750
-1.570586
2.077609
-1.105494
-0.211002
0.741273
-0.588253
-1.270802
-0.319427
1.197070
1.659568
-2.908992
-0.472933
-0.135393
-0.902475
-0.978302
1.334800
-0.669049
-1.945541
4.149496
0.797139
0.775015
-2.694986
-1.428768
5.013841
-1.703013
1.768544
-1.059763
-0.002096
2.290002
2.302498
3.320504
-0.565680
-1.538321
0.089966
0.081596
-2.802704
7.426958
0.288552
0.163374
-2.567743
-4.286767
-1.102873
2.712998
1.430959
2.571797
-1.217749
0.743504
3.711960
2.785831
2.825237
5.161060
1.297414
-2.989017
1.837912
-1.188166
-0.029511
-1.429725
-0.074118
4.420877
1.477194
-1.053344
-3.753325
-0.604403
1.364263
-1.654149
2.028528
2.833917
4.789980
2.138136
2.606768
-1.292674
-1.295129
3.128299
1.104237
2.580447
6.830694
-0.943893
1.844220
0.972531
1.007756
3.749662
-3.282482
-1.237636
-0.571118
-1.791810
2.656250
1.319812
-1.178523
2.041336
-2.222887
-0.486093
4.074619
-1.512268
0.171459
-0.474528
3.595323
4.374921
0.282238
-1.316144
-0.905610
1.835590
2.032948
-1.056416
2.058388
1.127096
4.186682
-2.458838
2.919493
3.670399
-4.204922
2.111835
0.921441
-5.774315
1.971576
3.959720
1.422318
0.853733
2.359600
0.051108
1.083473
-0.011049
-1.455256
-1.824333
1.804488
-2.397375
-1.765553
2.401545
4.374857
0.972973
-0.697131
-2.515481
1.810163
3.381719
1.352386
0.295976
1.339487
0.758095
-1.029739
0.735128
0.337946
-1.254579
-2.598470
4.427200
-1.384855
0.356080
-1.896520
2.047435
-2.793884
0.870398
-0.665379
3.632726
-3.896486
-2.616223
-1.307096
1.305620
0.652159
-2.968898
2.434889
-1.569765
0.921723
0.193822
0.056483
-1.746099
1.922590
0.645740
-0.906939
2.262881
-1.163633
-0.383677
-0.992986
-0.719056
2.291194
-0.297725
-0.261854
1.505723
1.876740
-1.092184
4.281453
2.417764
-2.827608
0.766639
-2.000328
0.418032
-4.679266
2.847908
1.848227
1.362673
-0.302498
-4.506889
3.395374
-0.699263
3.598729
0.045183
1.497131
-1.993246
1.668751
-0.550941
1.189735
-2.536514
-0.023414
2.444407
-0.101540
1.368011
4.800757
-0.723137
-0.265601
-1.595700
-0.850495
-3.081798
-0.014410
-2.103668
4.035203
-0.497134
1.832098
-1.469184
-0.749941
-3.260044
1.879187
1.090754
0.719312
-2.775461
-0.471792
2.766083
1.669139
0.498914
-1.335263
0.533260
-0.303330
-0.095078
0.660923
5.674208
0.590429
0.045771
2.047052
1.189406
-0.477738
2.239804
-2.861789
5.572283
-4.225100
0.338595
-0.921634
-2.126436
-5.531374
-0.401291
0.346789
-6.013252
-2.113957
-0.746708
-0.303564
2.218234
3.273401
4.296410
1.306721
3.603421
-1.635458
2.102213
3.064683
1.593851
0.435408
2.863744
1.824790
0.896206
2.989691
-2.113281
-1.910314
-1.252085
1.803599
1.692264
0.216997
3.639120
1.189703
4.415414
-1.467267
-0.682796
2.058396
-3.202188
3.834711
0.233877
-2.754108
-3.009711
3.950279
2.277627
2.808760
1.330851
3.571677
1.342062
1.771155
4.133400
-2.493857
-0.147524
1.634022
-2.656027
0.737475
3.467312
-0.840011
-0.988901
5.131316
-3.273439
-0.922360
-0.970715
-1.438660
0.650805
2.094101
5.535188
1.734900
-0.953136
1.373830
2.249718
-0.599904
2.308167
1.912912
1.896271
1.045107
1.168942
-1.550995
-2.688903
3.815914
-0.535981
0.474697
-0.882645
0.835411
1.313689
-1.324770
-1.183520
-0.053015
0.283627
5.019775
0.585675
2.379518
0.204598
4.856975
-1.195292
-0.668079
2.310274
-2.472339
6.165325
0.091085
-3.134642
-3.119191
0.793866
2.828832
0.947381
2.236151
-1.530684
-1.091384
-3.637412
2.498213
0.099058
-0.755181
1.134276
-0.987114
3.677628
-1.176463
1.411832
-2.174576
-3.211070
3.242579
1.336245
-2.739311
-3.910751
2.604113
1.607282
0.222221
1.391872
3.554646
2.861537
-2.281500
-0.358777
-0.061727
0.174502
-3.893747
2.826723
0.705465
-1.598474
-0.073318
1.438761
-4.827924
-0.460849
-1.462251
0.664557
-2.648193
3.496793
6.576573
-4.171221
-4.169764
3.911619
-3.092134
2.226570
1.268774
-4.063046
2.576225
-0.534591
1.156649
0.977007
1.404837
1.110772
2.142139
-3.516670
-1.922834
-0.032106
1.853339
2.336269
-0.950127
1.065647
2.582702
1.699905
1.317600
-2.680107
2.319350
-2.220956
0.166046
-3.417132
-0.849155
-0.081094
3.275123
-1.153642
1.216666
1.530467
-0.974425
0.772450
2.598686
-0.973170
0.698490
-0.003021
0.991563
1.105553
-0.274812
2.851418
2.233335
-2.194489
0.666334
1.984419
1.429269
3.842813
3.181522
3.253144
-1.065264
2.453993
1.527009
0.700304
1.339390
1.524396
0.365858
0.989273
0.673762
0.150833
1.929839
3.091038
-3.454600
1.169781
-0.741439
1.857677
-2.129545
0.050073
3.812632
2.164083
1.085095
3.384820
2.135225
3.239054
1.505552
0.903411
-0.334104
1.403855
2.733003
2.264101
2.203181
1.712553
-4.171633
1.524718
0.892350
5.978045
-0.995604
2.343223
-0.484066
-1.702496
-0.954327
-1.049914
2.534678
0.315299
4.186049
-0.339501
-2.791872
-1.696632
-0.543102
-1.782691
0.060225
-1.027289
2.218699
0.654085
-0.489264
0.686760
-0.572954
-1.244447
-1.748452
-0.213545
-1.547975
-2.797241
2.643277
2.421444
-2.341063
-1.889237
-2.667313
-1.448567
2.150747
1.568654
3.318755
3.688785
1.548511
0.579969
3.059091
0.154573
3.734850
2.321325
1.432928
-5.597298
4.004403
1.683336
3.623353
1.830848
2.975399
5.449915
-0.337654
0.788464
-0.132943
0.500413
4.780346
1.749158
2.751886
1.153883
4.621452
0.991927
3.391453
7.472288
1.831064
2.382538
3.956282
-5.462925
3.425591
1.973084
-2.701522
1.733403
-1.008899
-1.976569
-0.901190
-3.431684
3.417153
-1.802257
2.817333
-0.831652
4.218188
5.572817
-2.201056
0.916848
0.442032
0.446793
3.864733
-1.496593
1.157931
-3.768772
2.244511
-0.728321
-0.660017
1.300606
1.446697
2.936552
-0.757065
2.339811
1.759055
-1.468126
-2.548704
1.801853
1.118850
1.408025
-0.292644
0.995113
2.568870
-0.026855
1.282809
-3.044273
0.923710
-0.439364
2.042835
1.291014
-0.451032
0.668557
3.434265
2.195353
-2.556653
-0.519123
-1.134917
-1.310845
-1.576863
-1.194188
-2.057096
2.489236
-1.552704
2.124864
2.093007
0.810639
-0.449572
-0.387400
0.028351
-2.118498
3.730389
-2.107915
0.520613
-0.511726
2.149592
2.303294
2.660957
5.462740
0.597785
1.390633
1.874113
3.708557
4.459231
1.330770
-1.766796
-3.985766
-4.731199
0.305577
1.921239
0.109502
2.126398
-0.308284
-1.226490
1.161306
0.530475
2.092285
-1.103016
2.904638
-2.191040
2.829840
-2.083681
-2.507259
-2.502515
-0.773236
-1.178504
4.422425
-0.560987
-1.761035
-2.679489
1.101642
1.260816
-2.227214
-1.910770
3.123085
2.014380
-0.451489
-3.261339
-1.268368
0.999992
-1.154879
-2.243462
-1.606374
0.937284
3.852678
3.204165
1.915613
3.760381
-0.656384
-1.599639
0.444528
0.050439
1.076970
5.016592
2.234820
-1.569273
-0.110691
-3.268753
-2.835178
-1.907129
0.600375
0.893764
-2.315561
-0.988047
3.376625
-1.227481
0.111366
-3.032390
-1.456598
1.720763
1.075399
1.258814
-1.735730
2.062592
2.070600
-1.017815
-0.067762
2.300977
2.521249
-3.295074
-0.184057
-0.423217
-1.776927
-2.211397
0.818278
-1.657508
-1.196258
-0.261898
-1.633286
-1.003945
4.657076
2.114458
0.992114
0.166903
-0.370203
0.929932
0.952700
-1.567954
-0.210539
-2.330493
-0.114894
1.581249
-0.089072
0.077747
-0.369976
3.684261
2.820129
0.851264
0.624387
-0.759749
3.777718
-4.312624
-2.334403
0.311351
2.441284
-0.398353
0.830059
2.472845
-0.295569
1.784462
2.038504
-0.144817
1.874809
1.051147
4.293564
0.046866
1.489459
-1.025326
-0.036604
0.512039
-2.385511
-0.219203
4.023307
1.416101
-1.133391
-0.792029
0.004124
1.276828
-1.427623
-2.541951
0.990576
-2.020626
-0.267006
1.715109
1.646576
1.275587
1.445113
0.702350
3.002689
1.405906
-0.541845
-0.860332
2.411333
0.635291
0.463396
0.039989
1.941176
2.887118
-0.166508
-0.309975
0.474885
-3.683843
1.117522
5.074010
-4.631804
-1.095353
-1.458188
-0.065324
1.484814
0.927037
-0.884688
1.028618
-0.550231
4.245400
-0.927619
-2.000355
-2.170192
0.269624
0.119518
-4.808350
-5.392518
-1.837237
-3.542114
2.846541
-3.261875
2.322453
-0.876155
0.966675
-0.669558
0.486155
-0.612779
2.094793
0.633706
1.580964
1.832015
0.830199
1.633150
3.272058
1.994199
1.048859
-1.220107
0.477262
4.423182
-2.070353
-1.493267
0.795043
-1.354913
-0.362045
1.637659
0.033190
0.450872
1.001438
2.152252
4.447818
1.229713
-1.211868
-1.129001
3.820347
2.006247
-1.105407
1.702214
0.040879
7.097883
-2.202933
3.797249
2.247631
1.115776
2.991999
0.652596
2.973754
-1.234960
-0.803959
1.884979
-3.980124
-1.075753
0.240908
-0.391960
2.499307
1.876484
0.278471
5.735033
1.364366
4.108825
-0.370651
2.842185
3.579802
-1.569800
3.090470
1.114166
1.355780
-2.994396
-3.088367
1.598430
0.887681
-3.790506
-0.489878
0.798553
3.621774
-0.551967
-0.657763
-0.843719
-1.034580
1.448288
2.231730
3.767370
3.461271
5.538418
2.651988
3.493872
-0.812976
0.456954
-0.152393
-2.334868
-1.494047
2.255461
-0.611654
-2.688914
0.901155
1.324402
0.119431
3.678482
1.433824
0.431227
1.332322
4.159877
3.382310
2.984528
-2.022021
-2.471317
0.181047
1.888533
0.133012
1.473005
5.025724
0.956295
1.036787
0.895072
3.162060
-1.196478
-1.839247
3.071282
2.346676
0.940533
-0.050437
2.246899
1.030220
1.764298
-2.839441
-1.021917
3.718315
3.346307
2.490146
6.155820
0.611604
0.933193
-1.845914
1.318049
-0.789328
1.254088
1.149502
1.053379
-0.785049
5.959358
2.433459
-1.307564
2.483312
2.247741
1.971435
1.053053
0.075853
0.176983
1.370781
-0.400798
-2.570709
-0.711192
2.677286
0.772850
-2.021569
0.464070
1.976522
0.127158
2.035574
-1.410736
4.550642
-2.860867
2.900012
-1.446505
-3.034098
-1.371604
4.746761
2.129616
1.463462
-3.645226
1.368688
0.384246
0.669396
-1.782407
-2.651780
0.137303
4.431085
1.593882
-0.128359
2.986434
-0.838502
3.827539
-2.728189
-0.107791
-0.987312
-1.165633
1.272941
0.699279
-1.364175
-3.324140
-0.122585
1.925751
2.901799
5.321023
1.658841
3.825830
-0.864399
-1.137740
1.427033
3.760667
5.232655
0.422005
3.778549
0.250158
-2.853161
0.616272
0.437153
-1.626549
1.070992
-0.569448
-0.418516
1.596126
1.064932
-1.605875
2.408499
-1.209129
6.223852
-2.221293
1.629305
3.297461
4.824465
2.069264
-0.495941
-0.268502
-0.537378
2.031201
0.646280
1.069782
-2.575558
-1.958633
2.832059
-2.953325
-3.128967
-0.269177
2.269506
-2.025452
1.193480
-0.573968
-0.167125
0.305922
4.326182
1.768808
-1.285295
1.742571
0.875727
-5.402104
2.330871
-5.254639
2.434198
1.960542
3.304186
-0.676846
2.887251
-1.290467
1.370787
2.317784
0.270823
2.828061
0.478330
-0.814534
0.568587
1.628036
1.303267
-1.125561
0.959062
3.690793
-1.817683
3.746913
-0.107808
0.334560
-0.312942
-2.023974
-1.067278
5.998821
-1.187749
1.149300
1.605588
1.707482
-2.058069
7.874853
-1.067959
4.266539
2.730553
-2.148642
0.516174
-1.062100
3.373808
-4.394978
4.573484
-4.037931
4.554932
-0.920457
2.924797
-3.316520
2.048213
5.504992
3.523260
1.071754
1.503349
-0.142403
-1.915810
-0.747130
2.094228
-0.221410
3.297075
2.018560
-1.048567
1.272264
3.458135
3.984139
0.165561
0.143825
-0.874653
6.116726
0.053373
-0.393715
-0.485648
-5.317998
0.418553
3.313821
-2.078354
-0.938934
0.011080
-2.511591
-2.713065
1.351008
0.705975
-3.564135
1.253002
-0.439775
0.427409
-1.445544
3.312138
-1.977634
-0.558998
0.355929
6.775746
4.582668
1.824600
1.885449
-1.677258
4.063194
2.595760
1.255959
0.636370
2.727794
3.357183
-2.578422
-4.767261
0.875201
-1.281687
-2.092752
-1.327845
1.276454
0.177794
2.887775
1.264885
-0.063029
-1.719992
5.638227
-1.704841
-1.694812
1.453191
1.603991
5.801612
2.141957
-1.320928
-1.202899
2.465185
0.188890
2.364076
2.323541
-0.440929
0.568863
0.867730
2.488077
0.302495
2.553945
-0.003165
-1.665893
-0.677619
4.123698
-1.290373
0.413868
0.424747
1.393167
3.086568
4.391829
-2.716345
-0.777843
4.464315
0.238450
-2.255267
1.360497
-1.722312
-2.840965
0.591630
5.699139
1.143953
4.527849
3.112030
3.704577
-0.975504
0.467558
2.227100
-0.432061
4.172910
2.708512
-4.719107
-0.524319
4.781806
-4.922316
0.769685
0.639322
4.343679
3.551347
0.507491
2.396872
-0.585039
-0.442071
0.445071
-1.926706
3.232775
0.095714
-3.766275
1.378701
2.805850
2.574509
0.928533
-3.269697
2.851810
0.605750
-1.286718
-0.190350
-1.016365
1.059136
-0.947245
0.200810
-4.095753
4.537861
2.838712
1.226195
4.218279
-2.175125
4.074567
-1.518901
6.622258
0.308320
1.550660
2.760680
-4.853214
1.946055
-4.065694
-0.727908
-2.374582
-2.169135
0.794986
1.149313
1.846371
3.562227
2.232819
1.522080
2.983160
-1.231841
2.195743
0.556692
0.226976
-3.509714
-3.638682
4.035318
-0.568920
-3.762018
2.725545
4.807117
-2.161673
0.684627
5.611465
0.304686
0.331960
0.616272
0.952305
2.428064
0.321767
-0.261923
1.641768
2.920675
-1.205960
1.798262
3.494519
0.282521
4.206867
-0.449922
2.443947
-0.760307
3.554214
-0.201087
1.233927
-0.693262
-1.369017
1.200161
0.607539
1.728542
-0.426004
0.016573
2.501192
-1.803555
-3.025902
1.599902
-0.397093
-0.980003
1.132115
1.564381
3.305651
0.342965
-0.515352
-0.124987
0.898488
-1.069660
2.577045
-1.167604
-2.875814
0.634748
1.746840
0.292047
-1.625555
-2.319602
4.869880
5.157006
-3.001073
1.491641
1.592205
-3.978285
1.397820
-2.313935
1.038407
0.271688
-5.255331
-0.361969
1.540771
2.212851
-0.120173
4.291440
-0.943623
-2.590314
-1.854004
1.181575
-1.193029
-0.858081
-1.025228
3.032777
-2.322780
-1.235339
0.130873
-2.528501
2.140534
5.200617
0.064069
5.556437
-0.241776
2.016459
0.984905
0.239689
1.341845
4.361469
-2.325852
3.042537
-2.454919
-0.974545
-1.021508
4.616657
3.331870
-2.517399
-2.829286
6.376404
2.950078
2.745575
2.121852
-1.258259
4.118460
-1.081645
-1.477488
2.334219
-1.647522
1.069597
-0.980600
1.495380
5.613308
-1.813189
4.304292
-0.285308
-1.330184
-3.015446
3.051295
2.481166
3.999218
0.688379
-0.172347
2.884641
-2.554800
1.238173
-0.665175
3.231553
6.021504
-2.332400
1.601946
3.307631
2.868879
2.385840
1.205155
2.809057
0.912329
0.474541
0.990948
2.378595
-0.307624
1.782913
4.495187
4.629215
1.602283
1.153370
-0.908175
2.380993
2.234476
-0.005448
3.811168
4.260137
0.638836
0.267084
-3.502697
-0.280444
-1.525054
-1.620082
4.420247
1.413795
-1.844389
2.366229
0.003692
0.648901
1.598521
-1.704680
1.017277
-3.804909
-0.266163
-1.772814
-2.943731
2.085849
-3.610725
-0.955227
-3.692970
1.157251
2.890834
0.265722
-1.649721
-2.216775
1.872795
-0.932591
-0.478985
0.215457
-3.315252
-2.919277
-3.414678
0.393356
-0.835574
0.552251
1.953121
-3.126830
5.416660
-0.749744
1.289986
-4.000778
2.157808
-4.152892
0.814575
4.031826
-5.879704
1.459700
1.945970
0.331829
1.078228
1.506888
2.262228
-0.122483
-1.868163
5.832600
-0.093701
-1.797512
0.343935
0.581390
1.987439
-0.525695
-2.128167
-0.524710
-0.471268
1.036210
-0.601368
1.316980
-1.712230
1.998685
-1.412092
-0.275100
-0.484677
1.140219
-0.115922
0.313008
-0.156926
-2.079758
6.759874
-1.956929
-0.233610
-1.298314
-0.080458
-2.983081
-4.436328
-0.352597
-0.574292
3.959053
-0.144030
0.693368
0.837708
1.478038
0.633183
3.277067
-0.425866
1.772160
0.165739
3.390054
1.679126
0.503568
-1.320421
0.459168
-0.501382
-0.771313
-0.853748
3.441963
-1.340229
0.768814
-0.593147
2.865986
-0.358507
-0.127616
-1.095730
6.037013
-4.903127
-0.802782
1.351394
-4.853010
2.121439
3.876445
2.015536
-2.398396
1.291056
0.415786
-3.462773
0.839815
-0.777278
3.907320
-0.148511
1.405297
0.610158
-2.193861
1.264297
-1.096434
-0.367653
-1.330151
-3.238813
2.498682
3.193243
-0.254707
-3.367616
-0.316134
2.206688
-0.518003
3.081558
-0.829571
3.412755
-0.811368
0.626835
-1.675159
-0.493955
-1.071940
0.580780
2.386571
-2.125120
1.118485
0.950780
2.170514
-0.512629
1.827503
-1.373853
-0.271211
1.154283
3.127403
4.514652
2.064625
2.460617
1.455664
3.550319
6.877252
0.125414
-2.682140
1.077728
0.877392
1.221629
5.322831
2.377254
0.117123
-3.406199
-2.094309
-0.652756
-1.412045
1.020619
-0.428457
0.095909
3.113553
-2.035276
2.552397
2.697829
-0.843493
0.695152
-3.882433
-4.223152
2.762076
-0.822415
0.765715
-2.694399
0.075083
-0.789037
6.075848
-0.062143
2.850547
1.008031
4.094638
3.523401
-1.327938
-2.927799
-1.410356
0.329770
4.946489
-0.846458
-0.394073
-0.847827
0.630857
-2.107462
-0.195916
0.782947
2.679623
-0.922619
1.401848
-2.435712
-1.457490
-0.268968
3.228264
3.780843
3.954043
1.450903
-2.135011
0.111629
-1.590837
2.299301
6.159209
1.877946
3.589001
1.718475
-2.642028
2.909729
3.188659
-3.998205
-0.524514
-1.284596
0.976186
-0.286386
1.387480
1.587237
1.103945
0.284279
-0.747299
-1.814841
0.296287
-0.101493
5.614374
-1.751284
1.006930
-0.689116
-4.631132
-4.849579
2.707342
-1.078621
-5.566701
-0.484707
0.128161
1.740755
-0.357697
1.902226
0.169019
1.606383
0.162712
1.856755
0.419724
2.272480
0.035138
1.633068
3.860396
1.788537
2.444489
1.438635
-1.864361
-1.544955
-0.209553
1.939728
1.240914
2.093405
2.559963
0.010332
1.050894
-0.169560
-0.645818
1.610057
-0.631358
6.090036
-0.055581
-2.318243
4.918497
4.232767
2.370064
0.137803
-2.702653
-0.891955
-2.944984
-4.435300
-4.725459
3.904249
-1.281867
-4.105519
2.555382
0.690567
3.823260
3.956444
-4.855436
2.225688
-1.670163
-1.388529
0.380067
-3.535599
-2.461327
2.065099
3.445511
0.242281
-1.854152
0.158003
3.295179
4.102431
-0.229286
-0.252594
3.139632
-2.656590
0.081055
3.617126
1.811535
3.877405
-4.272298
2.022493
2.600102
6.876657
3.629511
1.056490
2.380735
-0.723711
-3.361102
2.593735
0.757637
-2.443663
0.252808
2.570564
3.442209
-3.434731
-5.283085
-3.141599
2.854829
-1.509153
-0.683463
0.647543
4.337461
0.329035
0.584801
-1.852342
-0.085206
-2.849293
-1.514457
0.542340
1.382749
-0.593379
-0.048364
-0.963156
0.720190
0.015281
-0.100934
-1.019763
-0.219728
-1.241984
-1.428618
3.161026
2.677092
1.278830
0.995449
-2.725348
-0.642509
0.858725
2.582540
0.216644
1.120688
0.172411
4.985185
4.949608
-1.630633
6.791568
-5.004159
4.306620
0.249168
-1.555525
2.192325
-0.597626
-0.633641
-0.714052
-0.928685
3.667369
0.921000
5.528157
2.841988
-0.010382
2.006672
0.881354
-0.980041
0.927382
-2.278997
-1.615965
-0.885307
-1.265665
-1.636874
-0.285215
-4.191381
3.234979
-3.110797
-0.910599
2.970102
0.635541
0.430537
-1.394640
-2.570736
5.275682
0.471405
-1.187331
3.418947
-3.677142
-0.707854
-0.539465
0.448313
-2.435022
0.767061
3.721060
-0.940619
1.326414
4.984650
-2.251867
-2.359488
0.967318
-3.314431
-1.813024
5.517288
-1.860658
-0.078945
-1.114726
-1.501630
1.510231
2.292429
0.352659
0.988955
0.152511
3.045368
1.244542
-2.428139
-0.219909
-0.500469
-1.655700
-2.869805
-1.199418
0.889584
-1.165777
0.066190
-0.212240
-3.394577
-1.355816
1.687252
1.797037
-0.104297
0.941099
0.359088
-1.060923
-0.641389
0.107807
0.893606
0.062037
0.056247
-1.332647
5.213970
2.013200
-6.013758
-0.893588
-4.284449
-3.988148
2.267899
-1.921021
-2.015240
-1.277727
2.067409
1.927732
-1.160960
-1.208570
3.451071
3.386980
2.691188
-2.223922
0.135983
0.534783
2.857025
1.962270
1.210567
2.325077
-0.349802
-2.162367
2.507574
0.125209
-2.160811
-0.866223
0.514164
0.962645
-1.105343
-0.738400
-0.272896
-3.167554
4.616972
0.002024
3.014976
0.019080
-1.959364
1.872841
-2.458658
0.247655
0.472732
1.464040
1.464473
2.167643
-2.094062
-2.150963
-1.838284
3.174953
2.491032
-2.105247
2.938824
-3.348675
-0.740089
0.533601
0.350391
2.427428
-1.424113
0.599370
-0.187781
1.039402
0.878903
0.867401
-1.063922
1.332194
-0.374313
-5.679899
-1.129137
3.164838
1.785575
-0.144835
5.099326
2.573004
1.250844
-0.955192
-0.536664
4.458068
0.752079
3.629294
4.250684
1.545405
1.177113
0.289232
-1.859011
-2.628562
-0.559588
-1.487068
2.309875
-0.186139
4.598722
2.239666
2.820022
1.908166
3.175397
3.029584
-2.528334
1.789918
-1.004665
1.371414
-0.607198
-1.079179
0.134739
-4.496165
-3.934172
1.094064
-2.375484
-0.344640
3.643304
-0.187277
2.051903
-1.745595
-0.499917
2.314263
-0.298580
-0.077077
-2.250195
2.318816
3.083870
1.421507
1.614318
-1.987959
3.250795
3.652554
-3.095072
-0.352488
-1.570384
-1.158910
-0.848452
-1.666225
0.075786
-1.440993
-0.790321
1.172077
-1.642119
-2.833549
1.506804
-1.146456
-0.370687
4.130816
-0.687450
-0.104431
0.851201
2.482546
-0.552360
1.440115
-1.895309
6.096091
1.563507
2.060534
-0.234950
1.408135
0.521396
-1.217693
0.781688
1.980744
-1.729604
-2.423964
-1.157323
-1.470217
0.438182
1.095482
-1.693866
-2.292676
4.995737
0.985387
1.160820
-2.036184
-1.095533
-0.245051
-0.003664
-0.965724
-0.220675
1.267045
7.053723
0.472327
-1.423375
3.864392
0.893570
-2.509176
3.696328
2.883666
0.914902
0.215559
-1.931279
3.040452
-2.969016
-4.603679
1.548314
0.065401
2.815408
-2.656151
-2.154068
4.470977
-2.000087
1.036789
-1.693787
1.232468
-0.315817
0.135993
-0.409732
3.663495
0.633232
0.132476
-3.398488
-0.274059
-1.598096
-0.858065
1.766073
1.831185
2.174258
3.010159
-0.284258
-1.676017
6.818329
-1.263329
-4.303468
-2.282167
0.090462
0.502793
6.124578
3.029600
0.548716
0.967546
1.550062
1.393292
3.263333
-0.661278
-0.931657
-0.266288
0.053193
1.345212
2.130612
2.662454
2.612478
0.544417
-0.074392
4.510031
2.029048
0.128738
4.657455
-2.648004
3.004305
-0.706912
-2.577135
0.270235
0.224154
1.434607
-0.502763
1.811143
1.498543
-3.052051
0.078784
2.124394
1.750832
2.176972
2.455612
-3.362579
-2.476295
3.422180
-0.646844
-3.327970
-1.464735
-0.858176
-1.971162
1.543901
-0.996970
1.488703
-0.367627
-0.333469
-3.519753
-0.295971
0.834449
-3.677853
0.946321
3.875363
0.741119
0.331248
2.067623
-1.773314
-0.483090
-0.267552
-2.031622
4.308505
-1.852317
-3.176380
1.975471
0.589884
0.473625
2.611511
2.931885
-1.654739
0.196418
0.272511
1.691552
1.777550
1.088183
-0.208034
-4.547933
2.785969
-1.565303
-1.307987
-1.072540
3.029210
2.762475
-1.577429
-0.912206
-5.080626
2.771460
-0.169525
-3.845046
-3.371825
0.793048
2.633855
-0.217439
-1.347264
1.698320
0.481914
-2.534546
1.436037
-0.013773
-1.867226
-6.672085
0.995391
-1.505241
1.279207
0.350614
1.526148
3.620994
-1.623853
-1.493403
-0.922532
-0.978152
-0.886544
2.475065
1.077135
-2.973516
2.510779
-0.145814
-2.376201
1.470509
-3.589648
1.571918
0.549763
0.651413
2.851202
2.028132
2.931832
-0.807629
1.548527
0.376822
1.211976
-1.547239
1.952934
-0.601386
-2.571135
-0.371932
3.380507
-4.061084
1.958073
0.830266
-0.538644
0.275571
-1.981305
-3.589959
2.673030
0.114790
-4.449431
-3.953468
-0.745890
4.585788
0.714417
0.718936
3.677909
0.743901
4.521016
1.263731
1.772297
-1.796756
-0.886512
4.455902
-0.332088
2.740032
2.623357
1.658979
-2.135399
-0.836912
-0.020099
-0.456396
1.827116
2.102264
1.315935
-4.197037
1.161493
-1.601839
1.869860
-4.140054
-0.328722
-1.789660
-1.889419
0.450890
0.380243
-1.940438
-1.120557
-2.650069
2.481316
1.001073
-1.988603
-0.193353
0.651930
-0.681159
1.197257
-2.693008
-1.246983
-0.586611
2.782901
-3.291029
2.796584
-1.563788
-0.590297
-1.128159
-2.474883
-0.861819
-0.843488
-1.473516
-4.307138
1.465214
4.005315
1.998891
0.227598
0.661192
-0.906713
3.766933
1.973601
3.499823
0.605704
0.920623
-2.138919
1.276729
2.470969
-3.383105
-4.034184
1.224980
-0.282965
0.602664
0.680416
0.295517
-2.735592
-1.688868
-0.740569
-5.225786
4.446940
-1.436560
0.490986
0.437879
-2.575814
-0.641640
0.301192
2.489065
5.867071
3.595560
4.370090
-3.259766
-0.263720
0.934315
1.078065
1.124453
0.379527
2.975406
1.177038
3.410158
-0.201724
0.981214
4.039824
-3.727935
0.721181
0.765877
1.146756
-2.362216
-1.594267
-1.161931
-4.025874
0.162428
3.777117
3.487449
-0.859320
-4.205658
4.081027
2.883470
-0.457318
-1.301936
-1.225320
-0.439323
-1.169132
5.408540
-5.583763
0.757258
2.325889
-0.537575
-0.956565
3.342297
0.297798
-1.038139
0.398087
-1.021585
1.084040
0.316017
1.308537
-1.131822
2.852204
-0.430960
-2.970799
0.853793
-0.001804
-0.048367
-0.543721
1.332936
3.870835
-1.081332
4.636297
0.553412
2.478018
1.016194
0.021579
-0.258832
0.112295
2.009419
-0.753125
0.646221
3.514009
-2.988302
2.658393
-0.349694
-0.900854
0.860692
-0.310384
1.614440
4.329300
1.767321
-0.570813
-3.486151
-0.848386
-0.930859
1.416164
-0.203630
-1.636711
-1.658941
2.981397
-2.283582
3.716960
1.559361
-1.033907
0.687861
3.086199
1.640055
-2.772590
2.607082
2.865318
-0.710360
1.290902
-1.632888
4.026721
-1.547936
1.205666
1.636160
-1.650405
0.704439
3.162526
-2.744309
-3.055257
-3.762705
-0.371160
0.799296
1.875529
2.102504
0.464449
2.481257
5.827828
-0.972974
-0.588434
0.407069
3.545700
-1.960357
-1.297574
-0.808293
-2.611397
2.076474
-2.461580
1.275096
1.264112
3.368281
1.069904
0.727715
-4.399336
-0.178058
2.481845
-0.773508
-1.883657
0.054058
-3.235705
0.348542
-2.309948
-1.991652
3.045218
1.265072
-1.756553
-2.558022
0.436715
1.970078
-2.035302
0.211699
-3.315973
-4.286144
3.459949
3.410788
-1.807089
-2.998005
2.599488
0.722282
0.570725
1.538642
0.126526
2.728640
-3.927029
0.783961
1.448976
-0.436418
-1.845604
-2.230736
-0.114728
0.345285
-2.202335
-2.652956
1.857295
0.967507
0.837099
-1.572577
-2.400800
-0.156695
4.233033
3.548520
5.798692
-2.275131
-4.263196
-2.403315
-1.488890
1.267662
-2.569509
-1.865562
0.091229
2.490268
-2.495766
-2.576293
2.798375
-0.910383
0.796643
-3.352569
2.174380
0.240985
-0.537249
-0.537457
-1.116501
4.197957
-0.388299
0.456507
-0.378586
-1.636250
-1.782001
0.528009
-0.202314
2.364255
-2.558475
0.610314
-0.634049
-0.079313
-1.840997
-2.391138
2.077579
3.099133
1.078183
-4.738756
-3.738585
-2.878116
-0.347263
1.133935
0.188121
0.183011
-0.815832
-0.774119
-2.300140
-1.186849
3.475958
5.546775
0.587445
0.263021
-1.060417
-0.480888
-1.330141
0.576766
2.871943
-5.388371
-2.761962
1.542731
3.984271
0.495337
2.100587
4.889591
-2.786009
-0.721826
2.206868
-0.079027
3.454484
0.461062
-0.342587
-1.764139
3.512827
-0.907451
4.142784
-2.320049
3.006460
-1.649870
-1.310361
4.087144
-1.967802
1.605219
1.735498
3.924542
-4.142979
2.499090
-1.114126
0.894366
3.084564
0.522246
0.086028
1.982376
0.631459
1.462886
-1.102487
1.696404
2.168179
2.324753
3.361843
-0.347556
-2.531072
0.287868
-0.697137
2.054173
0.560491
1.168076
-5.648211
-2.165326
1.184479
-1.068497
-2.162180
1.608315
1.248850
-2.283508
-0.592876
-2.084240
-5.856185
0.939815
0.880589
-0.508175
1.164854
3.051639
-1.161975
-0.734168
0.529346
-2.263386
0.490407
-2.685072
-2.940302
-1.678049
1.878177
-4.726188
-4.394021
-1.187080
-3.240482
1.167318
1.045818
-1.486636
1.847779
-1.768385
-2.077810
0.324075
0.493220
0.358202
2.180807
-1.391476
-0.146348
3.402882
0.945673
3.329216
2.269572
0.281955
1.026004
-0.294939
-1.859121
-3.467278
2.026501
0.314855
1.663993
2.166218
-0.830132
-2.022937
-2.242712
0.612883
-1.593683
1.270064
-3.002970
0.960068
0.337112
-1.810365
4.338989
2.615825
2.583791
0.054272
0.478894
2.163025
1.426464
4.100551
2.992540
0.049335
-0.827931
2.595173
2.840711
3.278524
1.642555
-1.165882
-3.568151
0.289683
0.134489
-1.911298
3.639858
-0.811960
2.194657
3.640553
-0.365722
1.879234
1.614383
-1.068101
-5.069780
1.000047
-0.337259
-1.049462
-2.038517
-0.618896
1.340405
0.564381
0.295521
-1.212187
-3.459683
2.492517
3.450221
0.738732
0.643470
-3.403189
3.003792
0.278378
1.527589
1.580440
0.794773
-0.609731
-2.856624
3.992945
-0.811207
-1.029551
-4.922205
1.043383
2.797940
2.878952
-0.138175
-1.092382
3.230388
1.885131
1.328524
0.422789
4.310784
0.685156
-3.991225
2.734262
-1.755375
0.387744
2.132751
-0.792733
2.387290
0.245985
0.118615
0.363788
1.175362
4.254044
2.235811
-0.076528
-0.942418
4.436156
5.716501
0.054225
1.915517
0.760094
2.263779
-1.095942
1.200850
1.911630
-0.287585
0.475819
1.305519
-2.076079
1.542403
1.318148
5.389067
0.672523
1.664740
2.346229
0.274665
-0.113708
-3.538905
-0.632066
1.194818
-2.100357
0.318929
1.275293
4.213582
0.733136
1.596437
1.429468
-1.333487
0.428088
1.996896
-0.385460
-0.890041
1.327013
4.257806
-0.012610
-4.181670
2.163091
-0.132298
2.272986
1.922745
-1.085937
-2.571236
1.681499
1.326073
-1.700751
0.545213
5.629153
-0.053130
-2.487414
-1.188915
-0.210348
0.645975
-4.098666
-2.065465
-1.281784
-1.345167
-0.822692
-0.939332
-3.948380
1.990235
0.584859
-2.711583
0.572787
1.622979
-3.017721
1.831572
3.526136
1.954517
1.184525
2.764208
-2.106725
4.319391
1.015018
0.045986
0.434286
0.679713
3.884178
-2.910739
3.236734
-1.282647
0.559569
-0.144676
2.455560
-1.437380
-0.915749
0.091413
0.140979
-0.790834
1.010021
-0.008352
5.982126
1.384844
-0.275572
-3.323052
0.446912
4.976690
0.158015
5.064994
1.335289
0.110686
2.038720
3.390913
-0.448804
-1.805130
1.321383
0.874592
-1.198578
-2.149649
0.931143
1.433107
0.864767
2.134401
2.823014
0.214299
3.127295
0.314307
4.811521
0.309821
-1.830420
-1.842006
5.286892
1.297118
-1.296692
-1.576867
-1.653347
-3.266483
1.574327
-2.192561
2.450787
1.487463
3.186810
-3.952484
-3.954073
-5.116670
1.518048
0.958584
5.366268
1.971790
-1.722775
2.226747
3.970670
-0.588393
1.090120
-1.456848
0.487635
2.145864
1.446337
-3.645808
-1.602660
-3.332363
1.191819
-0.564707
-2.645340
3.095430
-3.997627
1.404043
0.579229
1.934944
-0.651372
1.647426
2.460593
0.352051
-0.030520
1.005039
1.521784
-0.778001
-1.580259
1.861481
0.686453
2.146263
1.914604
-3.211302
1.927399
1.961695
-1.664946
-3.586841
0.225063
1.408838
1.225614
1.711501
-0.259435
-2.641014
0.652100
-1.588904
0.842671
4.771250
-2.169205
1.502541
-4.224422
-2.608329
-1.839242
-3.006925
1.924657
0.088638
-2.601029
-0.873124
1.195722
-3.082438
0.203090
0.111553
0.662929
-0.551796
0.766332
1.909771
2.294497
0.543290
-0.609620
-0.261299
0.620216
-1.345500
1.020102
-3.217032
2.285858
0.268169
3.760013
-1.199727
-2.238352
3.817923
3.621281
2.088559
-2.088819
3.029560
1.004788
1.358425
-6.864252
-2.932589
0.439136
-1.545206
-2.587330
-1.431387
2.109746
0.248504
1.373707
0.888126
0.431970
0.924720
0.646870
-0.915235
2.728043
-0.124045
1.896992
0.264262
-0.118629
-0.978472
4.426702
1.759541
1.023143
3.008905
-0.478449
-0.915558
2.310500
1.691835
0.778573
-1.869764
0.300128
0.692389
1.926908
2.763093
1.035912
5.120774
-1.878552
-1.273793
-3.604312
-3.166044
-0.314474
2.142878
-0.965302
1.498452
0.834551
2.528461
1.227251
0.102250
0.773581
0.253321
1.176536
3.462600
2.831324
-2.128132
2.408205
-1.305653
-0.621306
-2.150747
-4.471569
-1.817818
2.488317
0.824087
7.782650
1.796860
-1.395766
2.344921
1.886466
-2.502718
-1.861192
-0.754220
-1.303851
0.446907
0.009450
-1.693321
-0.860672
-0.344214
-2.063442
-1.106376
4.516379
0.815371
2.370433
0.311552
0.416696
0.153804
2.962138
-1.713305
4.783129
3.054156
-1.601780
-2.725654
-0.798986
-0.180756
-1.995268
4.129351
0.455439
0.067117
3.161809
2.110101
5.147586
2.545170
1.551850
-2.972273
-1.406919
2.660607
1.873475
-0.314987
2.109721
1.222545
-0.307262
-4.656164
-1.579835
2.465124
2.764347
-1.711919
2.627873
-0.167637
2.212145
0.530573
1.539648
-0.834400
-1.075903
0.153140
-2.752369
-1.005501
2.824234
0.369785
-3.801842
1.065126
2.846227
-0.650833
-1.798049
3.799801
-0.360066
0.170913
-4.579902
-1.600692
-1.591052
-3.414707
0.140209
0.066226
1.060724
-0.497302
3.237370
-1.217199
-0.557561
0.444860
-2.833362
-0.464507
3.028300
3.366615
2.022322
-3.588878
0.168673
2.467745
-2.908577
-2.141580
-0.548350
-3.628880
-0.819692
0.654051
-3.502888
0.355887
-1.105317
0.695248
5.022637
-0.788885
-4.169297
2.024076
-1.752790
2.006680
2.040711
-1.548171
-2.863985
1.770990
0.301962
2.098230
-1.240320
1.022714
0.666760
0.387142
-0.295780
-2.469429
-3.598064
-0.207432
0.908545
-1.765033
-2.365356
2.661040
-4.332436
0.734327
2.640901
-0.640447
1.922529
1.186808
-1.064946
-1.740473
5.117561
-2.508525
-1.974106
0.364506
3.844289
1.588261
0.616052
-2.108356
0.985620
-2.701002
-1.363290
0.440851
2.086977
1.754614
-1.663908
-0.003891
-0.702146
-4.433743
0.404642
2.107658
1.316388
0.394131
2.984694
-0.709687
0.685115
-0.482527
-1.147915
0.445073
2.334777
-0.993041
1.128204
3.641618
1.286757
2.148355
1.187692
-1.548199
1.993780
2.356524
-4.276810
0.858408
-1.441266
-1.255607
0.142066
-0.608515
2.139796
3.133927
0.098573
1.987953
2.309903
-4.972675
4.453969
-3.051789
0.653605
1.390482
0.010361
1.906222
-1.658210
-0.723564
-0.877260
5.636145
4.050329
1.383477
2.470916
-3.225190
-3.096254
-1.780059
-0.169640
0.262546
-2.701011
1.851991
-0.657786
-1.463713
-0.548802
2.056963
1.641129
-1.734051
-1.233247
-0.707147
-0.160986
-0.691162
-0.867183
0.937971
0.348186
-3.078142
0.433145
3.008892
1.461335
4.100046
3.360765
1.238246
-3.484352
-3.290635
2.353653
-0.960994
3.704374
0.765318
-0.063441
-4.470285
-2.239162
0.554641
0.987813
-1.871252
0.635178
-3.843538
-2.418929
3.445129
1.812535
-2.607908
-1.069336
-2.148173
0.898631
0.026903
-2.096410
-0.261644
0.455396
5.559023
-2.108337
0.316772
0.407619
1.258378
-3.759766
3.127898
-1.157786
-0.032573
1.401306
-1.669036
-3.702984
0.884303
-0.308268
3.366571
3.424901
0.385729
-0.207417
1.005053
-0.837804
-1.279987
-3.888354
-1.292147
0.643993
0.907914
1.014835
-2.917380
-2.871704
-4.545637
2.601703
4.342899
3.279428
-1.092888
-2.506788
-3.822998
-1.184202
-1.830108
4.810953
-1.309171
0.300454
-2.780565
0.618003
2.202727
-0.276570
-0.039481
-3.264009
0.082546
-0.727441
-1.140532
-1.615660
3.690748
0.829717
2.046871
0.593667
2.299311
2.132122
4.391293
0.607475
1.028883
1.276277
-0.829380
-0.086235
-2.030284
-1.833158
-1.460276
0.827872
0.606698
-1.547821
-1.059778
0.368249
1.179226
3.219332
1.572891
0.122649
-1.193233
3.393711
-1.254098
1.456412
-2.969688
1.113875
5.316777
0.145812
-2.067842
5.476410
-1.411328
-0.581980
-1.761530
3.579056
-1.377645
1.050714
0.817326
0.159586
-1.994922
3.155405
-1.472300
2.426138
-1.541443
0.654861
1.103465
2.580607
0.240327
0.515376
-1.207257
1.069098
-2.343338
3.261559
1.870776
3.345622
8.433468
0.973365
3.215689
-0.523658
1.894148
-0.174495
-0.019365
-0.767827
-0.308606
-0.255056
1.380927
0.057489
-0.636208
2.076194
-1.668467
-1.261891
-0.470873
-1.371007
-1.240479
-0.727511
-0.998526
-0.398294
2.444805
-0.560500
2.570695
0.949165
5.432832
0.524956
-2.193785
0.388228
-0.816911
-0.385221
1.130714
2.948664
1.250145
1.547267
3.843100
-2.959067
-0.129920
-3.884816
-3.059579
0.243904
-1.385774
1.980940
-2.380566
1.889257
-2.083996
-1.564926
0.563142
2.658790
2.514235
0.898052
0.851246
5.155740
-1.288526
5.766224
-0.985585
2.524673
0.023808
4.081266
1.546586
2.086881
-0.726587
0.193155
-1.138794
-1.631543
-0.013676
-2.245811
1.780529
-1.608193
3.674962
3.162845
-1.860495
3.926392
-3.383269
2.170563
-1.107108
2.328402
4.139069
-1.216787
0.152468
-3.939569
-1.817482
-4.068481
-1.257326
0.311663
-0.750405
-0.527591
2.936633
-5.378210
4.402025
2.558714
0.291167
-6.157167
2.124997
3.757618
3.030107
0.573918
-1.036369
1.697619
-3.323981
-0.500834
-0.604898
2.127121
-0.605583
1.125118
1.163992
-3.382351
-1.680737
-4.873299
-0.105405
-2.344408
1.688028
4.923899
1.565155
3.005291
1.657685
2.220890
-0.195169
0.443427
1.885648
0.100458
-0.584945
0.672861
-3.474444
4.458656
-2.735660
-2.480490
-1.277654
2.981853
-2.256117
1.177795
0.192198
0.357994
3.153985
-1.740999
0.981578
-4.356464
1.966862
2.977796
-1.224154
-0.582642
-0.062173
1.445738
-1.218853
2.069475
0.813724
1.969049
1.940789
-0.969323
-1.813690
0.164543
-2.237086
0.574234
-1.756939
3.425278
0.307516
-0.990158
0.724074
4.676701
-0.966718
-0.269515
-3.516499
1.129172
1.942774
1.087378
4.225586
1.855308
-1.955657
-4.612479
0.751713
-3.570928
-4.208559
-0.102352
1.987547
0.407380
-3.201105
-2.913914
2.097681
3.109959
-0.000125
-1.066447
-0.095222
-1.487912
-1.578731
-0.382360
1.458866
0.642132
-0.310696
3.478184
-0.784427
3.163161
-2.249742
1.131917
0.329297
-1.439827
-4.723141
-1.034948
-0.010743
-1.442163
-4.732131
-1.964751
-1.111446
2.306575
2.269697
3.576948
4.811105
0.147728
3.113768
-1.994549
1.550555
-0.161973
-0.206478
2.180332
-0.661272
-1.828533
-4.194025
1.578324
1.728196
0.793599
-0.067153
5.609890
-2.041196
-0.135386
0.722087
5.163923
-4.013363
-0.634268
2.928915
3.933252
2.213424
0.939593
2.158062
-0.179495
2.586550
0.243464
0.721915
0.267592
-0.101544
1.930722
-1.072968
-2.056915
0.638863
0.894562
1.525553
-0.039084
1.795117
4.576120
2.435002
-0.446474
1.858664
2.923675
-1.260169
1.097595
-1.764512
-2.684399
5.286193
-0.746576
-0.083750
-3.288686
2.526655
-2.671490
2.307722
-1.537502
3.471352
-4.928026
-2.965318
0.067758
0.971109
-0.046442
1.083285
4.420272
0.654665
-2.730164
-0.154771
1.209761
0.388732
-0.561479
1.176043
0.790112
1.302889
-2.928209
0.957641
-0.584062
-0.632192
-2.490888
4.136600
0.053204
1.375535
-1.224345
-1.156089
0.138721
1.109318
-0.365949
1.427967
-1.166723
-0.885865
1.286468
2.140254
3.704035
-0.443312
-1.488241
-2.223754
-2.588396
1.110318
2.554721
-1.142849
1.642951
3.568842
-0.554216
0.497593
-3.194540
0.318593
-2.641186
1.746343
-2.146609
1.854023
-0.605365
0.157678
-4.035378
3.035212
2.310310
1.668488
-4.130299
1.424376
-0.375633
-1.216288
-0.738115
-0.556099
0.978069
-3.061173
-1.821070
-0.448509
1.043707
2.085505
0.796556
0.835198
-1.581310
-1.259767
-2.658487
-3.467094
0.726895
4.734960
1.313261
3.851857
1.811679
2.820711
2.932145
0.854662
0.431775
1.452955
-3.097653
-0.582378
1.603788
-1.226934
1.033674
-0.648995
1.565971
0.616272
1.366049
-1.669744
0.751426
-0.356635
-3.481816
-0.741086
-1.185258
2.536004
-2.316365
0.944084
-3.192943
-0.191294
2.066891
-1.349402
-3.826847
2.912504
2.705625
1.818621
3.482554
0.171803
3.721306
3.129602
-2.060576
3.485334
-4.447083
0.804630
-0.137069
-1.262245
1.447935
2.763780
-0.223131
-0.477284
-0.131349
-0.660930
1.400820
1.409809
0.344128
-1.922773
-0.940889
-1.203871
-1.576283
-0.628560
3.692365
-1.754889
2.373285
1.222363
0.289202
0.081114
-2.299190
-3.104926
1.594949
-0.753697
-1.940044
1.797718
0.937639
0.376273
-4.565865
-1.552082
3.045612
2.203613
1.449005
2.885356
-2.021204
3.960735
-0.366968
-0.096254
-2.879690
-0.149599
-0.922091
0.516635
0.245356
0.411155
-0.764049
-0.665600
0.658513
-1.570788
-2.983551
0.530234
2.318383
0.821240
-3.151734
-1.903674
0.538579
2.279916
-0.342623
-0.219087
1.696457
-0.288975
-1.369798
0.392735
-1.866244
-0.096789
0.381756
0.867153
0.627556
-0.963830
-0.141083
-3.338436
-1.051918
1.831076
-1.472488
2.463719
-4.827751
4.224843
2.151993
-0.303122
1.905563
2.432099
-1.578331
1.968427
4.888062
0.167315
0.165045
2.505606
1.247792
1.593252
2.457808
-3.695257
4.238800
1.857580
0.278659
1.811819
0.812094
-0.081326
2.267348
2.807625
3.096910
1.482777
3.375125
3.826914
2.689096
0.756744
0.758031
0.655452
0.494928
1.595570
-1.317608
-1.349795
-3.538581
-3.098539
2.375179
0.201229
6.090158
3.287774
2.005511
-0.246425
0.168572
-3.887579
3.628654
-0.249792
-3.429792
0.716498
2.874355
-0.902592
1.555234
-0.936224
1.454947
-2.286301
0.371855
-0.200403
1.623888
0.909772
1.196826
-2.976125
4.159750
-0.699215
1.157855
-0.621293
1.370284
-3.737938
0.178164
1.434457
3.370416
-1.486872
1.226131
-3.800422
-2.645071
2.861069
1.347610
3.458135
-3.090231
2.004677
5.396847
0.058982
0.743792
2.141312
-3.983670
4.528442
0.685623
1.965018
-0.621378
-3.497364
-1.602476
-0.635238
1.704428
-1.754344
-3.111979
0.995197
2.402784
0.879590
1.878434
0.854092
0.870070
-1.764361
-2.009696
2.024651
0.069663
-0.481975
1.732194
-2.324060
2.344259
0.780869
0.451857
1.925736
-1.196555
-1.084256
0.484880
-0.623165
-2.125398
-1.031149
-2.678434
0.238978
-1.635017
3.152511
3.094293
2.501037
2.201241
-1.633613
1.364148
0.843477
0.338431
2.322124
1.243724
-1.393828
0.760741
1.229671
1.495974
-4.867791
-2.943924
3.315238
-0.258717
-0.415885
-2.298862
-0.508734
-0.731354
-1.659204
-1.980983
0.048018
1.078152
-0.309155
-0.472619
-1.638157
-0.167320
-1.301847
4.491123
1.090353
-0.817143
-3.394143
3.150541
2.411321
2.960691
1.031173
2.562197
-3.472106
1.926968
0.759683
1.039341
0.485011
1.579429
1.545231
-4.230339
-0.384937
1.551213
0.646121
1.084393
1.354254
0.555978
2.604136
-2.286777
3.501810
0.824652
2.278626
1.045383
1.934866
3.541780
0.279005
-1.312241
-3.797967
2.196473
2.412970
3.399184
-3.589575
3.605568
4.451973
0.270127
1.341064
-2.467693
0.677415
-0.066900
-0.323927
2.086596
-2.496159
3.618404
1.222665
2.761462
1.974841
-2.223125
-2.116909
2.147641
1.046315
0.077106
0.776732
1.905527
1.093801
2.262671
2.363459
1.562829
0.343960
-0.893230
-0.308431
1.838964
-1.859125
0.376842
-3.171576
3.749164
-2.323884
0.074631
1.712389
-1.155890
2.656967
-2.101909
-1.746754
3.598059
-1.832929
-1.170918
-2.471044
-2.251059
-0.617150
-0.108381
3.219339
3.302178
3.573651
-1.603787
-0.551496
-2.683850
1.168127
-1.924037
1.861773
3.476683
-2.825805
-0.668268
1.458021
-2.516912
2.273613
2.358876
0.824726
2.761219
6.686972
2.008703
0.974052
-0.386480
-1.494617
0.043773
2.658982
-0.446471
2.447612
-2.644547
-2.705881
2.691656
-1.810792
0.225850
0.763176
2.127438
-0.431958
1.868677
1.549797
-3.010246
1.207943
-2.009314
0.914442
2.581920
0.806031
-0.614123
1.420497
0.638523
-0.109497
0.762230
-3.469955
0.714676
-0.133118
-2.284583
-3.065989
-1.666445
0.360352
-0.382368
-0.245407
-1.674338
3.997046
1.807209
2.151147
0.091826
-0.314541
0.430457
0.691570
-2.175449
1.226983
0.407233
0.214334
0.827496
2.319255
1.210473
-0.476902
-0.077481
5.601117
-0.133943
-3.052365
1.566677
-1.237062
1.655744
-4.288960
-0.475778
-0.410613
1.614758
-1.140622
6.157917
0.694982
-3.040491
-2.225398
-0.831591
-0.510445
2.317427
0.706988
-2.340191
-0.103979
-1.747419
0.987094
1.920346
1.728144
-4.918695
4.912446
-1.118373
-1.275329
-2.175241
1.769860
-0.357718
2.584755
-2.604655
0.265868
4.511484
3.955493
2.044888
-3.402781
5.649444
-2.136017
2.906641
1.431307
-1.846874
-0.817363
2.082507
1.993872
5.506129
1.392042
3.126102
-4.382687
-3.026422
-0.179858
1.080880
4.663364
2.734281
-2.087559
0.320665
-3.187983
2.757426
1.585451
4.106193
0.476052
1.062252
0.980023
0.852295
-3.246450
-1.220444
0.849368
3.963589
-1.431602
0.718596
-3.979143
6.074256
0.759051
1.816607
0.412771
4.261328
-2.223178
1.285149
0.570636
-1.339967
-1.894561
0.675045
-1.171369
1.378681
2.731784
-2.663985
4.276089
1.748355
2.471104
2.342806
1.125327
-1.361094
0.652474
-2.398024
1.574877
-0.649688
0.609249
5.134194
-1.259646
1.544888
0.058185
4.024866
-3.345460
-0.706264
-2.306396
1.076164
-0.739744
-2.223782
-2.195226
1.118449
1.987143
0.771491
0.011388
0.255078
-1.320682
-4.453407
1.479192
1.582708
-1.082834
-0.436506
-3.211868
-0.681032
0.357714
-0.601407
-2.026829
1.839993
2.896639
0.650379
-2.183010
-0.809045
-0.646987
1.204937
2.058131
-3.167992
-0.339150
-0.112521
-0.419619
1.198756
-0.637167
-0.615608
-0.562659
3.483503
-2.121254
0.797658
2.442029
0.877075
1.104342
-0.279772
0.313690
-1.504833
3.170551
-2.182193
0.390435
1.317063
-0.092351
-1.496348
1.274930
-0.877647
3.629807
-0.413313
0.406212
-3.917789
3.277911
0.025931
-2.019388
0.800729
1.384300
-2.191771
0.160562
0.263467
1.702919
-5.079749
-1.033738
-1.433989
1.719565
-1.713943
1.745667
3.295219
-0.184305
0.024167
2.944850
-1.043564
1.008658
1.301233
-0.834949
-0.763119
0.439202
3.024004
0.080261
0.399142
-2.647045
-0.345889
-1.532918
-1.186769
-2.362818
-1.048530
-0.573297
-2.923615
0.119015
-0.199710
3.262045
5.088877
1.456104
-1.979356
1.425882
-0.836543
-0.702106
-1.122855
-2.320658
-3.976386
-1.332759
2.067439
0.489595
0.942883
3.252686
-1.715656
2.156816
0.428827
0.886825
1.663795
0.634776
1.641172
3.816184
