8
1 500 1000 200 42 777 13 99
0.840384
6.618468
4.572923
-0.992107
-2.843371
1.316898
-1.763511
6.314816
1.503646
4.723129
1.840913
1.254971
5.143588
4.150229
4.930181
0.036204
0.419345
0.439461
2.675082
0.611244
2.765688
0.491056
0.835453
2.529118
-1.675581
0.807073
0.494003
-2.764745
1.664358
0.624702
-1.483265
2.692635
-1.803504
1.877298
1.496724
0.589456
0.940935
0.122235
-1.725409
0.257171
-1.314419
1.541283
-2.999951
0.661358
0.443945
1.715140
-1.071785
0.124069
-0.104546
1.646060
1.072026
-1.587370
-0.009322
-0.281107
1.425988
0.544876
1.557458
0.795605
0.597215
-1.639226
0.626342
-1.103368
1.113837
0.664245
-1.488015
4.702631
1.854196
0.354548
1.723214
1.987406
3.434840
3.139854
3.739151
1.672982
1.865431
4.400671
3.366716
0.756730
3.024578
3.887885
1.555319
-1.604135
1.482108
2.079926
0.563455
5.732501
2.105835
3.434018
3.060930
2.732512
2.458328
-2.389117
0.447247
0.753659
1.480084
-1.302053
-1.279167
0.264184
0.113190
2.247560
-0.395335
1.596512
-0.660677
0.577410
0.975109
3.278616
-0.189187
0.308091
0.557411
-1.053674
0.230456
0.502522
0.100687
1.386595
-1.581894
-0.438048
-1.347243
1.814453
-2.545717
-2.365771
1.633754
2.826804
-0.596217
1.982704
-1.027337
-0.180424
0.726463
4.879358
-0.861774
0.266101
-1.169986
-0.709714
-2.582993
0.735931
0.658069
2.962127
-1.283650
2.853164
-0.213645
-1.286968
-0.054648
2.635525
1.862134
1.880083
-1.095410
-0.531030
-1.445605
1.359223
1.392866
0.045253
-0.528065
-0.794938
1.697458
1.055365
0.088732
-1.615737
0.077884
0.498310
-1.349874
-0.810109
-1.942091
-0.748156
-1.311389
0.812201
1.239523
-0.884709
-0.236487
2.273664
2.136708
0.899573
0.199571
0.586498
-2.632125
0.589486
2.210119
0.905328
-1.379008
0.295226
1.753719
-1.455337
0.844342
-1.531275
1.634690
-0.482737
-0.229864
1.266559
1.940179
-0.623908
0.605530
0.133996
-2.989756
0.868536
-0.223788
0.163365
-0.475998
-0.017340
-1.308709
0.275938
-0.220095
-8.555088
-0.552252
3.030520
-0.999998
-1.479992
-0.703518
-1.334293
1.144585
-0.949605
2.282899
-0.437697
-0.317481
-0.848624
1.613621
-0.865942
-1.169862
0.011118
1.372540
-1.175840
-0.531545
-1.982104
-0.009937
3.655616
3.535358
-0.800544
0.405352
-0.446883
1.670805
0.477814
0.419203
4.306377
0.193873
2.739781
0.369056
-0.463579
-0.417008
0.170684
-0.519288
-2.307510
-1.106380
1.560500
0.674475
-0.307437
1.063715
-1.901372
-0.477353
2.360888
-0.860660
0.918441
0.772289
-1.149459
-1.154443
-2.815855
1.489615
0.011114
-2.642498
0.077744
0.995159
-0.454638
0.764465
1.299144
2.803771
-0.818751
3.439193
3.361679
1.510608
2.007531
0.453818
5.147601
3.046161
0.081950
3.806367
1.960725
0.717376
3.637738
4.240155
4.362903
1.647728
0.774459
0.105420
1.271851
-0.799991
3.853966
2.808019
-0.079299
1.982269
2.887728
-0.125851
4.714065
2.047340
1.460416
2.331225
3.322762
-1.473054
-0.470348
1.260350
1.410642
2.236809
-0.178689
-0.589966
0.955769
0.112472
-3.082523
2.102152
4.086610
4.216728
1.023009
1.889263
2.910608
1.914545
0.638263
0.793911
-2.027656
4.315695
-0.995793
0.515938
2.300711
1.961769
4.278618
1.814992
3.044051
-2.932978
1.053442
-0.250692
0.417094
0.709869
2.697220
-0.266947
0.221216
2.410183
4.083997
1.812477
3.064168
1.567250
-0.122463
0.099479
-0.280192
2.238689
5.538870
-2.556658
1.320278
2.415100
1.201764
0.776946
-2.427121
1.649191
0.801158
-1.076371
2.401280
2.820833
1.436212
-0.072434
1.608621
-0.588807
-2.594448
0.739717
-1.414384
-0.584059
1.282344
3.229148
-1.415196
1.201042
-0.330681
-0.851318
0.159369
1.803672
7.212478
-0.012200
1.713223
-0.329306
-4.557776
3.768867
1.016575
2.810239
-0.703002
2.063427
-0.653621
-0.850462
0.869853
-3.115333
-0.578875
-1.458026
-0.144825
0.746073
2.345136
3.210933
2.894075
0.540671
-0.329996
-2.579559
-0.669967
0.949784
-1.971715
1.646301
0.238920
-0.833587
2.129367
-4.046112
5.388705
3.665698
1.084171
-2.362104
2.001924
-1.833102
1.924526
1.493189
2.736804
0.340203
0.968154
1.468694
2.466360
-0.891116
-0.260974
2.513142
-1.391921
-2.454295
1.360305
-5.677601
-1.676033
-0.554763
0.514036
-2.284456
2.113806
2.970837
0.909186
1.885192
2.645181
1.117935
2.392782
0.086609
-0.846195
-1.783599
-1.902524
0.741823
-1.481301
3.714448
0.408640
-2.104135
2.198199
2.247483
-0.204148
0.452801
-1.659564
0.564634
-0.486312
-1.695614
-2.467573
-0.739478
2.008521
1.818606
1.755027
4.189369
0.806362
2.654034
1.542956
0.575355
0.713238
1.962323
-0.436612
0.017281
3.057147
-1.047581
1.599242
0.627094
-1.544857
-0.801093
1.005494
3.709883
-1.147727
0.391477
3.498050
1.700705
-1.318823
-0.818468
-1.136554
2.168747
0.725024
-1.736451
-0.234031
2.707540
2.686311
-2.849531
-2.508572
1.255201
-1.154671
0.745070
1.076793
1.068433
-0.221216
0.280228
2.968738
-0.417001
-0.429911
1.143248
3.844791
1.202708
-0.263269
3.534492
-2.482505
1.231783
1.787444
-0.409263
0.041600
0.400695
0.273684
3.592515
-0.423102
-0.487409
-1.331496
2.826396
3.016935
3.033526
0.592467
-0.838521
2.289166
-2.711726
3.198621
2.048398
0.994773
-0.692008
2.048205
-0.443876
-2.771891
-2.279547
-0.005872
-1.157875
-1.163784
-2.934104
-4.361683
-0.749170
-0.882447
0.486225
1.325374
1.074997
1.934250
-1.410429
-3.140625
-2.024691
-2.135782
1.121416
0.070819
2.304053
-2.412300
1.147227
-1.124330
-0.958547
1.013485
-5.378134
0.642483
-1.414318
1.805719
-1.845980
1.449093
-2.493909
2.568535
-1.488163
3.008017
-0.411020
3.530266
0.479599
-0.760810
0.666764
-2.099104
0.972138
3.353618
3.432644
-1.585338
-0.936332
-1.560582
0.215569
-0.733835
0.655790
-0.864332
0.856539
-0.156176
0.687052
2.661672
-1.131892
-2.173419
-0.834933
-4.395690
1.747775
-1.260183
-2.040827
-1.026993
1.403366
0.457584
-0.169187
1.008464
-2.202351
2.085471
-1.643226
3.110529
0.388015
0.634355
0.079739
-0.016874
-0.108629
-1.964784
2.017376
3.565625
1.888048
-1.301650
-7.999686
2.019933
0.718810
0.273232
0.620631
-4.292144
-0.719985
-4.132450
2.856228
0.732629
2.759346
-1.038843
1.414970
-4.587889
-0.339061
0.254945
2.480079
-0.875246
-1.211041
-1.809298
1.373826
3.098931
2.355668
1.408086
-2.148097
0.564321
-0.303124
3.172948
-0.279613
0.817067
-2.324627
2.368979
0.398288
-2.041059
-0.980940
1.672603
0.449603
0.530069
-0.171532
3.597042
-0.877965
2.588388
-2.855567
-0.037414
1.072538
0.179421
2.689141
-2.182372
0.236855
0.996630
-0.542191
2.452886
0.233907
1.307231
1.857536
-0.766242
2.141412
2.329509
-1.281809
3.058515
-1.377874
0.881194
-3.046115
1.900861
0.387608
-0.315901
-1.794567
-0.784994
1.106851
-1.636457
-4.810033
2.100085
0.250050
-0.102903
0.093127
-1.675259
0.951765
-0.933624
1.977514
1.334241
1.929446
-2.621289
-0.928531
-0.478254
-0.324120
0.556226
0.436553
-0.737766
0.607508
-0.808105
-0.405432
-0.597972
-0.212041
-3.351628
-0.091441
-0.209096
2.042878
2.259726
-0.614972
0.554593
2.058016
-0.152977
0.428939
0.272191
2.465359
-1.827229
0.161714
0.018655
-1.272883
-2.288498
-0.531152
0.085843
1.727161
1.917848
-4.033908
0.304515
0.777255
-4.188260
1.083754
-0.144490
-2.066115
1.004033
-4.378954
-2.140612
0.779327
-0.533781
0.897550
0.623648
-0.218447
-1.580186
2.162357
3.000916
2.446146
-2.566098
-1.170745
-1.106723
1.470653
-2.569073
-1.215470
-0.821127
0.569921
0.790781
-0.140678
-1.580187
0.074176
-1.240975
-3.912767
-1.438886
-4.485242
1.531023
-0.226156
-0.583183
-2.745376
1.300408
1.566895
0.436813
1.220558
3.322071
-1.144444
-0.780584
3.005104
-0.337543
-5.278559
3.221543
0.043780
1.465703
2.259401
1.031033
1.467508
-2.027117
-1.645349
1.007155
3.883314
0.619195
0.364039
2.123804
-1.718084
-0.848707
1.217078
0.273576
1.405928
1.380822
1.535515
-3.137727
-0.520274
0.515764
1.735608
-0.069628
-1.073349
-3.928029
-0.057143
0.321740
0.625203
0.188483
-0.431378
-0.309622
1.320740
1.718594
3.406346
0.028506
-1.911998
-1.208677
-0.413656
-1.471129
0.814736
0.887675
0.522952
0.682123
0.530033
2.080789
4.079756
-0.277284
0.297980
-1.828123
3.136837
1.334273
3.584456
-0.206757
-0.017457
-0.819734
-0.571203
0.952866
-0.557872
-2.149061
-0.002802
3.764696
-0.369965
-0.948578
-2.128912
-3.108683
1.572361
3.857893
1.147466
1.126610
3.961828
-0.580702
-0.675463
-3.195487
1.369799
0.111656
0.375151
0.738610
3.004027
4.325877
-0.836778
-1.015301
-0.928974
-2.856091
0.047168
1.757767
-0.041738
1.805090
0.346250
-0.325039
0.415780
2.464414
-0.893864
1.517341
2.049453
1.112516
-2.805725
-2.414146
1.363889
0.301163
2.991330
-0.430518
-1.588577
1.536614
-0.107886
2.106000
0.657993
1.564162
2.985576
0.572232
2.335853
3.378544
-4.261825
1.800914
0.106506
-1.252977
-1.128688
-1.362067
-1.087059
-1.851677
0.627692
-1.059025
2.118804
1.054839
2.369543
-2.153407
-0.842153
-1.752220
1.442535
2.045401
1.309302
-3.097839
-2.846589
-0.857434
0.148691
0.746730
4.077178
-0.183192
1.668202
-1.150366
-2.011610
0.363434
1.372946
-2.893445
-0.326612
4.707944
2.565063
0.348729
0.271235
-1.357905
1.126201
3.795245
-0.751984
0.477239
0.115711
-1.230204
1.594423
2.998403
0.491777
-1.327978
-1.061813
-3.785063
0.678482
0.519354
-1.142721
-0.349572
-2.087100
0.058089
1.897642
2.223389
0.544519
-2.646411
2.160127
-0.183528
-2.799284
0.440690
-0.949987
-2.342247
-2.813676
0.187092
-1.300131
0.595971
1.114149
1.596583
1.274481
0.436285
0.026924
0.653536
1.280724
-3.013232
-0.570823
0.892405
-0.296087
-1.145514
0.956049
-2.172284
3.562600
-3.523144
-1.851083
0.971422
-1.559286
-0.281828
2.002686
0.407912
1.060062
-2.851822
0.529059
-2.053079
1.625478
-1.408268
1.230978
-2.797854
3.452277
0.464082
-2.507536
-0.891838
-1.042042
0.555253
1.276272
0.271526
2.917742
-3.715794
0.491237
-1.156276
0.571961
-1.319440
0.319030
-1.285271
-0.801631
-0.885432
0.883921
-0.142691
-0.102836
1.128738
-2.186492
1.016670
-0.064415
-0.217105
-1.365117
2.119335
0.139344
-0.661776
-0.055607
1.728133
1.504726
-2.941959
-1.467681
-0.493733
1.874570
1.077766
-1.558574
-4.200293
-0.098520
1.109418
-2.541196
3.615941
0.140356
2.235579
-4.083255
0.699829
-1.359528
-0.361790
2.494062
0.312848
-1.400882
-0.596877
2.744486
2.012111
1.983527
1.158273
1.156141
-1.197309
-0.343363
-2.032402
3.179045
-4.068855
1.267766
-1.147390
0.640038
1.329849
2.167660
-0.223660
-0.197193
0.966042
-1.844471
-3.089748
-2.066093
-3.015776
1.878671
-1.045572
-1.944039
-0.811680
5.301661
-3.450729
0.163555
0.512322
0.974325
-1.116012
-0.876118
4.919200
-0.839076
-1.803808
2.246604
1.259405
-0.866317
0.977610
-0.163072
2.967166
-2.563065
-0.272225
-1.625062
2.588792
0.415894
-0.022725
-0.346184
0.598296
-0.267009
-2.465412
-0.983471
-0.577849
-0.168568
-2.050053
-0.202416
1.522499
-0.338878
3.202591
-1.902307
-0.000040
0.900520
1.188958
0.774312
-1.031333
-0.787944
1.158184
6.052269
-0.199854
0.014055
0.752154
1.004439
4.742708
2.631893
-2.539865
0.154406
1.284191
1.708981
2.862700
-1.683959
0.227219
2.738017
2.190325
1.329410
-0.037596
-1.926685
-1.898624
1.505907
-1.833278
-0.830944
-2.292761
1.015925
-0.661781
1.063043
-4.527698
1.089031
1.415272
2.129226
1.497596
2.143536
-0.969465
-2.226773
-0.974445
-2.563445
-1.767486
2.680865
1.401326
0.933373
2.406779
0.879343
-0.736034
1.898018
1.712906
1.549937
0.086661
2.461854
-0.906197
2.756169
-1.501080
-2.555110
1.102480
0.326446
0.745007
-0.691032
-1.008581
-1.134331
1.064988
-1.761416
2.391290
0.371826
-0.635056
-1.282647
3.962492
-2.335313
-2.496238
-1.209158
2.750831
-3.317705
-2.144102
-2.663480
-1.179853
-2.574297
2.370443
2.399261
-2.573810
-2.391188
-0.095574
0.117306
-1.391797
4.305007
-1.802922
-1.749776
-0.463133
-1.229806
-1.879567
0.760766
-0.208403
-2.929997
-2.000633
-4.562687
-0.259102
1.470415
-0.412679
1.302489
-1.316994
-1.290094
-2.784570
-1.416477
-1.410152
-0.311636
0.771233
-1.231679
-2.748042
5.852683
-0.728118
-2.552662
1.124837
0.157209
-0.727025
-0.679990
0.261389
-4.438801
0.691782
-1.130153
2.571969
0.341130
-0.730287
1.360642
1.588896
0.842502
-1.498595
-3.225696
-0.842694
3.058766
-0.597585
0.179819
-0.061569
-1.825746
0.406908
-1.502948
-0.448169
-1.857773
0.976770
-0.073822
0.124687
-0.379669
1.968334
-6.223086
-1.162480
-2.213778
0.025049
3.506366
4.963745
-1.095249
2.088300
-0.234531
0.126341
-1.728028
-1.036227
0.513168
-1.989384
-0.559483
-1.045339
-1.082519
2.872003
0.506102
-0.152690
-6.268428
-0.174308
1.061312
1.453547
3.338678
-1.592203
-0.637527
1.143309
-2.140080
0.586749
-3.012546
-1.013553
0.502856
-4.013992
1.489977
-1.593375
-1.359987
0.251084
1.070401
-0.666643
-2.635687
2.271229
2.206289
-0.071100
0.641790
-0.979501
-0.356980
2.055317
4.095843
-0.472108
0.533766
2.535844
0.920352
-1.369584
-0.657427
-2.715259
0.543210
2.770224
-2.116104
-1.440195
-3.095330
-1.006086
1.253462
-1.023491
-0.932931
-0.898765
-0.645759
1.205170
-0.736741
-2.419156
0.651955
-1.030599
0.579946
-2.916172
-0.838399
1.673855
2.229516
0.026706
2.504690
-0.884973
-2.497249
-1.932939
-0.139284
-1.246699
-0.884855
0.906710
-0.482703
2.386167
0.997846
0.857047
-4.216484
0.535263
-0.627340
0.391763
-0.263998
-2.695748
1.271057
4.571870
1.569692
-0.867051
-1.059258
3.088289
-0.377893
3.711289
0.938759
-0.436231
1.053010
-2.254314
2.194498
-0.253456
0.105239
-0.990104
-0.305345
-0.660832
4.292726
-1.205095
-2.335113
1.538028
0.051945
2.231432
-0.509821
-1.514373
-1.260609
-2.719490
1.391931
0.387125
-0.747303
-1.012702
-1.719581
-0.472450
-2.748012
0.749060
-1.056266
-1.592856
-0.608403
-2.696750
0.956972
-1.854877
0.482817
-5.805302
-2.176794
1.172919
2.027316
1.608499
-0.879361
-2.719803
-1.654532
-1.864726
2.951471
2.497227
-2.045428
1.921485
2.094921
-0.018242
-1.900412
0.408254
0.339559
3.464405
-1.193170
-1.485401
5.463272
1.473368
-3.856678
1.329844
-1.572647
-0.196474
-2.076401
-0.205215
0.478232
0.814590
-1.550133
-1.611146
-0.830136
0.331978
0.967400
0.466153
-3.312876
0.975106
-1.503457
1.133571
-2.774055
-5.708549
0.883787
-0.147814
1.454730
-2.555477
-0.522229
0.309648
2.361390
-1.236919
1.154198
-1.598782
-1.162298
-4.002112
-1.829677
-0.273307
-1.329744
0.873000
0.066258
1.368624
0.123531
0.186312
0.339891
-0.947546
-2.974820
-0.785470
0.535455
2.296737
0.390229
-1.741505
-0.850393
-1.764506
-3.211443
-0.849507
-1.690906
0.512069
-0.664723
2.286458
-2.033139
2.376024
-0.070512
0.151776
-0.444712
0.226473
-1.854077
0.219109
1.352076
0.952031
-0.469920
3.595025
3.128283
2.512994
-0.687031
-5.801155
0.170544
-4.135573
-2.061305
-3.460354
3.691595
-3.584198
-2.838250
-1.082183
-0.543975
-0.077870
3.204113
-1.842106
-0.368953
-1.069411
-1.510863
-0.184385
-1.274742
0.441586
-0.432695
-1.886351
-2.040701
2.210281
-0.983978
-0.226548
-1.419454
-1.830289
3.577034
-2.450132
-3.427791
0.411098
-1.999187
-1.892509
-3.694271
1.585981
0.027671
2.226785
-2.028893
-1.143170
1.752376
-2.360607
4.104137
-2.162540
2.609764
-0.514945
-2.358521
-0.861790
0.311046
3.956073
-1.765052
-0.652830
-0.559655
0.687307
-0.068934
-1.199872
-1.228516
-2.525403
0.597203
-0.009666
0.494098
-2.151978
1.104179
-2.505548
0.900985
-2.364084
2.150630
-1.658436
-0.298911
-0.338649
1.040737
-0.534733
-1.857100
-1.159276
1.630721
-2.847859
1.024977
-0.159809
-1.734878
1.467458
1.900770
1.073093
2.412514
1.580512
0.633322
1.283577
-0.009442
0.970363
3.081044
-0.828877
-0.686099
-1.597850
2.858063
1.788455
1.329089
-0.977425
-1.195937
-2.553943
-4.864779
2.136561
-2.032346
-0.083842
-2.408836
0.399957
1.404585
-1.908988
-0.991146
-1.377203
-3.748323
-0.421750
-0.272418
0.766520
0.690622
0.347253
0.836983
-2.941783
0.798462
-1.966712
3.350548
-2.521958
4.174392
-0.438753
-1.668218
3.293773
0.135679
2.582064
2.771738
0.478326
0.209943
2.667398
0.170929
0.466095
-3.375299
0.998603
0.718298
-2.335986
-1.566404
1.762503
-0.357966
-2.090529
0.489351
-3.897560
-1.329866
2.671640
1.056798
1.008213
3.511119
-2.438905
-1.998844
1.657733
-5.696517
-0.232708
1.921598
1.102953
-0.687844
-0.023953
-3.650968
-2.471241
0.367339
-0.504016
-4.045699
1.671738
-3.455198
4.590069
-2.035402
-2.251861
0.353892
4.810613
-0.124326
0.169228
-3.217437
-1.903924
-0.203720
1.590564
-0.641349
-1.995606
-0.084631
0.118329
2.680352
-2.957393
0.068623
-1.682151
-1.529711
-2.244236
1.425919
0.771587
1.945946
0.339582
-1.323805
-1.548087
-2.031865
-1.367666
1.636502
0.630910
-0.907894
0.659860
-2.330084
-1.022368
-0.759256
-0.389503
-3.218890
0.222327
-2.927671
-3.025748
3.761635
-0.847125
1.702803
1.938120
1.715704
1.679197
-0.294505
0.271910
2.636303
-1.180290
0.248565
-2.070509
-0.650763
1.997384
1.736202
-0.253485
-2.476874
-1.298867
-1.075309
-1.684510
0.218029
-1.767500
-0.750724
0.815303
-4.096343
-1.052219
0.409489
1.008257
1.877018
-1.025559
-0.143865
1.127032
-1.527332
1.586337
-1.968717
-0.913537
0.201196
2.907197
2.077275
-1.673040
1.397423
-4.419328
-2.451459
-1.111196
2.166007
-2.256727
-0.097563
-0.797687
-0.872602
0.331492
-1.586664
-3.314833
1.635616
2.197631
-1.224772
-5.065651
-1.976925
3.873736
-1.676488
-3.695198
1.229782
-1.547134
1.517174
0.922597
-0.704481
-4.450583
-0.754105
0.664974
-0.507498
0.404067
2.732337
-3.135645
3.266820
-2.479281
0.833372
1.249196
0.690361
-0.466395
-1.854185
-3.219743
-1.132660
3.796345
4.072708
0.836170
2.479631
-1.609149
-0.673451
1.354156
-0.941877
-2.396080
2.863675
-0.445716
0.352754
3.190513
-1.312119
-2.823320
-0.859497
0.421711
-1.640197
3.558358
-1.508357
-0.438143
1.810261
-3.720184
-2.496876
2.210153
-0.479050
-1.851258
2.635505
-0.530700
-2.368928
-0.059045
-1.131230
1.979963
1.423976
2.859277
-0.726446
1.945826
-2.373014
-3.354386
-0.869117
1.264928
0.302109
0.017907
-0.163136
0.128506
-0.009751
0.514480
-0.960608
-2.463230
-0.036216
2.275954
-1.931396
0.011027
0.059319
-1.251019
1.127281
1.143734
2.136146
1.307824
4.992215
-0.260069
1.290460
-1.079762
-1.341161
0.250135
1.040339
2.229951
-2.116713
-0.722838
0.266308
-3.734371
-2.235843
3.309657
-0.798752
-0.103039
-2.156462
-0.842756
2.785814
1.333814
-0.416206
-2.411486
-1.769731
-3.542983
-2.692793
-0.032111
-0.118243
-1.401859
-3.504144
1.913930
-3.067068
-2.474386
-2.445216
-0.519567
1.148564
1.948831
1.958943
1.055737
3.839823
-0.198542
0.967232
-1.130255
3.665583
-0.831574
1.592779
-0.421431
2.575476
-1.910594
1.814221
0.400242
-1.964165
-1.675034
0.374422
-1.987844
2.738672
-3.820104
-1.421559
-0.976394
1.849047
1.136236
-3.074907
4.254166
1.826555
-2.920974
-0.461896
-0.729985
-0.279029
-1.795410
-0.503935
-2.463242
-2.297273
-0.123023
0.731056
1.665007
1.321291
-2.398772
1.265911
-0.560881
-0.876372
-0.648064
2.521685
0.211813
-1.635060
1.874055
-1.504369
-1.960317
-3.986239
-0.507110
-2.203865
-0.287014
-0.743652
2.337163
-1.026437
0.753620
-1.104863
-1.454558
-0.696121
-1.387972
2.021208
-0.428813
1.328160
-2.110811
-3.329715
-1.708345
2.210524
-1.983589
2.103495
0.213240
-1.411556
0.406312
-1.013662
-0.576586
-0.273852
1.951338
2.031642
-1.042076
-0.696758
-0.256189
-0.563365
1.352690
-0.201123
-0.642980
3.030032
-1.843281
3.062664
4.601675
1.523337
-0.382885
0.643475
-1.905502
1.354051
-0.548746
-1.166982
0.218781
-0.428695
-0.057595
0.500740
-1.186068
-1.570365
0.052762
0.382671
-3.299929
0.300945
2.795979
0.219820
2.117723
-0.083327
-0.584276
-0.522051
0.130719
-0.874799
-1.080238
-1.052880
-1.009680
-1.603995
-0.410596
-1.437104
0.419338
-1.636708
-1.884749
-1.055106
-2.014244
0.073754
-3.651483
2.211699
2.507048
-0.673317
1.157924
-1.957386
-2.462867
0.165598
-1.886814
-1.211362
-3.183409
-1.717914
-2.503939
3.309660
1.351511
-3.000427
0.437763
3.945261
-3.222527
-2.304831
0.843877
3.054364
-2.057866
-3.557860
-0.217575
-0.378915
-0.378299
-2.737403
0.921667
-0.245026
0.592453
1.254940
0.694979
-2.297745
-3.957308
2.387497
1.228534
0.226755
0.666374
-1.752979
-1.508118
-0.383586
1.775182
1.944754
0.096225
0.403075
0.726752
3.849375
1.732180
0.733987
1.081917
-4.115771
0.867410
1.560750
0.721218
-2.909694
-2.104344
2.870249
0.164218
-2.256413
1.818869
1.579386
-0.632172
-0.698479
-2.114568
-1.508965
0.555710
-0.320127
0.947716
-2.175393
-0.025866
0.482651
-2.621509
2.771218
1.707807
0.253820
-0.590601
-1.379321
-1.724319
-0.244236
-2.588519
-2.551885
0.749415
-1.137361
-0.306097
-0.438074
0.324925
-1.422042
-0.619257
1.055245
-0.379544
-1.901315
3.282535
3.692236
-1.513688
0.654026
0.494947
-1.422699
-0.082545
2.050518
-0.175467
-1.152511
0.936709
-2.139400
1.633140
0.707385
0.174659
0.838240
0.225429
-1.102749
-3.940526
1.153950
-1.862795
-1.103369
-0.311305
-0.005732
-0.906178
-2.384021
0.284289
0.932147
-0.672515
2.147331
0.146766
0.250739
3.033606
-0.105366
0.237695
-3.775812
0.936907
1.292829
-0.424898
-0.071567
1.004236
0.895114
-0.727850
-3.875579
-1.792409
-0.662080
0.710008
0.020540
-1.744769
-1.315925
-2.230059
-1.622304
0.284079
-1.653654
-0.519606
-2.146444
0.374858
-2.861954
-1.469539
-0.556559
-1.905567
0.737537
-3.233840
-3.109265
-1.362313
1.149532
-1.110024
0.774745
1.843037
-0.186162
-2.154990
1.023350
2.484532
3.561152
-1.632276
-1.813807
-1.372309
-1.093861
3.541522
2.157409
-2.827845
-1.151141
1.155858
-1.051400
0.751306
-2.023257
0.000362
0.203478
-0.097802
0.498515
-0.070881
-0.273827
-1.251777
-1.904253
-0.105355
0.016331
-0.682228
-0.714992
0.676041
-2.856639
-3.382304
-2.687067
-0.448468
2.686650
-1.063208
-2.465265
0.042483
1.640871
-0.280779
0.629237
1.635799
-1.558620
3.538610
-0.372523
-4.663387
0.850668
1.101978
-3.747861
-0.037768
1.157154
0.271492
-0.375630
0.220487
-3.104610
0.861121
1.527863
0.289997
-4.245978
3.019823
-3.280892
-0.514181
0.185499
2.311677
-2.037138
-0.661800
-0.213105
0.527102
-1.438545
-2.899532
-1.265333
0.203918
1.291916
-0.095179
1.797387
1.419598
-1.865747
-1.665380
-0.883736
-2.077722
1.132988
2.046396
-3.442934
-1.244288
-2.833430
0.070504
-0.578910
0.848368
1.800977
-0.216818
1.069246
-1.990912
-1.073669
2.235689
0.138683
0.730486
0.660335
1.261236
-0.098310
-0.099798
1.892341
1.146016
0.573382
-3.571804
-0.588113
-1.068940
0.163679
1.693872
-0.726154
-0.426332
-2.827157
-0.520126
1.554186
-2.474962
0.038710
0.724278
2.131835
0.390471
-1.659307
1.656949
1.715697
1.937027
-0.180297
-0.782108
-2.526436
-1.155158
-0.924615
-2.014314
0.602622
-1.525134
-1.522001
-0.162886
-0.256637
-0.204112
-0.191750
-0.811287
-0.965087
-2.391794
2.442393
0.927929
0.369057
0.834925
2.302711
-2.023437
1.433108
-0.970398
-2.729676
1.339411
-0.433821
-2.787549
1.261110
0.086939
-2.123212
4.464889
-2.011407
-0.527053
-2.354858
-5.465048
-0.344448
2.542488
0.563015
0.449254
1.309172
0.904554
-1.726455
0.101547
2.384015
0.030719
-2.037249
-2.707561
-1.164922
-0.096468
2.860679
-1.236828
0.307780
2.887572
1.021495
-1.472237
-1.204701
-0.681792
0.493792
0.253549
-2.711459
-0.437471
-0.722617
0.399169
-0.284904
-2.578123
-0.242928
-0.870399
1.311581
0.550209
0.157494
-0.190972
1.775505
1.780108
-1.233733
0.292670
1.506898
0.553669
0.639208
-3.453767
0.444410
-2.029027
-0.674529
1.262683
-1.311979
1.496883
-2.351630
-0.343238
5.689816
-2.290084
-1.498995
-0.650175
-2.000304
-2.691351
3.902658
-0.434402
0.058284
-0.990250
-1.993846
-2.007071
0.779721
-1.230361
0.639393
1.362501
-1.514019
1.491491
-2.762099
3.173331
1.908935
-2.846634
2.377150
-1.206105
1.097252
2.013988
2.850736
-0.475659
-0.327563
1.001345
0.457597
-0.372462
0.811270
0.581404
-0.249355
-0.869699
2.390026
-1.850790
-1.616359
-0.245877
0.383001
-0.581056
-3.353667
0.805518
-2.038276
-0.939946
-0.823118
0.038319
1.300147
0.734931
2.338167
-1.238187
0.165415
0.758494
-0.161271
0.363446
-3.994740
-0.681052
3.509758
-0.513229
0.851043
-2.430046
-1.493447
0.523711
-1.737094
-3.184459
1.332195
-1.490114
1.785871
0.232178
-3.638390
0.575705
-0.391137
-0.615192
-1.871910
0.819528
-3.205454
-0.669268
-1.791252
-1.802220
0.929126
-0.063136
0.681906
0.082087
0.768298
1.602420
0.732450
-2.494842
1.152185
3.141528
-1.075864
-0.452069
2.957961
-0.029728
-2.893904
-2.742257
-3.597865
-0.237361
-1.067103
-0.591005
-2.154444
-0.633996
2.536842
0.758017
2.246041
-1.150817
-1.680221
2.120587
2.269284
0.133172
-0.481746
-4.009919
-1.091426
0.306467
-1.238731
-3.889117
-1.842202
-5.589141
0.537881
-1.846102
-2.971600
0.678515
-0.913557
0.386223
-3.750927
2.539557
6.152327
-2.279526
-3.405732
-0.414086
-2.706171
1.540376
-0.780267
2.628850
1.324034
5.163484
-0.611905
0.315137
-1.725534
-0.994149
-1.536452
3.298854
-3.846773
-1.319784
-0.877431
-1.750534
-0.752789
0.178218
-1.300733
0.569162
-1.422211
-0.905326
-1.941014
1.121576
1.715043
-0.150283
-1.156084
2.218379
-0.675867
0.391338
-1.632861
-1.633133
-1.863315
-3.850034
0.352210
1.044112
1.067818
3.359403
2.977378
-0.020628
1.954680
-0.301287
1.814741
0.947356
-0.319727
-3.467908
-0.958758
-2.731251
1.883553
1.977605
-2.434371
0.870261
-0.283599
-0.927301
-0.855342
-2.461329
1.067418
1.577260
1.532153
0.745556
-2.167605
-3.198111
-2.110913
-1.999606
0.284742
-0.684011
-1.269471
-3.074207
-0.446417
1.181631
-1.293259
-0.459444
-0.467407
-1.406179
2.666288
0.823548
-1.779749
-1.448573
-0.840378
-3.445242
-0.210968
0.979122
1.706353
0.279607
0.450693
0.959669
2.300938
-1.318670
-1.049083
-1.679541
-1.217642
-2.356015
0.624797
-1.331049
-0.802281
0.940556
0.350512
-3.390158
-1.054870
-1.177676
-1.277697
-0.415556
0.919056
-1.273134
-2.352303
-2.293925
-3.473085
1.055924
-0.509106
-1.931018
3.342409
0.544255
-1.270690
-1.082692
-1.103630
-0.476527
-1.829368
-3.980920
-1.896445
2.566946
3.264932
-2.875817
-0.040678
-1.723891
-0.128873
-0.242973
0.534876
-2.161448
0.599185
-2.764934
-0.567004
0.589172
-4.575859
-0.967589
-6.094067
-0.125062
-1.546784
-0.694299
2.820146
-3.283896
-0.621979
2.394762
2.611383
3.260999
-2.934010
0.377079
-0.163805
5.426684
0.919048
-1.692836
1.368041
-1.568770
-0.789033
-1.188831
-0.758714
0.973584
-0.557616
-1.164003
-1.794334
-2.658963
-3.107085
0.149705
-2.279564
-1.668193
1.028707
-1.689787
0.147485
-2.243912
2.304037
0.799806
-0.349879
-2.502792
-1.487657
-4.527433
-3.145445
-0.136977
0.431227
1.662980
-3.589511
2.049307
2.685627
-1.475746
-0.933363
1.309749
-0.029937
-3.752206
1.298583
2.062704
-0.635677
-0.322642
1.098369
3.135979
-0.379567
0.056773
1.017135
1.184994
-1.463906
0.252277
-2.262268
-0.898292
0.773808
-2.703573
-0.768624
-1.646203
2.519561
-0.011829
1.592466
-0.249179
0.323513
-0.854576
-0.454543
-1.660782
-0.686141
-0.407795
0.845033
-1.770451
-1.109588
0.305947
1.574353
1.202904
-0.876958
-0.633225
1.530627
-1.077280
-0.303547
-2.299219
-1.386894
0.161397
-0.515650
-2.219728
-1.088069
-0.050094
0.442954
-0.969241
0.645321
-0.409444
-1.140526
0.746754
2.395407
-1.155367
-1.875638
-2.173508
-0.183127
0.004287
0.095900
-1.386021
-0.594818
-1.109856
-2.284374
-0.829279
-0.701757
-0.336570
-3.668916
-1.090518
-1.706587
-1.173897
3.075731
-5.042856
-2.918286
-2.318023
-1.669096
-0.050648
-4.226110
-1.412163
-1.091429
-1.649102
2.643487
-0.381061
-1.036234
-2.281315
-0.339895
1.386401
2.649830
-2.808520
0.623364
1.779486
-2.225761
-5.152813
-2.944968
-0.728050
2.109906
-0.710172
-2.375717
2.054665
-1.309374
-0.030649
0.650611
-3.005032
-2.929895
0.982576
1.192586
-2.364262
-0.080447
0.243153
-1.060315
0.277347
-0.208915
-1.501878
-1.106878
1.154254
-1.354828
-0.085119
3.355494
-0.945580
-1.447797
1.700504
1.173382
-0.896283
-1.062937
0.835193
-1.300747
-0.782302
-2.318514
-3.555411
-0.509800
-0.682874
3.602636
-1.240153
-2.889343
0.127281
-0.151891
-1.634460
-2.469483
1.423438
-0.172155
2.008879
-0.942180
-0.352023
-2.008206
0.190847
0.542244
0.146736
-3.752396
-3.706095
1.287602
-3.715833
3.747167
0.679769
-1.673322
-1.695114
-0.623285
3.466641
-0.254389
-1.688764
2.130852
0.920315
2.799498
-1.868446
-2.449204
-2.612628
-7.681123
-0.605706
-3.640389
-1.144355
0.311152
-1.465155
-3.729994
-2.078784
-1.770975
-0.086184
-0.361659
-0.470088
-0.118025
-1.563963
-0.668305
-2.082035
3.494250
0.509827
-2.157065
4.686622
0.162612
-2.439716
-0.208488
3.176086
-2.312052
1.845478
-0.120888
-0.412250
-1.309379
0.909699
-2.523728
-2.018121
1.775280
-0.583438
-0.891341
2.549830
1.106480
-2.061217
-2.574641
-1.356497
-1.250629
-1.142749
-1.397688
-0.245030
-1.177171
1.060669
0.559998
0.150680
1.387321
0.824675
2.002283
-1.405474
0.172111
3.409523
2.769142
0.922713
-2.032746
1.484774
0.736218
-1.493155
4.229699
1.130503
2.801464
-3.497082
0.835459
0.715701
-4.047713
-0.621424
-0.422358
0.034478
0.340415
0.188218
-0.243525
-0.367864
0.575105
-2.482194
2.179209
-0.821173
-2.528424
-0.240705
-1.256296
-0.100529
-2.872938
-1.264056
0.545545
-1.091806
0.800892
0.662949
0.749985
-3.013116
-3.090899
-1.331153
-2.636351
0.190066
0.421675
-2.533844
-2.860347
-0.208079
-0.196747
2.699875
-2.669959
-0.560655
-0.386502
-1.634804
0.903549
1.459309
-1.245171
-0.955866
0.781237
-0.731300
-0.242586
1.264186
-0.562058
-3.524763
-2.162904
-1.440146
-1.148894
-0.873433
-0.033676
-3.382368
-2.447608
-1.357339
-0.350637
-1.044934
1.375666
0.696655
-1.540888
-0.767064
-0.310964
0.390324
0.642929
-3.496145
-1.558410
2.181934
-2.693824
-0.778225
0.200045
-0.325890
-1.222403
-0.998566
0.141957
-1.024203
-2.477875
-0.389044
-0.617649
-1.718955
-1.546108
-4.167130
0.341770
0.125923
-2.048059
-2.130147
-0.532860
1.771559
-3.789134
-1.370957
0.240141
-2.145108
-3.328942
0.058812
-0.939702
-2.378473
-2.542297
1.057726
1.156640
1.940366
-5.318988
-0.852568
-1.642814
-0.337186
-0.169216
0.308746
-0.696046
-3.328937
-0.665648
-0.713703
-0.016128
-0.241573
-0.054226
-2.427800
-2.312935
-0.235920
2.974237
-1.719012
-1.308900
3.798268
-3.744549
1.049620
-2.652257
2.652733
-0.325643
-0.045373
-1.292237
-0.082534
1.558464
-2.300317
1.160133
0.194143
-3.354270
0.850420
-1.525206
-0.075211
0.126443
0.568394
-2.821618
-1.219548
-0.852935
0.865373
-2.129503
-2.783202
-1.495548
0.931861
-2.160924
-0.730000
-0.987025
-0.450596
1.274213
-0.413346
2.490817
-1.799141
-0.542443
1.844951
1.187376
1.876354
-1.024760
-0.118936
0.634132
-0.660932
-1.794044
0.659752
-0.194815
-4.807232
-0.483225
-1.556376
-0.710168
-1.435569
-1.982376
-2.185513
-2.595804
-2.482405
0.271452
-3.756248
-1.170535
2.412544
0.934366
-0.515152
-1.491837
1.595127
-0.286917
-1.825826
-0.188466
2.334988
0.066210
-3.302324
-2.378559
0.393135
-0.936541
1.581961
0.560809
2.062870
-1.159947
-0.987762
-0.692975
-3.983572
-2.870469
-0.989666
-0.121838
-1.229342
-0.438137
-2.047166
-2.179037
1.570037
1.293152
0.463219
-3.938233
0.536416
0.288834
0.055290
-1.174585
2.508157
2.136232
0.437094
-1.362744
0.378086
-1.085626
3.128253
2.096551
0.528983
-1.475407
0.268099
-2.212611
1.737710
-0.628195
-0.157487
-0.187382
0.671372
4.441008
-0.617497
-0.233645
2.265448
0.638494
0.292347
-0.363700
-0.372601
1.059473
-0.292002
-1.278792
-0.859154
2.254056
-4.808117
-1.002299
0.838116
-1.658358
-1.604813
-1.199307
-3.358505
-1.005193
-0.372541
-1.333431
0.275761
1.448362
-0.340831
0.545683
-1.687975
0.942162
-1.011430
2.866026
0.110528
-0.698485
-2.783952
-2.122932
3.582740
-0.709303
-0.260571
-0.788654
0.305276
-1.656115
-0.507363
-1.623602
1.374786
-0.456252
-4.715204
1.489431
-0.255092
-1.352761
-3.555848
0.721509
2.455806
-1.039131
-2.868045
-0.391323
-1.792788
-0.196582
0.166167
-1.515023
-0.573022
-1.379033
0.583764
-2.873272
-1.170910
-2.224718
-1.907606
4.018412
-1.445152
0.165717
-0.285962
-1.352964
-0.795983
0.136503
1.379071
2.450624
-1.370534
0.732384
-0.030291
0.944228
-3.561014
-1.111034
0.672925
-2.137746
1.330560
-0.975929
0.153195
0.709112
-2.699482
0.596597
-0.898582
-1.081767
0.772910
0.369205
-2.441808
-1.410680
-2.245355
-3.419643
2.212733
0.072169
-1.485860
-0.153675
-0.525600
0.339175
-0.578633
1.486138
1.869483
-0.068992
3.610411
-1.316401
-0.025396
-1.211490
-0.927985
-2.182995
0.303422
-1.780919
0.066639
-0.999342
-2.216013
-0.878860
-1.410633
-0.518434
1.718768
0.682057
1.340663
-1.035904
0.311199
0.928304
1.529161
3.877826
0.022514
-0.161174
-1.242531
0.723844
-0.675854
-1.794187
-2.416110
-0.052002
1.353810
0.636261
0.381935
0.119042
-1.743765
1.326951
-1.924267
-0.745055
-0.477499
-0.982320
-0.092747
-0.013016
-1.175765
-1.444621
-1.631278
-1.021702
-2.292470
-0.688123
-0.373271
-0.155042
0.139472
-0.125564
-1.165968
-1.130453
-1.611196
-0.884999
-0.610471
0.771769
-1.070063
-0.597856
-0.790199
1.272392
-1.774158
-0.181051
-1.424990
1.354792
0.304552
0.154782
-0.575131
-0.432657
-1.560859
1.484170
0.742229
-1.440131
-0.755470
-2.823997
0.418167
0.998581
-1.079895
-0.326742
0.679554
-0.829503
1.661690
-1.599627
0.045827
-0.237212
-3.286811
3.396909
2.348694
2.849442
2.313007
-0.647712
0.593186
-0.389753
1.802765
-0.904831
-1.284769
0.378995
0.276174
-1.839823
-1.259483
-0.672737
1.253981
-0.819767
0.992858
1.200339
-4.726176
-0.821322
-1.962414
1.332116
1.342809
-0.878537
-2.891266
0.097128
1.261188
-4.434289
-0.515874
-4.710263
2.685741
-2.122933
0.825551
0.005600
0.892093
-2.310457
1.273761
-0.711805
-1.406554
-3.402677
-0.438755
-2.913637
-1.920107
3.556385
-3.401690
-0.332248
-4.722134
2.614016
0.202763
0.401254
-3.429950
-2.723389
1.008195
-2.680781
-0.081112
-0.662538
-2.561141
-0.150897
-0.117494
0.955329
0.169522
0.457390
-1.727294
1.000257
-1.815477
0.823261
-1.417684
-0.878348
-0.333018
-1.813380
1.033433
-3.264812
0.271479
0.134668
0.128385
0.698426
-1.482918
2.462716
-0.920428
1.585235
-1.848123
-0.877070
2.995318
-1.467573
-0.794843
1.093931
0.146133
-0.212488
-0.347738
0.798384
-0.378732
1.015337
-0.481243
0.296987
-0.966285
-1.637301
-1.825791
1.557687
-0.196418
1.382510
-1.849823
-0.663031
-3.626952
-0.390724
-1.631198
-0.344262
-3.466630
3.259529
-2.530855
-0.697152
1.687875
1.575215
-2.202310
0.929503
0.387607
-2.261051
-2.043311
-0.324946
0.973846
3.168269
-0.605177
-0.774934
2.065424
-2.022280
1.034424
-0.101663
-0.292197
2.183137
0.102843
-1.669339
1.660060
-3.303557
1.040305
1.333339
1.063955
0.598930
-1.347484
-4.097454
-0.308960
-2.050632
0.322234
-0.407513
-0.718833
1.497130
1.938980
-1.126016
-3.364522
-1.028708
0.407388
0.608933
0.386623
0.913834
-0.942702
-0.542285
-1.240614
-2.798113
-0.680886
-1.405053
-2.693499
0.604863
-1.591929
1.872079
-6.177515
1.467455
-1.835840
-3.087018
-0.288883
-0.962365
0.666511
-2.454686
0.228358
-0.669780
-0.258183
-1.942764
-2.293706
1.871933
-1.669062
-0.167936
0.807404
-1.227898
1.223356
0.812532
2.340197
0.325141
1.560475
3.715345
0.743271
0.228923
-0.112021
0.023843
-0.305593
0.707108
1.428650
0.562909
-0.940406
-3.112737
2.826052
-3.390925
-0.490793
0.571522
-1.496716
0.235887
0.819702
0.002009
-1.168115
-1.729997
-3.326865
1.717605
-1.304087
-1.018977
0.460931
-0.485578
-1.639024
-0.183467
0.676085
2.573422
-1.889684
-0.860455
-1.522310
-3.398727
0.416602
-0.017024
0.147273
-1.760409
-0.511291
-1.174873
-2.093622
-1.152347
-1.310414
0.306073
-4.673221
1.022599
0.450515
0.460605
2.070116
-0.791009
-1.422903
0.336651
0.993954
-0.265928
-2.076754
-2.593117
-2.745868
0.104670
4.332794
-0.917102
-1.961743
1.793855
2.297231
1.606910
4.144516
-0.404082
-1.695175
-4.245098
2.659508
-1.205958
-3.366898
-1.380521
-0.167842
-4.831253
-1.655896
-0.587659
-4.649262
0.674103
-1.763204
-1.901693
1.986171
1.265892
-2.892848
-1.459029
0.777395
-0.764642
0.464616
0.864735
1.705436
-2.104370
-1.066330
1.753686
1.315066
-2.778389
0.904784
4.736362
0.274053
-1.661922
2.361177
-1.447877
0.688869
-3.693643
-1.243332
0.145522
5.946221
0.528835
0.209063
-0.507250
-0.822092
0.233749
-1.060870
-1.882639
-2.445870
3.427429
1.990669
1.094824
-4.097726
-3.843586
-2.527321
-1.641521
-2.536405
-0.555257
-1.709071
-0.399345
-0.585855
-2.158963
-0.843645
-1.636034
-1.860994
0.735417
4.101260
-2.961920
-1.530607
2.311500
0.619094
-1.271685
-2.055308
2.138179
1.921736
-1.055099
-0.518746
-1.946064
0.658808
-0.279749
0.717716
-0.274310
-1.157960
1.531682
-1.758121
-2.565107
-0.896450
-1.996702
-1.533500
-0.211351
-1.626103
-3.784265
-1.851809
-0.729408
-1.437730
-0.836771
1.052745
-1.056073
-2.480911
-0.052262
1.265273
1.197633
-1.173027
-3.176617
1.589405
-0.279472
2.043334
0.857033
0.374621
-0.099105
0.447997
-2.989631
1.887300
-1.857313
0.524194
2.038981
-2.076840
-0.405204
1.455210
0.243079
-0.404579
-0.408360
-0.519736
2.975397
1.355789
2.133652
-1.508802
-4.065220
-1.561541
-2.976457
-0.678803
0.933526
-0.184890
-1.718616
-2.237483
-1.889959
-1.390895
-1.035008
-0.992810
-3.169019
-2.155136
-1.526701
-1.750447
0.012518
0.105400
-0.363446
0.269798
-2.483128
-1.660508
0.375806
-0.015767
-0.873469
-1.578302
-0.752244
0.473951
-0.322522
-2.999003
-0.731399
1.113730
0.312329
-2.048745
-0.996427
0.783195
1.167716
3.814121
-1.854353
-0.659834
1.141550
-1.848784
1.724661
0.226678
-3.836581
1.021215
-3.390270
-2.008016
1.552920
-2.783527
0.333357
-1.565384
-0.253627
0.202250
-1.372159
1.320505
-3.110315
1.568276
3.945201
-2.388166
-0.952282
0.831247
0.528671
-0.172397
0.315303
0.023246
0.219528
-1.372545
1.410044
-1.993322
-0.733804
-1.473348
2.332835
-2.474432
-1.193660
1.396574
-0.226308
-2.111727
-4.123794
-1.881211
1.011757
-0.119096
0.525195
-4.595674
2.399875
-1.553125
-0.847971
0.737672
-0.548225
-0.598390
1.050892
-2.428001
2.220407
0.090341
1.208650
-0.357271
1.428349
-0.059352
-1.800271
-1.194548
-2.128912
-1.134699
0.874584
0.127016
-0.290410
-0.305421
-1.535678
0.476025
-1.387384
0.922199
-0.117878
0.217233
1.386194
-3.055768
-0.491218
0.189311
-1.015762
-1.584162
0.651005
0.429061
-0.632372
-0.944651
0.585084
-2.765166
-0.926691
1.061497
-0.936928
2.213533
-1.815158
-1.213550
3.010940
-2.207592
-0.935731
0.697552
-0.356974
0.766380
0.532324
1.578743
-0.779283
1.182424
-2.179437
-4.482152
-0.807828
-0.284821
-0.440164
-0.406384
1.758228
-0.877552
0.160713
-0.198920
-1.389406
-1.342716
2.113288
1.158007
0.104601
-0.065557
0.017140
-1.757174
1.186822
0.247438
1.291421
0.318205
-0.380336
-0.576214
0.005650
-1.100160
2.129775
1.023139
-0.396674
-1.063789
1.567727
0.275560
-0.445685
0.568398
-0.790623
-0.875596
0.571066
1.733311
1.962700
0.742833
0.928948
0.789841
3.133789
-2.943949
1.144082
-4.842636
-0.793660
-1.893913
-1.426786
2.451544
-1.378904
-3.081080
0.773822
-2.741253
-3.471992
-1.628429
-2.728650
-1.814605
-3.126766
-3.390516
-1.535990
-1.770119
-0.343192
-1.208082
1.028043
0.711672
1.150980
-2.405252
-3.733118
1.142328
-0.404984
-0.884161
0.320757
-0.792790
1.620293
-0.256197
1.275571
-0.341701
-0.482559
-2.963038
-0.548270
0.697843
-1.022495
-2.433127
-2.617965
0.991424
-2.200107
-0.868208
0.683922
0.708001
-0.425495
-0.357548
1.390134
-0.438173
0.185751
-0.143938
1.238516
-4.157260
-0.874949
-0.767918
1.728212
-0.830391
-0.346498
-2.468593
-1.188926
0.762635
-0.788122
0.670674
-5.237193
-1.466365
0.473764
-1.586732
-0.248948
-0.257222
-1.024224
-1.548435
-1.566990
-0.602076
-1.323160
-2.135431
-1.782656
-3.272562
1.202766
-0.258561
-2.106698
-2.188634
-0.452426
-1.907256
-1.628647
2.439960
-2.290804
-2.794409
-1.823126
5.296260
-2.461663
-2.030018
1.562629
0.151516
-1.051431
-1.375743
-1.398014
1.033018
-2.744679
-1.559180
-1.152884
-1.875845
-0.770658
0.204015
0.006706
-1.706383
3.333876
-1.425763
-0.731661
-0.734341
-2.085799
-2.661901
-0.384488
-0.670723
-1.002068
1.082618
-0.892181
-1.040307
-0.521747
-1.267336
0.342467
-1.838531
0.279031
0.143872
-1.754022
-1.409461
-1.132129
1.782258
1.160462
-1.486319
-1.408802
-1.749186
-1.458396
-0.010202
-1.967603
3.000874
0.448725
-1.012388
-0.662598
2.766785
-1.691451
1.077847
3.287909
-0.796796
-2.277016
-2.398065
-1.486257
-2.201633
-0.695663
1.174162
-1.628132
-0.960554
-1.727834
-0.461724
-2.575123
-1.561261
3.327942
-1.078627
-2.528722
2.479621
-0.195369
-1.130459
1.216926
-2.094171
0.510688
-0.290093
-0.266999
-2.241336
-4.569822
-1.410776
-0.423993
0.395684
-1.603858
1.503466
-0.866081
0.495834
-3.677017
0.942290
-0.550802
-1.535782
-1.055520
2.012559
-2.301528
-0.405727
1.298271
-0.643568
1.055420
-0.167058
-1.423618
-2.182369
-0.977659
-0.692250
-0.691216
-4.045152
-1.427054
0.064248
-0.812985
0.620424
-2.483661
-0.494853
1.499680
0.418285
0.194206
0.836442
-3.136291
-3.997833
-0.597819
-2.343725
3.159150
0.335393
-0.911735
-3.061177
1.228510
-1.279846
2.000717
-0.015726
2.645938
-3.009177
-2.901986
1.276411
-2.820942
-0.450435
0.390198
-2.300583
-0.438713
0.490125
4.616731
1.883733
-0.361211
2.513159
-0.786831
0.780810
2.932619
-0.268123
-0.711765
-1.345262
-0.298063
-1.105929
-1.082158
-1.320784
1.127170
-0.432699
-1.251816
-0.688201
-0.311764
-0.508045
-2.048866
0.774852
0.780851
1.080764
1.454919
0.778587
-0.235719
0.027108
-3.577115
-3.335428
-1.169940
-1.039474
-1.874163
-0.115515
-1.062209
-4.600786
-1.240773
1.384087
-3.410554
1.432714
-2.775978
2.614535
0.639985
2.084569
-0.931360
1.983724
0.984216
-0.205337
-0.943699
-0.273338
2.304036
2.124304
0.897837
-0.507635
1.830825
-2.089663
-2.539833
-0.346386
-0.900608
2.125609
0.754919
0.781418
1.048614
-0.121691
-0.000842
0.614104
-0.308986
2.389305
-0.851186
1.184441
-1.030095
-2.326829
0.435646
0.340600
0.615346
-2.020202
-0.631629
0.878288
-2.978094
-1.862260
0.187157
-0.623727
-2.858102
-0.558450
-1.905619
1.888314
-2.939731
-1.500198
1.038090
-5.907729
1.714654
-2.791950
0.900474
-1.970629
-4.809229
-3.048949
-2.793592
1.976039
-1.037497
-3.423241
-4.277498
0.075282
-1.885369
-2.786505
-4.488125
-0.332648
-0.152913
0.922796
0.805818
-1.935562
-2.714502
0.184352
-0.445603
-0.844241
1.270591
-1.473272
1.127395
-1.618295
-0.217618
-0.880245
-0.229018
0.805760
-0.245336
-1.146352
-0.826029
0.054217
0.156289
-2.750350
-1.079553
0.045840
0.918647
-2.948227
-0.089695
0.824440
2.816261
-1.512768
0.306160
-1.064647
-0.296884
-1.014917
0.668769
-0.612126
0.229893
1.960947
1.047701
0.792531
0.031176
2.747222
2.824594
-0.079797
-1.429838
2.129018
2.156011
-0.903539
-0.797273
1.571788
-1.095267
0.491335
0.448903
-1.278679
-4.305973
0.502571
-0.741533
-2.635876
-0.457384
1.206101
0.992907
2.035161
0.626646
-3.688038
-0.379781
1.594731
-2.137399
-1.787815
1.439448
0.845520
2.027673
-0.583199
-0.523109
2.094902
1.006154
-2.550924
-0.698416
-0.552696
0.778383
-2.419227
-1.614929
2.739522
-1.325150
0.088444
3.273487
-0.398355
1.250319
-2.506519
0.991590
-1.488417
-1.629216
-0.845661
-1.472461
3.370258
1.323369
-1.608385
1.686843
5.035991
-3.379772
-3.850532
-1.523938
-6.029338
-2.043224
0.476336
0.812498
2.287858
0.533293
-0.727369
-2.735273
1.059273
-1.278993
-0.839917
-0.224259
-0.136090
-3.823852
-1.142424
0.443588
2.711294
-1.975888
0.545636
1.636959
-0.253327
-2.039076
1.208780
-0.106825
-0.701475
0.867299
-1.497098
-1.250854
-1.636587
-3.738528
1.258934
-2.798698
0.713828
-0.719625
1.975109
0.073508
0.649792
-1.550009
1.427173
1.510850
-2.487191
-0.152112
-3.226670
-4.340782
2.073780
-1.845977
2.934325
2.201314
-1.520616
0.788325
-1.442415
0.128467
-0.049903
2.091138
3.092661
0.671491
-0.096726
-2.223946
-3.081050
1.285973
-2.212016
-1.301932
-0.312896
0.811160
-2.286196
-3.244700
-4.397112
-0.457807
-2.060469
0.725296
-2.492110
-3.132909
-1.750764
0.291234
-2.136325
-0.719549
-2.090336
0.109693
0.209274
0.207141
-1.599239
-0.325825
-1.145195
-1.104880
-1.570475
-0.647018
-1.971338
0.027742
4.238824
0.038764
-0.681044
1.878759
2.585929
-1.486060
-0.951681
0.895534
2.269176
-0.829080
0.978040
-0.510407
-2.056904
-2.731453
2.042189
0.223109
-0.530668
0.329175
-0.669346
2.222288
-4.261234
0.454900
0.439683
1.079846
-2.086487
0.761042
-0.098607
-1.834777
0.536016
-1.709979
-0.194569
1.593959
3.892509
-1.014589
-0.293020
-0.247004
2.194526
1.688506
-3.021631
0.004480
1.698285
-2.609421
0.251621
-0.396387
-0.817630
1.831477
-0.792240
1.179443
-0.894822
-1.620927
0.295455
0.716940
0.950381
-2.496128
3.740142
-1.786367
1.023360
-0.334568
0.741872
-0.828051
0.101346
2.801618
-1.393548
-1.773912
0.361832
0.331020
-1.924263
-0.375773
-0.430873
1.700958
-0.816292
-2.559912
-0.346548
0.349767
-3.194494
1.837366
1.466718
-1.467623
-0.721452
2.476063
0.652578
-2.696678
-4.895716
0.992744
-0.595311
-2.927826
-0.212119
-1.249961
3.030526
-0.988442
-2.097468
0.679177
-1.885333
-0.853836
0.265560
3.546548
-1.185245
-1.241180
1.063418
-0.869704
-1.377815
-3.204174
2.374697
2.707178
-0.491932
1.071332
-0.962402
-0.001053
0.372735
-1.067505
-2.626752
0.852095
-4.587538
0.345346
-2.148864
-0.138478
0.620040
-0.944082
-1.784831
-0.461327
0.812597
0.136663
0.082517
-0.935641
0.206759
-2.886802
3.066102
1.309632
0.113890
3.087993
-1.155101
1.969312
0.500426
0.398085
-0.161631
-0.412514
0.034074
1.937840
0.107051
-2.156217
-0.998739
-0.855626
1.121598
-0.890967
-0.650646
-0.785905
0.107862
-1.892511
-1.210935
-2.630023
-0.013752
1.955259
0.813658
0.329273
0.632577
-1.392557
-1.079845
2.013385
-1.693562
-0.766868
-1.194072
0.288296
-1.852634
0.077115
0.347470
-0.702972
0.709085
-0.514356
-0.248272
-2.340666
-0.168886
-1.697171
-1.054886
1.637924
-1.291615
0.445347
-4.413849
-1.579273
-0.626511
0.144580
0.416486
-1.961080
-0.788101
0.275872
1.387123
-2.626349
1.489736
-1.800432
1.550748
-2.261855
-0.206775
-0.722206
-1.324264
5.013700
-4.781403
0.913108
-1.368787
-0.790137
0.525357
1.400821
-0.042715
0.292462
-1.329033
-0.662561
2.432938
0.315781
-0.961598
-0.471376
-0.070222
-1.065096
-1.409060
-1.574631
-1.699176
-1.768954
-1.293855
1.692509
-0.680965
2.564700
-2.072484
-1.284219
1.069076
-1.200809
-0.714030
-1.437536
1.216796
0.636286
-1.787589
2.539006
-0.159720
-0.259769
0.402425
-0.654303
-2.567744
-2.925486
0.347704
-3.763050
-1.474103
-2.826940
-0.223562
-0.512101
0.103398
0.769468
0.351829
-0.205616
1.314667
0.571078
0.237605
-0.565309
-0.179878
-3.621047
1.597262
-0.591427
0.229721
0.625495
-1.753259
0.095698
-2.225599
-1.934309
0.612833
0.637597
-1.522830
0.016741
-2.587908
-1.971403
-2.914190
1.261119
0.203181
-1.827369
-1.273402
0.785615
0.238541
0.463251
0.510449
-1.733504
0.038092
1.046150
-0.534796
-0.576262
-2.872824
-1.083152
0.245364
1.785349
-2.791101
1.759584
0.169025
-0.739247
-2.993552
-1.141978
-2.084973
0.872267
-2.504460
-1.070731
-0.693295
-0.034717
0.333784
-1.028231
-0.375364
-2.032089
-0.061930
2.226409
1.405954
-4.099525
-0.445392
-0.802059
1.198901
-2.073203
-1.068251
-1.247041
0.967469
-1.872372
-0.851929
-3.425037
-1.408282
-0.290367
-1.784874
0.951207
-0.507314
0.924794
-0.199935
1.304637
0.179742
-1.610850
0.916436
0.156154
0.355048
-0.373516
1.472491
-1.781032
1.879606
-0.015139
-2.510246
-2.484269
0.137088
2.569112
-0.575973
-1.098618
-0.795580
-4.055150
-0.471317
-0.287708
-1.295924
-1.158598
0.444545
2.405743
1.144709
0.799732
0.507231
-0.725784
-3.419255
-1.290163
-0.906310
-1.455256
-3.338058
2.103966
-2.751480
2.194621
-1.712070
-0.077931
-3.142927
-0.654588
-0.456176
-0.253934
-1.746400
-0.547526
-2.155241
-0.767404
-0.939250
-2.198944
1.988916
-1.565307
-2.823991
0.050278
-0.875881
-0.978513
0.851680
0.165702
0.620371
-2.032820
0.490899
0.553073
0.553689
-4.527437
-1.015205
-4.154772
1.758406
-2.255580
1.272722
-0.955387
0.199707
3.003974
-1.171250
-2.006842
-3.406687
2.210236
-0.570855
0.690163
-1.702927
-1.117593
-0.220312
-1.386067
-3.775652
-3.786421
-1.356945
-0.062280
-1.011408
1.110153
-0.943255
-0.449709
0.452400
-1.702493
1.470928
-0.478570
0.151302
-2.251612
1.035009
-0.297452
-3.311480
0.361505
-3.297508
2.556892
-2.760428
-1.800031
-0.117752
-1.042163
-1.477056
1.419024
-1.198802
-1.155163
-0.757947
0.662909
0.239093
-0.742335
-1.325579
-0.204165
-1.246382
2.561054
0.646493
-1.197009
-0.008942
-3.664878
-0.710470
1.966154
-3.919892
0.667964
1.499899
-0.202134
-1.013285
0.630934
2.797368
-0.542185
-2.495249
0.354058
2.206587
-1.708761
-1.511826
-2.604074
-2.620002
-0.896612
-1.809134
-0.950584
-3.003298
0.009288
-0.309921
-1.078558
2.156237
-0.236166
0.997820
-0.188490
-2.797211
2.021765
-5.110033
-1.379238
-1.749657
1.069352
1.340497
-0.829041
3.285813
-0.286009
0.985377
-1.446312
-1.157441
0.043832
1.326100
0.222614
0.578760
-0.540414
-1.609231
-1.825441
-2.414012
0.372209
-3.726515
0.964595
0.236677
-2.563211
-0.257977
0.074614
0.229592
-4.177255
-0.850759
2.346131
0.419698
-0.265764
0.004402
-0.016095
-1.956118
-0.183952
2.520035
1.344772
0.701393
0.567064
0.201022
-0.836346
-1.270406
-0.913055
-2.280396
0.931460
-0.456001
-2.463582
-1.987725
0.408590
-2.503192
-1.547446
0.175762
-0.623717
-0.470749
1.023531
0.228347
-0.235259
-2.661872
1.086407
-1.751785
-1.105686
-2.650639
-2.277618
-1.618596
1.653853
-3.265406
-3.192106
1.261572
-1.625981
1.180508
-1.468446
0.894740
-1.655247
-0.788885
0.966630
1.446610
1.119449
-0.396227
2.582900
0.102947
0.005841
-1.005538
-2.543782
-0.012458
1.137797
0.066406
0.095973
0.818553
1.452037
0.139703
0.317163
-0.134538
-3.497971
-0.652404
0.921889
-0.061109
-0.749276
-2.875835
-4.671385
-0.050126
-2.011332
-0.647662
-0.987503
-1.541336
-3.894574
-0.104321
-4.269441
-2.011490
0.300554
0.226033
-0.560599
-2.695688
-0.753616
1.060999
1.710563
-3.117683
1.914091
1.059883
1.681136
-1.073801
0.342304
-0.835906
-2.250890
-1.902479
-2.583706
-2.333652
-0.274685
-1.534512
-1.560807
-2.697314
-1.933883
-3.630919
-1.080156
-0.255809
0.773242
0.267063
-0.813018
-0.112423
-2.004514
1.193355
-3.676335
-1.353234
-0.799888
0.492025
0.925455
-1.254681
0.449914
-2.303863
0.423612
1.274740
-0.674807
-0.772470
-2.925908
-2.038004
-0.287714
-0.865352
0.043419
-1.674132
-1.279834
-1.652500
-0.326378
-0.879445
-2.806521
-2.485353
2.047940
-1.726260
-1.858360
2.467105
3.763746
0.305489
1.911651
-1.435687
4.270838
0.950877
-1.684606
-1.825633
0.417744
-1.716430
0.467671
1.070920
-3.635932
-0.876073
-2.457557
-2.131498
0.292930
3.359657
-0.395045
-2.566039
-4.027989
1.481662
-2.501037
-0.732777
2.452915
-0.854015
-0.570248
1.091486
3.372567
-0.363459
-2.281017
-0.672244
0.517659
3.162919
-1.266963
0.747683
0.063279
-0.532233
1.075818
-0.068874
-1.278255
-0.801496
-0.655064
-0.724887
0.603552
0.395438
-0.761743
0.491716
-0.991487
-2.324617
-0.594535
-0.391584
0.476781
-2.299392
-0.523158
-2.182851
-0.224430
-1.616054
-0.437528
2.715965
-0.248736
2.610030
-0.089145
-1.180545
1.570198
4.658247
-0.509106
3.067497
0.425711
-0.280696
-0.874604
-1.793870
-0.556300
0.633161
0.429502
-0.861243
0.840897
-0.095494
-0.897481
-1.834019
-0.569944
-1.318517
-0.068469
0.046347
0.555427
2.901192
-2.724826
-1.517296
-0.189620
0.144183
1.313088
-2.278062
-1.467353
-0.154500
-1.332662
-1.545707
1.800979
-2.019810
2.919602
2.772144
-0.839814
1.455140
-0.275016
1.398097
-1.536994
1.577173
0.710086
-2.295740
-2.244354
4.934508
4.303586
0.867851
-0.429462
-2.251028
0.622379
0.679917
0.701799
-1.954772
-2.723337
-0.044675
-1.612534
-0.276789
-2.413318
1.812632
-1.880212
-1.768136
-1.506622
-2.794343
0.966874
-0.244750
-0.286853
-1.341083
1.298345
-2.589427
-3.272560
0.122043
-2.054403
0.476006
-0.516486
0.060894
-0.472572
-1.447305
1.394056
-1.309199
2.166760
-0.871890
-1.325313
-2.860216
-0.902503
1.990082
-2.401473
-2.159488
-2.135918
1.113184
-0.328454
-1.569261
0.791562
-0.373059
0.538808
1.254474
-0.361918
0.727435
0.840499
-2.539645
2.070722
-3.191160
-0.048152
1.052754
-0.764782
-2.770775
-2.037838
2.419040
-1.274937
0.139251
-3.530088
0.683727
-3.969745
-3.088530
-0.364176
-0.813922
-2.903076
-1.787357
0.551578
-0.701699
-0.578413
1.398447
-2.891375
-2.052121
0.950780
-0.922320
0.631821
-2.952097
-2.314326
-4.222787
2.484078
1.175777
1.784459
-2.657052
0.917809
1.259050
-0.681444
-1.752777
0.120042
0.596221
2.395602
-1.595191
-1.140767
-2.107133
-2.695752
2.391932
1.701135
0.053199
0.839215
-3.261763
1.996307
-0.716236
-0.007650
-1.928378
-1.438477
-1.002333
1.956417
1.935624
-1.713538
-0.558482
0.607993
0.924546
-0.271114
0.684969
-2.031630
-0.976560
-1.294867
1.420614
-0.815611
0.862916
-1.796735
2.649562
3.196694
1.872599
-2.809269
-1.268739
1.541697
0.111292
-0.401809
-1.024591
-0.631226
-1.454525
-0.390104
-1.838088
0.366059
-1.770350
-2.073063
0.985184
0.111901
-1.598437
-2.045861
-0.780704
-0.938678
2.466762
0.559484
-0.665875
0.813922
-0.339351
-3.322670
-2.954476
1.575662
2.368514
0.945068
-0.228261
1.567244
-1.499484
-1.128470
-1.779875
-0.902242
-1.761544
0.101878
-2.482344
-2.345340
-0.917426
-2.562631
2.415084
3.170143
0.279951
0.443879
-0.388226
2.026021
0.607242
-2.733808
0.811710
-2.116864
1.830386
0.528903
1.353814
1.155605
0.187486
-0.079512
-2.967321
-4.745319
1.891419
-0.462499
1.038507
0.227723
-1.645434
-1.169860
-2.583162
4.264696
-2.100435
0.171815
-1.567432
-4.222022
-0.456990
-3.028183
4.412585
1.710007
0.670621
0.349632
4.879385
-0.680179
-0.848241
0.193296
-0.247416
-0.679290
4.371899
0.093096
-3.453042
0.955773
0.261424
-2.482034
0.065505
3.524189
-1.678213
0.374260
-0.049155
-2.089975
-0.778711
-1.365098
-0.889380
3.427610
-1.075411
3.167209
-1.221670
2.255235
-2.032791
-2.435184
-0.163211
-0.716358
-3.157223
-2.006649
-1.607018
-0.565422
-1.000367
-1.277944
-1.294090
0.723562
1.259939
0.270818
3.382098
0.845061
0.027146
-0.067501
-3.239380
-1.540122
-1.896661
0.950480
-0.155380
1.413196
-3.461279
0.395018
-3.589102
-4.123214
1.947749
-2.073888
0.929438
1.231002
-0.555462
0.146327
-0.765830
-1.271888
0.179031
0.943029
2.808808
-2.695090
-1.698411
-1.187512
-0.394164
-0.277719
0.541241
-1.227128
2.570305
1.105181
-1.015148
-1.638045
-0.255790
2.598943
-0.972039
0.430205
0.530129
-0.256790
0.772723
-2.598072
-0.107797
-1.893377
-1.372828
-0.204574
-1.126281
1.468378
1.662202
-0.909372
1.175782
0.511977
-1.005196
0.601668
0.724938
-2.461370
-2.535792
0.277863
-3.225649
3.248315
2.162136
2.515187
0.424356
-1.053242
-0.140717
-2.278273
-1.422964
-1.105349
2.137401
-1.474583
-1.875678
-1.286272
-2.031536
1.875208
0.067161
0.946940
-0.043150
-0.153084
-3.176730
-0.857866
0.635414
0.113545
-0.119436
-0.776106
-0.293847
-0.320700
2.309896
-0.816895
0.823669
-1.417794
-0.150357
1.623540
-2.942029
-1.540006
-2.800757
-0.022937
3.406516
0.982124
1.225527
-0.509609
-1.565227
-1.411485
-0.879048
2.221986
0.626036
-1.852862
-3.506012
-1.166401
3.368213
1.751164
-3.302744
-1.358963
-1.941452
-0.268143
-2.181428
0.565645
1.716736
-0.429275
1.111362
-0.462004
-4.287298
-1.448123
-1.885158
1.339642
-1.278263
-1.230862
-2.622340
-0.374865
0.169457
1.999499
-1.447428
-4.269418
-0.164088
-1.100537
-1.585258
-0.875546
-1.203705
2.026301
1.672533
0.873455
0.042181
0.402519
0.794004
-1.321580
-0.650389
-2.338219
0.314951
-2.375931
-1.704226
0.639971
1.697519
0.960331
-1.298477
0.940594
1.052240
0.144535
-0.496426
-0.621188
-3.561507
-0.928645
-2.424882
-0.912733
-1.245723
1.239510
-1.816205
-0.909824
-0.954060
-3.465798
2.067727
1.121410
-1.825545
-1.361253
-1.796321
-1.649611
-2.322311
1.203389
-0.462798
-1.152589
2.462762
-0.648614
-2.299326
0.624802
-0.429807
-0.463031
-0.989332
3.679372
3.585332
-4.141599
-2.780624
-1.230601
-1.260122
2.314244
-0.974858
-1.226925
-0.965545
1.113433
1.058986
0.054849
-0.056395
-1.169791
-3.033202
0.548925
0.530022
-2.438160
-2.469019
1.087959
1.665463
0.295264
-0.332639
4.312002
0.732333
1.026678
0.887484
0.659965
-1.290798
-0.946150
0.462703
0.237559
-0.735762
-2.080495
-0.259131
-1.890365
-0.253622
-1.164276
-0.444018
-0.833518
2.854915
1.279240
-3.318915
1.087623
-0.962075
-0.181056
-0.558306
1.524135
-1.607554
0.565035
-1.398653
-0.588115
-0.877953
-1.802549
0.273366
-2.956723
-0.147366
-0.746960
2.072608
-0.096046
0.037135
-0.883494
-1.677451
-0.836591
-1.986539
-1.978482
-0.322724
-1.040298
1.443504
-0.835298
0.560892
2.471472
-0.669845
0.280378
-2.531615
1.572520
-0.328294
-1.712783
0.438139
-0.813905
-0.035363
-0.060242
0.572635
1.365210
-1.069295
0.432454
-0.201763
1.754403
-2.479050
-0.515298
-0.665125
0.613510
1.956468
0.630315
0.230439
0.277419
-0.690259
1.226935
-0.485624
-0.399904
0.701105
1.848132
1.099194
-1.305516
-0.474013
-0.679306
-0.349820
0.379009
1.841999
1.876465
0.659012
-0.063096
0.227462
-3.863163
0.523160
0.191790
2.319264
-0.124469
1.593630
-0.704223
0.501798
0.834172
-2.202038
-1.254740
0.502086
-0.313293
-2.875429
0.011209
-1.258421
0.009192
-0.470638
-2.246562
-1.114589
0.473231
-1.084093
0.514216
-0.404259
4.179729
-1.049395
-4.936982
3.438579
-1.087815
-0.574489
-1.325866
-1.069157
0.919072
-1.067578
-1.817821
0.514410
0.164060
-0.561448
1.700783
-2.119270
-2.255489
0.899488
-0.436767
-0.852601
-0.159992
-1.327000
2.189876
-0.175170
0.231205
-2.227120
-1.637651
-1.499380
-0.166578
0.381399
-1.338219
0.678858
-1.349310
-0.654208
2.953279
-0.254693
1.285424
-1.201411
-2.033179
0.305997
-3.139008
1.734730
-0.056365
-0.834002
0.800997
-1.065755
0.725798
-1.844627
-2.461995
-2.930898
-2.596617
-0.033524
-0.021506
-2.506640
3.544256
-1.600164
-2.541953
-1.648018
-4.441721
-1.621388
-2.661526
-2.696332
-2.513793
1.103488
2.144479
0.090563
2.301946
-2.300907
-2.363560
-1.692478
-1.971014
2.168338
-2.119583
-0.856139
-1.530893
-1.207981
1.409716
-2.062373
0.296141
-1.089517
-0.760347
-1.324520
-3.190471
-1.024635
-0.222629
-0.598485
0.836335
-2.914505
-0.127412
-0.362105
1.268418
-2.003691
-0.526551
1.795027
0.391532
-0.553313
-0.743727
1.894135
1.680535
-1.354245
-1.587822
-1.488584
-0.069853
1.767383
2.004779
-2.140988
1.656065
0.127235
3.258587
-1.075435
0.433567
0.733464
1.683378
1.172186
0.270471
-1.566567
-0.862155
0.420567
3.530645
1.687568
-1.955642
1.413149
-3.812728
4.355036
-2.317099
2.533878
-0.835846
-0.519924
0.022970
-1.486986
0.325122
-3.123709
-0.776136
-1.116087
-1.982902
1.550933
-1.912486
-2.419536
-2.403186
-2.776210
-1.311056
-0.236436
-1.879903
0.600252
-0.271578
-2.158897
1.418792
0.668737
-0.133955
-1.931442
-3.126693
-0.208711
-1.067757
-0.361352
-1.143088
-0.160616
-1.493129
-0.447090
-0.599241
-0.392541
-1.319641
0.937330
-0.526939
0.109557
-2.525940
2.544946
1.922376
0.748462
0.062710
5.103988
0.860905
1.027352
0.160394
-3.660503
-0.491154
0.633090
-0.142973
-1.227383
-2.808624
-1.656656
0.156507
-1.964623
1.005506
0.420221
-2.362675
-2.793200
0.852365
-0.074301
-0.017346
1.360537
-2.435910
3.565155
-0.889722
-0.643889
-0.601300
1.337644
-0.473257
2.118734
-1.272683
-0.924133
-0.766589
-1.181175
0.272981
-4.032669
0.769147
1.145922
-2.322550
0.906141
-0.268992
-3.102504
4.151115
0.061599
0.036730
-0.723269
1.340153
-1.627709
-2.799419
-0.063432
2.801047
-1.035559
-1.793517
-1.897329
2.481872
-0.359729
-4.444832
-0.219258
-2.937811
3.852405
-0.651916
1.261843
-0.507453
-0.567699
0.111835
-1.455392
-0.458778
-1.076833
0.368781
0.183862
-0.783407
2.019928
1.424309
-0.481961
1.406410
-0.584627
1.156838
1.019058
-0.542777
-0.690725
-1.066052
0.705288
-0.834343
2.829039
-0.572947
0.824520
-1.318922
-1.013246
2.901494
1.160213
1.851503
-2.169755
1.095128
0.476073
-1.619458
-3.225177
-1.811703
2.162738
3.278065
-2.289126
1.050994
-2.171718
0.767445
-2.630287
-2.297332
-0.388392
-1.913308
-2.063326
0.109050
4.996697
-0.051363
-4.453477
-0.010349
0.063645
-0.533343
-2.614511
-2.679525
0.952632
1.967711
-1.377700
0.605681
-0.640465
1.550479
0.666427
-0.347058
-0.736153
0.210231
0.066757
0.121386
1.029316
-0.020861
-1.928931
-3.273966
-0.317461
0.408130
1.583847
1.035367
0.342199
-0.737706
1.997954
-1.778751
3.311650
-0.700221
-0.839245
0.023065
-3.488640
0.933551
-0.636116
-2.248322
1.628151
-0.117438
-1.169719
-1.687104
-0.308921
-1.218986
-0.979969
-1.339661
1.573921
2.881381
0.855424
-3.731327
-0.265510
0.653971
-1.852019
-2.016232
1.900494
-1.195643
-2.005603
-1.302607
-1.330670
3.407606
0.984306
-0.738239
3.954683
-0.234079
0.275681
1.315874
0.298071
-1.039895
-0.964026
2.602421
-0.052788
-1.855181
1.158919
-1.270562
-0.626221
-2.099494
-1.494990
-2.954966
-1.043365
-0.908127
-2.757855
-1.536652
0.263038
-1.699772
-2.288995
-0.180423
-1.403602
-2.373251
1.382158
0.261077
-0.933174
-1.900649
-0.138890
-1.942387
3.135731
-2.229888
0.299773
1.624103
-1.150194
-0.292582
-0.359542
-1.042454
1.566164
-0.523840
-1.011089
-2.789134
-1.608187
-0.945138
-1.363300
-0.517475
-0.430281
1.981630
-0.901854
0.523167
-2.017584
-0.709484
1.190243
-1.305645
-0.258159
-0.841948
-0.841958
-0.670692
1.754990
2.981069
-1.216276
1.999458
0.991594
-3.807473
-4.395088
1.088240
0.136234
0.586160
0.101883
3.322957
-0.991491
-1.513856
-0.134466
-1.379617
-1.191749
-0.535075
-1.660567
0.018247
-1.977035
-0.956499
2.049755
-0.839770
2.463303
-2.462317
-2.485288
1.620143
0.190316
-1.573796
-1.602800
0.113250
-0.946250
0.612633
1.670095
-2.215848
-1.910249
0.117228
1.402255
-1.284975
-1.956921
-0.642335
-4.582588
-0.314093
1.268269
-3.289362
1.369081
-0.574295
-0.021687
-1.477567
0.405254
-2.080280
0.955030
5.023604
0.131919
-1.877952
-1.903685
0.765498
-1.474383
0.428739
0.567498
3.913313
0.979733
-1.256147
-1.012135
0.819539
-1.729679
-2.324526
-0.440565
-0.880885
-0.485713
1.306725
-0.352494
-2.814243
1.183612
0.388720
-0.503501
-3.076839
2.046860
1.074534
0.329236
1.110183
0.221351
3.386051
-1.429079
0.680227
-1.719054
-1.439478
-1.176161
-1.611579
0.596668
-0.314242
-0.960319
-2.376837
-0.596408
3.333478
-0.390668
2.307796
0.854710
3.762196
-0.270881
-0.111441
-1.474934
-1.281149
1.145732
0.784371
-1.401424
0.513191
1.457829
-2.062690
-0.545387
-1.007733
-2.962208
0.686747
0.747745
-1.626554
-0.239611
2.346154
0.855668
-0.176695
-4.151685
-1.314415
-0.685042
-2.847556
-0.801246
-1.212266
-3.108781
-0.257152
-1.382742
-0.272529
-0.080762
-0.286497
-0.401421
0.826567
1.144572
-2.154328
-1.397157
-0.453349
1.847151
1.620074
-2.535352
0.162592
1.595228
0.657471
0.426638
-0.759618
-0.172060
-1.094345
-2.225213
-0.856268
-2.727637
0.875139
-0.199195
-1.898956
-3.838846
-0.603392
1.624821
-4.145669
0.333591
-1.002090
-1.212992
1.954758
0.811326
0.449411
0.071671
-1.931516
1.031102
-2.209515
-0.673703
-0.704360
-0.316760
-0.098429
-1.370994
-1.551293
-1.301312
-0.947878
0.623288
-0.147676
2.377609
-1.606123
1.690935
2.650069
-0.334268
-0.378590
-0.886650
-0.458672
-1.971979
-1.926378
1.083410
-0.495730
0.985906
-0.743196
-3.513785
-2.602803
0.844200
0.574096
-1.279785
1.082177
-2.190699
-0.128963
-1.891884
0.186524
1.660888
-0.133306
-1.651244
0.676424
-0.224204
-1.711701
0.452770
1.577439
0.290636
0.644754
0.499754
1.016685
-0.682876
-0.610001
-1.246656
-1.824451
-1.650281
-0.342692
-1.110898
-0.761776
1.866289
-0.006612
1.235285
-0.087091
-2.824718
-0.695089
-0.057429
-2.277371
0.665827
-3.437374
-0.751354
1.024270
-0.437256
-1.977447
2.346158
3.042721
-0.140753
3.443703
-1.951918
-0.494036
-0.604278
1.523849
0.559129
-1.395115
-1.526631
-2.055812
-1.186220
-1.475230
-0.256638
-1.809883
-0.413937
-1.698849
1.438761
-0.665747
-0.278764
0.060913
-0.934179
-2.427071
0.569573
-1.296769
0.034609
1.960836
-1.559457
-1.483942
-1.041615
-1.060305
2.277250
-0.956255
0.091870
-3.046239
1.323793
-3.946692
0.439914
-1.561124
1.394298
0.258505
-0.991363
-0.678714
-1.934044
-0.547642
-3.695319
-1.221737
-0.205783
-1.215672
1.006371
-0.670237
1.202459
-0.723598
-1.674042
-2.656747
-3.564567
-1.381438
-0.451053
-2.041174
-2.201227
-2.770594
1.853225
-0.189547
-1.251873
-1.653228
0.744213
-0.545818
-2.474597
0.864123
0.606765
3.328335
-2.126834
2.520748
-0.103806
-0.302712
0.628525
-0.509268
-1.253777
-1.007437
1.046577
-1.699371
-1.543304
2.242662
0.009482
0.140790
1.351211
-1.193274
-0.567600
-1.021042
-0.122902
1.181448
1.061486
-0.285066
-2.340439
-1.303780
-0.660493
-2.211832
-0.166059
0.128791
-0.339248
0.369424
1.391746
0.700574
-0.614447
0.895640
-2.710216
-1.565813
0.112683
0.675610
0.242995
2.702381
1.468877
-1.509785
-1.827975
0.414209
-2.582928
-0.335404
2.115856
0.169989
-1.179882
-1.221844
-1.779810
0.513142
0.371924
-0.695194
-2.522011
0.407022
-0.778270
0.574797
-0.339320
1.280901
-2.325823
-2.569897
-1.485291
0.484619
0.421600
-0.064772
-0.596006
-0.029600
-1.196753
-2.270280
-1.648131
0.959538
-1.780522
3.222518
-1.652504
1.523142
-3.033633
-0.412197
-0.906710
0.235731
0.411469
0.458810
-0.168964
1.041935
-0.240156
0.681576
4.003980
-0.745783
-1.512446
-0.624446
2.073375
-0.968063
0.526075
0.320613
-0.642927
-1.504338
-3.059319
-1.002216
-1.747699
1.099822
-3.508890
-0.886026
2.306837
-0.484831
-1.115458
-2.300541
-1.108277
1.463218
-3.516161
1.656999
-0.604604
1.158579
1.625281
-3.742130
-0.455756
2.942830
-3.381942
-0.587155
-0.822856
-0.355804
-1.684060
-0.684204
0.377932
2.719881
-0.682169
0.291467
-2.025628
0.405259
-2.469243
-2.781794
0.780025
-2.254126
-0.522319
-0.434629
-1.720589
-2.456628
-1.499097
-0.559118
-0.192877
-2.380410
-2.989090
-0.300167
-0.071475
-0.804752
-0.097785
-2.841485
-0.133323
-2.485026
-2.755675
-0.900176
3.179892
-1.275088
-0.618009
-0.728011
-3.798693
-1.045082
2.279608
0.818130
-0.604627
-1.931637
-0.244572
0.653556
-1.249937
-1.874424
-0.416172
-0.784912
0.305291
-0.219852
-1.642028
-3.542132
0.155332
-1.069376
0.683502
-1.523596
-1.779278
0.033067
-0.436483
-0.670905
0.808184
0.014479
0.939659
-2.136077
-0.646880
3.126220
1.300220
-1.587019
-1.450958
-0.629907
-1.091757
1.253393
-0.863198
-0.702788
-1.648353
-1.563112
-0.125025
-1.653759
2.036633
1.160325
-1.184799
-0.769458
-0.448256
0.281573
-0.250129
-2.235218
1.519541
3.171360
0.510461
-1.217076
-1.332091
-2.418031
-2.528767
-1.543309
-1.740471
-1.636995
-0.845246
-2.339567
-1.408679
-2.173042
-1.476522
-0.963268
0.433019
-5.287707
-0.152021
-2.789465
-1.921292
-0.232073
-2.096340
-1.079172
-1.143784
-2.578324
-0.381160
-1.878126
0.428659
1.433023
4.858320
0.025663
2.232557
-2.562351
-1.457016
0.746313
-0.694725
2.150394
-0.428089
-1.388081
-1.851887
-0.023033
-2.681686
-0.298000
-0.884887
-0.455609
-1.782474
-0.719709
-0.490937
-0.452542
0.868873
0.417516
-1.358335
-1.681225
0.431230
-1.057376
0.510720
0.445515
0.700321
2.060396
-2.513800
-2.454813
0.803022
-1.180643
1.429842
-1.335810
-2.136282
2.322022
-2.116930
1.035512
-1.422521
-0.819084
-3.220439
3.609276
2.458208
-0.507841
-1.074353
0.005754
-1.228531
0.739232
-3.495634
2.754212
-1.686822
-2.048025
-3.848980
-0.437725
2.090079
-0.088203
-0.071444
-0.661269
-2.209192
-1.219374
-0.086953
-2.253072
-0.934659
0.773204
-0.541445
-0.660180
-1.739035
0.049513
-1.325345
0.238001
-2.751083
1.122376
-2.459107
2.548670
0.143364
-2.401151
2.508962
0.584508
-2.614860
-2.669881
0.480061
-0.349261
-3.784382
-0.595603
-0.764180
-1.475507
-0.336656
0.894329
0.354253
-0.016227
0.761050
-2.069019
0.880084
0.896697
-0.089696
1.081531
-2.664236
4.286786
1.788267
-2.918734
-5.479859
-0.913941
-1.408423
-0.578596
0.779784
-0.023170
2.758847
1.121261
0.467014
-0.636161
-0.007780
3.276326
-2.065369
0.760843
-1.564895
-1.526937
-0.366585
-4.052009
1.960671
-1.009376
0.503750
-3.364421
-2.540787
-0.080257
-0.448569
-2.061597
0.979369
-0.282686
1.390423
0.435506
-2.171793
-1.343666
-1.383951
-2.079266
-0.283123
-3.248711
1.703060
-1.162836
-0.922733
-1.809796
-1.664991
-3.180496
-1.965083
-0.350186
1.156883
-3.394288
0.214931
-1.464461
1.285004
1.824114
2.506697
-0.220516
0.161838
-3.372260
0.807833
1.134844
-1.360952
1.631003
-1.105984
-0.444371
-1.006909
-2.123072
-1.638100
1.695522
-0.404799
-2.246616
-2.087067
2.450970
-0.430014
0.010738
2.367277
1.096574
-3.213459
-2.074919
0.479639
0.865186
4.766304
-1.627520
0.777440
0.823367
-0.083568
-0.055961
-0.421015
-1.558931
-1.561069
-2.293354
-1.557688
1.273592
0.842928
-1.784453
0.674233
-0.325738
-1.203371
0.825256
-2.641822
-3.097691
1.753201
-2.565193
-1.700373
-0.730950
-1.337513
-2.007820
-2.783683
2.369477
-0.159070
2.454511
-1.911334
0.156488
1.340796
-2.119412
-0.435107
0.955325
0.484876
-0.519822
0.164541
-0.752325
0.138323
-2.361931
-2.137431
0.692120
2.029059
2.477729
-1.406572
-1.724406
0.909198
0.103368
0.244983
-0.455517
-1.194300
-1.181499
1.291971
-0.020513
1.713274
-0.671742
-0.313460
-0.122615
1.217644
2.186584
-0.478836
1.351534
0.972187
-2.956625
-1.728049
-0.912362
1.069898
0.360966
-1.880011
-4.452839
-0.735757
0.837006
-1.496228
1.084254
1.620903
0.017399
-0.761963
-0.889410
-0.595699
-0.525940
0.067467
-0.390430
1.608382
2.327874
-0.373192
0.121881
0.820042
-1.314622
-1.351815
1.651915
-1.653668
-0.408703
-1.250333
0.047012
-1.803229
-0.167299
1.795417
-1.394339
-4.065760
-0.106096
0.152586
-2.515617
1.311397
-0.446579
2.384239
-1.022109
-1.325569
-1.119330
1.693088
-1.256080
0.331180
-0.285169
-0.110006
0.132724
-1.982242
-1.603168
-1.606524
-2.008093
2.262093
-0.521894
-2.211076
0.066358
-1.549916
1.993736
3.746527
0.304600
0.201416
-2.461738
-2.578397
-1.207029
-0.083424
-3.123458
-2.358098
-2.339833
0.167749
-0.354559
-0.742491
1.293525
1.030250
0.808256
2.548664
-1.706700
2.463759
1.612790
-0.812889
-1.377783
-1.583062
1.105323
-1.439857
-1.437495
-2.578306
0.387139
-0.011764
-1.909063
-2.267104
-0.738947
-1.687994
0.076753
2.056369
5.498799
0.075228
-0.407354
-2.407698
-1.236972
-2.777170
-2.181487
-0.044179
-1.005813
-1.881952
2.986126
-2.806907
-0.108304
-0.026102
-1.563176
0.372732
0.634247
-1.489251
0.496883
-0.885931
-1.245906
-1.656622
0.633401
1.094513
-2.141711
0.290916
-2.092334
-2.324363
2.739990
-1.121321
-0.900833
0.156525
0.991092
2.388959
-0.306401
-0.398248
-1.138241
-0.117704
2.161815
1.834499
-2.066809
-0.825872
-0.889780
-1.527005
0.287221
-2.222685
0.487383
-0.992018
-1.993140
1.569156
-3.251999
1.013676
-0.239448
-1.262919
-0.103895
-0.524561
3.133138
0.419212
-0.454576
0.362889
-2.307403
0.756207
1.739414
-3.112958
-1.728351
4.617226
-2.592757
-2.755855
-0.010692
0.998220
-2.799395
1.128588
-2.274995
-1.363743
-1.563482
-2.249017
-1.530593
-1.173410
3.109953
0.152907
-0.094955
-1.474634
-0.031119
-3.013541
-1.263562
-3.348248
-1.334995
-1.471031
-0.257932
-0.946763
0.548422
-0.980733
0.357464
-1.305034
1.848820
1.104185
1.283636
1.513963
-0.297874
-3.341532
-1.315082
-2.016968
-0.292193
-0.236810
0.167105
-1.518926
0.983505
1.082314
-0.055759
-0.709618
-1.074103
0.040349
2.893243
1.663628
-2.106422
-0.830356
-0.064508
1.954480
-1.249453
0.334122
1.245826
-2.801443
2.641704
-2.550967
-2.340239
-0.241551
0.278243
0.297683
1.085989
-1.101143
-0.007375
-0.750335
1.666607
-0.077900
0.215670
-1.639028
-2.407662
2.384023
-2.088956
-0.420378
-0.389457
-2.663682
-1.704977
1.669584
1.705467
-0.355046
-0.149418
-0.981870
1.050531
-0.876032
-1.036073
-2.020202
2.551643
-0.659054
0.209859
0.746902
0.657492
-0.967361
-0.875163
-1.258672
1.883263
0.567043
-3.116597
0.240843
-0.403828
3.345523
-0.611196
-3.191996
0.779889
0.106974
-2.859415
-1.044831
-1.913232
-0.022660
1.884159
-0.829817
-3.200415
0.073961
-1.043116
-1.880860
-0.022281
-1.089926
0.653808
-1.321573
0.073839
-3.056057
-1.322849
3.496832
-0.188226
2.607104
-0.970086
-1.731954
-4.206427
-3.169663
1.826508
-1.882238
1.249451
0.806453
-1.085856
-1.010798
-1.773138
-3.089430
-0.302555
-1.340141
0.492499
-2.636526
-2.189040
-1.520928
-1.131880
-0.873127
-2.360168
0.539864
-0.326940
1.387854
-0.307265
-1.880277
-1.990090
-0.830813
-1.331751
-0.226786
-0.814230
-1.844823
-0.173450
-1.272473
-2.047372
-0.811459
-0.328846
-1.054368
-1.423069
-0.294060
0.680279
0.026502
-0.805451
-1.019706
-2.349407
-1.640122
-1.586431
-2.368868
-1.310914
-2.209569
3.807287
-0.768746
-2.439015
-0.776935
-3.924408
-0.095938
0.617794
-1.595804
-1.125296
0.062999
0.677381
-2.052662
-0.739651
0.585591
-3.722949
-1.301892
-4.108207
-0.301932
0.848228
-1.492703
-0.202815
3.693304
0.209608
0.622651
-0.648755
0.216509
-1.329516
0.344514
0.588646
-2.182771
-3.232288
-0.689814
-1.542918
-2.815550
2.639950
1.714018
0.760714
-1.624690
1.395116
1.274868
2.194023
-0.593168
-1.719729
1.887123
0.697895
-4.192508
-2.000693
-0.156696
-1.777367
-0.282904
-1.343731
0.082163
-1.792179
-1.884776
0.178827
-0.994519
2.536326
-0.000883
1.050300
-0.559320
-0.810185
0.799217
0.348122
0.128322
0.735251
0.048725
-1.633028
0.796254
3.640595
-0.439745
0.408974
2.363586
-0.132377
0.525605
0.857343
0.377245
-1.924466
1.382849
1.254174
0.901249
-1.719727
0.885680
0.428176
-0.798294
2.082272
-1.503266
0.728527
-1.047629
0.584607
-1.161861
-0.511496
-0.776813
-1.710538
-0.697204
-0.247515
-1.689343
-2.312604
-0.090983
-1.744814
-1.690500
1.606068
-2.830291
-2.408260
-0.482456
-0.300229
-1.969053
-0.751588
-1.914042
-0.729505
-3.471395
-0.805792
-0.825017
-1.801208
1.189092
-2.445013
0.083305
-0.469398
1.299176
-0.885084
-4.577232
2.656705
-1.680046
-1.930194
-0.053860
-0.393473
-3.330396
0.736298
-3.224537
-1.083454
-0.105314
1.488341
0.213809
-3.012050
-1.042170
-0.773297
1.089385
-1.219218
0.340402
-0.689040
0.926880
0.820827
-0.231294
1.134368
-3.199329
-0.347263
-0.134353
1.377692
0.926338
-1.904117
-0.414238
0.930880
-1.798845
-1.448783
-0.542796
3.217579
-2.084814
-1.422263
0.037228
4.917349
1.815845
-3.195862
-0.662412
-0.337095
0.267725
-0.004517
2.902862
1.450266
-1.519430
-2.433584
-2.338186
0.853774
0.935377
-0.680564
1.930895
-0.940060
0.191647
-0.922819
1.078445
-0.090439
2.172014
1.527646
0.552139
-1.179615
-3.001071
-1.032197
-0.367730
-0.619234
-0.600530
-3.108355
-0.294068
-2.242474
-0.914713
2.368968
-1.051042
-0.699772
0.421847
0.787876
0.384223
-0.403932
-1.852737
-0.877627
-0.934116
-1.381179
0.517942
-1.635628
-2.938150
-0.366455
-1.127330
-1.344979
-2.066723
0.182638
-2.521115
0.420536
-0.339122
-0.491938
-1.852844
1.246500
1.006583
-1.940218
0.417414
-0.283843
-0.884461
0.184426
-1.568068
-4.053542
-0.731807
2.466599
1.430885
-0.789938
-1.452300
1.150507
-0.616735
-0.792590
-0.099362
-0.516764
-0.645152
-0.246893
-0.830263
2.268182
-2.160867
0.764524
1.001179
-0.617976
-0.735681
1.078418
-0.724613
-0.456004
-1.582610
2.315089
3.935573
1.738592
-0.188256
2.140620
-1.453344
-0.067336
-1.310347
-3.397721
-1.242325
-0.478586
0.115174
-0.179187
0.067396
-0.633705
-3.491543
2.825032
1.013221
1.178519
0.892171
-1.520272
-3.307292
3.460348
0.888760
-1.059131
0.927797
-1.523283
0.164749
-1.087797
-0.573510
-1.223334
-0.646779
2.909056
2.091054
0.677839
-2.010331
-0.035841
1.577275
-4.494572
-2.105234
-3.811523
-0.780117
-2.426987
5.218535
-0.309688
-0.283176
0.129560
1.461408
-0.482218
1.036122
0.697312
0.243567
-0.082660
-1.226961
3.588594
-1.781485
-3.342818
-0.336551
-2.045757
1.111919
-4.154808
0.438543
-1.163754
-1.898646
-0.953689
-1.751012
-0.962243
-1.492816
-0.858246
0.077428
0.334284
0.300099
-0.132362
2.921572
-0.788747
1.243262
3.538304
1.069700
-0.781515
-1.398499
0.418298
-3.558147
-1.630707
0.733186
1.115636
0.973384
0.766520
-2.034672
-0.632608
1.570508
-1.615512
1.319141
-0.125335
0.814634
-1.602631
-1.217522
1.097136
0.871460
-0.117528
-0.731851
1.692067
0.604703
1.536386
0.068410
-1.030948
0.559892
2.878798
0.021189
-0.520494
-3.986794
0.122384
0.808573
-0.935286
-0.799135
0.067115
-2.087650
2.444751
0.250792
-1.550618
-2.236938
-1.443798
-2.275889
-2.445149
-1.588044
-0.566947
-0.844120
-0.505350
0.680120
-1.848625
-0.741970
2.022238
-2.260000
-0.744439
0.459087
-1.948390
-1.143277
-1.659984
-1.746036
-2.094295
-3.572242
-0.237361
-0.044601
-3.786745
-1.845733
-1.582673
-0.795605
2.702811
-3.140026
-1.804776
-1.481872
-1.825730
2.659343
1.453677
0.939425
-1.689179
0.130009
1.725822
-0.092066
-0.038586
-1.467140
-1.018430
-1.706783
-0.116331
-2.659101
2.532616
-2.818593
-1.959787
-2.208965
-1.086875
0.607355
-0.311557
-0.993257
1.568164
-0.787522
0.788664
-1.902936
0.820135
1.727653
-0.983673
-2.550873
-2.833429
2.519120
-2.251459
-0.224336
-0.813106
-2.061221
3.068986
-2.098863
-1.731826
-0.316810
-0.411400
-1.418864
-2.722027
-0.143060
-0.679577
-1.233068
-1.944106
0.183785
-1.116067
-1.866279
-0.817553
2.862855
-1.928774
-1.115147
-0.866494
-3.749055
-2.015996
2.147201
-0.623318
-2.497178
-0.884309
-1.941249
-0.642298
-0.663899
-0.108245
-1.907701
-0.017439
-0.911031
0.017247
-1.468155
-1.033487
-0.142605
0.338309
2.011493
-0.250731
-2.309120
4.342565
3.728898
-0.996295
-1.101613
0.213420
-0.016170
-1.968227
-2.573406
1.437883
-1.340577
-0.351856
1.021106
1.384920
-2.428346
-2.199276
-2.004202
0.871893
0.924508
-2.007645
0.043234
-0.296890
-0.258512
-1.043551
2.450338
-1.653258
-1.074825
-0.863002
0.127700
-5.839200
-0.812174
0.302411
-1.660117
1.574689
0.418831
-0.032847
-3.434001
0.382084
-0.071916
-1.456530
0.584682
0.275710
-0.655983
-3.654787
-3.220704
-0.125359
-0.787439
-0.393921
-0.621248
-0.636251
1.302603
-2.166864
-1.979438
-1.581913
-1.008561
1.743061
-1.720040
-1.800671
-1.286673
-1.415134
0.369493
-0.700202
-1.547694
-2.915779
2.829629
0.202659
2.641831
-2.742856
-0.369025
0.739096
0.026724
-1.470060
-0.006887
-0.867491
-0.389589
1.429259
-3.844687
-1.640089
1.842766
0.654627
-3.446650
-1.833206
-2.252033
-1.382872
-2.657815
-1.278744
-1.441978
-0.399903
0.373295
1.351904
-1.141583
-3.091350
-0.312934
-3.777523
-2.596209
-0.679849
-1.499103
-0.609449
1.833632
0.646130
-0.982823
-1.753360
-0.170957
-0.131420
0.016821
-3.136947
2.594767
-0.433070
0.793373
-0.654776
-0.326818
-0.032188
2.287518
1.710328
-2.375161
2.672819
-1.097493
0.156169
-0.904643
1.758807
-2.347185
0.127799
3.419064
-2.425945
0.044693
-1.858386
0.433428
-0.338668
-3.189027
-0.505159
-1.482345
1.300902
-0.709873
3.060264
-0.116494
-0.850844
0.710934
-0.359975
-0.538370
1.636492
-1.370586
1.117411
-2.253584
0.995077
0.413544
0.274586
0.467597
-0.022548
1.567180
-2.671203
-0.591000
-0.694276
0.029734
1.122853
-0.627135
-1.326082
-2.241912
1.032949
-0.676829
-0.243269
-2.343010
0.853665
-0.876055
2.335591
-0.828290
-0.340751
0.463146
4.393993
0.438051
-2.096325
-0.943067
0.529584
-0.804700
-0.160470
-0.021199
-0.145528
0.415519
-1.201718
1.900290
1.544484
3.087567
-0.079866
-2.753162
1.077767
0.450777
0.464729
-2.247488
3.263052
1.064574
-1.922940
0.233853
-0.888077
-0.708355
-1.461544
0.608270
-2.155039
3.383996
0.690698
-1.876349
0.196487
-0.841923
-1.916170
-0.570747
0.080454
0.834080
-1.849174
-0.609869
-0.035569
1.649555
-3.297684
0.373251
0.519103
-1.012195
-0.729100
-1.629622
0.090853
-0.909657
0.180399
-1.477015
1.600437
0.031774
-2.153788
0.447705
-1.748829
-0.712468
1.777104
2.808191
-1.435954
-2.729445
-1.128148
-2.242545
-1.994732
2.387954
-2.096789
0.093965
-2.816200
-1.631138
4.579308
2.052525
-1.165716
-3.041049
0.658079
0.007434
0.129937
1.260178
-0.145672
-0.550125
1.953496
1.735471
-1.508589
-0.295841
0.932288
-0.409119
0.462538
-1.042286
1.159555
-0.067537
0.646214
0.499395
1.289709
-0.411176
-0.414768
-1.192834
-0.674598
0.963379
0.705267
-3.159879
-0.089022
-0.711231
0.783350
3.013017
-2.069398
-0.009253
-1.845622
0.069526
-1.882446
-1.136904
0.903988
-0.462174
2.198224
-0.927958
4.153589
-2.415736
-1.952446
-1.773780
-1.741601
1.727188
-3.145111
0.384781
-2.716080
0.715450
2.473585
-2.319400
-3.784936
-0.823265
-0.409510
2.870377
-1.817775
-0.553304
0.550599
-0.048502
-1.147464
-2.632273
-1.995705
0.655487
-1.486794
0.957514
-2.171251
2.146018
-0.891785
-0.039102
-0.762102
1.339255
0.045782
-2.154412
0.671927
-1.785174
-1.875198
-2.937203
1.152098
-0.842134
3.272848
-0.582364
-1.732492
-3.080202
-2.578939
-2.095738
0.668499
-0.775022
-4.603793
-1.015995
1.962774
1.476416
-0.400778
-1.111185
-0.377017
-0.060946
-3.061995
-1.988343
-0.938033
-1.995961
2.492071
1.280274
-1.499153
2.286214
-4.120825
-0.537324
-2.768242
0.038518
0.541642
-3.456754
-2.719025
-0.416968
-0.870175
-2.416729
3.522246
-1.881887
-0.981244
-2.841619
-1.042124
1.042251
-0.219729
-0.654944
1.564914
-0.307705
2.831070
-0.361629
-0.276225
0.551472
-1.654109
-1.101045
3.070534
-3.246591
-0.296775
-1.888175
0.982147
-1.770961
-4.457147
-0.575246
-2.299275
-0.371852
0.033863
3.065265
0.916525
0.542768
-0.860026
3.747666
-0.851860
0.105332
-0.496540
-0.686341
-1.115997
3.236647
-0.612557
-0.364956
-1.048728
0.106233
0.055348
-1.961696
0.029695
0.192771
3.368365
-1.020821
-1.003872
1.468154
-1.563632
-1.966603
-0.967160
-0.093106
1.837853
-1.520115
1.427496
-3.216753
-0.058672
-0.426102
0.392127
-0.218017
-1.339130
-2.160949
2.381499
0.879846
-3.208117
2.297977
1.811818
0.793673
-1.667547
1.590504
0.163897
2.265166
-1.018208
-0.186075
-0.597274
-2.551258
3.746806
-0.179113
0.284108
0.019795
-2.677389
-0.591118
0.535558
-2.579692
-0.481924
4.969277
-1.996593
0.732981
-2.138410
-0.321140
1.600376
-1.169241
0.998991
0.190274
-1.046988
-3.347714
-0.435093
-2.276101
-2.033223
-1.257708
2.758518
0.328444
1.632408
-1.291776
-1.712946
-0.984122
-0.650654
-0.037343
-1.895372
-2.269600
-0.703786
1.195623
-0.921648
-0.666161
-2.786900
-1.138752
-1.718255
-1.179845
-2.325631
-0.344973
0.454080
1.460307
2.026626
-1.483399
1.262381
1.934894
-0.141088
1.488520
-2.814010
0.882873
-2.680757
-1.971071
-1.350406
-2.316195
0.114726
-0.467326
0.108416
0.524010
0.417045
0.727033
1.573846
2.478915
-1.165034
-0.688746
-2.398524
-1.692046
-0.713225
-1.779540
2.499156
-0.420331
0.789789
-0.605412
-0.697208
-1.644453
-2.005487
-0.552057
0.086027
-1.334528
0.113203
-0.925967
0.249565
-0.835128
-1.833411
0.492476
0.643394
0.689039
-1.437559
0.595450
-0.142506
1.333679
-0.225472
1.200057
0.787244
1.526826
-1.054318
1.988808
0.195081
3.227081
0.319206
-2.432966
-0.803513
0.420803
-0.323691
2.107630
-2.898401
-1.015143
2.127235
4.792232
0.033070
0.432970
1.010524
2.542539
0.180590
-2.352235
-0.733941
-0.241977
0.241017
-2.992297
2.114679
0.462531
1.977802
1.615889
0.717245
0.446891
1.281678
-0.797785
0.831145
0.415034
0.219004
-0.850721
-1.504517
-0.364550
-1.866456
1.445840
0.986885
-2.916807
-1.413907
-1.665208
-1.877182
-1.355890
-1.201701
0.740356
2.955564
0.181437
0.784782
-0.848275
0.028564
2.203581
-0.946986
-0.337310
1.028215
-0.880405
1.764157
3.818220
0.843698
-0.269218
0.279441
-0.366445
0.411959
0.755469
-0.127368
-2.835814
-1.734815
2.059307
2.243278
-0.626219
-4.022732
-1.279859
-0.859718
1.162436
-0.892687
0.203231
-1.123628
1.915051
0.711012
-3.057194
4.651251
-0.009130
-1.800871
-0.766856
-2.621107
-3.513858
-0.023335
0.765854
-1.971459
-0.694254
1.291649
0.062470
-5.907860
-1.614843
1.056969
0.233794
0.313488
0.780625
0.268197
-2.384415
2.209977
-0.397316
-0.545677
-0.083061
-0.268570
-1.810640
-1.309184
-1.031244
0.271702
-0.071460
-0.236736
-1.460000
1.170411
-0.810264
-1.156408
1.143071
-2.183372
-0.212323
0.153070
2.586486
2.348557
3.455691
0.028750
-2.844767
-0.405454
-2.377665
-0.565744
-2.531692
-1.772101
-0.237843
1.583935
1.077563
-2.004683
0.147962
0.718547
-1.107720
-3.329225
1.225287
-2.624941
-1.969418
-2.928786
-2.410299
-0.494198
-1.514421
-2.610637
-1.999003
3.805110
2.256955
1.622311
-1.138167
0.919371
0.351938
-1.125133
1.109029
1.127524
0.589366
-2.318685
0.628434
-0.061338
-1.975457
-0.945029
-1.882045
-0.963205
-1.586795
-2.526141
-1.504511
-0.267614
-2.147960
-1.145384
-0.494606
0.594495
-1.147046
-2.542532
-2.609424
0.106615
-2.813667
0.865791
2.747888
2.262259
1.477571
-1.258471
-2.039866
-3.059156
-4.832081
1.552671
-1.592189
-0.488263
-0.347158
-0.114222
-2.347566
-1.372269
0.746720
-0.043796
-1.899454
-3.265239
-2.741318
-1.785126
-2.960429
-1.137399
-0.626292
0.521143
-1.066145
-2.188751
-1.199307
-1.257253
1.087205
-2.266997
-1.095815
0.080934
-1.230211
-0.246811
-0.049564
0.482780
0.869108
-1.514823
-0.177690
-0.893206
-0.546616
-1.512820
-0.832371
0.266736
-0.204854
0.618870
1.580831
-1.397518
-0.634640
0.799339
-0.763024
-1.476984
-1.021916
0.338351
-2.615968
0.160375
0.048863
-0.232616
0.836048
-0.712702
1.755329
3.623042
1.748259
-1.232578
1.052227
-3.645192
1.254997
0.602985
-2.324741
-3.395221
-1.724136
-0.708592
-1.769943
-1.006143
1.656578
-0.479126
-0.554159
-1.616498
-0.121491
-2.368755
-0.970311
-3.276642
-0.842811
1.010458
-1.055529
-1.019345
0.706966
-1.865590
1.854867
-1.388571
1.411435
-2.385761
2.203289
-1.553748
1.103160
-1.803595
-1.952706
-0.350926
0.020883
-1.349439
1.118822
1.339419
1.205789
0.687849
-2.178231
-0.125944
0.344752
-3.097499
-0.412161
0.648283
-2.337769
-0.009609
-2.235332
-1.059770
1.176589
0.937562
-1.012798
1.759212
-2.969091
-1.843908
-2.057499
0.102091
0.038339
-0.942852
1.045060
-0.542797
3.918786
-0.958880
0.254624
0.314471
-1.601441
6.036963
-0.412311
-0.531947
2.952008
-0.800858
2.612640
1.802817
-3.342779
-0.579215
0.294219
-1.252513
-0.842983
-1.601871
-3.363354
-0.616608
-0.755776
-1.479479
2.389322
4.039476
-1.257638
-1.959152
-0.053015
-0.051363
-3.650051
-0.699638
1.127535
-1.101038
0.424910
1.218412
-0.831218
-1.502107
3.903737
-1.262987
1.533312
-0.803159
-1.670984
-1.359077
1.374248
0.197091
-3.516497
-0.374652
1.292238
4.216618
1.840629
-1.543456
3.673005
-1.756374
-0.660771
0.665386
-1.722923
-0.066007
3.951404
3.293647
0.171212
0.490603
-0.673909
0.156143
0.560255
0.913543
0.644443
-1.466291
0.751366
-2.027617
1.018379
-1.202362
-1.120008
1.616846
2.012429
-2.176114
0.140206
-1.903768
-1.612046
0.498519
-1.614086
-0.706105
-2.122131
-0.692585
-0.952040
0.443860
0.597955
-2.075242
-1.486104
-2.040956
-0.470747
0.000223
-2.683685
-0.407698
-1.953830
0.914438
1.668536
0.665499
-2.679549
-0.636183
-0.732186
-1.664882
-2.186882
1.143108
1.549253
-2.327647
-1.066848
-1.461256
-1.373561
0.326791
3.403710
-0.582675
-0.583751
2.566527
-0.079421
0.962926
0.214938
-2.479387
-1.798728
-2.196616
1.548197
-0.427471
-1.281643
-1.402809
-0.546674
-1.028434
1.521626
2.720965
-1.126859
-2.309437
2.804044
-1.391354
-0.597391
-2.946243
-2.138631
0.887617
0.852100
-0.241969
-0.607363
0.063566
-3.184485
-0.966121
1.683962
-1.623733
-0.436851
-0.712185
0.694901
1.649504
0.073073
-0.994344
-2.606394
0.326183
0.252952
-0.473962
-0.023663
-0.276208
2.789093
-1.564172
-0.529109
-2.273839
-0.270083
-0.613911
1.170503
-2.100876
-1.846550
-1.818919
-1.624397
-3.504676
0.766431
1.875895
0.346393
4.906058
1.398425
0.590609
2.263325
0.116095
-1.562650
-2.864641
-0.765668
-2.263837
0.261236
-1.546984
-1.689716
0.114194
0.523422
1.788832
-1.382412
-0.473028
0.383897
-0.538491
0.701907
-2.049333
-2.469919
0.859612
0.465217
-1.083442
0.441671
2.486440
-0.441867
3.187966
-1.801459
0.406635
2.345099
-1.798820
0.256728
-0.965205
1.435786
-0.967003
0.464405
-1.045551
-1.425072
-1.999914
0.731149
-0.813887
0.706968
-2.790270
-2.561124
1.404198
-0.912941
-1.831375
-0.887832
0.860222
1.593418
1.763367
-0.838099
1.909475
1.005872
-1.817176
-1.230655
2.847822
-0.786839
1.375467
0.760029
-0.697104
-0.208486
0.099751
0.546678
-0.163801
-1.460428
1.014103
-1.104818
-1.079190
-0.119543
-0.379439
0.581315
1.442020
0.099838
-1.319401
-1.038762
-0.189838
-3.654768
2.044113
4.974583
2.251135
-0.510891
-0.569731
-0.704076
-1.246836
-0.565457
-0.617125
-1.582609
-3.564661
1.052338
1.284921
-1.473019
1.705759
3.008312
-1.246099
-1.369354
-0.223928
0.411025
0.099750
-0.922748
-0.933321
1.188519
-0.633916
2.767024
2.975957
0.225582
-2.242115
-1.391627
-1.435877
0.310924
2.396302
1.470515
-0.126511
-0.370634
-1.121222
0.369539
-0.150619
2.180208
2.389157
0.582773
1.805081
0.250900
-2.661446
-2.059578
-0.022737
-2.761395
-0.255380
-0.990951
0.008421
-0.954097
-0.132618
-0.051979
-1.633078
-1.585955
0.528971
-1.460666
-0.102551
-2.892066
-0.708942
-0.266622
-0.723849
4.396190
0.613188
-1.302262
-0.438612
1.224620
-1.548511
-0.166864
-0.968721
0.669504
-1.388123
0.211347
-0.462538
-2.045612
-0.205037
-2.698635
2.169370
0.281013
-0.341482
-0.104172
-1.018080
-2.200249
2.665224
-0.449478
1.868418
-0.519794
0.260000
2.067425
-2.190216
1.718547
-0.698596
0.861566
-0.473415
1.075857
0.299174
0.427969
0.354150
0.000409
2.311154
-1.521438
0.769428
-1.308019
-0.774495
-1.906257
-0.362613
-0.674544
-0.399231
1.176996
0.321313
0.798848
1.000637
-1.678316
0.670156
-1.120486
1.271058
0.261843
-1.439171
-0.840723
-0.638875
-1.438313
-0.446180
1.262344
1.159633
3.948044
-1.305370
0.175452
-1.772597
-0.901938
0.241452
-2.367556
0.984722
-2.302670
1.673987
0.877835
1.905017
-0.448512
-1.917569
-2.509106
-0.680684
-1.017927
-1.663898
1.752882
2.179090
-1.310531
-1.802419
0.383014
0.442682
-0.006435
-0.282219
-1.339295
-2.882164
-1.462472
-1.514946
0.111595
-1.639171
0.170091
0.252982
-1.753531
0.736346
-0.042555
2.555567
-0.415493
-0.481705
-3.239133
-0.839899
-0.827644
-0.508435
-1.303101
-1.471952
-1.352511
-0.574437
0.514766
0.463754
-0.454721
2.937506
0.502622
0.865096
-1.754189
-2.070621
-1.666766
-0.105245
-0.377245
0.819196
-0.716037
-1.014190
-0.633897
0.867125
-1.489715
-0.466035
-0.041432
-0.614383
1.793249
-1.103728
0.338048
-2.689556
0.225525
3.700320
1.934733
-1.043636
0.832204
-2.076526
-0.453195
-1.589887
-2.387150
-2.053221
3.346360
2.193410
-3.008878
1.363459
-3.207480
-2.404475
-0.462206
-1.269683
0.289634
1.891119
-1.194868
-0.658621
-1.901818
1.885774
-0.765229
0.115941
-0.256009
-1.955322
-1.204546
-1.351734
-0.064697
0.272544
-1.382354
-1.599683
0.734078
3.230011
-1.511349
0.339252
0.634146
-1.438654
-2.737742
-1.156991
-1.492002
0.508642
0.737571
2.426663
0.198820
-0.199916
-0.080392
-1.684049
-2.638822
-0.393625
0.771697
-0.945084
-1.113408
-1.394568
-1.636850
-4.146735
2.637406
-0.737291
-0.571732
0.783069
0.093948
-0.006086
-0.517788
1.987140
0.199415
0.318011
0.480731
0.888515
1.135428
3.055198
-0.887398
0.240452
-0.096780
0.461817
-1.461618
-3.499211
0.022269
-1.608029
-1.766132
0.493508
-1.830278
-2.590531
0.677937
-1.128204
0.908685
1.752674
-0.678008
3.561818
-0.586157
0.787012
-2.508827
-1.241435
0.264976
0.305186
-0.400590
-0.386339
-1.610394
-2.282556
1.212477
-0.581609
-3.089925
-2.594733
-2.781360
2.277274
-1.558210
-1.130977
0.200675
0.486562
0.891953
0.687865
-0.401610
1.219509
-2.326414
-0.270095
1.181975
-0.382062
-2.155170
-0.279464
-2.570329
-0.867443
-2.121895
1.037096
0.144156
-1.792336
-1.176283
-1.322750
-0.778072
-1.205709
-2.287135
0.791298
-1.871888
1.043193
3.995984
0.996054
-0.555467
0.863542
-0.435872
1.045836
0.685808
-2.147981
-1.242127
0.011629
0.820650
-0.226008
-2.093697
-2.801539
-2.941488
-1.653528
-1.230389
-3.079759
1.362085
0.348204
-2.345622
0.707142
-0.658006
-4.018430
0.291374
-2.487360
-0.811338
3.798233
0.728280
-0.870895
-0.743405
-2.196580
-1.712233
-0.478986
-2.890934
1.909112
-1.365550
-1.537072
-1.115293
0.182536
-0.326869
1.196040
0.685664
0.100010
-1.529483
0.555761
-0.528749
-1.829601
-1.462572
0.471122
-0.298908
0.023972
-1.691305
0.061116
1.807629
-1.148331
-1.390445
-0.176049
1.229926
-1.294376
1.309897
-2.495883
-0.089721
-1.720785
0.425179
-0.772105
0.865531
-1.147493
-0.343421
-1.148018
0.916496
-1.191898
2.719666
-0.130333
2.562541
3.431873
0.862668
-1.315492
-0.785990
-1.209675
0.005025
0.969505
0.190049
-1.096443
-0.723071
2.394182
0.003318
2.583724
-0.506078
-1.036947
-1.203941
2.063597
3.653384
-1.917784
-0.548873
-2.189078
-0.560140
0.116213
0.786805
0.233722
0.261723
-1.599323
-0.446148
0.699737
-0.613655
0.971211
0.018718
-1.526999
2.620309
1.045311
-1.474171
0.166816
-0.681283
-0.178362
-0.861827
-0.162147
-0.290302
1.803841
-0.371390
0.429455
1.694396
-1.457074
-2.270202
1.249842
-2.186376
-1.573752
1.840085
-1.866288
-4.062635
0.060910
-2.660277
0.134871
-0.142507
-0.767562
0.884764
-0.325408
-3.670443
5.490882
-1.360392
0.778015
-1.224439
0.499657
-1.805507
2.003229
-0.205841
1.702304
1.494815
-3.227184
3.184199
0.006376
-1.052386
1.004900
-1.596468
-0.770582
0.002301
-2.422995
-0.781936
0.961937
-0.390941
-1.705990
-1.975768
1.613200
2.774900
1.700630
-0.811195
-0.639511
-0.775553
2.330795
-2.176572
-1.022305
4.531477
0.575345
0.726550
0.742993
-2.598739
-0.568712
-2.555412
-2.230011
0.943033
0.255582
-2.168650
0.312553
-1.164284
0.664899
0.088903
-0.533682
-1.549348
0.369257
0.066164
0.157825
-0.481075
-1.139310
-1.828955
2.445976
-1.212391
-1.769956
-1.998980
2.262108
-3.075163
0.090296
-0.022400
2.106030
-0.659795
1.836720
0.307519
0.445072
-0.460435
-0.006913
-1.170505
2.317924
-0.276911
-0.726608
-0.567146
-1.209909
-2.174412
1.272249
-2.195183
-1.126823
-1.231553
-2.297122
-1.388727
-1.269615
0.215365
1.449554
-1.720744
0.061462
2.288895
0.171402
-1.103647
0.226775
-0.077702
0.142309
-2.889627
-0.299834
-3.829810
4.827913
4.606094
-1.001902
3.112747
-0.235940
-0.475336
-0.812046
-1.660874
-1.547688
-0.069274
0.418296
2.680976
0.843262
-0.577327
-0.821659
0.099559
-0.497783
-4.192544
-0.385325
-0.599341
1.399678
-0.594330
0.954511
2.302864
0.001750
-1.750046
-0.023642
-0.981426
-0.584307
0.710078
0.154206
-0.401522
-1.514392
0.396735
-2.719939
-1.276691
0.576921
-1.388221
0.319984
-0.182691
0.343784
-0.777877
-1.244671
2.876058
-2.057925
0.233317
0.409813
-2.885089
-0.214319
-1.468166
-0.682808
-1.225525
-1.553240
-1.079807
3.796312
0.959781
0.421455
-2.030694
-0.437311
-0.483358
-0.571587
4.090370
-1.007956
-1.790578
-0.738651
-0.709538
-0.681298
-0.893990
1.753053
-0.761210
0.556019
-1.325093
-3.188873
0.543549
-1.426229
0.149394
-1.846267
-0.634215
-1.672240
2.403040
-0.140312
0.992591
1.432057
-0.773911
0.475875
-1.491601
0.378296
0.220770
1.482457
2.124521
1.252452
0.419797
-0.690646
-1.001691
3.446647
2.042183
1.302077
-0.507466
-1.585500
0.031522
-4.610912
-0.435405
-0.083527
0.923798
-0.642914
-0.532085
-1.638624
-0.594995
1.207257
1.194936
-2.340290
1.215117
-0.572801
0.108760
-0.720095
-2.092557
-0.064942
-0.933934
-1.503886
1.866363
1.006719
1.963179
-0.446326
-0.143851
0.909355
-0.285152
-0.508399
-2.211291
-1.016951
-1.869570
0.754304
-0.338872
1.565147
-0.162940
-2.860382
-1.971629
-1.874168
0.117719
-1.828852
-2.234934
-0.440577
-2.588183
-0.061729
-0.633285
-0.328110
-0.669444
0.345177
-1.124707
-1.935041
1.039123
-3.468652
0.643556
-1.960785
-2.195765
-0.834049
-0.388506
-2.029948
0.490375
-0.670968
-2.794403
-2.605434
2.995455
-0.475666
2.253356
-2.429632
1.132236
-1.951881
-3.008606
2.087205
-0.543335
-0.403151
0.249891
-1.158215
-1.495709
-1.398158
-1.835778
-2.015701
0.708012
0.479659
-0.242527
-2.190793
-1.757838
-1.487059
0.560382
-0.542690
-2.762167
-0.518696
2.316878
-0.576057
-0.994884
3.145075
-0.821488
-2.325420
-1.445920
1.382520
-0.031315
1.375219
-1.084454
0.039846
1.079529
-0.713119
0.664971
-2.506733
1.932703
0.180259
-0.537861
2.372888
0.896361
-0.246349
1.151276
-2.230565
-0.479154
1.573653
-1.251402
-1.549652
-0.765731
-0.714767
-0.743654
-0.741453
-1.156112
-2.166149
-1.399159
-0.701926
-1.042217
0.162445
-0.491088
-1.179033
-1.336545
-1.601074
1.095325
1.144724
-1.045715
-0.030100
-1.189778
-1.937036
-0.645638
-0.807751
-0.909889
1.152074
-1.860645
0.382466
-1.329283
-2.732608
-2.917234
0.042305
0.859795
0.334407
0.659606
-0.051401
2.477072
0.594690
3.629251
1.465588
2.332109
-1.217622
2.539575
-1.056067
-0.759181
-0.744143
-1.670938
1.292308
-0.739563
0.690245
-4.377985
0.399023
0.818880
-0.302614
-5.073616
1.534445
-0.832933
2.518317
1.285460
2.334906
-0.897472
-1.267675
3.729226
1.191073
-1.161783
0.220430
0.675919
2.048101
0.777729
-0.666264
-1.759651
-0.913618
-1.234467
-0.288769
-0.019615
1.973925
-0.451817
-2.061131
-1.059143
-1.136624
0.473932
3.463989
-1.723605
-1.058717
0.578846
0.412965
0.801972
-0.928716
-1.348908
-0.516773
0.110441
-1.047966
1.375900
0.038947
-0.076162
0.409646
0.190706
-1.050490
-0.421178
-2.662608
2.870553
-2.599009
-2.197479
-1.411850
0.848102
-0.900054
0.674422
-1.212214
2.454098
-1.135396
-1.480566
-0.708280
-0.439427
-1.641179
0.142775
4.530382
1.709488
-1.625710
-1.033943
-1.145406
1.048102
-1.116227
0.400879
-2.382827
-1.310149
-1.238821
-1.389736
0.001037
-1.655585
1.764230
0.863119
-2.228321
-0.598370
-2.004974
-0.025602
1.654140
1.309765
-1.061325
-0.056123
-1.357597
-0.487447
-1.948020
-0.545726
-1.369726
-1.872949
0.836749
-1.023280
0.643417
-2.039835
0.477534
1.088423
-0.968294
-1.269567
-0.491031
-1.042979
2.788168
-0.238862
-3.050969
3.891311
-1.465746
-2.851054
2.327236
2.344431
-0.246732
1.438348
-2.451820
0.913026
3.179158
-4.118541
1.410898
0.139121
1.454988
-2.231023
-1.074048
0.622203
-2.154369
0.012077
0.038212
-2.498099
1.016295
-1.330614
0.365626
-1.703825
-0.978677
1.235909
0.157550
-0.760628
2.188992
-2.576336
-2.644800
-1.374600
0.553067
-1.167625
-0.806473
0.099842
2.470086
-1.037962
0.697637
0.674142
0.665389
-2.544623
1.628193
-2.361483
1.434691
-0.259169
-0.176292
-0.420447
1.499759
-0.023988
2.788282
-4.228958
-2.460157
-0.129296
-1.178622
-1.387719
1.300714
-0.767540
-0.846755
0.511682
-1.045212
1.264905
-2.330650
-0.212018
-1.153448
-3.752522
-0.774359
-3.631589
0.112798
-0.796009
1.819204
1.712585
-0.870099
-0.439550
0.635783
1.077421
1.119357
-1.830873
-0.821986
3.086829
-0.058661
-2.992529
-1.257209
0.287207
-0.395941
-0.436033
2.375390
0.109485
-0.246301
-0.649697
2.243212
-0.254680
0.609808
1.240797
-0.505572
2.410136
-0.165007
-2.221656
-0.633290
1.234687
1.864450
2.367317
0.333850
1.216553
2.062046
-0.380484
-0.471371
-0.061789
0.607553
-0.875408
-0.945642
-0.982134
-1.134960
-0.906277
-0.919650
-1.397804
0.658341
-3.202147
1.284311
1.665661
-1.582257
-0.038083
-0.522551
0.874211
0.791083
-0.825170
0.991380
1.171156
1.464548
0.895815
-1.573567
1.076934
0.308729
0.853286
-0.270511
0.920092
-0.387278
-1.964027
-0.683864
-0.316913
1.078756
0.853972
-3.102775
1.716911
-3.386040
-1.860254
-1.983888
-1.712327
-2.557860
0.923991
-0.844650
-0.551182
0.703130
-0.246848
1.076835
-2.019008
1.777817
-0.204007
-0.742499
-1.428415
-0.726330
2.302726
-0.525858
-0.168302
3.866344
-1.580601
-0.694775
-0.223465
-1.330048
-1.056903
-0.855047
1.458512
0.646729
0.432577
-1.626555
-1.697000
0.527792
1.126991
2.633515
-2.014884
-0.165982
-0.032482
1.087322
-0.470658
1.135087
2.591606
-0.646406
-2.298820
1.201188
1.646474
2.685560
-1.994498
2.552787
2.299134
-1.494750
-0.649944
-2.623344
-0.759328
-1.391835
1.198564
3.024555
0.983381
-0.475855
-2.029407
1.952263
-1.235984
-0.704720
-0.551471
0.066979
-0.523946
-0.003530
-0.926192
-0.914878
-0.260173
0.605342
-2.000755
-1.362398
0.186897
-0.282178
-1.702225
-0.294313
-0.303697
-0.976401
-1.020178
3.837860
-0.792352
0.476435
2.501568
-0.159404
1.480664
-0.245983
-3.236537
-1.308207
-4.280658
-0.400093
-0.588077
-0.857904
-2.470414
-1.341009
-1.826207
1.030945
-1.490004
0.261005
0.033531
-1.056897
0.051433
0.918372
0.295296
1.977473
-0.019047
0.536231
0.092867
-0.665151
-0.154982
-0.643809
2.476927
-1.139844
-2.676069
-3.413622
2.075946
-2.345463
1.132257
-1.161669
-2.094740
-0.155557
1.016322
-1.140714
-2.985916
-2.365833
-2.585127
-1.005425
-2.146751
-1.693009
-0.986660
0.688006
-1.265435
-1.171585
1.123655
0.734645
-3.238409
-0.952356
0.061752
-1.903377
0.811457
-1.732764
0.273598
-0.832226
-1.965098
0.991335
-2.302299
-0.018990
-0.381422
1.279505
-0.332545
-0.109778
-1.074711
-0.847188
0.353675
-0.640168
0.170815
-0.085322
-1.676858
-0.465606
1.506364
0.436058
-1.399135
-0.472473
1.700351
-1.089233
0.115227
-1.292944
1.091411
-1.371623
0.279155
0.024389
-1.729996
-1.357513
0.604539
4.359182
-2.158521
0.359103
-0.558345
-0.279969
0.835594
-0.107074
-0.993084
2.051965
-0.274443
0.108074
-1.478629
-1.959118
-0.270960
2.365049
-1.171298
-0.034079
-0.231262
-1.331384
0.766261
-0.987475
-1.123027
-3.592298
-1.365155
-0.511119
-1.067241
1.129565
-1.316492
-0.806240
-1.915402
0.010183
-0.274300
-1.269521
-0.368604
-3.057554
-0.196397
-2.035259
1.318113
-0.059499
1.938806
-1.732733
-2.439122
0.456298
-1.446388
-1.687309
-0.645189
0.878929
1.868912
0.125086
3.992629
1.095212
-0.399097
-1.196378
-1.358617
0.116229
-1.752959
-0.826362
-0.615500
-1.714125
-2.358048
0.762600
-0.314098
4.165745
-0.009419
3.067063
0.255272
2.038406
-1.346145
-0.347001
-1.762365
-0.309673
-1.296252
2.942810
0.099809
0.326343
-0.453781
-3.153691
0.078317
-1.313767
-0.723789
-2.512693
2.607650
-1.119444
-0.653931
-0.961332
-1.058123
-0.394558
3.302788
-1.742454
-3.711405
0.048008
-2.039239
-1.222068
-1.046174
0.710905
-1.194544
-1.392412
0.604360
1.376275
1.335085
-1.512517
-3.181664
1.054769
-0.344615
-0.175306
-0.955536
2.104455
0.671395
-1.684917
0.717220
1.329609
1.107457
-0.480714
-0.599859
1.999353
1.851755
-1.040835
-0.238701
-0.450578
2.537156
0.743019
-1.464808
-1.086558
-1.975585
0.394036
-2.730070
1.578365
2.211357
2.579587
0.785486
-1.492784
-3.384728
-0.143944
-2.627173
1.652035
-1.498429
-0.269331
-2.051739
-0.598870
0.621603
1.057380
-0.337902
-0.938243
0.638553
0.087617
-0.573337
0.247746
-1.188288
-1.391992
-0.491068
-1.135824
-0.242815
0.161629
-1.332197
-0.587656
-0.061989
-1.921321
-0.761000
0.236931
-2.128210
-3.208185
-0.938718
1.367875
-0.105087
-0.095044
-0.012523
3.790036
-0.659605
2.065380
1.166751
0.187365
0.029482
1.034650
0.223172
-0.939839
-0.111352
-1.831463
0.799855
1.972490
-1.191162
-2.603237
-1.306566
1.119167
1.510848
-0.665165
-0.339091
-0.180915
0.345264
-0.532299
-0.476209
-2.327267
-3.091852
0.560528
-0.154909
-1.341759
1.358760
-2.397009
-2.642013
-0.389239
-0.031116
1.035412
-0.907591
-1.436591
-1.635500
-0.132251
1.075533
-0.206991
0.749255
-0.047371
-1.028117
0.181653
-1.013415
0.058968
-3.013359
2.835824
-0.184024
0.918639
4.511147
2.468474
-0.426038
1.867563
0.241873
1.660155
0.154778
0.595497
-0.803543
-1.472155
1.623498
0.280855
-2.605820
-2.883106
1.395044
-0.746382
0.882476
-2.484424
-0.214558
0.998271
-1.550703
1.144989
-0.910103
-0.567246
-2.421597
-1.755604
-2.716297
-0.871930
1.378999
-0.722205
-1.416966
1.349498
-1.210064
-3.417730
-1.441124
1.318703
-0.686387
0.900750
0.733394
0.391820
1.064689
-0.808210
-0.673671
-1.539232
-1.872088
-1.093485
-0.883975
0.614258
-2.377311
-2.664086
-1.759549
4.668892
0.538497
3.701684
0.349079
4.225394
0.662365
-0.911251
-0.846561
-0.888133
-1.569386
-2.473144
-1.227805
1.160647
3.270899
-1.360805
1.128286
0.519972
2.141732
-0.044014
2.174759
1.440344
0.382251
-1.392683
1.561529
3.241855
2.437717
-1.913691
-1.569480
1.528295
-0.648049
0.249640
-1.288504
0.090939
0.894345
1.451184
1.918646
0.992638
-1.033882
0.927879
-0.231761
-0.630776
-0.892790
-1.736014
1.611697
0.210575
-0.364240
-0.068262
-1.025220
-1.545145
-0.944390
-0.705676
1.123240
-0.765794
-0.015752
-2.411005
0.589345
2.708785
0.274397
1.738347
0.448625
-0.015522
-0.441099
-2.776843
1.641502
0.703546
2.078005
-0.962397
-2.102069
-1.241707
-0.126665
1.916652
-1.328239
-0.484858
0.121545
-2.249859
0.392151
-1.032971
-0.037534
-3.011680
-0.897617
0.100629
-1.526383
-0.066618
-0.248815
0.346708
-1.620064
-0.972723
-4.408129
-1.485101
0.433164
0.719601
-1.189050
-2.169108
2.476931
0.424898
0.973451
-2.242391
-0.449526
-0.826843
-1.083327
-1.108553
3.418054
0.361036
0.246921
-1.401576
0.022822
2.014095
0.283033
2.781745
-2.076091
0.719675
-0.035104
-1.250045
0.005252
2.656079
1.419266
4.233665
0.848147
-0.948528
-0.280196
1.428032
-1.570054
1.716992
0.074682
-0.708047
-0.516331
1.558771
-0.042040
-0.099047
-3.334242
0.403679
0.246365
1.123412
-0.350722
-0.226326
-0.928434
-0.306542
0.398149
-0.230785
-0.604124
1.574520
-0.241752
-0.474085
-0.773728
2.383430
0.620360
-1.474631
0.821490
1.040466
-2.391104
-1.020419
0.668132
-0.076650
-1.041505
1.261997
0.050223
2.510561
-2.188712
0.293341
-2.479934
-0.770801
-1.638574
0.337408
-0.784332
1.878675
1.736441
1.802801
-0.967251
-1.979459
0.189993
-1.050042
-0.839046
1.449186
-0.981807
-2.159729
-0.568516
4.290307
-2.771141
-0.001459
-2.094999
1.016513
1.566730
-0.587469
-1.017998
2.193969
-3.674635
0.465200
0.627802
2.259159
0.849685
0.731019
-0.170884
-0.078623
-1.650097
0.314859
-0.805911
-2.233546
1.155747
-1.724512
-1.046844
-2.499126
-0.996931
0.154242
-0.428506
-0.782023
1.772879
-0.738673
-1.346612
2.517839
-3.005270
0.171153
0.165165
-1.833883
-0.561772
1.504242
0.257980
0.911171
-0.961566
1.186186
3.038600
-0.221977
-0.191451
-1.827101
1.533825
-1.818361
-1.043497
0.170582
-0.253278
-1.596638
-0.582490
-0.207413
-0.271778
0.045872
0.990507
3.901715
-1.052461
0.656356
-0.803509
-0.658299
-1.239577
-1.676698
-0.821673
-2.531033
-0.707347
-0.670102
0.340888
-1.686009
-1.904283
-1.602359
-1.174964
-0.650094
-1.209442
-2.113903
2.442234
-0.402018
-1.911984
-1.246481
0.264698
0.224011
1.851460
-0.485983
-0.006793
1.614962
-1.226550
0.942399
-0.769509
1.531389
2.349675
-1.896217
-1.332108
-1.118190
-0.540599
-2.919457
0.389575
-1.631325
1.142836
-0.089043
-0.041030
-1.254775
-2.208492
-2.511940
-0.019835
0.125002
1.015714
-1.902827
0.888038
-2.367190
-1.753652
-0.226474
-1.414541
-1.213002
1.474903
1.352437
0.817056
-0.331399
0.822648
0.754196
-0.903559
3.587696
0.535391
-2.403093
0.908199
-0.369035
1.665956
-0.335927
1.061675
0.983065
4.013762
-1.942811
1.273630
0.215489
2.582433
1.789207
-0.120154
-0.169797
-1.027087
-0.688078
-0.030527
-0.242067
-0.170374
-0.889993
2.226461
0.361617
0.710237
3.534409
-1.145068
-1.091134
0.748802
-1.420248
4.636634
-1.610134
-2.191325
-2.264696
-2.178054
0.017150
-1.543264
0.103440
-0.488758
1.398254
4.177547
-1.691493
2.279035
0.125584
1.548168
-0.316577
-2.208944
0.134066
-1.400928
-1.770340
-0.574636
-0.551201
-0.581647
-0.683869
1.816243
-1.063272
0.121869
-0.350200
-5.074718
-1.852848
-0.619313
-0.257259
2.218693
-0.146078
2.871475
-2.379943
-3.569031
0.222443
-2.044953
-0.840274
-1.394766
-1.797555
0.172647
-0.530596
4.419724
-1.241493
-0.345380
0.590693
-0.177081
2.329360
0.634797
0.044268
-1.197810
1.176297
-0.805883
-1.093923
-0.923712
0.366515
-0.066448
2.484586
-0.800564
1.278577
-0.986014
-3.080470
-1.311627
-1.327012
-0.220906
-0.576841
-0.885004
0.783334
-0.164116
1.760611
-1.878202
0.681337
0.760903
2.290993
-0.023255
1.012017
3.262476
1.776910
1.631176
0.791443
1.879108
0.210136
1.430724
0.984741
-2.976181
-0.418657
2.222847
-0.901505
-2.495182
1.847040
-0.624053
0.402712
0.637865
3.116881
-1.752324
-0.385914
-1.325698
1.232979
0.852026
-0.742781
0.835001
-2.188125
0.354548
0.104532
-0.960993
0.531870
-1.135236
0.313397
0.883224
2.899677
0.062567
0.391454
-1.855072
-1.039676
1.727125
0.454499
-0.869882
-0.735937
0.733871
0.319348
0.617699
-2.028169
0.048490
-1.130768
-0.674485
-0.499511
-0.690327
0.109411
1.189104
-1.258399
0.101902
-2.424338
2.023259
-1.841452
-0.399287
-0.356285
3.011797
1.240754
1.270185
0.710593
-0.692898
0.832139
0.953327
-1.986183
-2.323292
1.156206
2.642252
-0.204148
0.732687
0.142270
2.501243
-1.508669
0.853325
1.508792
0.038114
-2.162163
0.711684
0.792760
2.031751
-0.961669
-1.270814
1.638101
1.078564
-2.071805
-2.054702
-1.547583
-2.417898
-1.563564
1.315695
-0.396239
-0.616516
-1.550303
1.388138
0.660703
1.626112
-0.655468
2.769064
-0.740508
2.650722
0.046605
-0.873821
-0.234264
-0.546783
-0.572450
-0.326633
2.815309
-1.229335
1.312719
1.119563
-1.307218
1.701422
-1.265528
0.039781
-2.723127
1.946395
0.154207
1.069128
3.367204
-0.395237
0.167604
0.578550
-2.161886
-0.787619
-1.075537
-0.143512
1.203701
2.509559
2.679581
1.095708
1.008698
-0.712057
0.413183
0.072941
2.123204
-0.305509
0.538139
-1.657224
2.581730
-0.071380
-0.043766
0.169938
-1.142492
0.125583
-0.359762
-0.977062
-3.879402
-0.078039
-1.828866
-0.242278
-0.744517
-0.447807
1.707310
1.604325
1.934458
-3.264254
0.556031
-0.729871
1.198335
-2.132477
1.594921
0.520555
-1.997646
-0.914853
-1.529323
1.967507
-1.159976
-1.969511
0.685197
-1.877815
-0.880876
0.358753
1.533281
-0.139167
0.785108
-2.183656
-0.540155
-2.490235
-0.773754
0.219138
-0.658506
1.547233
0.072150
-1.165585
-1.608043
-1.066002
2.021106
-0.926365
5.267680
-1.223111
0.448418
-0.313201
0.160292
0.748960
1.153975
0.627820
1.621513
1.832615
-1.086818
-0.028745
-0.091994
-2.235314
-1.858680
-1.398433
-1.690680
1.036970
0.026120
-0.680243
-1.046072
3.928922
-0.860615
1.278784
2.038058
-1.512228
0.719318
-1.651167
-0.110700
2.376969
1.534138
-2.585701
0.265422
1.966019
0.839156
-0.548242
-0.707449
-1.055265
-0.987381
0.565198
-0.690376
-0.295557
1.661422
0.137112
3.535027
-1.160187
-0.910253
-1.555681
0.148064
-0.346432
-1.358465
0.863305
-1.108358
3.180491
-2.934980
2.274006
-1.416345
-0.105112
-0.716871
-3.003495
3.349589
3.770496
-1.006097
-0.595717
0.306331
-1.475078
-0.023631
-2.271012
-3.627221
-0.438850
-1.440501
-0.177041
0.460517
1.537383
-1.374275
0.762695
-0.740804
1.523177
1.026585
0.854184
2.654648
0.699373
3.190243
0.486689
1.344288
0.702973
0.518389
-1.852269
-0.592256
1.064175
0.731827
-1.148406
0.386938
-0.259930
-0.875395
0.510469
-0.902673
-0.098492
-1.079711
-0.273002
-2.095734
-0.671462
0.387438
-0.345023
1.807923
0.860228
-1.166880
-0.873411
-0.876005
-0.338526
0.758911
-1.133539
-0.783334
0.080497
-1.485399
0.844866
-0.905280
1.192329
-1.892309
3.020170
3.550039
-0.255079
-1.008960
-0.337793
-1.179299
0.055377
-1.275407
0.199518
1.179324
-0.891113
0.174601
0.818459
1.829552
-1.629140
0.293222
-3.793247
0.900485
-3.719723
-0.247588
0.016020
-0.322757
-0.449640
0.647817
1.771445
0.557877
-1.266761
0.586849
0.731000
-1.021191
-1.280171
2.686564
0.153430
1.070733
-1.182319
1.480604
-1.652328
-0.850205
-1.085105
-1.198435
-1.236145
1.713850
-0.234952
-0.284595
0.667032
0.167503
-0.429161
-0.928489
-2.215415
-1.291444
0.774415
-0.407959
-0.303477
-1.194267
-1.367591
-0.213512
-1.361971
0.289599
1.014291
-0.066730
-0.196250
0.091470
-2.567985
1.723094
-0.990106
0.257982
-0.130426
-0.263752
1.319643
-0.339733
-0.310427
2.486243
-1.150342
-0.452046
-0.233176
-0.692951
-2.035455
-0.775062
-1.394301
-0.178925
0.005949
-1.132447
0.946841
0.377037
-0.854538
1.330186
2.140559
0.440432
-0.127669
1.140332
1.284757
2.034717
0.216818
1.865299
1.127937
0.728806
-0.874507
-0.449633
0.109059
-1.149101
-0.610876
-1.009847
4.545701
-2.040817
-1.078381
-1.898743
2.556232
0.765876
-0.097044
0.326568
1.280231
-0.348104
-0.053177
0.657812
2.889262
-0.897809
-1.739349
1.101468
0.357731
2.636011
0.117878
-1.423652
0.086148
0.666545
-0.444777
-1.109455
0.783194
-1.743093
-3.498836
0.158693
0.733168
-2.015252
-1.436752
-1.666414
-1.710763
3.508015
-0.252121
-0.716378
4.911228
-0.963654
-0.799471
0.022241
-0.441613
1.325043
1.780744
0.623556
2.188907
-1.530367
-1.603346
-0.257384
-1.672441
0.196103
0.928518
-0.009827
-1.028183
-1.001205
2.026464
0.666344
-0.832889
-0.772536
0.320340
1.045247
0.393844
-0.109071
-1.053238
-0.403111
1.471668
0.798676
-0.503294
1.438372
0.408037
-1.111512
0.458711
1.729967
-1.954212
-0.325171
-0.818008
-0.822631
-1.571515
1.148868
-2.157503
-2.328282
-3.759292
0.569383
1.391880
-0.020234
-0.767429
0.353553
2.895200
0.794415
-1.467138
0.132975
-3.986191
-0.086204
-0.766856
0.564449
0.487199
-0.142193
4.164125
-1.277308
-0.330261
-0.134627
-1.439796
-0.627905
-1.246802
0.333380
0.177764
-0.153180
-0.820312
-0.734450
0.297998
-0.555248
-1.817692
-0.571953
-1.264829
-2.006725
-2.147241
0.808492
-0.955582
-0.437871
1.289764
0.993736
-0.282415
0.209073
0.072806
0.179510
1.125965
0.216005
3.256784
1.711018
0.779051
-0.632553
-0.938627
1.750914
1.050720
2.966630
0.919346
-0.695905
1.408916
-0.169540
-1.395812
-1.235515
-1.077565
-0.588896
-0.127076
-0.923138
1.394866
-1.407720
-1.514034
-0.616242
-1.679316
-0.795576
-1.568720
0.138995
1.360219
0.729892
0.262013
-0.201854
1.073502
-2.200606
3.489053
-0.003729
-0.899123
1.420088
1.995169
-2.214112
-1.101369
-0.545945
-1.117233
0.036889
-2.795400
-0.499998
-0.605970
1.798342
-2.611012
-0.617204
-1.380787
-0.025567
-2.113405
-0.144438
-0.324988
-0.064241
-0.194727
0.702657
0.868026
-1.985147
3.338801
2.916197
1.790139
-1.875524
2.845909
-0.613737
-1.487384
3.154075
0.830375
-0.774790
-1.508509
1.798376
-3.801442
1.987032
-2.241535
-0.063147
1.217632
0.585703
-0.593343
-0.465366
1.302931
0.472791
0.761487
-0.101307
0.877579
-2.019223
-0.142977
0.346721
-0.839856
-2.218778
4.147376
-1.429914
-0.785162
-1.565589
1.039124
-0.304294
1.532685
-0.741480
2.551428
-0.387833
0.568406
0.552390
-0.883647
0.411115
-1.097221
-2.418917
-1.484224
2.303365
-1.079311
2.670275
-0.425785
0.502061
0.171771
0.652191
2.651191
1.779688
0.955246
-0.853373
1.909962
1.366017
-0.532471
0.028389
-0.202850
-0.263582
-0.213803
0.132880
1.532286
-0.325301
-0.368537
-1.213166
0.661455
-0.624889
1.226077
3.834830
1.878175
-1.593518
1.064382
2.102334
0.712383
0.485429
-2.334239
-0.229154
0.091709
1.975303
0.275576
0.187976
-0.114854
-1.180599
-0.151194
1.212639
0.787110
-3.317214
-0.559748
1.085854
-0.197759
1.157795
0.981431
-0.553583
-1.630866
-3.922423
-1.413391
1.170013
-2.159533
1.813887
0.779477
-0.326924
-1.800828
1.015537
0.223719
-0.989983
0.242865
0.888685
1.246090
3.039102
-0.707886
2.967268
-0.799917
-0.038638
-2.289053
-2.126243
0.836069
-3.250729
-0.270018
0.291855
-1.141942
-2.136812
0.317449
-1.476791
0.443020
1.576811
-1.894175
-1.146765
-2.138313
2.644179
-0.959968
2.411497
0.584959
2.897624
3.418980
2.817711
-1.916933
-0.358432
0.343225
-0.383801
3.823900
-2.233196
-0.858081
1.170650
-0.035069
-2.109632
-2.043896
-2.094608
-0.989750
-1.084069
-0.265658
2.594704
-3.866051
-0.505072
3.354815
-1.611745
-1.425558
-0.702886
-1.100214
-1.983434
-0.178327
0.714251
-0.913979
0.389835
2.671774
0.391084
-2.710077
2.688257
0.451493
-0.069736
-1.791961
1.615891
-0.447199
-2.343419
-2.010921
1.568383
-0.230330
2.568679
1.789014
-0.522688
0.864544
-1.093946
-0.368006
-0.996891
-2.744832
-0.331185
2.681532
-1.276671
-1.978645
1.809555
0.290781
1.512530
2.606866
-1.352123
1.025782
0.869135
-1.041138
-0.230964
-1.406740
-0.774420
-0.427895
-1.226989
0.794485
0.333375
-0.393809
0.962855
3.570550
-2.283771
-0.987314
0.496156
-1.504064
-0.257383
-0.963870
0.174225
1.872841
0.004051
1.487311
-0.742531
-2.515851
-1.188311
0.923655
-0.410162
-0.481393
2.308509
0.787206
-0.626660
0.761311
-0.437267
-1.402183
-0.934328
0.518508
1.007998
-1.915589
-1.498776
-0.213275
-0.159085
-0.590352
0.695783
0.223169
-0.025183
2.048249
-0.846543
3.046376
1.085691
0.933026
-0.130697
1.697279
1.336830
-0.356037
-0.011326
-0.874050
-1.341541
-1.328096
1.036052
0.440667
-0.414276
1.764746
0.709738
2.682786
-0.975515
0.355369
-2.606326
0.370728
-0.946957
-0.898163
-2.752895
1.523338
-0.002535
0.524798
1.078557
-0.722225
1.360364
1.739061
0.022416
0.808851
-1.541023
2.769329
1.670651
2.976900
2.129366
2.273478
-1.956244
1.546907
1.939617
0.316141
0.981627
-0.113441
2.069177
-0.336241
0.861283
0.912205
0.891250
1.242479
-0.246635
-1.097150
-0.863974
0.045908
3.932624
0.108376
-0.245383
2.759741
-1.214242
0.108599
-0.124893
-0.331002
-2.946213
-0.269855
-0.529194
-0.129915
-2.886834
0.362116
0.732847
-1.374975
-0.163577
0.092946
2.702924
1.055716
-0.566640
0.433627
-0.657452
2.512164
0.552636
2.237077
-1.975416
-0.606342
-1.508414
0.259154
-0.864438
-2.569113
0.567401
0.195225
-0.049604
-1.001384
-0.998739
0.219552
1.056579
-1.816879
-0.949726
0.077527
1.190904
-1.843886
-0.437475
0.889246
-1.988166
-1.182718
-0.656856
-1.844386
-1.619708
1.288015
-0.907394
1.246067
-2.344154
0.904500
0.379605
-3.045499
0.383972
-0.447898
1.156328
2.006701
-0.799728
-0.848900
-2.363995
0.047173
-1.844319
-1.550981
0.086817
-1.215944
-0.501147
0.845124
-2.286491
0.780183
1.607057
0.699057
2.368913
2.161014
-0.228655
1.458741
-2.196679
0.062143
-0.523556
0.101567
0.916755
-1.491862
-1.567049
2.669066
1.639492
-0.148074
-2.244888
5.173695
1.151621
-0.272875
-0.971633
0.217707
-1.411795
2.468472
1.400258
0.529906
-0.180428
-1.268393
-1.795498
1.254854
-0.635055
-0.836259
-1.596277
1.155918
-0.236304
0.774151
0.201733
0.726623
-2.451997
0.848440
1.984684
0.224319
-0.301892
0.010791
0.766687
-0.822682
0.436107
0.910410
-0.992551
-2.516226
0.420428
-2.018641
-2.279449
-1.394836
-0.487201
-1.481445
-0.184384
2.775684
2.544888
1.241962
0.213265
-2.085048
-0.803400
-1.799403
1.262690
1.093363
-0.926603
1.329562
-0.781483
0.360440
0.729110
-0.004827
-0.236960
0.039240
-0.513702
0.694965
-0.386384
-0.796593
1.421815
-0.469729
1.556201
1.795990
0.446512
1.418309
-1.893446
1.265449
-1.054573
-0.014814
-0.789157
-1.696026
1.493887
0.421291
0.260983
-0.558000
-1.551196
-2.745749
-1.118096
1.412420
-1.130819
-0.286024
2.081132
-0.962250
2.107522
-1.690687
2.498150
-1.153267
-0.699799
-0.579874
-0.053075
0.357456
2.653862
1.026510
-0.193800
-2.445071
2.770344
0.842742
1.187732
-1.953479
-0.500888
-0.707377
0.176029
-0.753334
1.853535
-0.167672
-1.969876
-1.888896
-0.289406
-0.862826
0.505462
0.993443
-3.043957
-1.600794
0.593741
-0.647227
-2.215461
0.941894
2.706008
1.400537
-0.374885
1.036438
0.017156
-0.941041
1.244558
1.991766
-1.951533
-0.123074
0.449831
-1.210413
-0.234652
1.225094
3.147008
-2.809510
-1.059963
-1.743546
-0.111035
-1.596803
-1.666926
-4.053759
-2.604069
1.630362
0.393508
-1.004474
0.449131
-0.237533
1.155255
-0.212143
-0.889735
1.635938
0.050079
0.392997
0.349674
-3.049436
1.579479
-1.886030
0.332135
-0.883557
0.335658
1.679958
-1.018655
-0.840616
-0.795531
-1.521429
0.887938
-0.595328
1.189484
-0.290810
-3.019004
-2.311581
2.407620
-0.386570
0.743282
-0.824648
1.175192
0.785546
0.110496
-0.726965
2.489835
0.449100
1.933658
3.092276
0.116975
1.285247
0.803936
2.602486
0.425696
-1.330576
-1.412572
2.892035
-1.052159
1.936106
1.841946
2.528672
0.963091
-1.370384
-3.076626
0.745414
1.236025
-1.076457
-1.444056
0.936775
0.936752
-0.385205
-1.140412
-0.596049
4.074536
-0.270718
0.692724
-1.687232
-0.897577
-0.382869
0.524672
1.441642
3.161618
-1.514070
2.049209
-1.837875
1.018325
-0.150621
0.555734
0.135110
2.606421
-0.399088
-0.758731
-2.300401
-0.783162
0.563060
-2.047336
-0.255096
-2.320421
-0.280052
1.086135
0.160340
1.901095
3.448162
-0.364285
-0.753228
-0.347381
0.341388
-1.594731
1.613172
0.274083
0.903944
-0.703861
-0.065190
0.894964
0.496145
-0.397061
-1.762291
1.903437
0.549750
-1.626849
0.756360
0.952203
-3.364311
0.070441
1.504249
-0.480440
-1.000493
-0.827189
0.801584
-0.259498
-2.118195
1.384595
-0.129393
0.865402
3.241165
-1.207504
1.181965
-0.122830
0.562362
1.016417
0.948288
1.014894
-0.874284
0.866259
1.418643
-2.151343
-2.820142
0.467411
-2.831129
2.796054
0.556014
-0.566725
-0.056566
-0.951669
-0.980832
-2.208097
1.999972
0.584987
-0.821616
0.423862
-0.579501
-1.303916
-0.410422
-2.235930
-0.282532
-2.005502
-2.403712
0.785093
-2.321162
0.044494
-0.364124
0.823206
3.214111
0.948676
-0.626601
0.600461
-0.190209
0.701378
-0.373881
3.798036
1.715858
-2.946574
-0.140597
-0.073490
-0.174376
-0.335136
-1.145957
0.164487
-0.986338
-1.008111
-0.349534
-0.937353
1.575640
-0.982828
0.095242
0.130629
-0.104174
-1.787490
0.523830
1.402818
0.901977
0.458436
-0.710743
1.850652
1.183013
-0.827464
1.751629
-0.397112
2.641365
3.732513
1.260318
-1.982512
-1.465400
0.489199
-0.605326
0.898587
-0.915456
3.593469
0.518258
-0.117308
3.398093
-0.715574
-0.511402
-1.274288
3.293785
1.564288
1.912308
-1.708665
0.707785
-0.378758
-1.401915
1.504005
0.196266
-0.465064
1.215599
0.313575
-1.228046
0.271800
2.539553
-1.158378
1.794958
-0.167715
-0.948829
1.527342
-1.278678
2.497712
-1.568673
1.810038
2.121822
0.926853
-0.439785
1.571129
-3.286053
-1.332365
-2.438534
1.145411
1.375417
1.022615
-2.805305
0.127629
-1.578079
-1.431988
-0.093184
-1.281824
-0.460474
-2.009667
-1.179169
-0.188804
-0.791455
-0.737172
-0.083047
0.479831
-0.817017
0.398745
0.366698
1.123766
-1.253354
1.106670
-0.133392
0.721454
-1.098121
-0.029535
1.853443
3.170349
-1.788375
2.077651
-1.120254
2.736539
1.561401
0.467846
-1.714224
1.978478
0.081664
-0.769715
4.814732
-1.646967
0.249387
0.547486
0.365787
-0.297465
-1.062832
-0.296467
0.344493
2.256720
0.886397
0.744375
1.499258
-1.061016
-1.701876
0.360472
2.009979
-2.120221
-1.947652
1.817873
-0.953265
1.510378
1.548768
-1.643937
1.448047
0.192217
4.317982
2.343406
-0.164910
0.491385
-1.630436
-0.263779
1.145654
0.650982
-1.002835
-0.817890
-1.446630
-0.016473
-1.050942
1.910053
-0.039100
3.660653
0.438006
-0.198838
3.401077
-0.136697
-0.243804
-0.140552
-0.179475
0.174515
-0.497950
-0.229070
-1.477007
0.186060
0.524512
-1.405793
-0.986575
1.187432
-0.159252
-1.369430
-0.846053
-1.709194
-1.254448
2.186998
-0.428970
-1.538836
-0.466056
0.561516
4.743259
-1.611821
0.188990
0.995183
-2.294119
-2.836384
-1.771833
-0.459063
-0.184292
-0.698529
1.010439
0.625936
0.865840
1.629347
2.109190
-0.626974
-1.104265
-0.236260
-2.436576
-2.461226
0.513336
-2.913024
-2.342428
2.494213
4.443315
0.599967
0.124445
-1.723476
0.702802
3.035701
0.190233
-2.189660
-1.435615
0.531631
-0.253811
-1.370535
1.406338
0.928472
-1.413055
-0.246280
-0.079277
0.053625
1.405696
-0.819103
-0.748964
0.771797
0.160188
-1.124529
-3.203898
-1.155619
-0.889472
-2.369683
-0.423716
-0.900364
2.266700
0.562122
-0.666960
-0.695704
-0.438184
2.201004
-2.110590
-0.723571
0.197815
0.544956
-0.164245
-0.483058
0.145219
-0.799191
2.210857
-0.704881
-1.686557
1.918583
0.787066
1.262438
0.266101
4.272850
-0.854254
0.052230
-0.734013
0.841642
-0.563035
0.144028
-1.988043
-0.419016
-0.923419
0.518306
-0.627355
-0.724182
-2.128407
-0.295575
-2.477341
0.592993
2.307300
4.818931
-1.111214
1.292036
-1.458272
-0.303697
2.392206
-1.198039
0.456941
0.950119
1.036488
-0.093664
1.443919
4.961407
0.528285
-1.141587
-2.492173
-0.579841
-0.153550
0.183872
1.117490
2.429312
-1.649340
0.156363
1.457875
-0.840379
-0.263041
2.745546
-0.878361
1.964039
-0.485840
0.537485
2.118358
-0.195464
-2.666043
0.500438
-0.395978
-1.083384
0.332926
1.097966
0.121251
0.541010
-1.884099
-1.451986
-1.016329
0.161832
0.749354
-0.163495
-0.731514
0.516728
-3.396196
-0.717594
0.499432
-1.589530
-1.939837
0.795967
4.593314
-0.827258
-1.333742
-1.785538
1.515628
0.364181
0.756428
-0.163269
1.625581
1.158677
0.374339
1.693184
0.411505
1.436223
-3.051508
0.297612
-0.128643
-0.853561
0.889310
-0.579832
-1.174590
-1.006171
0.293250
3.285214
1.245177
-0.552358
0.847300
-0.174619
-1.279559
-0.961495
-0.206781
-0.423009
-0.053268
-0.439871
-0.296698
1.775221
0.295297
0.241553
-1.084246
2.864474
1.092846
0.566924
2.617309
-0.156864
-1.929273
0.771724
-0.141523
-0.381058
0.592387
-0.876458
0.604797
1.796349
0.441758
-0.236304
0.503497
0.338983
0.211197
-0.952220
0.638823
0.742131
0.360209
0.684796
-0.574162
-1.095140
2.300754
1.039544
-0.536070
1.192421
1.134480
1.125132
-0.395149
-1.033130
0.381212
3.866427
1.202225
0.773197
1.516379
-0.402580
0.951828
-0.100705
1.820869
2.759505
2.588412
0.282716
-1.176453
0.153044
1.169826
-0.312277
3.556058
-0.037472
0.646889
1.632232
-1.983390
-0.478741
1.444611
5.071784
-0.600145
-0.446970
2.633776
-0.968266
-0.291664
-0.308241
0.025960
-3.052715
-0.695709
0.083886
1.455588
-1.363744
1.483651
-0.176032
2.099312
3.298629
0.775332
-0.111964
1.465097
-0.152179
-0.436358
3.725449
-1.417715
0.924055
4.342761
3.767768
2.189900
-0.112214
3.679635
0.249732
1.541149
0.953340
-2.534440
2.643001
-0.914574
0.131294
0.220445
-0.991302
1.297873
2.159693
1.967582
0.435003
-0.068403
0.406343
-2.035687
3.211260
0.361427
1.880905
0.244588
-0.175690
-1.818457
-1.431935
-1.050840
2.554974
1.365664
2.294491
0.867701
-0.228352
1.932424
1.459278
3.118096
1.053246
0.283474
-0.194362
-1.180039
-0.316704
-2.009592
-0.723134
1.720524
-0.489823
-1.247058
2.483092
1.978648
-2.258910
1.558139
-0.622044
4.856843
1.261294
-1.713083
1.406600
-0.783760
-0.576896
-2.478608
1.211262
0.131323
0.576239
-0.542171
-0.371635
-1.716852
-1.217435
0.563547
-1.295959
0.388662
-0.574551
1.905129
-1.204217
0.705031
-0.512359
0.455453
-1.856451
0.370809
-0.235644
-2.196883
0.433535
3.237454
4.185234
-1.343668
0.318577
2.090825
4.868680
-0.936701
-0.211264
-2.578636
1.878875
1.406258
-0.404879
-1.689814
-0.109796
-3.103581
0.543224
0.457118
0.692427
-1.880671
-0.539270
-0.892052
4.536996
-0.317985
1.466216
-0.382394
-0.578331
0.361673
-0.547532
0.243293
-0.395322
-1.724385
1.073703
-1.437240
-1.049878
-0.735733
2.442470
0.233004
-0.629393
1.006245
-0.122861
-0.253951
1.901398
2.362276
0.987660
1.234620
0.949189
1.178289
-2.183481
3.880408
0.955840
-1.068588
-0.446673
0.997468
-0.083326
-1.410846
-0.137916
-2.283665
-3.408733
-1.396197
-1.060089
5.040286
-0.993985
0.876706
1.711013
0.955486
0.440439
-0.735576
-0.345796
-0.413164
1.600321
-1.957545
-0.892509
0.630986
-0.806469
2.805197
-1.373971
0.146639
0.623611
5.186930
-1.408073
-0.823413
-1.565350
1.022216
-1.582043
0.310626
1.142126
2.471712
0.481691
-0.570108
-0.686329
-0.601610
1.885598
0.016343
-1.094486
-0.152841
-2.262757
2.611316
0.155835
-1.199310
-0.639768
-0.298694
-1.337609
-1.725583
0.007069
-0.422523
2.765155
-1.806214
-0.182235
0.662389
1.252762
0.364746
-0.579297
-0.787608
0.032464
1.579975
-0.768846
-0.089369
0.691786
2.045407
-0.742729
0.467844
0.868755
-0.369265
3.930279
-0.569852
-0.654064
1.180214
-1.092043
-0.250425
3.810222
1.609597
1.523106
1.563161
-1.635758
-0.547636
2.735102
0.466750
-0.782719
-2.175015
-0.244348
1.077395
0.797575
0.915825
-0.415942
-0.039953
-1.363297
-0.103604
0.073001
1.786403
-1.213512
2.324161
-0.078768
1.201958
1.154340
-0.439384
-0.140882
-0.183387
1.519558
0.695630
-0.179953
-0.050726
0.066029
3.543683
3.620349
-0.613121
2.902469
-0.855167
2.590549
-0.182121
1.503734
0.099700
0.749954
0.075737
1.404892
2.714151
1.400146
1.726436
-2.623095
1.209923
-1.040298
-0.039148
0.312349
2.666356
2.813417
1.101262
-1.370329
-2.168290
-0.407455
1.126803
1.240009
1.384713
0.716847
-0.587443
1.646493
-1.177009
0.131945
0.818890
3.747567
-0.705110
4.925360
-0.539852
2.793282
-2.251955
-0.442613
0.015743
2.076995
-0.649361
-0.293760
0.184026
-0.415253
1.129607
-1.114508
-0.925222
1.314169
-1.547792
-2.946371
-0.954538
-0.369496
1.264117
-0.246251
-1.924032
0.437329
-0.650429
0.041408
-1.910028
-0.034091
3.666725
1.093459
-1.747300
1.298666
-1.582849
1.989366
2.686974
0.668187
2.644102
0.301048
1.032949
-0.471931
2.663779
0.114531
-1.702755
-0.857040
0.302221
0.950892
1.511448
0.979342
-0.059380
0.315572
2.082410
-0.002835
-2.544729
0.820989
0.936448
-0.123695
-1.827931
-0.214040
-0.729735
0.460670
-2.287841
-0.970324
-1.099336
3.189950
-1.356589
-1.477965
-2.559224
-2.880726
-1.302477
-0.488505
0.971573
5.926610
-0.402958
-1.568574
0.326239
-2.814005
0.275028
1.575860
-2.193089
-0.077801
0.525126
-0.788395
0.991960
-0.613795
-1.644171
-2.669560
2.216120
5.775405
1.136218
1.804496
-0.976900
0.320905
-0.844332
-3.067414
0.374155
1.716661
-0.593019
1.738435
1.155537
-1.772564
0.538570
-0.209706
-0.719988
-2.141514
-0.626045
-0.011211
1.980785
-0.552551
-0.935981
0.852108
-0.016958
-0.492227
2.348066
0.672606
-0.889888
0.545944
0.574381
0.786894
0.850941
-0.663678
2.109649
-0.974512
2.021059
1.914163
-2.117868
2.382914
-1.081273
1.327280
2.670999
2.905274
-0.408470
-2.042592
-0.494505
-1.394546
-0.644643
1.082196
1.658288
2.122138
-0.337821
-2.463140
0.145059
-0.336843
-1.439777
-0.397741
-1.499737
-1.060977
0.055333
0.240439
-2.037074
0.265110
0.217092
-0.421014
-0.550924
1.221034
-0.045152
1.818290
-0.463895
1.002303
3.683846
-0.190271
1.166586
0.295967
-0.858551
-1.292419
-0.039927
0.984601
2.562833
-1.795574
-0.705910
0.497716
-0.182337
2.893939
0.840827
-0.201382
-1.127688
2.856155
0.400790
-1.569890
2.270170
3.003276
-0.117496
0.136216
-1.413429
1.885506
2.142501
3.739590
2.474733
0.101429
-1.813366
-0.734748
1.358967
1.380331
1.071136
3.072378
1.435430
1.435254
-0.028342
-0.662478
0.004324
0.946789
-1.964550
2.518794
0.873792
0.019459
-0.906443
-0.867032
-1.149015
-0.338573
2.233388
1.673836
-0.970285
-0.803962
-1.852396
-0.996838
-0.503231
0.942985
-0.910884
-1.062490
-0.409072
-0.753679
1.074876
-0.749547
-0.737556
-0.577239
0.934066
1.290977
-0.679609
-1.143626
0.788998
-0.664102
-1.091392
3.469803
-0.068786
-1.773399
-0.867588
1.918354
-0.760378
-0.383670
-0.520143
-0.315173
2.068204
0.502289
0.506502
-0.667597
-0.181514
1.708692
-0.635210
0.810169
-5.203993
0.029147
0.973881
2.700708
0.363906
-0.887123
-1.213202
0.519535
1.427181
0.261365
1.410551
-1.885242
-0.223449
-0.078718
3.809989
-3.428970
3.366599
1.502670
0.374506
-0.216236
0.752718
-1.345217
-0.647671
-2.709982
-1.774813
0.345546
-0.947020
0.666392
-1.918339
0.057608
0.691774
-0.549143
-0.450181
1.042109
1.439917
-0.579576
0.166763
1.661810
-1.028090
0.319177
1.137679
1.581015
-1.078103
0.092799
0.078792
0.252260
0.054368
3.081797
0.636193
-1.200252
0.142864
-0.939704
0.304259
-1.400942
0.292619
-0.742460
-0.471475
-0.942870
-1.526942
-0.555763
3.002663
-0.582956
1.211062
-0.925490
-0.586461
0.259571
1.031439
2.518183
-0.717705
-0.284295
2.553698
-0.639006
-1.326122
-1.119659
-0.292465
1.259664
3.376793
0.929528
1.491418
-1.339189
-0.069042
-2.147447
-0.874590
0.701456
0.982503
2.995605
3.335412
0.088888
-0.310102
-0.876401
-0.456235
-0.871210
-0.324066
3.129117
-1.088745
-1.754365
1.149919
-0.986783
-0.256661
-1.076851
0.991290
-0.762887
3.667442
1.591100
2.828281
-1.954704
-1.199881
-0.452010
-0.008497
-0.753315
2.014082
0.857440
0.685973
0.157463
0.527844
-0.865884
0.907386
-0.609932
0.526833
-0.551067
-0.746764
3.511486
1.149651
5.305232
0.174602
-0.964258
1.622232
-0.998706
0.619437
-1.041441
-0.335693
-1.358133
-0.306778
0.329422
1.635427
0.868410
-0.717632
0.135021
2.207404
1.268232
0.091017
-1.507862
3.316931
-0.045422
-1.436839
-0.984908
0.556127
0.154493
2.339108
-2.491587
-0.086966
2.724854
2.258518
1.411408
-0.009206
-0.005708
-0.523546
0.554038
0.285899
-0.334899
-0.463889
-0.943293
1.213301
-1.730974
-2.065614
1.361657
1.698334
2.618419
3.075842
0.888956
-1.298568
3.629435
-1.065952
-0.268378
3.062704
-0.992390
-0.286350
0.274900
1.206055
-0.511440
1.484232
-1.180774
1.321353
-2.584543
-1.462623
-0.484267
2.029687
0.965686
0.488854
-1.082861
0.167476
-1.701385
0.241211
-1.656607
-2.422098
-1.118074
0.362777
1.005011
2.619815
-0.710747
-1.139057
0.514165
-1.227064
1.859077
-0.659759
-0.441039
0.880309
0.557285
2.730016
0.075363
1.826881
-1.094482
0.683514
1.354588
-1.719447
2.662646
3.060598
2.286244
-1.320538
-1.377589
1.188756
0.937099
1.765267
-1.356612
-1.073011
-0.365780
-3.375237
0.760532
-0.379840
3.803240
-2.123828
-0.045122
1.279444
-1.011927
-1.563822
1.109591
3.881304
-1.427354
-0.424659
0.736395
0.925377
2.915058
-0.824584
-0.371312
0.214450
0.929868
-1.477236
-0.502850
-1.567874
-0.314100
-0.112866
2.087086
-0.353920
-1.745558
0.265523
0.228742
2.567204
-1.475518
0.596678
1.601414
0.863233
-0.755141
-1.998986
0.327371
0.143890
0.717042
-0.094032
0.061515
0.417090
-0.633483
0.945986
-0.796106
-2.390139
-0.261050
-0.665520
-1.343811
0.318800
-0.619296
1.588744
0.223409
-0.618765
1.473508
-0.354695
0.397850
-0.735535
-1.386400
-2.158907
-1.068757
-0.489548
1.432612
0.217734
0.066617
-1.438399
-0.180610
0.082938
1.461888
1.558721
-0.119347
-0.442635
1.886292
0.519636
1.148505
1.504437
0.555891
0.468333
-1.991482
-0.878800
-0.534068
2.097050
2.119369
2.324594
3.524328
1.775081
0.668412
-0.047820
0.746497
1.939254
1.079155
2.104963
-0.747635
1.951005
-1.842843
-0.297516
1.682712
1.447011
-0.620821
1.089587
3.491881
-0.552096
-0.271271
-2.375380
0.102500
-0.362040
-0.029118
-1.816260
-1.010932
1.657087
0.650326
0.495472
-0.700763
1.029624
0.429101
-3.232410
-3.304127
0.885776
5.049064
0.315136
0.110743
2.570358
0.483595
0.117786
-0.067689
-1.058038
1.542709
0.445557
-1.172044
2.289793
-1.832724
-1.202040
2.003986
0.160627
4.125386
-1.343747
-1.659752
-1.328987
0.475181
0.545496
-1.183323
2.984287
-1.142865
2.473391
-1.799651
-0.922966
-2.464727
-1.208136
-0.643320
-0.557004
-1.438910
1.389400
0.057685
-0.921534
-0.911936
0.954351
-0.075800
-1.940049
1.572363
-1.336356
1.308730
-0.735974
-0.498562
1.153559
0.517065
1.079755
3.207098
-0.899790
2.327005
1.178686
0.026732
0.899382
0.208887
1.227680
0.423386
0.783494
0.351995
1.872026
0.271094
-0.923578
-0.190395
-0.501158
2.258406
-1.513125
1.133179
0.132966
0.202366
0.075691
-1.349939
-0.855322
0.335883
0.844852
-1.006525
-0.443702
-0.508544
1.432176
3.006337
-0.365648
1.648856
1.865693
-0.764120
1.282212
3.523331
1.667334
-0.605963
-0.470298
0.209472
1.737507
1.782887
1.283014
0.056416
0.984895
0.113600
3.569703
-0.385283
2.393875
2.371816
-0.998644
-1.011210
-0.235565
-1.189326
-0.389557
1.128568
-0.621604
0.564788
2.150657
1.194870
0.591004
-0.968249
-1.091773
-0.142369
1.611518
1.185798
4.215450
-0.149172
0.387555
-0.157200
-1.318667
1.891083
-2.261100
1.224801
-1.534438
1.698804
-0.046736
-1.456207
3.251216
-1.533683
3.083162
-1.144882
1.284010
-0.465922
0.686311
2.221579
3.321295
2.174970
-0.303759
-0.275061
-0.770793
0.019834
1.806023
-0.252652
-1.950199
-0.840852
-0.474712
-0.014357
-0.252662
0.282602
1.110944
0.605722
-1.034636
0.996900
-1.527572
-0.002592
1.058055
-0.847195
-0.040195
1.096773
-1.294304
4.427068
-0.005526
-0.235625
-0.058973
0.290927
3.466022
-2.579097
2.782398
-0.284381
-0.095592
2.685724
0.448758
0.058304
2.864362
0.660693
2.717904
-2.568288
-0.740110
2.796873
-1.014789
1.108786
3.658981
-0.489998
0.241632
0.158335
-0.344236
1.505551
0.951565
2.857682
-0.389893
1.261861
0.741634
-0.589011
2.023447
0.690598
1.142435
2.088751
0.213914
0.373609
0.993567
0.405402
1.054058
0.915436
-0.404838
2.130693
0.484656
2.131734
0.451739
0.487011
1.262123
1.311418
0.986860
1.762295
2.546688
2.257762
0.809911
-0.852898
0.174859
0.011826
-3.192402
2.027407
-1.308169
-0.625516
-0.381586
0.870847
-1.890907
1.709087
0.997151
0.013620
1.050620
0.622234
1.477750
-0.302605
3.242598
1.718103
2.759980
-1.043277
0.089859
1.676111
-1.024056
-0.750132
0.199231
0.140194
4.194887
-1.553387
0.056302
1.317672
1.419087
-0.527149
-0.678919
1.383888
-0.658081
1.025163
2.534830
0.788462
-0.693977
-2.647862
-0.805217
1.396967
1.946849
2.065480
0.994409
-0.728989
0.684452
0.537535
-2.478486
-1.974259
1.197237
1.413688
2.099748
-0.292245
2.374614
2.079273
0.791915
-0.470043
1.911021
-0.879893
-0.896068
0.924362
1.126736
-0.833571
-0.212213
0.763493
-1.443495
0.339308
0.287799
-0.006020
0.319727
-1.324149
-1.442117
-1.580815
1.079509
2.165127
0.073947
-1.567953
-1.637972
2.263635
1.921543
0.209034
1.135779
-0.306686
-1.572312
-0.732999
3.073913
2.664153
1.264428
-0.377446
1.187476
-0.285592
-1.310041
1.148437
-0.668807
-0.157015
1.275070
-0.342761
-1.515656
0.438603
0.178316
0.211754
3.664274
4.943209
1.612671
-1.096384
1.097629
0.131765
0.808608
1.281700
0.938727
-0.214648
1.750680
0.673377
-2.567075
0.526211
-1.172432
-0.532062
3.167856
-0.532646
1.449723
-0.388111
0.509195
2.727723
-2.924504
-0.710481
-3.292114
-1.128636
-0.352424
-1.259324
2.213842
0.089616
2.471011
1.266629
4.630398
2.663277
-1.500598
0.427849
2.190982
0.241814
0.476428
-0.679575
-0.489204
-0.992732
1.331012
-1.127373
2.960573
2.106376
-1.081497
-0.455025
-1.111529
-0.819685
-2.471185
-0.826835
-0.628362
-0.136666
2.200047
-2.303488
-0.427053
-0.178938
-0.693179
0.612372
0.276501
-0.180381
3.735650
0.043731
1.180804
-1.695414
0.689047
0.691196
0.838131
2.080710
-0.031384
0.800252
1.424290
-0.649573
0.326092
3.073469
0.634718
-0.885117
0.877832
1.030963
-0.201837
0.532699
-0.950861
-0.282748
-0.783399
-0.998384
1.220040
0.691151
-0.116691
0.971596
-0.518717
0.790796
0.296117
-2.157704
1.122284
-2.231996
0.624350
0.712987
-0.836128
1.183524
-0.878583
0.748425
-0.993554
0.211295
-1.570859
0.424337
0.065036
-0.416426
-0.997283
0.580632
-1.701793
-1.108454
0.836803
-2.281994
-0.347750
-1.827885
-1.280154
3.608388
-0.127442
-1.361495
2.488692
-2.214324
-0.441133
-0.612377
-0.918637
3.224628
0.227435
0.086761
0.058516
1.020618
0.459157
1.825447
0.156300
1.370177
-0.183816
1.516480
2.008450
0.225918
3.464200
-0.697165
-0.299347
-1.297656
4.878930
-1.715875
0.928996
1.995654
-0.724080
-0.309949
0.206792
1.071823
-1.713768
0.702892
1.604912
0.547932
-0.169508
0.211418
-0.589242
-1.633924
1.056116
0.168430
2.134597
-0.729855
-2.024430
0.703396
-1.521141
2.143140
0.652965
-0.444616
0.320249
-1.453831
0.339649
-0.966277
0.948314
-0.212726
-0.250219
1.857197
1.745564
-1.602709
4.559425
-0.339159
0.991384
-0.955873
2.074722
2.433989
1.521879
-1.136575
1.748187
0.608611
0.085055
-2.496588
-0.953275
2.479277
-0.147664
-1.170874
3.932735
1.827024
2.243070
0.097383
2.095048
1.060050
1.094763
-2.930507
3.702419
2.196977
-2.241292
1.003154
-0.517652
0.130365
-1.279140
0.666473
-0.697040
-0.436917
-0.550554
0.012163
-0.090599
-0.091730
0.322843
-0.714141
2.122297
-1.641391
0.861026
0.051025
-0.215737
-2.001510
0.238021
0.569560
1.538008
-0.560431
-0.419128
-0.013663
1.827452
2.345662
3.715885
0.692889
1.278916
3.133536
-0.296068
-1.667642
-1.258016
-0.646198
1.217587
1.965809
-0.917560
0.179315
3.198154
-0.763307
-0.191165
1.359465
0.772914
-1.714771
-0.008846
-0.201136
-0.712473
0.062113
1.821907
0.109234
2.106147
-2.026163
0.894906
-2.035130
3.168429
0.407531
1.767655
-1.900764
2.012173
0.002072
1.854481
1.673229
-1.188944
2.875879
1.364962
1.409336
-2.988876
0.879831
-1.467520
0.120579
0.521552
0.407273
0.535151
-0.887429
0.061706
0.196560
1.347401
0.575755
0.713604
0.786147
2.354779
-0.070872
1.193350
-0.640934
-0.161818
0.782344
1.095994
2.816722
0.537593
-1.482079
0.242778
0.759768
0.635994
-0.698213
0.748102
0.875865
0.911859
0.176987
0.408420
-2.426757
1.197647
-0.288879
-0.321209
3.325909
0.182400
-1.100315
0.974241
1.457836
1.979922
1.822853
1.527985
-0.190155
-0.713364
0.247872
0.287914
1.677125
0.383816
-1.765691
0.743905
1.501428
1.967944
-1.059329
0.326947
-0.275399
-0.626315
0.601555
-1.035775
-1.172433
-2.069611
2.522753
-1.111899
0.779733
1.785255
-0.822277
-0.092839
1.826623
-0.299632
1.150989
0.325111
-1.113586
0.743163
-0.286749
0.490755
3.747830
-1.016966
-0.552990
1.183920
0.147580
1.888487
-0.853322
0.255987
1.274362
1.643390
0.915020
-0.106104
1.887514
-1.328377
-1.248638
-1.049734
-0.262045
0.470476
-0.456365
1.376051
0.375224
-1.342831
2.087176
0.757358
-0.321540
-1.123064
-1.680422
1.793797
-0.504235
-0.175268
0.338501
0.240381
3.090895
-1.205179
-1.048818
-0.366500
0.495413
1.934814
0.913725
0.030636
-0.460048
-1.033323
1.687156
1.359425
1.111271
-0.237471
-0.936214
0.791660
0.290724
0.764164
-1.443778
-2.727871
-2.006038
-1.438768
2.658227
0.652770
-0.120749
1.595487
-1.930116
-1.629174
2.701060
-2.318094
-1.574074
-0.645622
0.360989
-2.938367
0.287596
-1.531114
-0.209608
-1.520561
0.516866
3.161785
-0.485465
2.649276
-0.451815
-0.878561
-1.793874
0.278195
-0.797405
-0.357879
0.439721
0.285177
-1.929448
2.853034
-0.993113
-0.387888
3.014169
0.256841
0.680199
2.794973
-1.408597
0.227298
0.687953
0.196934
0.401023
-2.197225
-0.991438
-0.457905
2.184361
-0.798904
-2.025558
0.769303
0.250910
0.348201
1.905483
0.005130
-0.780445
-1.068147
1.317338
0.206363
-1.190470
0.660701
0.349355
1.780932
0.997653
0.469270
0.064980
-1.344811
-2.254617
-1.166918
4.479745
0.764129
1.587739
0.687423
-0.024776
0.773512
-0.723301
0.336052
-1.727144
1.888868
-0.558537
-0.189561
2.982817
-1.158441
-0.683793
0.981164
-0.425425
0.702887
1.360173
1.870406
3.142838
-0.934755
0.168193
2.577220
-0.707796
2.411883
0.633971
0.178852
0.506954
0.083477
1.284346
1.532538
0.793670
-0.469568
0.223333
0.987284
2.110458
-2.389669
-1.036027
1.994227
0.591923
0.482612
-0.061157
0.039594
-0.963650
0.944989
1.658083
-0.399773
-1.814363
-0.503977
-1.011890
4.136722
-0.683873
0.160089
1.165995
-0.062843
0.484327
-1.616195
-1.808146
-0.186775
4.083884
-0.033466
0.310245
-1.179243
0.171801
1.252612
1.090097
0.990814
-0.995386
1.008639
3.202773
3.814989
0.391886
0.417347
-1.330913
3.529049
1.510182
0.233534
-0.492979
0.769207
2.675164
0.112022
0.594851
4.205893
0.379078
-1.274843
-0.843427
-1.929865
0.272342
0.817004
1.919166
0.809239
0.726802
-1.067398
0.948289
-1.518502
2.190477
0.235356
-0.098855
-1.845028
3.382281
-2.151076
-0.153345
-0.025626
3.122636
0.089672
-0.930281
0.473176
-0.386366
-0.384463
-0.042861
-0.099374
3.562844
0.312852
-1.425318
0.124248
0.682433
0.888379
0.134196
-0.769208
1.322585
1.245776
-0.607521
1.781884
0.618363
0.347981
0.592767
-0.865105
1.109797
-2.299816
1.995296
0.259214
1.145821
0.882522
-0.328180
-0.840985
-0.901479
1.535373
1.104594
1.089457
-2.007986
-1.850944
-2.289906
-0.450505
-1.579569
0.973887
0.003768
-0.143821
0.811080
0.513245
-0.611944
1.027184
0.724781
-0.783505
-0.439212
0.633442
0.865037
0.130719
-0.764834
-0.318913
-0.463236
1.662710
1.294396
0.513038
1.096188
0.496976
-0.745610
-2.594650
1.179082
1.458383
0.706397
0.022405
-1.195237
-1.588206
-0.698986
2.254336
0.275106
1.188522
-0.014378
0.429406
0.423645
-1.990919
0.580891
-0.777154
0.979189
3.670904
0.705845
0.131365
-0.547231
-0.582224
0.833519
-0.970951
-2.656678
-0.443081
0.802072
2.247552
0.689809
0.276216
0.024531
-0.701815
-0.822456
-2.208948
0.736851
0.046893
4.099408
-1.130754
-1.516891
1.188364
-0.990558
-0.538110
0.939819
-1.244202
-0.827313
1.195685
1.177868
-0.294151
1.981907
1.289593
2.483012
2.425935
0.557986
1.150760
0.055846
-0.755700
1.340089
-1.470539
1.115523
-1.221580
3.635154
1.227817
2.095794
1.017123
-0.274990
0.677213
0.470429
2.486879
-0.457518
-0.406605
0.562813
-1.580960
0.809335
1.489106
5.322690
0.202882
-1.159351
-1.742033
0.402227
0.247447
-1.358712
0.933924
2.104270
0.389451
0.651986
-1.805807
-1.219740
0.410688
1.397200
-0.064917
-1.519336
2.106269
-0.425573
-1.493216
-0.500433
-0.566479
0.738852
-0.198478
-0.664046
2.154114
-0.728163
-1.190400
-2.443013
1.703179
2.036770
0.387725
-0.904095
-0.179156
-0.129849
0.623018
0.386975
-1.159298
-0.085264
2.873345
-0.387481
3.456008
-2.226568
-0.220102
0.072555
-0.931680
0.073371
-0.485762
-0.457017
0.899117
-0.690923
2.862120
-2.859107
1.396309
1.315780
1.598500
0.511708
1.545397
0.981988
-1.205862
0.870808
-0.298000
-1.377937
-0.402693
-0.448667
0.677658
-0.178534
0.682001
-1.197014
0.057385
0.778050
-1.118754
-1.144984
2.049014
3.578779
2.343530
-1.268672
-1.733506
-1.592869
-1.175510
0.139700
-0.292150
-0.437021
-0.242798
-0.288526
1.002973
2.119119
0.467280
1.654586
0.315526
-0.224853
1.985569
0.614359
-2.475575
0.504179
-0.601548
0.378297
-1.896711
0.365307
2.122402
0.987497
-1.033583
-0.193680
-1.125580
-1.168745
-0.949307
4.016066
-1.806077
1.228068
-0.254587
3.050063
1.516892
1.865804
0.420419
0.560502
-0.595705
1.157190
1.003281
1.553499
3.862731
0.942334
0.611431
5.133403
-0.851772
1.638947
-1.040926
-1.879900
0.962420
-0.577134
-1.796820
1.960710
0.574586
0.904858
-1.255643
0.258792
1.649349
-1.293232
0.812490
2.248314
0.827538
1.217747
1.085940
-0.881083
-0.131430
1.522156
2.229122
0.992936
0.099209
0.370122
0.755441
-0.366308
-1.649391
-0.723689
1.383212
-0.663184
1.302034
-0.359842
-0.168721
-2.250952
0.915768
4.093896
0.947830
1.323078
-0.309672
-0.465231
0.000514
-1.823217
-1.369977
1.753005
-1.383888
0.987513
1.761891
-0.483279
-0.333508
-1.115210
0.847916
-1.605467
0.566593
-0.240938
0.954689
1.789679
0.972733
0.647918
-1.522999
-0.224433
-0.016875
-0.734177
1.213760
2.272469
0.386439
-0.454400
0.302111
0.139574
0.508624
2.151638
-1.384793
0.706665
1.968229
1.290440
-0.237287
0.266960
2.003236
0.485511
-1.620494
0.012263
0.999506
2.088543
1.750494
1.012718
-0.189349
1.829412
-1.148118
2.732697
-0.080987
-0.597772
0.625068
-2.106588
2.937630
-0.907687
1.217582
0.227856
-2.628902
-1.053852
0.328463
-0.577922
0.735805
-1.096750
1.288986
0.798518
-0.127508
0.491845
-0.545684
-0.796070
1.036235
0.437021
2.016279
1.504940
2.320664
0.311338
1.421872
0.508414
-0.918383
0.904223
0.038613
1.627697
0.921903
2.490112
0.170094
0.314362
-1.098319
1.267311
-1.015437
2.539237
0.989634
1.212175
0.015454
1.548775
2.687614
1.578858
0.980595
-2.290580
-0.245635
-0.508321
1.096376
0.199407
0.568863
-1.739402
-1.812559
1.057423
1.743838
0.711434
-0.674837
-0.348857
-0.610293
0.949440
1.239779
2.840535
0.183331
1.711916
-0.785354
-0.491626
2.748376
2.690495
0.062069
2.899296
1.160991
0.221479
1.570187
0.268128
-0.682783
0.187597
2.945739
1.154290
-0.339673
4.021451
0.714244
-0.080418
5.767359
0.188310
0.428568
0.235256
0.726640
1.055815
-1.214496
-1.582605
2.323334
3.907588
-0.502550
1.351362
-0.019976
-0.493863
3.507096
1.211905
-1.833516
-0.034933
-0.832093
2.429071
0.071846
-0.058711
0.856552
-0.599245
-1.153792
-1.225199
0.586343
-0.505061
0.358888
1.862601
1.797470
0.801466
-1.570670
-0.225916
1.220177
2.029669
0.107057
0.536500
-1.351007
0.357436
-0.853572
1.634813
-1.086169
2.417698
0.863484
2.686598
3.091641
0.564414
0.064944
0.505972
0.896016
0.415893
-0.823844
0.846856
-0.349236
0.322428
0.077286
0.870832
-0.134478
-2.947146
0.704741
2.548623
1.404453
3.499349
-0.022418
0.690982
-0.479757
0.620430
0.447047
0.847400
4.566783
-0.893378
0.386147
0.427928
1.302966
0.183109
-0.026322
1.863579
-0.392377
2.926468
-1.130185
3.549531
-0.151664
-0.082470
-0.091426
1.056762
2.252578
2.915569
-1.709324
-1.247067
1.027625
0.831011
-0.041190
-1.078022
1.375591
0.068792
1.463973
2.940643
1.180012
-1.462053
0.911704
-0.828801
1.647121
1.612925
-1.273227
1.607008
0.563400
-0.408183
0.443952
-1.721306
1.008938
0.592062
1.490338
2.148068
1.633956
1.494422
-2.878464
0.725083
-0.313460
0.418797
3.278513
0.985707
-0.304333
-1.250985
1.060903
-0.030238
-0.075652
0.265703
0.718026
0.326587
-2.290220
-0.770649
2.008620
0.681930
-0.662588
-0.354973
-0.875485
-1.871737
-0.984802
-0.258950
-0.464238
-0.655079
1.119321
0.574972
2.135715
3.574463
2.367909
0.156344
-1.154077
1.790358
-1.622182
1.228884
0.564791
0.430931
2.157517
-0.960266
0.218572
2.012367
3.132401
0.915557
1.401633
-0.728520
-0.012526
-1.767591
-1.168050
1.824905
-1.278560
3.133007
5.104003
3.421823
-0.941292
0.330389
-2.407405
2.047074
-0.510248
0.454848
1.033731
1.309032
0.542971
1.486861
0.699721
-1.439567
1.246974
-2.063657
1.326885
2.056379
2.551890
1.581106
2.052585
1.034567
0.047857
2.310967
2.918355
3.490161
-0.195488
-1.390851
2.167173
0.949958
1.842183
3.418632
2.143950
-0.480550
0.638439
0.362475
-0.372424
0.660317
4.448391
1.726966
-0.462905
-0.133989
1.422823
0.589776
0.911140
0.285168
-0.340936
4.206799
0.270795
2.601588
0.703822
-0.034218
1.433396
0.376274
3.486821
-0.177743
-0.259102
1.191264
-0.978583
1.978010
-0.533847
1.628893
2.382343
0.600509
-0.496059
2.016335
-1.388455
-0.837261
0.286955
0.076382
4.718992
1.063168
0.032272
0.719621
0.014732
1.668864
-0.473915
0.033603
0.185847
1.088266
1.520500
1.916214
0.531244
-0.165077
1.860480
1.014231
0.782970
0.235772
-0.000887
2.773394
1.334505
1.549975
-0.025837
0.963968
1.540385
-2.040262
3.061335
-0.727892
2.624321
0.366680
0.647200
-0.664303
0.089254
0.278937
0.498641
0.096487
3.527071
-1.497826
-0.737926
0.838367
-0.067641
0.915300
-0.308204
0.972634
-0.730102
2.085814
0.907968
-0.726856
-1.622284
-0.504838
-0.164077
-0.439725
1.092800
4.220459
-0.530141
1.714964
2.647400
-1.278250
-2.218817
-0.772859
2.398916
0.603768
-1.948412
-1.262870
1.543741
0.537958
0.339581
0.973642
0.949417
-0.513374
2.237087
-0.777250
0.514490
3.261889
3.418348
3.849571
-0.067789
0.364226
-0.968960
1.127593
-0.170083
2.743615
1.704486
2.221584
1.258774
0.505547
-1.726189
-0.619201
-0.142279
1.014707
-0.133533
2.301058
2.806990
0.571207
1.222297
-0.918112
-2.043935
-0.769097
0.348177
2.320951
1.914468
1.176518
-0.792170
1.909484
-1.334158
-0.080942
-0.749820
0.441284
-2.661585
-0.509813
2.266118
-1.211382
1.176336
1.976076
-0.469558
0.820004
4.900508
-2.277781
-0.543238
0.591090
-0.989850
0.647318
0.614832
-0.971747
4.555029
0.712589
0.843923
1.595315
0.148034
2.241345
-1.656385
1.108950
1.926146
-0.031276
0.724858
0.078325
-0.837280
-1.201856
-1.680219
-1.128644
-1.269695
-0.532034
1.094848
-1.792698
0.908098
0.555842
0.251222
4.393037
0.796004
0.033775
2.582525
-0.870594
-1.946651
0.874901
1.405069
-0.988860
0.843297
2.817421
2.573600
-0.085129
0.444952
-0.542181
-1.513228
0.854947
0.913570
-0.064710
-0.036725
-0.882211
0.541395
3.262436
1.785124
1.625319
-1.862912
-0.112532
-0.714695
0.470829
2.072198
1.761559
-0.436129
0.105078
0.639786
-0.398763
0.107663
2.864318
-0.698836
2.652615
0.358858
3.161126
1.523047
0.114391
5.507512
-2.286876
0.145525
0.109615
1.817325
2.485879
-0.037361
-1.280740
-0.692025
0.424870
2.511858
0.241914
-0.619384
-0.374182
-2.222943
3.103695
0.153405
0.636201
3.437475
-0.912144
-1.480600
0.971147
0.481384
-1.362959
1.814653
0.508033
-0.039553
-0.445886
1.281328
-0.658272
0.127645
-0.059191
-0.555867
2.222289
-0.885310
2.218047
-0.731997
-0.693429
-0.033503
1.632389
-0.255262
1.175578
-0.250590
0.970623
0.775611
1.026173
1.515066
1.815363
0.164085
-0.832402
1.663677
1.891461
-1.457356
0.900953
0.070083
0.017785
-0.133835
0.851764
2.647084
2.085114
2.886286
2.473791
-0.407059
0.306158
2.269349
-1.169768
2.434357
-0.936444
-0.115551
0.710546
4.288728
-0.394859
0.243580
-0.938121
-2.252094
1.143619
1.433370
0.908272
-0.117933
-2.802480
0.624395
0.412110
0.611632
1.767471
-1.252655
-0.522033
0.069717
-2.925614
1.146651
-0.294544
-0.469013
-0.579875
0.691623
1.517247
-2.773036
0.174944
0.470230
-0.220031
0.615317
-0.308256
2.699488
0.269286
0.585406
1.223153
0.751294
0.280566
-0.166097
-0.025421
0.410152
-0.393268
0.416749
2.124836
0.198349
-0.245429
1.657030
0.437823
0.221942
0.096057
0.128537
1.962569
0.896556
3.173301
-0.744530
1.912549
-0.955769
2.716440
1.518659
0.322826
1.583392
0.782034
1.498742
-1.524861
0.864130
-0.730881
0.920833
-0.348302
1.051961
-0.925043
-1.204211
0.218253
0.584285
1.137458
0.743334
2.440801
0.889912
0.098198
2.078876
1.977910
0.050813
0.397212
0.788951
-1.234469
4.370886
1.808657
1.157887
-1.730379
2.301156
0.306820
-0.693487
-0.842770
1.899595
4.630985
-1.962285
-0.563373
-0.773847
0.874895
-0.331674
-0.234994
1.235498
0.268114
2.283998
-1.267743
1.203391
0.267893
2.395855
1.785259
3.876009
1.111407
-1.256337
1.726475
-0.840631
-1.070376
-0.276963
0.355583
-1.836582
0.901229
0.410822
0.179624
-1.737504
-0.747395
0.785613
0.322104
-1.361541
-0.940617
1.878818
-0.105428
0.307595
0.203365
0.344092
-0.987048
-2.091406
1.799788
-0.444536
0.111322
2.043349
-0.520950
1.449440
0.283263
0.064640
-1.580752
-0.780064
0.003619
-0.193440
1.025071
-1.588691
0.773254
-0.180832
3.522939
-1.024877
0.814491
2.515420
0.081875
2.899853
-0.024430
-2.120810
1.510049
1.355136
-1.998281
2.134360
2.662302
1.728998
1.413015
0.141807
1.499329
0.469236
1.499450
1.810759
0.074197
2.681564
-0.995937
-1.942775
-0.441922
-2.210829
-1.315427
0.602061
0.617312
1.469358
1.351696
0.830917
0.777867
1.470808
-0.398165
-0.595833
1.347283
1.333909
-0.756780
0.323279
1.859968
0.654725
3.799015
0.359139
-2.743397
0.437893
-0.407092
1.039463
1.230119
1.238514
0.330063
1.197375
1.979872
1.351705
1.577459
0.347867
1.778966
2.589540
-1.543175
2.821587
2.623896
1.308023
1.080862
1.942702
-0.226903
1.622072
1.736331
0.279787
0.038682
1.807826
1.485239
0.493283
-0.574738
-0.919847
3.172239
0.677007
2.756323
0.761270
5.058176
-1.338260
1.297750
0.004002
2.016992
0.868569
0.472743
2.069922
1.233228
0.663760
-0.118677
-0.010274
-0.363238
-0.468870
-0.470328
0.536885
2.308045
-1.168558
-0.578626
-1.901209
2.310489
1.759934
2.892353
0.983259
0.680361
0.583308
0.353544
-1.266941
-0.922711
0.212693
3.646672
0.630416
1.032419
0.168524
0.812511
1.060155
0.026494
0.317764
0.750448
-0.107629
-1.197124
1.735915
1.647945
-0.648499
1.651701
-0.188380
0.810681
1.010398
0.043805
-0.121514
-0.233549
0.820509
-0.509567
-0.415382
1.307123
-0.281433
0.206674
2.158178
-0.211526
-2.141066
2.615584
2.959677
1.623614
0.685792
-1.920833
-0.111005
0.066795
-0.331823
-0.247529
1.037938
0.420979
-0.230596
0.514855
-0.704076
1.269197
0.464342
1.846710
-0.233127
1.264276
1.711226
1.335694
-0.090599
-0.153298
-1.221504
-0.428484
2.097374
3.194750
1.096334
0.757330
0.497024
0.633917
0.870837
-0.213208
1.563552
0.270771
-0.805846
2.332138
1.587680
-1.153553
0.192469
1.331587
2.302471
1.200897
0.773529
1.375316
0.002828
2.636976
0.540829
0.080854
1.801456
0.645517
2.273883
2.851588
0.678359
1.361673
-0.368572
1.754237
-0.976994
2.274404
0.307764
1.782181
0.140934
-1.073539
-0.433498
0.906376
1.334422
0.752216
1.697198
1.608223
1.704575
1.027186
1.741426
-0.226812
1.453793
0.932933
1.463204
2.614674
3.433645
1.457629
0.983885
0.210141
3.032841
1.548003
-0.623340
-0.293335
1.527131
-1.512579
2.412920
1.334334
1.573033
0.187682
-0.060933
0.294330
-0.096160
0.836846
-0.336997
1.935994
2.294194
-0.613302
0.131781
2.614057
-1.210732
3.304604
-0.503488
0.114559
-0.883579
-1.149359
1.314614
1.303820
0.818586
-0.398508
-1.456486
0.341907
0.413704
1.068948
3.864023
-1.021141
3.564220
0.982680
0.484620
1.415604
1.836695
0.309858
3.789017
-0.637540
1.680281
0.859043
-1.991133
-0.022852
-1.003692
-0.999163
-1.460417
0.520577
0.889718
-1.224081
0.343304
-0.226056
-1.163709
-1.774568
-0.240520
-0.238816
-0.070760
-0.779957
-1.210901
1.763937
3.442005
2.119347
4.610805
-0.135113
3.006243
2.387538
2.160998
-0.680964
-1.649733
1.410867
-0.738573
0.102084
0.323821
-0.805326
1.192354
1.723012
-1.000304
1.602298
1.832568
1.967594
1.457610
0.480959
-0.074702
-2.802394
-0.155771
0.083526
3.339707
0.358932
2.998615
-0.575201
1.789461
0.970170
-1.140872
1.287390
2.439651
0.321640
1.209159
1.808999
3.076233
0.138177
-0.983770
1.730900
-0.982392
-1.548407
-0.675213
0.735105
2.216789
-0.624655
0.867626
1.100507
-1.896774
1.173623
1.725050
0.883520
2.302804
-0.158999
-0.400071
-1.825311
1.113299
0.003124
3.772765
3.276983
3.070225
-0.759287
2.088313
0.301846
-0.683539
-0.339793
-0.352835
-0.183480
2.822103
-0.127193
1.671133
2.474537
-0.505967
1.717138
-0.639337
2.787365
1.811428
4.005595
-1.172476
1.485266
2.875493
2.205416
-0.230882
2.417001
3.261221
0.035434
0.144282
1.094884
0.020849
1.147216
-0.630563
0.077468
1.340526
1.273559
0.853702
-0.072887
0.114520
-1.212808
0.999179
1.237696
-0.694153
0.669561
-1.208460
0.518781
0.413510
0.860454
2.429720
0.827202
2.999935
1.042306
2.842488
1.027199
-1.926595
-1.512574
1.282197
0.548384
-0.913016
2.750624
-0.518726
-1.769078
-0.385215
3.163718
0.050181
1.855323
0.861493
0.955009
0.267240
1.328743
-2.065969
-0.746129
-1.028469
-0.497641
-0.873212
-3.760884
0.637110
-1.600932
-0.735957
2.489358
4.109502
2.625213
-0.420730
0.621947
-1.047251
-0.145319
-2.135894
2.044786
0.704103
-0.018331
-0.483321
-0.739048
-1.430341
3.314429
1.483128
-3.304420
0.822540
0.259268
0.411578
2.738493
0.802711
-0.606682
2.087363
0.225537
-0.465476
1.278002
2.104240
1.725358
1.115487
2.704372
0.520059
3.767397
-0.258176
-0.592703
-1.118130
-0.022666
-0.116770
1.027177
1.954840
-1.346296
0.471241
0.859105
0.238087
0.580453
1.291069
1.136517
-0.373590
1.836517
2.627093
0.468966
0.483629
-0.631957
-0.566730
2.376006
2.540385
-0.738372
0.644553
0.332061
-1.626185
1.698914
3.083108
1.556798
-1.675797
0.613285
0.549451
0.911084
0.652477
1.907829
1.822150
0.712382
1.356977
-1.999936
0.995066
-0.933347
0.410083
-0.828579
0.694802
-2.343776
-0.833210
0.162039
1.793659
-0.249695
1.625232
4.355628
2.442302
-1.012495
-0.196439
-0.748947
1.362288
1.294323
-0.241692
1.080647
-0.392312
-0.379863
1.240685
-1.304117
1.577985
-2.119250
0.881047
-0.394093
-0.207725
-0.784941
0.683092
-1.031896
-0.551230
1.122141
3.241431
2.252503
0.552883
-0.506475
0.267056
3.143932
-0.601404
1.972127
1.191388
-0.051283
3.325709
-0.440930
0.450588
2.379807
-0.235167
-0.712551
0.745197
0.474661
0.413838
0.394308
1.049918
1.680736
-0.177856
0.954559
0.607844
0.932561
1.008641
2.049535
-1.125558
1.926487
0.364644
2.293311
0.948289
0.958660
1.526567
0.931864
-0.231109
2.834095
0.989895
4.850943
0.624187
0.545856
-0.285545
0.821640
-0.594986
1.139213
3.300729
-1.443963
0.125443
1.215470
3.120725
0.577626
0.371667
-2.007661
-0.656348
1.255619
4.924680
-0.978233
1.010757
3.467649
0.096890
0.595316
3.247531
0.656283
0.508789
0.356071
-1.325388
2.185378
-0.246271
1.578290
-0.027623
2.413602
2.405891
-0.409017
1.772612
1.700296
0.715373
0.448372
0.743092
-1.099895
1.026256
-0.265991
1.374373
3.380898
2.263557
0.522690
-1.124045
2.033517
1.868214
2.479408
-0.233728
1.886296
1.111543
0.084749
1.754636
1.059965
-0.115939
1.977937
2.586955
2.061087
-1.616573
0.594272
-1.190518
0.692418
0.962016
0.100332
-0.138525
1.382774
2.916806
4.399218
2.224068
2.603115
1.784676
-1.128195
-0.224226
-0.231416
1.975656
1.993175
-0.665243
3.429266
-1.510670
-0.169916
0.059218
0.023350
0.644517
1.479912
1.640471
1.021675
2.598336
-0.208922
0.618939
1.222036
0.659764
-1.072197
3.178776
0.197482
1.704178
0.378458
0.830986
2.175891
2.391136
1.448543
0.614480
-1.713505
-0.045213
0.523914
3.811082
0.297767
-0.937883
2.126281
-0.780097
-1.159808
0.071213
1.340534
-0.663211
0.361392
1.035391
2.942551
0.358906
0.725236
-1.514719
1.270812
5.618598
-0.257796
2.425978
-0.097585
-0.173995
-1.265600
1.202413
-0.129901
1.837957
1.726071
-0.559614
-0.481111
1.888163
1.059892
2.092176
0.436254
2.815304
-0.103850
1.713971
-0.027739
-0.867265
0.046287
1.033714
0.768383
0.370291
-0.214032
-0.808968
1.496257
0.454697
1.752912
2.147485
0.806010
0.266370
-0.019346
-0.223378
2.336144
1.664495
1.668924
0.029603
-0.606066
1.690914
1.260298
-0.533506
-1.893022
1.410196
1.152653
-0.667114
-0.210214
1.007440
3.859452
-0.575628
1.980963
2.116984
2.526959
1.311820
1.856018
-0.261792
1.165837
1.953464
0.542334
2.427168
-0.566032
0.700125
-3.043839
4.000492
1.002829
1.141718
0.583867
0.271246
1.967399
4.209032
0.596588
0.969496
-0.182572
2.464523
2.761634
1.759559
0.338803
0.782006
-0.838876
0.323141
3.675804
1.297188
-0.856381
-0.960498
1.399191
-0.565218
0.161635
1.980288
2.461086
-1.484298
1.966166
1.037079
0.000648
1.151930
1.131927
-1.015977
0.702977
-0.388118
-1.224012
2.083225
-0.189653
2.109667
-0.374475
-1.117667
0.471576
2.000695
1.263653
2.071961
0.625756
0.113185
-1.191718
0.751602
-0.429646
1.564297
-0.102594
-0.410640
-0.434168
-0.466535
-0.109014
-0.689831
-1.756734
1.947874
0.068058
-2.350085
1.191756
-0.011355
2.744902
-0.796412
-1.207392
0.099871
-0.047679
2.536042
-1.030501
0.580951
-0.406987
0.486346
-1.445076
-1.287234
-0.429684
1.545240
1.143196
-1.288359
1.552858
-1.184467
0.729236
0.209990
0.845828
0.355510
-0.221222
1.002341
-3.765787
-0.225149
1.798011
-0.070356
0.936555
1.679789
-1.371997
2.627860
-1.325679
-0.869750
0.012390
-0.375825
1.318689
2.082977
-0.935692
0.522942
0.002346
0.080915
0.883724
0.772805
1.815095
1.282533
1.863759
0.079673
-0.785189
-0.077632
0.716294
-1.796693
1.400611
0.196644
-0.336863
0.755304
0.396420
0.220839
1.624410
-0.527834
-1.175390
-0.234952
0.239406
-0.350679
0.602690
0.639859
-0.197286
1.311250
-3.295642
-0.042257
2.201984
2.061254
-0.260946
-0.068778
1.957182
0.081861
-0.005111
-0.303901
-0.343740
0.194102
-2.436942
-1.260846
0.892036
1.671586
-1.414179
0.595498
-0.659291
0.519043
0.565603
-0.873976
2.453930
2.026096
-0.472038
-2.258813
1.573918
-0.464068
2.349846
3.041463
3.428486
3.970320
0.140687
-0.113934
2.463774
-1.114525
2.574753
0.120822
0.186745
0.806308
3.077026
0.589505
1.534798
1.974176
0.840867
1.108219
1.769698
-0.021237
-1.933961
1.816469
0.837915
0.290780
0.131935
3.064722
2.769142
0.271383
1.138603
-0.763363
0.006259
-0.957408
1.507912
0.160082
-0.061924
0.113378
0.509127
0.486547
0.083959
0.603610
-0.647350
-1.198316
-2.367987
1.345006
1.219131
-0.461166
0.259507
-0.058223
1.096711
1.035387
1.704795
0.188881
-0.526209
-1.574907
0.048432
2.129114
0.908351
2.167289
0.406077
-0.132407
0.176538
0.091854
0.384784
0.345864
1.481235
-0.020966
-1.352950
0.664987
3.611692
-0.171367
2.955175
-0.558641
-0.552778
1.108705
-0.018308
-0.587202
0.831692
-0.251592
3.146600
1.775796
2.307215
2.549465
1.172380
0.418483
1.158223
-1.831481
0.662480
-0.091433
-0.885721
-0.853742
-0.004940
0.093714
1.140833
0.773922
0.728920
0.654198
1.191758
-0.345266
0.385373
2.245151
2.029679
0.741943
1.956438
-0.672046
1.494230
-1.418487
0.409481
1.569480
1.830336
0.797990
-0.892253
0.701413
-0.333077
0.859138
3.075399
-0.776324
0.944536
-1.450159
2.098588
-0.040922
0.327921
0.822406
-0.862797
-0.316675
0.793945
2.533592
0.714533
-0.703329
-0.017576
1.162550
1.805015
-0.809932
3.414061
1.678865
-0.047391
1.842757
0.592837
-1.531467
2.826952
0.549961
-0.774409
0.322042
