8
1 500 1000 200 42 777 13 99
-7.386156
3.061249
2.233929
-6.067356
-6.876608
-8.683995
-11.640360
4.805780
-6.813632
-1.450208
-6.582808
-6.195949
5.357924
2.725039
3.767438
-5.675670
-1.855472
-4.912508
-7.611828
-2.368543
-8.247018
-5.470411
-5.729576
-8.530306
-6.954689
-7.986781
-3.142447
-5.844691
-6.067356
-9.470574
-7.786460
-1.438723
-6.876608
-8.389321
-4.819064
-4.354388
-5.767564
-6.073707
-3.037144
-3.631728
-6.033809
-5.666640
-5.631931
-5.210433
-3.127003
-4.686737
-4.374708
-5.952318
-4.944296
-11.691176
-5.411738
-7.272194
-3.475633
-3.444836
-6.922380
-0.855312
-4.651040
-3.002120
-1.294992
-9.710638
-8.450867
-10.837270
-9.003853
-10.350735
-8.683995
2.349147
-2.504570
-0.851535
1.084680
1.270981
-0.411490
0.577879
2.470597
1.551097
-4.838172
0.769619
3.464558
0.202776
-0.901392
2.667115
-0.594655
-11.367934
-0.374526
1.112566
0.493130
1.484447
-0.643910
0.555174
-3.728968
0.658350
-1.047932
-9.897854
-6.117208
-9.897854
-8.683995
-6.171483
-7.786460
-6.576607
-5.504545
-8.450867
-6.067356
-6.469803
-8.683995
-8.124299
-8.597376
-6.876608
-11.068203
-10.116992
-8.376002
-9.113256
-10.460159
-6.876608
-5.818472
-8.773064
-9.118653
-6.876608
-8.683995
-10.465527
-8.450867
-8.831075
-9.946969
-8.773064
-7.619167
-10.489605
-6.751029
-8.773064
-6.876608
-12.465462
-6.079329
-6.080964
-9.118653
-8.450867
-6.876608
-11.244945
-7.498193
-8.773064
-8.773064
-8.753448
-8.773064
-10.910657
-8.773064
-9.295737
-6.912265
-8.683995
-8.773064
-9.897854
-9.003853
-6.876608
-6.876608
-6.106428
-6.876608
-6.876608
-9.118653
-6.876608
-8.773064
-7.786460
-8.450867
-8.450867
-9.897854
-10.154515
-8.773064
-7.786460
-6.876608
-6.876608
-9.897854
-8.450867
-9.857771
-8.450867
-8.683995
-8.773064
-8.683995
-6.876608
-14.824245
-6.876608
-6.876608
-8.773064
-6.876608
-6.876608
-8.450867
-7.786460
-9.118653
-6.876608
-6.876608
-9.118653
-10.020990
-6.067356
-6.876608
-9.611764
-6.876608
-7.356653
-8.683995
-6.876608
-6.876608
-8.773064
-8.683995
-8.450867
-8.683995
-8.683995
-8.773064
-8.629521
-6.067356
-8.450867
-6.876608
-8.773064
-6.876608
-6.876608
-9.118653
-8.450867
-9.118653
-8.683995
-8.773064
-8.773064
-6.876608
-8.773064
-8.115129
-8.450867
-8.450867
-8.376002
-6.067356
-8.683995
-7.786460
1.368809
-8.450867
-6.814889
-9.362041
-6.876608
-10.344115
-8.773064
-8.376002
-10.760139
-8.683995
-8.683995
-8.773064
-9.118653
-5.863815
-9.118653
-6.876608
-6.876608
-10.073659
-8.683995
-8.450867
-8.683995
-8.760252
-8.773064
-7.016240
-11.283533
-6.876608
-9.698775
-9.731411
-6.876608
-8.683995
-8.773064
-10.066195
-11.403191
-9.003853
-8.144921
-12.327798
-1.930436
-1.306119
-0.377054
-0.163581
-0.621187
0.804876
0.689167
0.093114
0.869170
-3.107178
0.607534
-2.036530
-0.197022
-0.551487
1.439692
0.529257
-1.783354
0.917637
1.895965
-1.275070
1.215385
0.492107
-3.753995
-4.487148
-1.945182
0.079438
-3.433955
0.986674
2.277110
-4.782465
-1.682355
-5.289870
-4.563177
-2.645127
0.864253
-5.902264
-3.245566
-6.559735
-0.600802
-2.658056
0.419779
-0.638926
-2.693922
0.187137
-3.461592
2.712863
-0.367940
0.588132
-3.529593
-2.581528
0.049020
-2.983263
-1.611638
-3.229956
-1.784075
1.665545
-4.472490
-4.308143
0.756612
-0.660594
-4.920558
-2.429205
-0.643710
-2.567716
0.024096
-2.028722
1.311968
-4.594655
-1.036989
-2.787390
-3.346394
-1.072907
-4.574857
-9.107238
-7.549712
-4.016215
-2.120795
-4.009737
-2.806098
0.042230
-0.712518
-3.275594
-2.348182
-4.244824
-2.433957
-5.412288
-3.073539
-6.145679
-2.632696
-4.040491
-0.033578
-1.280442
-2.865693
-4.341832
-1.717193
-3.426746
-4.497666
-5.018339
-4.163110
-9.328841
-3.363080
-9.157652
-9.857771
-8.683995
-9.897854
-8.773064
-8.773064
-3.976872
3.911470
-4.236007
-9.245742
-3.416664
-7.772427
0.217702
-1.369933
-1.608169
-2.891794
-2.681160
-3.556775
-2.675064
-1.592260
-3.660872
-8.773064
-2.095008
-2.227402
-4.309809
-0.425540
-3.063845
0.633542
2.458422
-6.001103
-3.817015
-1.253438
-3.761001
-2.824598
-2.070746
-1.477986
-7.547194
-2.142036
-2.609971
1.201377
-2.061628
-3.093458
-6.859252
-0.496788
-7.187578
0.007696
-1.101219
-0.763945
-4.518701
-3.647666
-4.394846
-1.431932
-3.020997
-3.969660
1.968721
-2.139663
-7.063519
-2.552944
-5.011978
-6.145438
-1.841621
-1.133612
-3.162206
0.881714
-1.067343
-0.996285
-3.136954
-2.696305
-4.161702
-2.211338
-2.058114
-5.014617
-2.917242
-3.196234
-5.829847
0.373001
-2.018464
-3.368221
-6.298921
-0.179684
-8.123621
-3.824062
-1.216739
-5.065080
-4.710902
-3.060578
-5.598989
-4.973207
-5.618028
0.111295
-1.305011
-4.018384
-5.113544
-3.993956
-2.752826
-0.864643
-1.953655
-3.199637
-1.969378
-3.728781
-2.194365
-6.081552
-1.213488
-1.462304
-3.677772
-4.920402
-2.264362
-2.578679
-0.297863
-0.774174
-1.970987
-3.462700
-0.996223
-3.090856
-3.370751
-5.918035
1.699185
-1.249794
-6.899153
-2.393750
-1.231910
3.146293
-2.734564
-6.602996
-3.727656
-5.179065
-3.090597
0.525836
-2.678909
-3.543152
-2.139310
-8.399233
-5.188838
-2.217123
-2.945573
0.289046
-4.984605
-2.629177
1.975044
-4.068082
-6.617511
-2.934560
-6.514410
-1.481986
0.678930
-3.696034
-0.715627
-1.442914
-8.557795
-5.093217
-2.373084
0.044844
-4.290052
-7.077377
-3.024417
2.977518
-6.456749
1.316234
-6.284004
-5.970150
-3.859879
-5.130661
-2.705609
-4.488156
-6.041780
-4.744775
-5.891287
-4.125094
-6.118189
-6.326532
-8.700861
-4.122502
-2.052271
-2.076801
-0.810290
-2.528335
-5.165330
-3.886186
-4.561149
-5.328704
-1.488746
-5.284497
-0.036693
-6.010859
-2.548833
-8.683995
-8.618137
-3.519972
-7.321193
-1.588944
-1.768827
-5.534610
-3.993914
-0.295510
-4.523015
-5.498669
-3.188165
-7.263831
-6.204723
0.886216
-4.252375
-4.179887
-1.210608
-3.020212
-7.498762
-0.848764
-3.369600
-3.225640
-2.703932
-9.074782
-3.201729
-3.624781
-5.639980
-7.230504
-3.507013
-0.419697
-1.438627
-2.560636
-6.923678
-2.587316
-1.889785
-6.248411
-3.384794
-4.700970
-9.857771
-2.816759
-1.238392
-3.361304
-3.276620
-4.113036
-5.301295
-3.813281
-4.344040
-0.559197
-6.223660
-2.124325
-3.335534
-3.917655
-1.181234
-2.095356
-3.554213
-5.297599
-5.070380
-4.411777
-10.291579
-0.019701
-7.758225
-4.388988
-3.805799
-4.853158
-7.753697
-4.345394
-1.135581
-2.889103
-1.873781
-3.185745
0.036110
-8.155974
-3.427240
-4.937651
-1.138914
-4.440912
-8.103626
-2.469128
-3.254750
-6.943902
1.573809
-6.823635
-3.171675
-6.989487
-2.400663
1.982894
-3.579964
-1.993070
-0.303716
-1.506541
-1.719377
-6.273676
-4.147156
-1.540903
-7.648128
-0.070461
-3.598642
1.826805
-2.236749
0.550072
-6.454912
-1.792242
-1.578412
-3.513338
-4.930871
-3.286180
-6.612676
-4.200902
-2.164341
-3.419484
-3.926687
-4.919203
-2.812188
-3.266785
-3.729210
-4.815921
-2.436154
2.746231
-5.953861
-3.390020
-3.424905
-3.637516
-5.695112
-0.917715
-6.849210
-5.185264
-6.819055
-8.868351
-8.482590
-9.044014
-4.474944
-7.577012
-7.298204
-8.557457
-9.307640
-2.294036
-3.302224
-1.725242
-2.565480
-8.023035
-4.395669
-6.788098
-5.010750
-5.220292
0.978098
-2.977446
-8.255406
-2.687163
-5.498640
-8.121794
-2.782046
-4.462450
-3.375420
-4.480198
-8.280189
-6.876608
-6.280286
-4.833083
-4.509283
-3.097035
-4.045462
-0.527659
-4.773322
-2.042955
-3.056813
-4.613994
-5.034287
-4.661476
-4.948628
-5.219521
-2.320895
-10.873078
-5.926541
-2.160245
-5.828263
-5.621822
-2.390140
-2.818524
-9.119758
-6.876608
-9.265271
-5.710832
-2.532544
-5.772479
-3.869725
-5.769488
-5.713521
-0.211987
-6.924457
-4.727691
-1.344591
-3.865304
-2.401402
-5.021564
-1.722867
-8.940962
-11.333656
-5.046002
-1.901670
-6.685114
1.292021
-2.211773
-2.715483
-8.524102
-6.659611
-6.430421
-4.519852
-1.776424
-3.974418
-4.662129
-4.697353
-4.742629
-10.247733
-0.272968
-3.921397
-3.058302
-2.423048
-2.667820
-5.848895
-3.182428
-5.659980
-0.543352
-2.703594
-3.957413
-0.461144
-0.399571
-1.762216
-1.479556
-6.385512
-4.071921
-0.747518
-0.874943
-3.693704
-7.712062
-3.635307
1.191781
-0.353259
-3.628166
-4.566616
-2.280524
1.185711
-0.782652
-7.096298
-6.024657
-3.559628
-2.517539
-3.093870
-2.469468
-4.115162
-1.611004
-7.037645
-2.466273
-6.323612
-4.460221
-4.906606
-4.037237
-5.376621
-5.015336
-7.242875
-3.620381
-4.408689
-3.730003
-4.362492
-9.025706
-5.769626
-3.983335
-1.079958
-8.929196
1.064881
-6.242948
-3.305561
-7.082482
0.061433
-4.502814
-1.564603
-6.011241
-3.154564
-1.319792
-1.931536
-5.814693
-6.043884
-3.753203
-3.416750
-2.182740
-0.362855
-6.963490
-3.548232
-6.261647
-3.414319
-8.144905
-3.363771
-0.566742
-2.863050
-7.612676
-6.801825
-9.518895
-2.779088
-4.656985
-2.496894
-2.088196
1.248895
-3.304702
-5.003487
-7.077905
-6.999378
-5.153599
-3.533044
-5.579204
-3.098279
-4.353892
-3.187665
-5.997131
-3.049915
-4.149693
-5.391724
-2.939120
0.773575
-2.674399
-3.199019
-4.271994
-1.090672
-6.550698
-7.555961
-2.165159
-3.229505
-3.462357
-6.192587
-10.188842
-2.404676
-5.689195
-0.992030
-5.926864
-3.721042
-2.415636
-4.551509
-3.515523
-2.900007
-2.673854
-5.423401
-5.439681
-11.068203
-4.058978
-2.577903
-9.156602
-0.045754
-4.203262
-1.381091
-6.365307
-6.070997
-4.483673
-1.202603
-6.053178
1.091368
-9.540162
-3.506194
-4.196766
-0.176593
-6.318921
-6.448004
-5.938048
-6.418532
-6.827584
-3.859738
-2.538881
-3.905542
-0.675300
-3.127182
-8.777186
1.449517
-2.012444
-5.802404
-4.580975
-6.716135
-3.286824
-0.737694
-1.359146
-2.466777
-5.838406
-9.611764
-4.384904
-5.716579
-4.169498
-8.456840
-8.754921
-1.281252
-4.685381
-3.835216
-6.876608
-2.906811
-5.903456
-2.234150
-0.763168
-1.939656
-6.476085
-10.271088
-8.151661
-5.188750
-4.177768
-3.041910
-4.351994
-6.126237
-0.765547
-2.174100
-4.317988
-3.617266
-6.071492
-1.676119
-0.847977
-8.837411
-8.146964
-1.980269
-5.856977
-4.827207
-0.401939
-5.529589
-3.479431
-3.820480
-3.779231
-3.712168
-4.342249
-0.943875
-4.246658
-2.783653
-5.694916
-2.338170
-1.733239
-9.131691
-10.956067
-11.183745
-5.230138
-6.704360
-4.467599
-3.709757
-4.437864
-3.763559
-4.383115
-5.564384
-5.821708
-4.644551
-4.192755
-8.796617
-2.983790
-4.599702
-3.378860
-7.353229
-2.476317
-3.905183
-4.572278
-1.453332
-6.400226
-7.001745
-4.088702
-5.666993
-4.460762
-6.302034
-3.267731
-7.320283
-0.972043
-4.334367
-4.373658
-3.222597
-6.458826
-2.823586
-5.395541
-1.759131
1.183874
-9.093840
-5.851079
-4.615425
-0.240258
-3.002622
-1.303884
-3.041118
-3.690442
-7.517884
-5.934585
-5.839741
-6.460615
-3.149386
-1.293368
-5.803258
-1.573243
-5.999216
-1.857834
-7.402425
-3.169568
-3.361827
-6.665255
-0.170819
-1.247959
-8.773064
-1.577796
-3.077603
-5.420064
-4.800796
-6.235050
-2.119330
-7.381404
-7.092593
-1.817756
-6.697534
-3.708046
-4.514614
-2.007326
-4.465777
-4.098331
-3.995757
-5.586548
-5.292001
-10.134963
-4.835627
-12.442038
-6.778171
-5.848704
-0.834390
-7.853345
-10.684519
-9.118653
-2.843217
-3.888557
-5.436998
-3.659996
-5.405070
-5.938433
-4.209615
-7.497927
-8.261990
-3.252223
-6.123359
-0.947209
-3.449314
-6.041933
-3.136763
-3.172887
-1.867943
-4.425567
-6.876608
-4.913231
-6.718022
-4.253431
-1.113469
-3.025285
-6.146554
-3.147934
-4.127859
-3.778606
-5.066091
-7.083331
-1.848553
-1.776868
-9.734405
-3.686752
-2.286367
-6.912044
-2.447420
-8.683995
-7.328812
-5.062635
-9.637497
-3.522325
-6.366277
-2.988966
-1.520295
-4.592139
-6.242301
-1.007684
-2.079870
-6.615827
-6.133112
-3.789128
-3.498715
-4.949695
-5.341612
-0.745572
-7.708584
-6.247803
-2.057934
-7.508677
-5.447503
-6.758050
-7.195632
-1.781538
-3.508558
-7.291156
-7.951845
-9.708046
-3.223542
-0.608298
-6.282493
-4.545099
-6.542438
-6.689092
-5.821579
-4.899134
-1.649396
-3.941349
-2.686069
-5.706555
-3.470712
-6.405569
-1.389371
-4.845876
-8.683995
-9.118653
-3.379447
-9.488654
-0.495884
-4.176981
-4.315782
-5.848430
-8.085137
-0.519167
-1.032245
-2.928668
-7.783111
-5.774077
-6.019000
-6.587552
-4.503058
-5.143523
-8.206016
-1.407798
-3.871459
-3.767338
-1.343902
-3.819883
-8.732635
-6.224668
-7.354907
-5.230785
-4.416442
-2.765074
-0.120067
-6.970198
-7.263062
-1.527215
-3.081787
-3.826077
-7.016959
-3.800120
-5.902250
-1.084963
-4.974543
-2.443647
-1.256025
-3.808786
-5.854601
-4.845926
-5.768067
-5.181981
-3.090051
-6.644372
-0.576961
-1.765915
-2.419607
-7.731516
-6.248851
-10.011551
-8.316381
-5.424135
-4.934740
-6.579211
-1.627776
-3.331944
-5.721952
-5.728239
-3.570524
-5.193399
-6.804857
-3.238769
-5.060756
-3.652195
-7.389665
-9.671333
-3.551389
-5.983451
-5.420439
-1.854192
-4.676676
-5.626950
-4.050575
-2.238474
-3.920193
-11.615128
-9.897854
-6.003485
-5.025073
-4.911813
-4.300550
-3.724050
-3.861509
-6.178329
-2.719137
-9.611764
-3.245485
-2.088846
-7.406232
-4.311022
-3.078397
-1.022908
-7.152145
-3.943726
-3.329465
-5.115873
-2.906196
-6.243543
-1.576060
-8.773064
-3.744853
-4.806650
-3.046494
-5.090632
-3.815509
-3.616672
-3.475623
-3.787347
-9.912443
-4.980862
-2.395007
-7.953765
-4.194977
-6.058245
-1.364681
-4.956824
-3.881814
-8.584807
-2.412566
-2.589973
-3.157598
-6.072965
-5.759312
-3.098903
-4.827386
-5.636084
-4.487631
-5.818560
-4.699159
-4.674052
-11.987710
-6.919856
-4.799046
-7.399753
-7.470572
-0.726942
-3.127088
-4.120721
-7.486271
-2.450697
-4.874371
-1.938509
-5.980558
-9.929469
-5.836328
-1.692290
-6.205597
-8.868575
-2.761584
-0.177935
-7.477743
-6.322296
-3.991982
-1.770949
-3.593647
-3.013800
-6.265716
-3.252294
-7.172374
-3.874786
-6.082228
-7.860655
-9.502245
-5.133736
-0.035813
-3.318880
-1.910121
-5.711255
-4.466192
-6.156650
-1.110444
-2.969132
-3.748238
-5.199571
-4.953723
-2.475449
-4.385674
-2.222430
-3.598910
-3.564080
-4.242727
-5.607444
-9.118653
-2.187754
-3.443155
-3.871320
-8.877575
-4.250926
-9.035315
-2.800507
-3.244710
-8.909603
-3.894576
-2.081066
-4.587966
-6.424311
-4.708122
-4.688432
-5.027757
-2.876754
-3.216532
-8.304780
-2.302184
-5.393987
-7.474278
-4.915599
-4.197703
-0.893486
-2.887028
-5.725327
-2.407127
-3.430239
-2.129725
-4.076127
-5.211024
-0.711357
-1.032547
-4.987811
-5.780258
-7.850134
-4.132825
-6.877761
-1.836653
-8.786538
-6.876608
-4.381947
-3.292828
-6.308156
-6.611753
-4.198792
-2.448287
-2.346718
-5.030614
-4.045101
-5.531004
-8.062234
-8.880753
-5.890615
-6.701847
-10.282655
-5.653370
-10.283257
-2.937299
-3.465412
-4.145049
-7.582402
-3.786820
-9.147354
2.587324
-5.593976
-6.550550
-8.983880
-8.426243
-6.480117
-2.621073
-4.908319
-5.143846
-3.365962
-8.176782
-5.737429
-7.728044
-3.548388
-3.217325
-4.791719
-2.600957
-1.670357
-6.609375
-1.138516
-7.303437
-7.268075
-2.596195
2.115183
-7.323730
-2.138340
-10.403728
-2.834162
-9.590525
-4.520361
-5.982427
-6.360330
-3.446915
-5.263792
-3.818122
-2.499442
-3.944733
-9.609365
-2.341334
-11.116196
-3.899247
-2.859512
-1.663865
-9.882924
-9.003640
-6.340254
-8.085851
-6.620197
-1.935533
-4.941059
-5.682044
-2.457159
-5.600573
-5.227428
-4.492146
0.351772
-11.103275
-3.226306
-8.132976
-8.683995
-4.268435
0.598727
-2.112019
-7.842663
-5.106822
-1.194371
-2.651638
-3.971429
-2.978325
-6.379821
-5.643404
0.517190
-6.109949
-7.411765
-4.832499
-3.725233
-6.876608
-5.604000
-1.323115
-7.547163
-4.072216
-2.246945
-6.167319
-6.874401
-3.928635
-4.271185
-4.228824
-0.488052
-6.437002
-5.626738
-4.350942
-2.456292
-5.434996
-5.269738
-4.455410
-8.073093
-4.486313
-2.422147
-5.424761
-7.004507
1.279881
-7.702225
-4.115270
-3.577276
-4.108877
-5.118918
-4.658259
-3.454516
-3.336826
-4.212404
-2.348464
-1.915874
-2.562301
-4.886992
-0.813496
-1.987428
0.437692
-5.493433
-2.695914
-2.922919
-3.937863
-5.223957
-3.631478
-4.857825
-3.417005
0.800177
-2.950846
-7.558191
-2.390251
-7.421026
-6.187682
-1.466749
-2.169860
-3.611440
-2.344114
-4.945992
-1.419232
-8.516622
-7.569751
-2.053684
-5.852696
-3.825449
-4.828325
-2.608580
-3.878811
-3.892027
-9.325782
-0.799731
-4.625469
-3.011497
-6.245125
-6.940835
-7.055121
-1.935226
-2.778452
-2.629828
-4.677199
-6.169216
-7.403214
-2.920060
-1.909742
0.123204
-1.178268
-6.374689
-3.870471
-3.670735
-6.570570
-8.869988
-5.807462
-6.894565
-6.402444
-9.223380
-5.763461
-4.301865
-2.961506
-7.917029
1.081825
-5.384996
-8.449069
-5.315869
-6.356417
-2.728391
-2.345731
-3.588628
-8.928324
-5.760820
-7.555902
-6.256492
-2.790804
-3.087905
-8.534986
-4.425510
-1.656255
-4.843715
-3.415394
-10.340938
-4.343628
-2.396693
-8.830883
-6.606646
-0.860098
-4.288189
-3.043925
-4.402134
-5.733922
-7.143876
-8.734548
-3.368677
-3.151036
-4.620957
-1.111617
-8.117833
-8.362066
-6.462496
-5.559281
-3.224706
-1.687610
-1.074192
3.045061
-7.306008
-11.222063
-2.900972
-10.659434
-5.324260
-8.365078
-4.431546
-6.876608
-3.245417
-4.018606
-3.900882
-8.689473
-0.670540
-9.052523
-4.286326
-3.518778
-3.307268
-3.846601
-6.951382
-3.697144
-0.350196
-6.383193
-6.239734
-7.552251
-9.850021
-2.344482
-2.455665
-7.819383
-7.667151
-5.656774
-5.099849
-2.806745
-3.198066
-8.633527
-4.208191
-3.427582
-1.898370
-4.980691
2.232377
-3.898092
-1.938864
-7.348713
-4.806062
-6.520146
-6.911325
0.727291
-2.364831
-8.773064
-0.012607
-7.702157
-3.818474
-7.180841
-7.413160
-5.523213
-5.245068
-1.860162
-4.183041
-4.327881
-2.798996
-5.840945
-8.798757
-0.523517
-3.276445
-7.717302
-3.143810
-2.115950
-1.483897
-6.538700
-6.420258
-3.240009
-3.467358
-5.206290
-9.897854
-6.988602
-5.595932
-6.377321
0.415975
-5.394767
-7.374202
-2.861508
-12.211202
-6.480519
-5.148242
-5.100436
-7.269073
-2.543970
-0.887244
-2.255513
-7.676588
-7.745198
-8.110187
-3.160052
-5.579922
0.336618
-8.878775
-6.947032
-1.984437
-5.137323
-6.859882
-4.472871
-4.458746
-7.989668
-6.941406
-7.975662
-5.693552
-3.135670
-5.667785
-4.453787
-4.570499
-4.361838
-10.861499
-3.335098
-3.890036
-2.928510
-4.345898
-3.141243
-6.773214
-9.388319
-2.300959
-4.925222
0.561790
-9.345289
-6.532196
-3.838233
-4.686668
-6.125635
-5.173573
-3.051248
-5.540535
1.723074
-5.642143
-2.834620
-2.471501
-7.880841
-6.786094
-5.516802
-1.619342
-7.017590
-1.384285
-3.976475
-1.936290
-2.829239
-4.640002
-3.133062
-4.776840
-8.172288
-3.148181
-1.382729
-4.159516
-3.404359
-6.096291
-3.118445
-9.195498
-5.356620
-2.170798
-6.298635
-2.134379
-2.417196
-8.236593
-6.980635
-7.040469
-2.766263
-9.872685
-4.093212
-7.532000
-5.340446
-5.336101
-5.914793
-8.594684
-5.717616
-7.311938
-7.275455
-1.147867
-4.831469
-8.891093
-2.643919
-2.773958
-5.400852
-8.311057
-5.275099
-3.052805
-2.951568
-3.908650
-4.967137
-9.897854
-1.812850
-4.093957
-6.159459
-3.538981
-4.579416
-4.241258
-9.999230
-1.281973
-4.406729
-6.377717
-1.871902
-3.297433
-5.043602
-2.982934
-5.186064
-5.739487
-4.369393
-7.280805
-8.725839
-1.593220
-4.802712
-8.113541
-10.157548
-5.401552
-3.817540
-7.610192
-1.372887
-7.662583
-6.552896
-3.221420
-4.623815
-2.461442
-4.645584
-9.190407
-4.836741
-8.735443
-5.082070
-4.708266
-4.702334
-8.386094
-2.100163
-5.085618
-6.507091
-5.256583
-4.497711
-5.481482
-10.736875
-6.685075
-8.773064
-4.649814
2.198603
-5.146722
-2.634390
-1.978087
-3.776474
-1.734638
-5.052346
-5.233350
-0.879062
-1.084589
-3.778613
-4.511601
-6.687760
-8.683995
-7.836386
-2.665147
-5.295931
-8.570910
-5.265454
-8.204444
-6.637898
-4.937947
-7.738413
-5.876589
-1.548709
-4.500135
0.210951
-2.043871
-8.918549
-5.433199
-6.617993
-1.924418
-5.865033
-4.402001
-4.901156
-6.876608
-4.890800
-3.946315
-3.688113
-8.916230
-7.034821
-2.497828
-7.090334
-6.357797
-3.297474
-3.306382
-3.766086
-6.150482
-5.495866
-3.077281
-6.937584
-6.049411
-9.992438
-0.246007
-3.891220
-2.223124
-5.530723
-4.205377
-1.218467
-3.953694
-2.227858
-4.365608
-7.637679
-5.826439
-6.149211
-2.560037
-7.785028
-8.343994
-0.597460
-5.948326
-3.864901
-1.320378
-2.378085
-7.266819
-4.628309
-0.488012
-2.815646
-3.932107
-7.664937
-2.365051
-2.658276
-6.217103
-3.575413
-2.646184
-2.156043
-6.077188
-0.565790
-7.470639
-9.760425
-5.432713
-2.467398
-6.557834
-0.682503
-4.400075
-6.446817
-8.773064
-7.807898
-9.572140
-5.157909
-8.880517
-2.619946
-5.778742
-5.733171
-5.701029
-7.126393
-7.583628
-4.953759
-7.680868
-5.382117
-5.411103
-2.394927
-3.573778
-4.758519
-8.626909
-5.569664
-9.632040
-7.362248
-3.944756
-1.823170
-3.494201
-6.531829
-6.827664
-7.996436
-4.332255
-1.771043
-8.752282
-4.550170
-3.870092
-2.254402
-2.122251
-7.781076
-3.059253
-5.400348
-6.895835
-3.468139
-4.115438
-4.109477
-3.977178
-6.664568
-7.485741
-8.309654
-6.240167
-5.125484
-5.461844
-5.335669
-3.009388
-6.831068
-2.397738
-3.872314
-7.568059
-6.198643
-2.685182
-11.095146
-2.667928
-4.301221
-3.709849
-4.294258
-5.719482
-4.355754
-7.586948
-4.247605
-3.151756
-1.312521
-4.289394
-7.303944
-1.842377
-5.640855
-3.587899
-9.808229
-5.910109
-1.307466
-4.794912
-6.731544
-4.864676
-6.804715
-1.902357
-5.058354
-8.550212
-3.276263
-4.074053
-6.869093
-6.033031
-4.568685
-7.015804
-5.507102
-0.219545
-4.047902
-3.402410
-7.516580
-6.666495
-5.542338
-3.877011
-6.400690
-2.771153
-6.789339
-3.262701
-3.202926
-7.263071
-0.506639
1.128380
-5.532344
-2.422889
-3.925363
-3.849373
-3.079665
-8.977118
-6.159332
-6.895533
-5.212215
-7.854138
-9.750150
-2.371118
-3.910905
-5.902741
-3.176458
-2.790105
-4.222699
-1.960498
-3.237730
-1.368822
-9.505543
-4.405830
-6.684079
-5.231111
-4.639380
-1.645737
-4.730892
-6.436926
-5.216837
-5.048513
-3.765699
-1.394589
-6.349726
-6.917889
-7.585236
-4.312537
-5.175771
-5.704958
-5.123755
-2.847434
-1.541758
-4.195576
-5.626628
-6.430366
-1.150389
-5.720139
-2.976544
-7.797728
-8.079074
-4.799358
-6.168298
-3.002675
-6.822590
-1.292504
-13.554461
-2.851146
-5.032281
-3.199628
-4.018628
-3.661999
-3.934245
-2.999625
-3.650014
-5.245181
-8.455860
-8.269053
0.187704
-4.536032
-4.269887
-3.181389
-2.768978
-2.756171
-8.639702
-8.585022
-4.227741
-6.067424
-5.741532
-5.609348
-2.856669
-7.805572
-5.720782
-6.482545
-5.498102
-5.995817
-5.020943
-6.731317
-3.246988
-3.809553
-5.182222
-3.526355
-7.374738
-4.162464
-4.411562
-4.948185
-3.182868
-1.495008
-2.147913
-6.172637
-3.994335
-3.052030
-5.284578
-2.416467
-4.097011
-6.884582
-2.721673
-3.459970
-7.036143
-2.097501
-4.005322
-6.031995
-3.306546
-7.552590
-2.651186
-5.400067
-3.138409
-2.753072
-6.553996
-5.755445
-3.907074
-4.990149
-9.133862
-7.444948
-4.252738
-7.611115
-4.682349
-6.882677
-2.246958
-2.542588
-4.018347
-2.115787
-3.321489
-4.401371
-6.821600
-9.071393
-2.688264
-7.409184
-0.254621
-8.138967
-9.217696
-4.631619
-3.002755
-4.430427
-7.054633
-5.015376
-8.503591
-7.604923
-3.501138
-5.236833
-1.033287
-4.817322
-4.621093
-6.544907
-1.949739
-5.707640
-5.355979
-0.983186
-6.698238
-6.352853
-4.188363
-6.166924
-6.557149
-8.484711
-4.021705
-5.307178
-5.998095
-7.388430
-4.045269
-7.279611
-7.208178
-5.166596
-6.353954
-2.266023
-1.135215
-5.219022
-3.116760
-3.843867
-2.569219
-6.599826
-3.683069
-4.878304
-6.014040
-3.041600
-5.693525
-1.623342
-5.766984
-4.810876
-4.385888
-3.967522
-3.426178
-4.526412
-2.427718
-4.059676
-2.949317
-2.959738
-4.543397
-3.970869
-3.992853
-4.252134
-5.886940
-6.506133
-3.895239
-9.142019
-7.041056
-4.189798
-6.166762
-8.235200
-7.017557
-7.083195
-2.636273
-5.339165
-5.023352
-4.542780
0.042528
-6.941191
-5.746336
-3.588675
-3.366028
-6.082016
-1.334001
-5.027334
-3.273891
-9.793811
-6.793468
-3.775903
-3.288286
-5.424899
-7.438978
-4.010892
-11.361677
-5.099580
-6.091956
-1.956749
-3.294305
-5.896127
-4.060365
-6.962232
-8.924594
-2.806335
-4.653815
-4.382093
-2.632743
-3.110017
-6.833655
-6.446064
-3.653158
-8.844790
-6.912241
-4.433382
-9.056408
-3.967374
-7.585272
-6.242915
-2.007029
-2.800667
-3.150066
-3.111934
-7.903800
-5.072390
-8.773064
-5.664458
-4.611400
-4.829487
-2.570510
-13.247741
-1.892675
-5.362596
-7.017304
-4.747518
-3.920825
-3.706441
-3.097426
-7.487037
-3.976658
-5.632254
-2.623855
-7.361661
-7.800246
-7.706257
-4.359362
-4.506661
-1.236647
-7.870803
-6.149986
-4.945079
-4.926492
-3.824323
-6.634577
-2.351705
-4.333776
-4.372837
-0.479783
-7.939433
-5.516723
-7.315594
-5.617578
-8.118155
-7.140821
-6.658866
-7.549908
-6.359241
-3.780311
-5.401546
-7.799029
-3.902085
-3.576768
-8.763028
-7.498769
-4.348026
-3.481161
-7.618347
-9.626473
-1.777332
-5.449216
-1.093757
-2.172311
-4.701632
-4.307680
-7.991312
-4.189974
-8.289314
-3.477107
-2.015040
-8.243772
-2.603730
-2.115567
-3.871372
-2.080201
-4.190269
-1.499175
-1.246018
-7.279122
-0.543745
-7.883176
-5.024590
-6.707260
-7.378106
-2.979853
-2.405433
-5.318905
-3.605303
-6.839958
-9.325189
-2.875679
-5.451102
-5.949326
-4.088521
-1.891667
-5.763883
-8.683995
-5.251670
-2.886159
-3.886579
-5.043583
-3.978483
-4.375926
-3.950207
-10.527167
-3.913011
-2.620626
-3.662165
-4.954123
-5.632085
-7.786880
-6.868673
-6.273551
-7.825308
-4.678602
-3.077141
-4.372157
-6.273142
-3.499053
-4.932269
-5.496489
-5.775130
-6.461957
-4.552131
-6.876608
-3.294643
-3.058554
-4.349267
-3.304710
-4.769502
-6.111847
-4.782446
-5.647127
-8.616248
-3.987563
-9.590410
-6.911716
-3.389298
-1.832154
-7.881525
-7.746858
-5.722090
-5.441945
-8.564119
-4.715847
-3.982421
-2.896921
-4.960253
-6.775460
-5.589749
-4.299071
-3.619085
-2.596516
-4.813173
-3.135332
-6.209747
-6.576971
-6.448199
-6.745371
-5.659585
-8.062488
-6.857927
-2.301138
-8.322910
-4.388252
-1.563028
-4.561903
-5.574585
-6.679990
-1.889400
-3.944720
-5.359742
-4.915255
-3.306775
-5.364988
-5.253556
-2.832147
-6.835955
-4.243855
-5.000258
-5.800222
-5.840395
-2.827975
-3.411469
-3.992758
-6.374403
-5.660353
-3.365051
-14.795469
-2.093585
-4.036561
-2.369458
-4.678877
-6.926339
-8.249579
-4.625535
-6.876608
-3.298073
-0.773981
-4.745054
-2.763794
-9.739307
-3.227686
-2.855677
-4.290672
-7.042089
-6.738417
-7.197193
-8.927190
-6.484307
-5.851265
-6.568637
-6.044742
-8.110503
-4.358850
-7.223732
-2.612843
-4.711770
-3.121081
-8.463013
-5.275086
-4.577209
-7.180969
-5.948149
-2.788630
-9.238976
-4.942529
-8.560394
-5.709680
-6.491629
-2.768490
-4.883694
-9.088556
-3.664822
-4.743089
-6.053491
-4.259681
-7.926317
-4.470848
-4.287480
-5.170609
-5.284894
-5.657362
-1.239401
-8.121715
-5.366341
-4.183974
-4.607915
-5.811650
-8.225845
-5.683168
-9.611764
-7.767914
-7.228594
-5.035532
-2.426842
-2.971064
-3.156141
-2.945296
-4.487774
-9.387724
-4.451250
-8.025551
-0.381842
-6.370925
-6.983882
-5.505598
-9.269393
-4.868113
-8.954535
-6.545249
-5.822893
-6.197085
-2.716330
-5.566727
-4.628410
-10.868878
-3.967826
-9.496397
-3.705303
-2.857821
-1.231539
-2.077973
-3.982643
-9.346140
-3.660121
-5.709744
-3.026895
-4.129405
-3.179849
-5.626827
-9.842443
-6.670126
-7.155745
-7.301374
-6.876608
-5.556596
-8.642876
-5.436852
-4.982662
-5.197167
-4.987973
-6.059334
-6.605461
-3.606534
-2.926960
-5.615421
-7.968064
-7.517659
-3.075470
-3.941123
-2.546464
-11.408800
-5.608080
-6.746064
1.299836
-6.133137
-7.049310
-4.391948
-3.163661
-6.025466
-5.578887
-3.084852
-3.753486
-3.552698
-1.630975
-3.528855
-4.229735
-5.714857
-2.980617
-2.212958
-7.654064
-3.427622
-2.771236
-5.185458
-4.900200
-6.283117
-4.136498
-6.734169
-3.918561
-3.852849
-4.590229
-4.491636
-5.330611
-4.041127
-5.959534
-6.632330
-5.566905
-3.292028
-4.345345
-6.657332
-7.201828
-7.339564
-4.503237
-10.278945
-6.469316
-6.132814
-2.182487
-2.701570
-3.896751
-3.328622
-1.708417
-8.403358
-5.693250
-3.965990
-8.848507
-7.717559
-1.113909
-6.803733
-0.416114
-5.634703
-9.498920
-3.627298
-3.222378
-1.512322
-6.069573
-6.541727
-5.256781
-4.777247
-1.777219
-9.568484
-4.901178
-2.120278
-2.728715
-5.337201
-6.331440
-7.830060
-9.118653
-6.454055
-6.346614
-6.555863
-2.587729
-3.397928
-4.861433
-6.876608
-7.956704
-2.394635
-3.674791
-4.603613
-6.786774
-9.568881
-1.222417
-5.717298
-6.709034
-3.966197
-2.585448
-8.406567
-4.761395
-3.341471
-5.218271
-6.129080
-7.788327
-2.815426
-4.340011
-5.955808
-6.776131
-2.707965
-1.864794
-1.219053
-3.798637
-3.991308
-3.254789
-6.234552
-3.160209
-4.532731
-5.260968
-5.767558
-4.942058
-2.946837
-7.883833
-10.114086
-9.163384
-4.428634
-2.152491
-3.702421
-2.933871
-9.676332
-3.465678
-1.184554
-4.968733
-5.286086
-6.067356
-9.858611
-5.570157
-6.192752
-1.921079
-0.753944
-3.974837
-0.865185
-5.718049
-4.947636
-5.921108
-5.426965
-6.270528
-0.248276
-5.310890
-2.396735
-5.175546
-10.567242
-3.664590
-5.227493
-5.557472
-5.661637
-2.429515
-2.612191
-6.398953
-7.355125
-5.943300
-3.970987
-5.060819
-5.767046
-4.172974
-6.248925
-7.692597
-4.274067
-6.077106
-6.672984
-7.563226
-5.750821
-1.950319
-8.602858
-1.006231
-11.342424
-3.846522
0.758431
-8.653750
-7.177437
-5.052372
-6.984871
-7.977770
-3.186173
-3.363988
-8.783421
-5.184826
-2.139333
-6.159460
-5.682244
-5.213306
-2.218480
-4.460289
-6.955694
-4.496900
-7.795733
-6.366022
-2.300917
-2.078279
-4.306304
-6.033694
-2.988984
-6.211732
-0.512744
-5.226100
-5.462689
-8.607780
-6.745112
-5.516819
-8.724680
-6.497794
-9.778734
-1.540955
-2.092458
-7.004714
-8.638171
-7.185890
-7.573881
-5.414656
-5.952978
-4.691301
-3.039132
-4.430734
-8.088170
-4.878849
-7.384378
-10.155871
-3.696607
-5.372776
-3.218703
-2.109546
-9.611764
-2.116632
-0.828088
-3.182071
-4.428890
-1.081935
-1.834113
-5.583442
-4.547318
-11.392838
-3.247333
-3.101484
-5.476201
-1.512257
-3.262005
-4.261878
-5.390195
-6.390979
-4.807031
-3.012431
-4.088336
-6.974215
-4.429661
-5.402101
-4.282961
-3.036431
-5.261372
-5.306764
-7.596641
-7.243285
-5.827830
-7.123583
-5.302589
-4.510640
-2.025799
-7.369969
-7.745616
-4.023851
-1.809022
-7.929497
-9.648316
-5.190731
-4.761736
-4.333539
-7.607277
-3.872791
-6.660354
-9.573691
-8.007447
-6.280154
-3.746258
-3.601657
-7.825852
-5.107586
-2.938587
-7.748610
-0.812595
-3.899270
-2.795751
-5.313092
-3.451368
-7.484864
-3.532174
-6.355980
-3.877257
-1.793801
-6.306304
-7.259145
-5.749611
-3.464049
-7.823980
-3.824010
-13.532516
-5.738150
-3.875716
-2.966391
-6.401142
-4.983179
-6.541220
-6.485126
-5.714724
-8.653144
-7.718117
-0.791795
-4.855971
-0.554523
-6.810854
-4.775226
-6.826487
-5.524541
-1.724158
-4.277920
-4.275929
-2.961856
-3.073917
-6.500456
-2.593257
-1.380039
-6.030563
-6.288936
-2.145435
-4.166720
-3.977180
-8.696800
-5.444492
-4.440366
-2.435447
-4.633530
-5.626365
-5.222852
-3.790460
-7.697952
-5.922712
-2.317754
-4.237863
-5.695686
0.439510
-6.628213
-6.342082
-2.975776
-1.744831
-6.481668
-6.027623
-1.374937
-4.402217
-6.964512
-4.100328
-6.944471
-7.316374
-4.875603
-4.123972
-4.744759
-5.602499
-5.638153
-5.553850
-2.793693
-5.761889
-5.519599
-2.571091
-2.690177
-6.824246
-2.104075
-3.953200
-6.821107
-4.122847
-2.472195
-5.133701
-4.163327
-2.978434
-7.834329
-2.925103
-5.106628
-8.387693
-8.376002
-3.014669
-4.773115
-3.164310
-1.618328
-6.413352
-7.718375
-2.871529
-8.460445
-9.118653
-7.408385
-4.337604
-6.361584
-6.229624
-6.357342
-4.873063
-3.647210
-2.767129
-1.405348
-6.442732
-2.046556
-5.638681
-1.584008
-8.683995
-2.425978
-1.783503
-5.933996
-9.359018
-5.670716
-7.050165
-5.268448
-5.173516
-7.113436
-11.327257
-6.203286
-6.915784
-2.788675
-6.148909
-4.127200
-4.253663
-4.635303
-6.920777
-4.459055
-5.591621
-1.301989
-2.005116
-2.709580
-3.746462
-4.574228
-6.129867
-5.745074
-4.403017
-5.010642
-1.411409
-3.406766
-6.889634
-2.945565
-3.553568
-4.694914
-6.272593
-7.940629
-5.796432
-3.059643
0.204354
-7.067833
-7.117229
-8.349966
-9.672559
-3.965427
-3.259609
-5.779298
-6.003207
-7.369655
-9.798499
-4.911973
-4.772641
-2.065203
-2.355045
-6.127542
-6.844447
-7.169885
-2.106944
-7.710790
-6.304088
-6.922610
-4.264585
-5.455258
-4.862250
-11.336842
-2.562362
-4.646422
-0.930414
-7.354905
-7.109951
-2.814275
-4.840727
-4.267826
-4.325086
-2.860318
-2.368245
-5.424048
-5.340772
-8.230374
-5.836953
-3.001099
-9.849123
-7.254284
-9.925027
-1.071241
-3.707104
-4.413731
-4.967874
-6.771411
-3.717837
-8.296822
-4.161314
-3.989288
-1.299871
-6.496531
-8.431854
-4.884699
-5.882733
-3.712196
-7.476070
-5.636186
-5.347414
-5.717643
-3.592430
-1.812286
-6.161577
-4.638250
-6.271864
-2.372397
-8.443318
-9.857771
-0.230433
-4.850371
-7.938534
-4.086365
-5.683640
-2.260259
-9.045891
-9.353323
-4.053514
-3.552124
-5.862407
-3.018339
-3.887125
-6.616299
-3.765890
-5.755512
-4.990243
-4.412356
-3.403498
-3.824821
-4.314310
-3.359962
-5.153833
-2.495432
-1.172345
-1.552372
-4.251518
-8.885869
-4.925511
-1.628923
-4.859710
-5.738374
-3.925167
-5.465230
-5.338144
-4.061835
-7.976570
-5.667337
-4.588733
-5.305687
-2.791014
-4.835869
-5.343054
-3.886412
-2.152447
-1.543297
-4.480157
-7.429107
-4.866251
-3.335916
-2.428415
-5.165622
-6.474053
-5.956683
-4.288612
-4.423969
-4.552356
-3.622985
-2.199671
-7.285025
-8.689436
-3.761237
-4.869520
-3.898760
-7.630231
-9.037794
-6.118050
-3.313239
-8.870049
-4.179917
-4.364589
-3.627529
-1.119815
-6.082719
-4.896376
-6.443745
-12.456313
-2.693497
-7.790448
-3.810892
-3.646195
-3.566453
-5.642000
-2.101054
-3.583668
-4.674126
-3.616166
-3.259058
-8.173552
-4.743958
-3.959291
-1.835804
-8.962774
-2.542227
-5.485103
-5.176365
-3.084973
-4.034778
-4.408809
-14.255711
-3.095460
-4.568111
-4.344831
-9.103651
-3.792937
-6.524883
-5.555454
-1.050879
-5.117091
-3.402088
-3.802802
-5.139526
-4.212583
-4.025059
-5.069667
-2.664342
-5.884633
-7.640453
-2.762668
-6.807774
-5.351645
-2.359901
-4.471778
-6.237477
-1.891267
-2.472890
-4.924876
-4.063592
-6.609148
-4.067666
-3.942946
-1.818947
-3.095062
-3.221442
-4.576683
-8.225486
-9.138358
-8.764755
-8.923884
-4.214403
-7.479124
-3.477965
-4.411064
-5.770332
-7.934660
-3.616289
-4.941165
-2.801757
-5.166721
-5.380169
-6.467291
-4.972704
-2.830899
-7.986200
-8.371599
-8.410293
-1.686494
-5.289972
-3.059665
-7.605387
-2.917425
-2.453583
-2.885314
-2.299572
-5.794993
-4.159415
-0.547974
-1.855299
-6.329213
-6.742391
-4.470062
-8.244471
-3.339089
-7.601583
-5.993247
-7.747409
-6.119275
-4.545414
-1.770412
-5.586166
-4.929031
-9.488394
-4.554306
-6.051532
-3.346079
-9.574856
-3.764020
-4.164495
-0.502467
-1.111177
-3.329159
-8.278349
-6.065698
-7.345824
-8.683995
-5.930720
-3.425185
-7.399547
-6.646326
-1.624781
-5.375859
-6.314179
-3.293417
-3.507331
-6.511605
-7.378106
-3.930424
-8.941414
-9.555417
-5.219467
-3.661175
-2.226189
-4.323415
-3.138648
-3.342295
-4.742511
-2.823716
-6.578813
-6.664928
-5.103672
-4.000923
-5.793397
-7.242414
-10.970568
-3.652531
-4.650630
-8.771913
-5.249640
-7.640528
-7.330230
-6.497246
-5.597152
-6.202762
-3.815999
-5.257076
-5.059983
-4.912160
-4.991901
-8.770784
-8.088858
-7.771207
-2.741720
-4.998644
-4.290891
-4.212347
-5.484385
-5.526996
-1.334062
-5.892994
-4.489561
-7.015366
-5.751462
-4.647726
-4.109454
-8.006842
-2.959243
-2.762148
-2.833376
-6.154771
-4.023372
-8.773064
-7.872712
-3.891720
-2.467520
-8.723979
-8.853723
-4.304717
-7.398695
-3.222240
-3.764524
-7.152394
-8.508334
-7.667770
-5.063964
0.673157
-2.387551
-1.387816
-5.520498
-10.355738
-4.154357
-6.242110
-0.138834
-6.014191
-4.086040
-5.415404
-5.368966
-4.361336
-7.656260
-2.284935
-3.399668
-4.694979
-5.759361
-2.561181
-9.336500
-3.407086
-8.256191
-3.538686
-5.149837
-7.031758
-7.108944
-6.939616
-5.036909
-6.141931
-7.275993
-8.472290
-5.518117
-7.966776
-5.616581
-5.888995
-7.051270
-3.759295
-0.867543
-0.798082
-8.262017
-4.584804
-5.610716
-5.946931
-6.707436
-5.843698
-4.923977
-6.022690
-2.810170
-6.535721
-4.346058
-5.462562
-10.777970
-5.176386
-4.058495
-6.703576
-6.876608
-4.595111
-5.203460
-4.944652
-2.668649
-4.998028
-7.799248
-3.205136
-6.983180
-6.260286
-3.832104
-11.632096
-3.375581
-3.877651
-4.503110
-6.731562
-2.600895
-9.353241
-6.355072
-9.383077
-6.674365
-4.890364
-5.841834
-2.697941
-5.630134
-9.089848
-4.436729
-6.091972
-5.750519
-7.214788
-8.773064
-3.727158
-6.054780
-6.455291
-4.958664
-1.413996
-5.322895
-3.595069
-5.032673
-3.740429
-4.943463
-2.580033
-6.452776
-4.150115
-3.821148
-4.924537
-5.820077
-10.242636
-8.747971
-2.233131
-4.278433
-10.136589
-7.779891
-2.974771
-0.664846
-8.890264
-0.331787
-4.669373
-6.273834
-5.472755
-4.037754
-3.599943
0.185573
-3.629972
-3.246925
-4.379795
-6.846940
-8.307181
-9.899206
-8.039538
-3.550956
-5.413698
-4.425929
-10.451195
-2.628578
-9.972116
-5.031185
-5.433717
-6.597138
-2.471740
-4.502927
-5.850224
-6.748435
-2.406415
-4.438617
-4.261788
-3.295696
-1.676623
-5.584706
-5.410038
-7.775764
-3.131039
-2.373340
-7.974245
-4.058185
-6.577777
-4.337738
-5.185931
-5.311030
-1.965804
-6.570999
-6.070743
-6.311746
-4.243778
-8.551558
-3.674886
-4.590422
-7.383887
-7.689127
-10.831969
-4.731722
-5.086154
-4.440721
-5.424280
-7.403693
-5.893025
-3.711788
-3.373281
-6.690875
-8.085936
-0.789746
-2.381985
-6.009990
-8.838305
-7.412998
-5.760016
-1.131103
-7.975029
-7.489121
-3.401726
-2.481804
-6.784491
-4.786889
-6.078187
-4.487940
-5.878244
-6.886355
-1.330940
-4.441111
-3.711402
-2.472240
-8.615238
-4.088610
-8.773064
-11.440052
-4.308690
-2.797318
-7.867310
-8.201654
-5.755891
-3.111371
-3.312884
-3.364348
-3.864616
-3.420824
-5.618152
-5.722442
-5.187039
-3.714914
-7.623125
-5.092665
-3.463109
-6.274978
-2.602347
-5.929870
-6.830137
-6.406926
-5.292678
-4.111095
-3.473975
-3.466994
-6.422726
-7.594984
-8.773064
-5.346343
-0.631436
-8.989548
-5.024693
-5.321021
-8.651908
-10.511514
-1.195456
-3.383712
-7.173511
-5.180233
-3.991092
-1.702291
-4.693086
-5.278983
-4.251204
-5.459204
-5.442263
-5.814936
-2.640922
-4.343866
-3.868248
-7.724017
-9.275682
-7.878337
-8.333976
-3.941679
-6.397691
-3.527741
-8.829516
-4.999063
-5.320181
-7.064478
-2.909207
-2.568573
-4.591031
-5.982284
-4.319329
-4.854898
-3.738500
-4.266819
-3.265869
-1.047525
-6.143278
-5.240623
-9.234644
-3.757280
-5.950599
-8.425729
-5.751733
-8.773064
-6.055926
-5.901545
-5.437608
-8.773064
-2.138299
-5.222465
-2.726043
-8.437893
-3.196771
-5.472039
-3.847678
-4.485554
-6.030919
-9.742042
-4.122904
-3.086378
-5.351569
-6.883678
-7.004159
-4.638013
-6.223414
-8.402106
-4.574000
-6.330635
-4.518231
-3.871539
-6.471459
-5.685572
-7.410709
-4.385243
-5.203714
-2.884574
-7.722564
-2.769727
-6.067356
-2.454048
-2.398981
-3.883590
-4.084170
-2.782046
-2.918884
-2.861171
-5.879738
-6.211063
-3.434263
-4.896294
-5.789546
-5.620303
-8.683995
-2.138674
-4.012462
-2.624027
-7.869347
-2.064431
-8.177215
-8.707451
-5.171432
-3.918695
-2.353678
-3.070472
-6.660932
-5.078804
-6.368386
-4.959084
-3.626761
-5.014682
-7.248010
-2.826306
-8.422094
-5.377730
-10.832518
-2.896392
-2.110716
-2.795227
-3.864005
-2.739886
-6.593757
-7.351525
-4.671146
-5.379299
-9.556105
-9.456716
-4.203443
-4.280777
-5.248839
-4.010555
-7.102054
-9.691811
-9.172710
-6.720526
-5.484716
-8.569260
-8.015829
-8.068393
-5.759796
-10.329103
0.166651
-4.712919
-4.301759
-5.522181
-5.887962
-6.306644
-8.270059
-4.448629
-2.165385
-5.537342
-7.953833
-4.298501
-5.394307
-4.586037
-5.474111
-5.580143
-5.190068
-3.714838
-9.014030
-6.414340
-5.771638
-6.418385
-9.055346
-5.963539
-2.459898
-4.126888
-2.459320
-6.372977
-5.375602
-6.972697
-7.356741
-1.307778
-3.005152
-3.795201
-5.011210
-2.464595
-4.253169
-2.531548
-3.643195
-5.480957
-4.675183
-3.265939
-6.190314
-8.361992
-5.298299
-4.174912
-8.902796
-3.697001
-2.831782
-6.576208
-4.760070
-3.176715
-3.237856
-5.899221
-4.710031
-3.333982
-1.863893
-6.558468
-5.092310
-5.950788
-3.017790
-4.967313
-5.556917
-5.685001
-2.220960
-5.057249
-1.065918
-5.541797
-2.226049
-8.470376
-7.421545
-4.206436
-2.845961
-7.234810
-4.663119
-2.449476
-5.910460
-6.672788
-6.709575
-2.338650
-8.483590
-3.118917
-11.679824
-8.415354
-7.560120
-3.347795
-6.302283
-7.425827
-4.458674
-2.181061
-3.980356
-3.360949
-2.108222
-8.329257
-10.002726
-5.122719
-4.284558
-5.679939
-3.749135
-6.278060
-5.732077
-6.140905
-5.338766
-9.042963
-6.092423
-1.276131
-5.739370
-9.915172
-0.686065
-10.069830
-7.159623
-2.099701
-6.922894
-0.560038
-5.007135
-4.001129
-5.119835
-2.875936
-7.119532
-5.253205
-5.547818
-9.118653
-10.794949
-8.093445
-4.787933
-8.312413
-9.014310
-6.986606
-4.173260
-5.825277
-3.523239
-6.551184
-3.318880
-5.949859
-5.222125
-3.533312
-1.675751
-4.897982
-8.325541
-7.029235
-5.578271
-6.699351
-4.661885
-5.044894
-4.165030
-4.830605
-5.420446
-12.240898
-2.050701
-1.896012
-2.122813
-3.601319
-5.479598
-8.340016
-6.121410
-3.279117
-6.667099
-3.335221
-4.939114
-4.577684
-7.353144
-0.769913
-3.009677
-2.147261
-9.054367
-1.917878
-3.542499
-4.661032
-3.711954
-3.716369
-4.082874
-2.752440
-1.340026
-4.698411
-3.902197
-4.757779
-7.159353
-3.483529
-3.987149
-7.593580
-1.357854
-4.450309
-5.629913
-7.008332
-4.372106
-2.461163
-8.555387
-8.571066
-6.431340
-5.061432
-7.142285
-5.215137
-3.918318
-6.027505
-2.106023
-4.552601
-7.062212
-3.548154
-3.856844
-4.864542
-3.047860
-4.912109
-4.824884
-5.552978
-3.603631
-4.751091
-8.238527
-5.664672
-5.030205
-6.829560
-5.899374
-6.108430
-3.440518
-4.572682
-5.267108
-4.991500
-4.142148
-5.227313
-3.358078
-4.845559
-5.248615
-7.147705
-4.421681
-3.248778
-4.749631
-4.303689
-5.368234
-8.106947
-4.878385
-4.129099
-5.520871
-4.632110
-4.626377
-9.819077
-4.289125
-8.609429
-5.366748
-2.869214
-7.458490
-3.592679
-5.044078
-7.256210
-0.291165
-6.420696
-5.887121
-7.537234
-4.052481
-7.270649
-5.458654
-3.666353
-4.637989
-3.955964
-5.513669
-3.629972
-3.406734
-7.798829
-7.080974
-8.349154
-7.941614
-8.156006
-1.608699
-2.138981
-3.259763
-4.076688
-3.063535
-5.875707
-6.714898
-4.346232
-7.591027
-3.360399
-5.308871
-7.550654
-4.493664
-5.112810
-7.469857
-8.863380
-5.412934
-1.956767
-1.397345
-8.263312
-6.494794
-9.024096
-6.951069
-6.717337
-4.920733
-6.644444
-6.384432
-3.566019
-5.112841
-3.757282
-2.462190
-5.556274
-7.659635
-7.186955
-8.054962
-6.540444
-5.060655
-6.300329
-6.215204
-5.286534
-2.561263
-5.467442
-5.225616
-5.214202
-4.320217
-6.735653
-4.322813
-4.130991
-6.052346
-1.722400
-2.910581
-5.615557
-5.974272
-5.772056
-3.636585
-7.182759
1.222540
-8.078542
-2.909064
-4.729208
-7.017519
-5.105305
-6.268778
-6.545716
-7.848744
-5.620921
-5.326590
-1.595486
-4.313483
-6.645148
-5.090461
-1.871832
-6.963150
-9.045119
-4.495261
-2.734988
-3.932218
-6.919564
-3.937935
-4.112060
-5.958802
-5.984290
-5.414571
-5.596797
-2.523868
-5.048525
-3.659641
-6.876608
-4.967604
-7.585885
-6.147339
-4.783968
-6.972110
-7.299455
-8.290871
-5.173508
-4.721971
-4.053663
-3.206681
-4.431973
-7.565027
-6.521315
-4.196117
-2.312291
-6.252107
0.015960
-3.996869
-9.184238
-4.471361
-5.404935
-5.937957
-3.207468
-6.345455
-4.748636
-1.932277
-1.427710
-4.503672
-6.004375
-5.569626
-7.903409
-7.500729
-8.493715
-7.940061
-3.031548
-4.251482
-4.173409
-3.516278
-8.427253
-7.719901
-7.872098
-9.003853
-7.203022
-2.821819
-6.974905
-4.368074
-3.411961
-4.863406
-8.695987
-3.447320
-5.384840
-2.992771
-5.345968
-5.479085
-0.743359
-3.311463
-2.582412
-4.486555
-4.663108
-6.502397
-4.473256
-4.844317
-5.420307
-7.335068
-5.590588
-9.118653
-3.178589
-4.775581
-3.356181
-3.046547
-8.209810
-1.217884
-3.414095
-3.969915
-6.405083
-4.712650
-5.654653
-5.893730
-3.664711
-7.003560
-6.190837
-8.361444
-5.269803
-5.761930
-10.109750
-8.129383
-3.796509
-6.477767
-6.892972
-6.193822
-6.491879
-6.359618
-5.716784
-8.035309
-5.746074
-9.271393
-6.200900
-6.136775
-5.563831
-7.646322
-6.027860
-2.780506
-4.836847
-2.893161
-7.765474
-4.903402
-5.571655
-3.801074
-1.508228
-4.428015
-5.869337
-5.405013
-8.347866
-4.918074
-3.511989
-4.652165
-4.204471
-3.496630
-8.715489
-4.465443
-4.360186
-8.896691
-5.407124
-7.686168
-10.403675
-6.198216
-7.031621
-5.551880
-8.635989
-2.249701
-9.102200
-3.801276
-6.716096
-5.585045
-7.887992
-4.713199
-5.549763
-7.746256
-6.918019
-8.802530
-5.021958
-6.650875
-4.455801
-6.452709
-6.214322
-5.017575
-3.744374
-3.463734
-10.866632
-6.239935
-4.578033
-5.913831
-6.547806
-3.194950
-8.160522
-4.855417
-9.212345
-8.877667
-6.372141
-5.418812
-7.202433
-2.725416
-7.288053
-4.210958
-1.173431
-5.340173
-5.943144
-13.138697
-5.927825
-3.765787
-5.204948
-5.045391
-8.864398
-4.295780
-4.218154
-8.014158
-6.218417
-8.683995
-6.012125
-6.653737
-7.818351
-2.941240
-5.954091
-0.784718
-8.347960
-15.701981
-3.857653
-6.351359
-0.468816
-7.209492
-8.285231
-7.854927
-6.261114
-4.876235
-5.905140
-2.077310
-6.028589
-5.637179
-6.112720
-6.221365
-4.707802
-6.931105
-5.447102
-4.448786
-6.241098
-6.292318
-3.549948
-1.631036
-5.511401
-2.975326
-3.883117
-3.185280
-4.078275
-10.043633
-6.777046
-4.999525
-5.005330
-9.388962
-7.215982
-5.249581
-7.591152
-7.253191
-8.928208
-3.601723
-4.405993
-7.353100
-5.321778
-7.494946
-8.236335
-3.030154
-6.111065
-3.245081
-5.633247
-3.293165
-5.215439
-4.459668
-5.990727
-10.282481
-2.616920
-3.572060
-9.540771
-5.040854
-6.201769
-4.604569
-5.887913
-6.874253
-6.454258
-7.125515
-7.632785
-5.733553
-6.710054
-4.114954
-4.997965
-8.093229
-5.661887
-6.859995
-8.705798
-4.186683
-5.283051
-7.681139
-4.229066
-6.847214
-2.894501
-3.168571
-8.523181
-5.691054
-7.088513
-6.455126
-3.386494
-4.441735
-6.612753
-5.079255
-3.569878
-5.235741
-3.900734
-5.832706
-6.748300
-6.028616
-1.358520
-5.186558
-7.916108
-7.934816
-7.736413
-5.933029
-0.610093
-4.456768
-5.512411
-4.598597
-8.150206
-6.934977
-5.043841
-6.203324
-7.574149
-6.307735
-6.970092
-6.659210
-3.232879
-3.773377
-3.816683
-4.909439
-7.106691
-6.117611
-2.482306
-6.434423
-8.653687
-3.980560
-4.373682
-5.974707
-4.755356
-6.876608
-3.603136
-6.691535
-6.756473
-2.112381
-3.060389
-7.146195
-7.739904
-3.317374
-2.650777
-3.169741
-6.690024
-5.151398
-3.273799
-2.173555
-7.107996
-6.374241
-7.975650
-4.926196
-1.826486
-4.354097
-8.035724
-8.376002
-3.223607
-6.457614
-5.046370
-3.857580
-5.217972
-4.177384
-6.935395
-4.482297
-8.463649
-3.112021
-6.954793
-4.939726
-4.892684
-6.066272
-5.931128
-1.854851
-4.129485
-4.924072
-11.094610
-1.084794
-8.784443
-6.594278
-6.887059
-5.564071
-3.603080
-9.198515
-5.369722
-5.000956
-9.913890
-1.537170
-7.910219
-4.394800
-4.827030
-5.805299
-4.353469
-4.421222
-5.396520
-2.646322
-7.939214
-3.189652
-4.691928
-5.725613
-2.295791
-1.786552
-10.316585
-3.917269
-4.306410
-6.065019
-4.620100
-3.945808
-4.119043
-6.019266
-5.509455
-4.644315
-5.867752
-6.976886
-5.246719
-4.653390
-5.200551
-4.152383
-5.266160
-5.180674
-5.368177
-2.951044
-2.912756
-3.714159
-9.592450
-3.346054
-6.023884
-7.340569
-4.777524
-7.738969
-5.739026
-8.349737
-5.511106
-6.655500
-7.862989
-9.789365
-4.435154
-7.923898
-4.407792
-2.305615
-3.944362
-8.232624
-2.620894
-4.682678
-2.661060
-2.868511
-4.837869
-5.708214
-8.079633
-7.894976
-8.579536
-1.958159
-5.392395
-4.554436
-5.240514
-2.970105
-2.997849
-3.993553
-7.344880
-4.901804
-6.451112
-4.473724
-2.795948
-8.027329
-4.275553
-2.431539
-3.342077
-5.354394
-2.753306
-8.683995
-2.352004
-2.328451
-7.116569
-5.351347
-5.734786
-3.652098
-7.364842
-4.364716
-8.773064
-7.055212
-4.612111
-4.455555
-7.494792
-5.053182
-2.900117
-6.282669
-4.470375
-3.989124
-4.415660
-3.025480
-4.865194
-0.055264
-4.625891
-2.052740
-6.349145
-6.696215
-6.876608
-5.628690
-2.520352
-3.907108
-6.350858
-4.419807
-9.303017
-4.475247
-6.735113
-0.695760
-9.798580
-1.926820
-5.974994
-3.485473
-2.175155
-4.799915
-9.762555
-11.970981
-5.635348
-4.608089
-4.654900
-5.773855
-5.955832
-9.328456
-4.775147
-3.483666
1.198223
-3.870266
-4.683388
-5.588793
-2.750941
-4.230033
-3.630920
-3.503399
-10.716252
-7.476381
-5.606968
-5.728686
-4.041698
-1.708436
-5.700982
-6.080068
-5.372315
-3.123605
-5.660457
-2.898438
-6.251148
-8.077626
-3.808759
-7.142085
-7.167125
-5.176766
-9.759192
-5.393376
-7.798055
-5.522693
-5.099291
-2.214967
-7.860088
-8.542703
-5.604700
-7.174232
-11.465450
-4.149926
-7.499290
-7.406410
-7.905830
-7.134634
-8.375609
-12.600295
-4.821172
-3.002086
-1.801699
-4.082242
-6.798149
-6.905923
-10.044315
-10.856407
-6.576966
-5.168168
-3.015633
-6.639089
-4.815443
-3.147303
-4.941566
-5.685055
-1.781985
-5.455595
-6.181268
-3.445203
-7.878067
-6.628521
-8.053996
-6.463592
-4.536651
-6.030910
-4.356797
-7.486710
-6.802166
-4.456783
-6.740247
-9.854429
-3.983817
-4.769279
-4.161952
-7.541001
-4.185758
-6.252403
-5.393533
-3.727050
-4.720789
-4.798535
-2.613505
-6.314490
-5.084305
-4.616959
-7.905644
-5.937745
-9.107371
-1.637935
-4.595422
-6.713106
-10.076510
-5.924146
-5.266374
-8.479617
-8.961447
-2.466309
-2.304644
-4.529807
-6.656990
-3.598368
-6.731388
-5.064442
-2.925183
-3.239746
-7.760192
-8.683995
-7.211034
-4.250516
-6.666951
-6.285131
-5.732978
-5.712434
-7.528578
-3.351437
0.905179
-4.681922
-4.428507
-4.472132
-7.219725
-6.619002
-8.725148
-5.100728
-5.129413
-1.756903
-4.646929
-4.547127
-3.806331
-0.940512
-7.299414
-3.056618
-6.088195
-6.493599
-4.126560
-4.914850
-4.186822
-6.373739
-8.085431
-4.502421
-5.341360
-6.379865
-9.407856
-1.403279
-4.129427
-7.596340
-3.698466
-10.020990
-3.922772
-5.005914
-3.041264
-3.461333
-10.142006
-5.298592
-3.724829
-2.964738
-5.994170
-6.637371
-2.721917
-9.032436
-8.801424
-3.154304
-3.431765
-4.676867
-4.808082
-8.071961
-4.387712
-6.126772
-7.209927
-4.716252
-6.314445
-6.718869
-5.199184
-5.296655
-8.079924
-2.917298
-11.525674
-6.615479
-3.348775
-5.356513
-6.838052
-7.340436
-5.885842
-4.011368
-2.267351
-7.398488
-3.056386
-9.178829
-7.017819
-6.567598
-7.751405
-6.099069
-7.159254
-5.126635
-2.601175
-6.778960
-4.923049
-3.123189
-4.379817
-4.160758
-7.171063
-2.839091
-6.170645
-3.923554
-2.344241
-8.915151
-4.266180
-4.376989
-5.734748
-11.467310
-2.963750
-6.289336
-4.484384
-5.553285
-4.004818
-3.907636
-5.799102
-7.622773
-6.707417
-5.680281
-6.600361
-6.101053
-4.055702
-7.873699
-6.840272
-4.207829
-5.154461
-4.391327
-5.959073
-4.999156
-7.741202
-5.470361
-5.220961
-7.249185
-6.680084
-7.206851
-3.371916
-3.613342
-5.484669
-3.737558
-5.252321
-6.943713
-5.306253
-2.536214
-4.507900
-2.285887
-4.982484
-6.048799
-10.204595
-7.255512
-5.158114
-6.076953
-2.918604
-9.544848
-2.064207
-6.652869
-8.938728
-2.630951
-6.195703
-3.711123
-8.814979
-7.377705
-5.348743
-5.777051
-5.713823
-7.140821
-2.628319
-6.153106
-9.264096
-6.207750
-5.697428
-5.382711
-3.100603
-8.831190
-0.251091
-3.038945
-9.744177
-3.973392
1.973136
-7.762473
-5.047426
-5.026543
-6.302085
-2.794331
-3.773550
-3.724195
-4.817695
-8.088869
-3.520233
-7.221035
-6.605372
-3.238384
-6.680537
-7.328205
-4.941602
-1.058032
-6.473529
-4.675329
-3.746598
-6.071008
-5.476987
-3.405874
-6.512899
-2.984928
-4.370086
-6.582085
-4.824825
-7.284879
-9.314683
-6.270257
-7.648590
-4.284216
-3.298878
-4.899356
-3.858861
-7.896751
-4.488305
-7.608184
-6.875092
-8.773064
-7.244208
-5.076418
-4.879392
-2.406915
-5.169692
-2.940776
-4.382959
-5.649872
-5.038270
-5.642586
-1.753392
-11.615717
-7.785866
-7.604187
-7.011896
-5.778576
-6.775140
-5.686679
-2.132043
-6.090954
-7.014473
-4.304695
-5.864343
-9.113256
-4.881864
-7.282630
-7.454628
-3.503223
-5.573886
-4.315855
-4.373963
-4.140029
-3.169309
-5.171721
-5.345685
-4.563426
-6.819586
-10.617847
-6.547436
-3.253637
-5.044861
-4.481126
-5.757994
-11.696894
-7.679449
-4.331623
-4.393584
-3.039171
-3.014959
-4.090070
-8.773064
-4.155732
-5.712002
-5.879632
-5.582860
-6.228905
-5.277200
-4.300021
-9.118653
-1.758081
-8.457998
-5.204121
-7.487566
-3.854776
-4.104725
-6.738196
-5.538992
-4.865833
-3.429887
-4.993698
-3.350624
-8.554456
-4.782843
-8.422786
-7.510960
-7.520138
-7.139053
-2.425821
-5.758560
-8.818439
-4.912937
-8.437841
-4.976295
-7.317342
-2.831751
-4.717513
-5.067345
-5.614760
-6.656035
-4.480556
-11.678028
-7.671854
-2.169860
-7.372098
-2.437581
-6.888111
-6.876608
-4.303051
-8.284821
-3.847999
-5.368641
-4.022160
-3.795762
-3.847661
-3.838320
-7.129864
-3.001572
-6.881972
-3.637949
-8.163315
-9.647140
-7.117466
-7.466765
-4.369652
-4.517237
-1.309713
-3.345574
-3.892076
-8.874378
-4.189947
-3.786583
-7.362242
-4.439791
-7.291114
-5.296139
-6.309759
-0.570440
-6.803051
-6.870578
-0.175831
-2.562408
-5.457887
-4.902646
-6.278647
-4.269479
-4.643856
-4.491964
-8.115948
-4.706169
-3.480536
-6.995303
-3.488200
-3.026241
-8.342402
-6.876608
-3.906289
-5.578176
-5.663101
-7.554512
-5.572286
-5.211720
-2.450388
-5.967626
-2.871548
-3.958078
-6.876608
-0.010719
-6.455469
-4.149127
-6.580621
-6.181585
-2.527489
-9.709188
-6.422667
-7.090721
-5.110003
-5.786098
-7.684772
-3.680929
-3.973986
-7.284230
-1.995381
-3.867591
-2.589078
-6.610917
-7.869062
-3.805779
-5.267423
-8.683995
-6.353891
-6.206445
-0.940386
-6.226465
-6.500057
-5.900516
-3.214412
-2.990551
-7.788949
-5.885467
-4.151762
-2.925511
-2.571229
-0.903386
-5.205550
0.559838
-6.476711
-2.574403
-3.720177
-4.822299
-8.773064
-5.869897
-7.021388
-5.114871
-4.996414
-3.778657
-1.383296
-5.057702
-3.236934
-5.346442
-4.862779
-7.583738
-5.203185
-3.712034
-6.817066
-0.313398
-8.182075
-6.018619
-2.744609
-6.900887
-2.886258
-5.952849
-7.844295
-5.239909
-8.868739
-5.380507
-7.659507
-3.394610
-7.796821
0.396426
-6.998853
-4.139170
-5.347579
-7.636587
-1.928360
-7.388336
-6.199264
-3.133416
-5.556576
-5.078702
-3.247073
-2.132853
-9.238838
-2.786614
-6.228209
-6.031984
-5.927152
-7.768818
-4.966146
-4.898004
-6.534385
-5.484368
-7.197959
-1.912002
-9.802834
-6.276206
-4.629672
-8.244602
-2.436529
1.494085
-5.039454
-4.304287
-3.154957
-8.149784
-7.240958
-5.251018
-4.204589
-2.339661
-7.518356
-6.749236
-6.078174
-4.310134
-7.781194
-5.876312
-5.487456
-8.394986
-7.486998
-1.530559
-5.281651
-2.938044
-1.544912
-4.433013
-3.263324
-5.670424
-6.768601
-4.546316
-1.649477
-4.504317
-6.539969
-7.140173
-3.371414
-2.888110
-4.654746
-6.282151
-5.827607
-9.263961
-5.680501
-3.588929
-8.568687
-6.642498
-8.757065
-9.369426
-8.083078
-2.854398
-2.533896
-6.297262
-4.034725
-4.157708
-2.359553
-7.993056
-5.113041
-7.299692
-2.908093
-7.158357
-5.182640
-5.691537
-6.298683
-6.783152
-7.043078
-5.174232
-3.520328
-6.833074
-4.162859
-5.804260
-2.176022
-8.065069
-5.724450
-7.518075
-7.878146
-3.210995
-3.593196
-7.140191
-7.752246
-5.132793
-4.989777
-2.471044
-4.338912
-4.704131
-4.019616
-7.771223
-3.915774
-9.666184
-6.615359
-8.202666
-2.614375
-5.586121
-5.285660
-7.065874
-4.145926
-4.686062
-4.100896
-7.080213
-2.825559
-4.976388
-3.887069
-3.615640
-6.876608
-2.824390
-4.702435
-3.893569
-7.997568
-6.328219
-3.563595
-6.564779
-8.099948
-5.074299
-1.846777
-5.109686
-5.471498
-3.051316
-5.392305
-10.366384
-2.829602
-4.629927
-3.691522
-8.887390
-5.300797
-5.649251
-8.104815
-3.543267
-7.435227
-6.876608
-6.596958
-2.423959
-7.283408
-4.797413
-6.327098
-4.502950
-3.705545
-5.218739
-4.405005
-3.503341
-3.895580
-4.238630
-5.117283
-2.226222
-4.843045
-5.387753
-5.048889
-7.535178
-7.058803
-7.562663
-7.920372
-4.550495
-8.421485
-5.180278
-2.694985
-3.870918
-6.183373
-1.435456
-4.468060
-3.170634
-6.883711
-3.247092
-5.439346
-6.959329
-4.857707
-4.708807
-5.846807
-9.846439
-4.328273
-4.616097
-5.714380
-2.242438
-1.851095
-5.261630
-6.845775
-3.040375
-4.960803
-6.846216
-7.500840
-9.067408
-7.991300
-3.658869
-5.726670
-4.236228
-5.016183
-9.579961
-9.196631
-4.393013
-2.487772
-2.067831
-5.218616
-4.146985
-7.260094
-4.427128
-7.648528
-5.810656
-2.022112
-5.327522
-3.024005
-5.538465
-4.959336
-6.907375
-1.278709
-2.998083
-8.378386
-5.896262
-3.438651
-7.746326
-6.879014
-6.654806
-4.427402
-4.067273
-1.397127
-2.537174
-4.786350
-5.403597
-4.595333
-6.159681
-8.405066
-6.330143
-5.262477
-7.731359
-5.208317
-2.757672
-3.875210
-3.730853
-5.791662
-3.849462
-4.629473
-4.173422
-3.816693
-3.462611
-2.713706
-4.487678
-6.260933
-4.072772
-5.544564
-3.380984
-5.642446
-7.240214
-5.725860
-2.907478
-7.235346
-6.350078
-4.615269
-2.477655
-6.035615
-0.903683
-5.038515
-3.355341
-5.948030
-4.315275
-5.067720
-3.064488
-8.276718
-3.094135
-6.364999
-5.130150
-5.006487
-1.710582
-8.683995
-9.688891
-7.658193
-6.149207
-6.077503
-4.621099
-5.917904
-5.335032
-4.932158
-4.891526
-3.069658
-2.002537
-6.067356
-6.103173
-9.305202
-4.118970
-8.506339
-9.216946
-2.490310
-6.778604
-6.438973
-2.262078
-3.463898
-6.770045
-2.661430
-8.773064
-4.449834
-4.141410
-4.277966
-4.914296
-4.620257
-6.390061
-6.299994
-8.229915
-5.848675
-4.519630
-4.962387
-5.282391
-5.105652
-4.023319
-6.269032
-2.834641
-5.901318
-3.906336
-6.040473
-6.936684
-3.781932
-7.325345
-3.025079
-5.960625
-4.861869
-6.343114
-6.106355
-4.675860
-7.122658
-5.707781
-6.276883
-8.662726
-3.993521
-5.125649
-5.105851
-2.847888
-5.871498
-5.404106
-3.670652
-3.254506
-6.160286
-3.799520
-7.977905
-5.313588
-6.865552
-4.181983
-3.912452
-2.829263
-7.243618
-8.773064
-6.142238
-5.019973
-5.720637
0.534492
-3.721833
-1.441668
-6.913983
-2.891070
-5.832734
-5.734258
-6.389907
-6.609439
-3.486795
-2.925462
-4.253037
-6.377582
-1.546447
-5.439306
-6.253031
-4.544410
-3.650596
-5.799503
-4.039200
-5.032716
-5.792977
-2.810665
-4.001412
-6.958887
-9.314172
-7.285288
-9.570078
-5.364041
-4.102777
-4.793230
-5.424637
-6.205147
-3.837255
-6.495178
-5.680500
-10.351884
-9.857771
-4.055549
-9.548210
-2.153433
-2.406795
-5.914829
-5.492713
-2.899735
-7.198225
-5.872461
-4.679684
-5.552687
-7.098439
-9.447955
-2.105525
-6.686269
-7.160947
-9.279140
-3.221743
-1.579360
-3.734879
-5.424072
-6.274620
-8.080580
-7.159858
-3.872731
-5.598248
-6.915505
-12.569167
-4.131299
-7.449749
-2.098213
-3.009497
-5.113893
-4.340956
-7.198187
-4.840098
-1.184068
-4.286028
-0.194712
-6.072969
-2.438907
-8.763533
-5.846373
-3.982946
-7.274729
-2.193631
-9.968263
-1.905694
-8.119229
-4.080229
-6.567174
-3.796674
-6.380841
-5.656135
-3.512578
-4.393971
-2.926223
-5.562439
-6.433670
-4.212706
-3.707243
-5.491805
-1.899660
-7.996821
-8.351828
-3.313869
-6.545368
-2.319940
-9.866014
-2.823298
-3.592318
-4.248486
-4.888139
-7.285481
-2.500440
-3.366551
-6.726948
-4.295414
-4.068326
-8.450867
-6.154532
-8.957296
-4.703331
-6.347205
-2.631770
-4.838581
-5.060913
-3.779280
-7.371490
-5.074456
-3.908581
-4.138576
-3.832033
-4.330636
-8.287196
-8.396782
-4.915582
-3.510915
-8.322691
-5.613689
-2.555273
-4.530747
-4.828020
-5.977026
-5.949830
-5.863093
-7.841772
-6.126120
-5.708995
-6.429139
-7.370730
-3.883873
-9.797137
-6.256609
-4.941828
-8.010173
-7.528511
-3.003517
-4.168859
-5.000027
-5.173797
-5.720006
-4.865469
-2.948329
-7.663171
-7.394642
-4.426814
-6.557640
-4.257970
-6.770946
-5.125286
-3.368038
-4.165717
-7.621678
-7.786460
-7.455422
-5.437171
-6.465724
-4.411765
-3.860322
-3.894180
-3.117702
-2.494919
-0.889406
-4.851203
-5.900925
-3.545321
-0.972451
-4.032569
-3.122404
-2.591598
-7.981569
-4.611569
-4.138784
-8.935089
-9.254427
-6.090052
-2.340896
-5.923243
-5.844512
-1.935125
-2.397017
-5.869517
-4.321009
-7.400511
-7.212561
-3.807125
-5.745148
-7.435760
-5.669791
-6.770676
-5.990517
-4.580385
-5.022913
-2.220703
-5.920722
-3.865274
-2.440017
-1.590035
-1.189364
-5.656209
-4.093343
-4.028628
-5.330744
-2.998383
-7.399832
-6.262432
-5.303354
-7.629214
-5.667368
-3.238039
-7.718365
-8.281022
-4.491910
-9.152050
-7.773829
-4.124328
-9.102159
-4.071859
-3.585942
-6.275367
-5.971985
-5.303042
-7.874985
-5.263954
-5.378735
-9.053662
-6.016106
-4.592982
-4.909138
-7.570904
-3.612606
-6.974482
-5.075797
-1.313514
-6.904906
-3.921330
-3.906142
-9.477398
-7.718022
-4.919732
-5.621799
-5.669371
-2.142582
-9.373726
-6.238729
-8.091666
-5.905326
-3.636556
-4.875905
-6.409439
-9.363658
-5.271739
-3.107620
-2.987380
-2.155701
-5.114960
-3.383307
-6.162238
-5.548008
-6.876608
-2.216734
-7.692125
-5.119894
-4.176147
-1.981025
-4.762142
-3.861400
-8.795270
-6.107853
-7.274907
-0.051060
-6.945751
-4.686321
-6.346492
-3.023188
-5.182638
-4.863441
-3.229981
-6.301773
-8.598461
-6.279025
-2.022437
-6.121163
0.635328
-4.162548
-1.834907
-6.442136
-2.576696
-2.936994
-4.011261
-2.061383
-5.739346
-8.270859
-9.255725
-5.440274
-8.846815
-4.402998
-7.011845
-4.471730
-6.875927
-8.057784
-7.519777
-6.264708
-9.437360
-6.649487
-8.488424
-2.766935
-2.891237
-5.296611
-6.354161
-3.456922
-4.807027
-3.778628
-7.284712
-4.165074
-8.346663
-7.867635
-10.312392
-6.370244
-6.139660
-3.080693
-5.211298
-2.599177
-4.070140
-5.282367
-5.074285
-4.359326
-6.876608
-0.686621
-4.111417
-7.990970
-1.979014
-8.266890
-4.189726
-3.127726
-4.564489
-6.423454
-3.502178
-4.312596
-5.357078
-5.776682
-6.874117
-6.662277
-4.035685
-7.796803
-4.081240
-4.994024
-3.795475
-3.991110
-5.068055
-1.796912
-10.465795
-3.553347
-10.118770
-8.037867
-5.345647
-4.588812
-8.095860
-5.556774
-8.318587
-5.970639
-7.695814
-9.461855
-6.735615
-4.629930
-5.914398
-2.663786
-5.374550
-6.763099
-3.617417
-5.855427
-6.389748
-4.718143
-7.402258
-4.834223
-2.874658
-4.065938
-6.932248
-3.195999
-2.319548
-8.833590
-4.805336
-4.020074
-2.861571
-4.328453
-6.682611
-6.642781
-8.773064
-6.554975
-6.283209
-7.927774
-7.228366
-4.621082
-7.869998
-10.158756
-7.061141
-5.393958
-5.904056
-7.048489
-1.746987
-2.796630
-3.005804
-2.428093
-8.392394
-6.729595
-5.113990
-1.824903
-3.410923
-6.908031
-2.607329
-9.074831
-6.085675
-2.595677
-4.248282
-11.280104
-5.913098
-4.046089
-7.629439
-4.864945
-7.927464
-6.953908
-6.571818
-5.922739
-4.347121
-4.785074
-6.731669
-3.782710
-3.176686
-5.222159
-6.308685
-6.435391
-5.437122
-3.901725
-8.012313
-6.567603
-5.216048
-3.150405
-3.910497
-5.597849
-6.269516
-8.322556
-6.631419
-3.824523
-4.948867
-2.989001
-4.707998
-3.769818
-3.970807
-6.690331
-6.004636
-3.325179
-2.962459
-2.466424
-3.807685
-3.605086
-5.912385
-4.446870
-4.072852
-3.959488
-1.213225
-6.750489
-3.900683
-6.964401
-9.128679
-7.116319
-1.885216
-7.461943
-7.996893
-7.647764
-9.217109
-9.136271
-7.135062
-6.041313
-4.379178
-1.606346
-5.224834
-8.396255
-5.543807
-5.473954
-4.673232
-4.347722
-4.502861
-5.068311
-5.561655
-8.687954
-4.383835
-3.573892
-5.232034
-6.024086
-9.336431
-4.776152
-8.888842
-5.434950
-5.274963
-10.154941
-5.791027
-3.822659
-7.566560
-3.975186
-6.682027
-6.178255
-5.262220
-4.839742
-5.422619
-4.154970
-4.447417
-6.694825
-8.212838
-3.855451
-2.833674
-5.668779
-7.185748
-9.172228
-4.446227
-2.932486
-7.692210
-9.550138
-3.937711
-4.232535
-5.139534
-4.993543
-2.767457
-5.969836
-2.425235
-4.015773
-5.255457
-6.061041
-5.330187
-5.313759
-4.463486
-5.636158
-4.312112
-3.783187
-2.412513
-6.007912
-3.011854
-6.169823
-8.517203
-6.087892
-4.507828
-5.729913
-1.715938
-3.382299
-3.893550
-3.912982
-4.744221
-5.861082
-7.526368
-3.381998
-7.512452
-3.641233
-2.769846
-7.017974
-2.478104
-4.661201
-6.948477
-6.425404
-6.604533
-7.491942
-6.863924
-6.785188
-7.590708
-4.603045
-7.517093
-4.553332
-10.187854
-9.529814
-8.295667
-5.620176
-6.062084
-3.849645
-2.347791
-7.559859
-4.640551
-3.231066
-4.189555
-6.427477
-5.560179
-4.850294
-7.637504
-6.216538
-5.057930
-6.864614
-6.281311
-6.184916
-2.710521
-2.801509
-5.415312
-5.231646
-1.757823
-2.870587
-5.068294
-5.468954
-5.758083
-6.483060
-3.054202
-7.392144
-2.033552
-9.010294
-6.508484
-7.624695
-7.019942
-8.620336
-4.513489
-7.690200
-7.052219
-4.637919
-4.907347
-5.375695
-4.788251
-3.486427
-7.651722
-6.570358
-7.941334
-9.488822
-4.794188
-6.175014
-4.434101
-3.017140
-2.213438
-5.322245
-4.003310
-4.044031
-5.002742
-4.998462
-5.550871
-4.195156
-5.644737
-5.075672
-8.037386
-5.428433
-4.061631
-3.684765
-13.249478
-2.120135
-6.547792
-5.624135
-2.582166
-2.306824
-4.328373
-3.635555
-6.371708
-7.031112
-9.135711
-5.195237
-4.013957
-4.732992
-5.150325
-3.780348
-5.399845
-4.623574
-5.231371
-4.935145
-4.906740
-5.320601
-7.205970
-5.327538
-3.766258
-3.227613
-3.767843
-4.383248
-4.337567
-5.433301
-6.263430
-3.984980
-2.379771
-5.186524
-4.365060
-3.289829
-3.743611
-9.024556
-7.851506
-5.679478
-4.811086
-6.165238
-4.063186
-2.500327
-5.234974
-4.465493
-4.551635
-4.897201
-7.402650
-4.499921
-3.672750
-6.193636
-4.053720
-5.216128
-7.257038
-7.392451
-9.848181
-4.181186
-5.202514
-5.556336
-5.612412
-5.146034
-7.585762
-4.547467
-4.642537
-8.267939
-5.739219
-5.917960
-3.032705
-4.160446
-1.897449
-2.961715
-5.140072
-6.112053
-3.841733
-10.666996
-5.263968
-5.758137
-4.484542
-5.566002
-5.832567
-1.789682
-5.873685
-6.935702
-4.214447
-6.290201
-5.281438
-7.832485
-5.888003
-5.917944
-7.548826
-8.581770
-6.416722
-5.224277
-6.629139
-5.520858
-4.579477
-6.938097
-6.463467
-2.139248
-6.682301
-5.149451
-2.057831
-5.525411
-4.127296
-3.990343
-2.477363
-3.839440
-3.445065
-6.186188
-8.395402
-5.495701
-2.310780
-5.366428
-7.380565
-5.332428
-8.909451
-4.422457
-0.815945
-6.277120
-3.887555
-3.869917
-5.743862
-5.072139
-7.554657
-5.762677
-4.517688
-2.746207
-6.115961
-5.570850
-6.507331
-2.076729
-7.990686
-3.739877
-11.331367
-4.467114
-7.137609
-6.563747
-4.447001
-6.904854
-6.839059
-4.811107
-0.598883
-7.037186
-11.855922
-6.904431
-6.686049
-6.315856
-3.928054
-7.623110
-8.450867
-3.211617
-4.148575
-0.730681
-4.148641
-5.988160
-7.735145
-8.910536
-3.737109
-4.340743
-1.232579
-7.505042
-4.628200
-6.387809
-7.197030
-4.461045
-8.980542
-4.892475
-11.287858
-6.098643
-9.004948
-7.731531
-6.223262
-4.821124
-8.473872
-4.881793
-5.813277
-3.003278
-5.018519
-7.942736
-6.705589
-7.113844
-7.064155
-5.938423
-2.058425
-8.742261
-7.697696
-6.781477
-2.135242
-7.998478
-4.300423
-6.949157
-4.250127
-6.446805
-4.687093
-5.123830
-5.630247
-4.707716
-3.565588
-4.669982
-5.693394
-4.581276
-4.081652
-6.892090
-10.454598
-5.318936
-7.049910
-4.913683
-7.321383
-3.522633
-5.521870
-5.064253
-6.215076
-5.193752
-2.680810
-8.895232
-6.212895
-3.695782
-3.710478
-4.126920
-7.746286
-5.665476
-7.899402
-4.982552
-7.612151
-7.300704
-3.629501
-3.554129
-1.762816
-3.986656
-6.791923
-7.194132
-2.180989
-2.708066
-5.734552
-5.303286
-4.979673
-4.124901
-7.930846
-1.489373
-2.637162
-2.731713
-1.837525
-5.550164
-7.851283
-6.405718
-9.838596
-6.110357
-4.795222
-5.721231
-4.750532
-5.832263
-6.913926
-5.378392
-5.570573
-8.440348
-5.706029
-7.305943
-4.138233
-8.161824
-6.420033
-5.427288
-3.773663
-4.566915
-5.402287
-4.083773
-5.187984
-3.287965
-4.927435
-8.034389
-6.054112
-7.442123
-5.704347
-4.309599
-4.558253
-4.716597
-4.621696
-5.328721
-3.209943
-5.691912
-9.061268
-4.378408
-5.448123
-5.462693
-3.387868
-6.158112
-8.260195
-3.990743
-7.193938
-8.562414
-5.055102
-4.836217
-7.287999
-5.766050
-5.877576
-3.478439
-8.095532
-4.740239
-4.751786
-6.735564
-4.006502
-5.651119
-3.322302
-2.874870
-6.303517
-8.683995
-5.341032
-2.505697
-7.385866
-8.133416
-5.536879
-6.750019
-4.396694
-3.647971
-6.759028
-5.144802
-3.887359
-10.866398
-7.654321
-8.697241
-6.983710
-6.465537
-6.769731
-6.282745
-1.311260
-4.026044
-1.646285
-4.857966
-4.359655
-4.516788
-5.785082
-5.474953
-3.914139
-5.852009
-7.741971
-7.552866
-5.653329
-7.719370
-5.941849
-6.729434
-7.329921
-2.779087
-4.742891
-3.694217
-8.871544
-8.142146
-6.661777
-2.756668
-7.348869
-3.492515
-3.761717
-6.359021
-5.912746
-3.992823
-7.901034
-4.641825
-7.475433
-7.272281
-4.730285
-3.444859
-7.242638
-4.851695
-7.737113
-4.380895
-5.694847
-8.255013
-6.515799
-6.152144
-10.210447
-6.119877
-4.332953
-5.067555
-6.403860
-6.279800
-3.471938
-3.748490
-2.792008
-5.536879
-2.028039
-3.302000
-4.337497
-5.783970
-5.735497
-5.186915
-5.233649
-6.266429
-3.113912
-5.481175
-6.525770
-4.164658
-6.414439
-4.884125
-8.548989
-4.653715
-11.765931
-9.007635
-6.462521
-4.998674
-3.588042
-7.920878
-8.122378
-7.688246
-4.458873
-6.045596
-3.558442
-0.901247
-4.736479
-6.156490
-3.683487
-4.569513
-2.991150
-2.978259
-4.181406
-7.401060
-6.195905
-5.466011
-3.092965
-4.109816
-4.669700
-7.051140
-6.027066
-6.723989
-4.507573
-5.436598
-4.805419
-6.641547
-4.694896
-7.137129
-3.532259
-3.178382
-6.051055
-6.072185
-0.676224
-6.387135
-4.130234
-7.602368
-7.849490
-5.661843
-8.678932
-4.611505
-3.679118
-7.253916
-8.275358
-4.008475
-9.299682
-5.303131
-2.672090
-4.787940
-3.624511
-4.339120
-2.712321
-4.472947
-5.901915
-7.283319
-4.879730
-4.137612
-8.485596
-5.584428
-6.070829
-6.537187
-5.849195
-6.772899
-3.714125
-6.269660
-5.784311
-7.368706
-1.859950
-6.829005
-7.636645
-4.581656
-6.468258
-8.561262
-5.777461
-5.495195
-6.694478
-5.064692
-5.067233
-7.721257
-9.320175
-5.582394
-3.697743
-5.887084
-5.942441
-2.552035
-4.985610
-5.209327
-3.195654
-5.349661
-11.249512
-5.579663
-7.068581
-2.432689
-4.170942
-4.086658
-7.791129
-1.945047
-6.614751
-6.899065
-6.754570
-8.777390
-11.647101
-4.858246
-6.368461
-7.356637
-6.881781
-7.019745
-8.784329
-6.647434
-5.516060
-7.365698
-4.721269
-3.978226
-2.401691
-4.715480
-5.617785
-6.127434
-4.744513
-4.089869
-5.266519
-5.684234
-5.900737
-8.154351
-5.571832
-4.834101
-6.073532
-3.190568
-7.562015
-5.973820
-4.603766
-5.658974
-7.975794
-3.487038
-3.797964
-5.403651
-2.100739
-4.327336
-4.877749
-6.955586
-6.237994
-8.992465
-9.031931
-4.960809
-8.297888
-6.572626
-5.829319
-7.116041
-3.031490
-3.589146
-8.955329
-7.844450
-8.035501
-3.981482
-4.490594
-4.951736
-4.163246
-4.139955
-7.627336
-3.293257
-4.258396
-5.193234
-2.524641
-5.109901
-4.781241
-6.283196
-7.710247
-5.573931
-5.651596
-4.921050
-3.211702
-3.626665
-6.442600
-0.352480
-8.228443
-7.384752
-6.605947
-4.305146
-6.618520
-4.704200
-7.451714
-4.871505
-6.494883
-9.965323
-3.713327
-3.017379
-9.887538
-2.086498
-7.337455
-8.870619
-5.299547
-6.877129
-7.310143
-6.827941
-5.831414
-5.099727
-4.454247
-8.648594
-6.695961
-8.111517
-5.361421
-2.927894
-5.329203
-7.630238
-6.253564
-9.424406
-4.925388
-8.150869
-4.913702
-5.525008
-7.924102
-4.292076
-3.990843
-6.811357
-7.120407
-7.722100
-7.502861
-6.140408
-7.710431
-7.440313
-3.820745
-6.169649
-8.343448
-5.316599
-6.136028
-3.555396
-4.224146
-6.100572
-5.896023
-6.410319
-3.267331
-9.806490
-4.370261
-9.250894
-5.855165
-2.080563
-4.963137
-5.749693
-8.570339
-2.971621
-6.510283
-7.866153
-3.944236
-5.303566
-7.505191
-7.487424
-3.100959
-11.721219
-10.654605
-5.103485
-2.611831
-5.095750
-8.547088
-5.220958
-3.605382
-3.049394
-0.674439
-5.077661
-5.275988
-4.731054
-4.814077
-4.775299
-3.543928
-5.667411
-7.505254
-0.933987
-6.728909
-5.963126
-7.086312
-2.703147
-3.714319
-5.073384
-2.807053
-5.162018
-5.991007
-6.135198
-6.276299
-3.238264
-9.001489
-3.354094
-6.261929
-3.598476
-4.707960
-5.158326
-7.642694
-6.150023
-5.250721
-7.950813
-10.630300
-4.571572
-5.595942
-6.985446
-5.240422
-6.038935
-6.932128
-8.206801
-3.105450
-7.368532
-7.284765
-6.750884
-3.335341
-10.183961
-3.609535
-3.222316
-4.905747
-6.267484
-4.115414
-6.986849
-6.754413
-1.963909
-7.772698
-2.391733
-6.519348
-5.091986
-10.553439
-7.057219
-8.002925
-5.305862
-3.641259
-4.138407
-4.809509
-2.887715
-3.388797
-2.407782
-6.852893
-5.676485
-4.759141
-1.746560
-7.449341
-5.613120
-5.079390
-7.329472
-7.218499
-5.274009
-6.796549
-6.323990
-0.729305
-6.581854
-6.851648
-12.405344
-4.707209
-6.353070
-5.064837
-11.238606
-4.083523
-2.234210
-8.269255
-5.143304
-5.470291
-5.423612
-5.636517
-1.814467
-4.487156
-4.566031
-5.928832
-5.299720
-9.250959
-8.730917
-6.880162
-5.660511
-5.360771
-8.432963
-3.753406
-5.481200
-5.121608
-4.093587
-4.813668
-4.257851
-7.065577
-8.051156
-4.093429
-3.207462
-6.840452
-7.488084
-6.328743
-4.097994
-5.795981
-0.982953
-6.597591
-4.679609
-4.661096
-7.691776
-4.346954
-3.821625
-7.450002
-4.745252
-2.444714
-4.767632
-6.589285
-4.959649
-7.929159
-6.713470
-4.691309
-9.224440
-6.439706
-5.357509
-4.565692
-7.072957
-2.343518
-5.014855
-5.105699
-4.237822
-5.221308
-3.800797
-2.925292
-3.827434
-3.932148
-4.863845
-2.841377
-5.329280
-6.949278
-5.382374
-7.402250
-4.975177
-4.213431
-6.401064
-7.747494
-4.898398
-5.583651
-6.889644
-3.480239
-1.982561
-4.247806
-4.727641
-5.610048
-7.732008
-1.686374
-4.974054
-1.765258
-6.211385
-6.851060
-2.130958
-6.238728
-1.699883
-5.608726
-3.786170
-6.756910
-3.743234
-8.014529
-5.852829
-9.360500
-4.726230
-8.189466
-5.000614
-8.691580
-6.268568
-9.226286
-4.712282
-2.093827
-7.349881
-4.997538
-2.460226
-7.470391
-8.443617
-4.162226
-7.086274
-5.895105
-7.661087
-7.185164
-9.656983
-5.373898
-4.499857
-1.641361
-6.149749
-4.107508
-6.261456
-5.447742
-3.518666
-8.119533
-4.362171
-6.075015
-2.704217
-8.214956
-0.747383
-1.734283
-8.824779
-3.886342
-6.285189
-7.632033
-4.146795
-6.793031
-5.063572
-5.919730
-4.304772
-7.621733
-4.073613
-7.070771
-5.542713
-4.964941
-6.089262
-3.763685
-5.804445
-3.345371
-8.797443
-3.908506
-3.685707
-6.846139
-5.024561
-6.597731
-1.718148
-4.755697
-5.852896
-6.723540
-3.810417
-3.765359
-7.680160
-4.530040
-5.347923
-3.990728
-4.120093
-7.086518
-6.649504
-3.207900
-5.681844
-6.864185
-3.775608
-0.339641
-3.489650
-4.233332
-8.254527
-4.134652
-6.419474
-6.751795
-5.331388
-5.907259
-7.341421
-8.690360
-5.499175
-5.534534
-2.809167
-8.280649
-8.486590
-7.183648
-5.143670
-2.816751
-8.100797
-6.510640
-7.574674
-9.232346
-1.679537
-7.049003
-5.957105
-5.624096
-3.641850
-5.316020
-3.047138
-6.846684
-6.388338
-6.918315
-5.139266
-5.234623
-4.973758
-6.384303
-9.305718
-4.219439
-5.454364
-9.897854
-4.148252
-7.909128
-5.976768
-3.550575
-3.104056
-1.972993
-5.793876
-6.807248
-5.610406
-5.537898
-3.314173
-3.947367
-4.813543
-3.210899
-3.992945
-3.978683
-3.124328
-2.793873
-5.359906
-5.857800
-3.585813
-5.499901
-8.521863
-3.459478
-3.646101
-5.127568
-7.918490
-4.875654
-8.243637
-6.738499
-5.999093
-5.161021
-4.470185
-2.069517
-4.096438
-6.022493
-3.717993
-4.840739
-3.903732
-5.747909
-5.244977
-5.161866
-10.001700
-0.039452
-7.376409
-8.624599
-8.372949
-5.284535
-4.821275
-6.064911
-5.401628
-6.967459
-5.947442
-6.768328
-7.269208
-7.849237
-4.920768
-7.295776
-5.450656
-5.580719
-8.467505
-3.795053
-8.475222
-6.310891
-3.069066
-5.459808
-3.238299
-9.323742
-7.314076
-3.610228
-9.800055
-5.223041
-8.221493
-9.267053
-5.927951
-8.683995
-3.887368
-3.289809
-4.002383
-6.584064
-5.177919
-1.975551
-5.768804
-5.976596
-5.457502
-5.518480
-3.815973
-3.541812
-4.955097
-3.020852
-2.876561
-4.814288
-6.978757
-4.929647
-7.350338
-7.735520
-3.148862
-6.683336
-4.274299
-6.731831
-6.846235
-11.589141
-8.303143
-6.876608
-4.334594
-7.469801
-4.748610
-6.993690
-5.993282
-3.808147
-6.305126
-6.714097
-5.487110
-6.868318
-5.346624
-2.462382
-5.143006
-7.027041
-4.166728
-5.604931
-6.067962
-8.620746
-4.190393
-6.353501
-7.260369
-6.687471
-6.654297
-2.130405
-6.261176
-7.369494
-3.527690
-6.159923
-3.241306
-4.739586
-7.073342
-4.771660
-3.823667
-6.511422
-3.880842
-10.627309
-4.118286
-6.755674
-5.993797
-6.348214
-4.778028
-6.346104
-4.482732
-3.105288
-4.641676
-2.483052
-3.640271
-3.903145
-4.118574
-8.619451
-9.905781
-8.190992
-9.484999
-4.753973
-11.265304
-4.351335
-2.028827
-7.430741
-3.729913
-5.130006
-3.199988
-6.102437
-6.592272
-2.361797
-3.034258
-5.476225
-1.982983
-5.375687
-7.291154
-8.004275
-4.456090
-6.267722
-7.904067
-6.280112
-7.636985
-5.013241
-5.168924
-4.875839
-8.960114
-8.307279
-4.352301
-5.430585
-5.889112
-4.874864
-1.876174
-6.876037
-2.656554
-1.572613
-5.430415
-1.877627
-4.522800
-6.540481
-3.582323
-4.245452
-5.974695
-8.150775
-7.280729
-6.852876
-5.998100
-4.142251
-4.176202
-3.292454
-6.250932
-4.235408
-8.080800
-6.495830
-9.897854
-5.258529
-6.589519
-9.340596
-3.948059
-6.880174
-11.044128
-5.417885
-3.378112
-5.766043
-4.658249
-3.952478
-2.503213
-4.995699
-5.652428
-5.535472
-2.141007
-6.982218
-5.019321
-9.440027
-4.821794
-1.925104
-5.236551
-5.421334
-2.815579
-4.980235
-2.246436
-9.225972
-5.481006
-6.289826
-6.665315
-6.614267
-5.035290
-5.470955
-5.038447
-4.282662
-9.170336
-4.623146
-6.205338
-6.172825
-8.496891
-5.242483
-9.066735
-5.767005
-4.133010
-4.859905
-0.834900
-5.171765
-5.771032
-2.200659
-3.137533
-1.062767
-5.612318
-6.534992
-4.866085
-3.376268
-8.506306
-6.539017
-4.975389
-3.756852
-5.899996
-8.331930
-7.209261
-3.594093
-3.159031
-7.581430
-2.435729
-4.210120
-4.094012
-6.212179
-6.282573
-6.515823
-5.227440
-4.551051
-6.180157
-5.415723
-2.711089
-6.304581
-6.432804
-6.728265
-8.256359
-2.024938
-6.279080
-1.998527
-3.278350
-3.289696
-5.508676
-4.227809
-4.478549
-6.027052
-8.625172
-4.564318
-5.542858
-6.054797
-2.376871
-2.886256
-9.173594
-5.856725
-4.764458
-6.547219
-4.359540
-4.948447
-2.802361
-4.300210
-5.485701
-9.663073
-4.984947
-8.056465
-3.206914
-6.901905
-3.903920
-4.183008
-5.157778
-5.387235
-3.930205
-9.068205
-7.087151
-8.619294
-4.469698
-3.668334
-8.773064
-4.983790
-1.315181
-4.792254
-9.973512
-6.309712
-3.912477
-3.407954
-1.474962
-4.546160
-0.438759
-4.704528
-7.463600
-5.137573
-9.174364
-6.907935
-3.857426
-1.217416
-5.201902
-5.371126
-7.622924
-4.398023
-6.935342
-3.906973
-6.010220
-8.865990
-5.949922
-8.735084
-6.227000
-6.441470
-2.554422
-6.380843
-4.837401
-2.899565
-3.715539
-9.119315
-6.916435
-4.254074
-3.128977
-7.936320
-6.338626
-4.236538
-6.841634
-4.982855
-5.669804
-7.377617
-7.034931
-4.649353
-6.027875
-4.921107
-4.820404
-3.501199
-9.209999
-4.653838
-6.964454
-5.381438
-7.541404
-0.490321
-5.750556
-3.706835
-4.858004
-4.459276
-6.902472
-5.622793
-5.849806
-6.834956
-4.366046
-5.862652
-3.560203
-3.244435
-3.484860
-4.227786
-7.219993
-4.677563
-8.605625
-7.412065
-6.985270
-5.318709
-2.337610
-8.413174
-4.958261
-7.923875
-5.157537
-3.596836
-4.945290
-3.990913
-3.629610
-10.662616
-5.522253
-5.974792
-6.286039
-2.453437
-5.836846
-7.885277
-7.417697
-9.582172
-3.738499
-7.912189
-7.749487
-7.019799
-4.393976
-7.423314
-6.525527
-5.701285
-8.705520
-9.498571
-5.359899
-4.377894
-8.007693
-5.047854
-7.805386
-11.148960
-5.028930
-6.767296
-10.738411
-6.067356
-5.815497
-7.368629
-8.940901
-5.551682
-7.524947
-2.728390
-5.919758
-7.939146
-5.205482
-12.292324
-4.861125
-4.032782
-6.707875
-4.783817
-5.841292
-6.338555
-2.949260
-7.078430
-2.128737
-6.444623
-8.027087
-4.270675
-7.395730
-8.794392
-1.568285
-10.487701
-5.545269
-6.903787
-5.666046
-4.684223
-5.025604
-4.648916
-5.251062
-6.231799
-3.815817
-7.551355
-6.275740
-6.561097
-4.799248
-9.244476
-8.004858
-4.930384
-7.497661
-6.417343
-6.148774
-7.125705
-3.011829
-8.164186
-5.282607
-5.182157
-2.535647
-4.175651
-5.928997
-4.426477
-4.155442
-5.068575
-2.605092
-6.332728
-5.120330
-3.462750
-7.351056
-4.044299
-3.827634
-9.350843
-4.055927
-7.953331
-8.210921
-2.716358
-4.500767
-5.653558
-6.940462
-5.340830
-7.167461
-5.567287
-7.154062
-5.660535
-6.092725
-3.943085
-4.308456
-8.066689
-3.479922
-4.425609
-7.519907
-7.409956
-3.832664
-5.371737
-5.411254
-3.311636
-5.011885
-7.324028
-5.992655
-3.851370
-9.262675
-8.043126
-4.804988
-2.957133
-5.822950
-8.180131
-9.017230
-5.768157
-7.872538
-4.792866
-8.689573
-5.361110
-4.528250
-6.911533
-3.662446
-9.857771
-3.199755
-7.098676
-8.945144
-2.909796
-3.606782
-6.165891
-7.113739
-2.664378
-3.549240
-5.941274
-4.446518
-4.293456
-5.470353
-3.695497
-11.340678
-7.878772
-9.505211
-10.078647
-5.083571
-5.190401
-2.655983
-4.844365
-5.573467
-5.896201
-6.714184
-4.082059
-2.793020
-5.792743
-3.394384
-5.129374
-4.507894
-6.613028
-7.966676
-3.501132
-1.964256
-2.868813
-2.954933
-4.874900
-2.902019
-9.366805
-7.659910
-4.612239
-5.290860
-3.473037
-7.731111
-8.999925
-6.180718
-6.780035
-4.242530
-5.782572
-6.032211
-3.969919
-9.503257
-3.547760
-4.891014
-5.123743
-4.377730
-4.217698
-5.628595
-4.177794
-5.271054
-4.416945
-1.876473
-6.713048
-5.406951
-4.030338
-4.321119
-6.869439
-6.408096
-3.400452
-6.531301
-7.821089
-8.926372
-7.234456
-8.137115
-7.392693
-3.450089
-5.699735
-6.066133
-3.636553
-6.264114
-7.377611
-5.668059
-5.531863
-5.594684
-5.066170
-6.876608
-9.003853
-4.660262
-5.964098
-4.551208
-8.399795
-3.753970
-4.706927
-4.824651
-4.873921
-6.264519
-7.982289
-5.548359
-4.352927
-3.584533
-5.195109
-3.848819
-2.955396
-9.927390
-6.975160
-8.694731
-3.338813
-7.500845
-6.019576
-5.619996
-4.618467
-4.920533
-10.858072
-4.594670
-8.046463
-11.078966
-7.307650
-2.995789
-3.031241
-4.215790
-6.652628
-5.469521
-4.477975
-4.338189
-3.678929
-3.695885
-2.817278
-5.460867
-6.626850
-5.061797
-5.407754
-6.740137
-3.780542
-6.077860
-5.519102
-6.014984
-4.242992
-3.075453
-6.062494
-6.436588
-5.132224
-3.903891
-6.892896
-2.273177
-4.589882
-10.286759
-3.595704
-9.613604
-8.371234
-3.809477
-4.552990
-3.631131
-4.950388
-3.301565
-6.738400
-3.025074
-5.865019
-4.851881
-6.829254
-2.956597
-7.914533
-4.266447
-4.805369
-6.646509
-5.608416
-4.796172
-5.978988
-3.995633
-3.518874
-3.291194
-7.131258
-5.560873
-5.316603
-4.925294
-4.193185
-8.318522
-6.636835
-8.462029
-4.387393
-6.559129
-5.803642
0.753920
-5.751212
-4.997365
-8.221328
-3.981258
-4.328511
-3.354063
-5.699031
-1.168916
-7.851208
-4.209943
-2.721070
-8.534951
-3.105294
-5.421854
-4.779505
-7.425884
-4.304975
-9.089482
-5.353748
-2.154331
-5.845775
-5.115870
-6.723512
-2.595004
-5.256884
-7.133777
-3.969139
-8.122534
-7.578073
-7.351902
-6.294246
-4.530077
-6.281952
-5.694867
-2.121099
-4.061343
-7.867530
-5.930128
-7.186468
-7.900204
-5.663862
-5.086912
-6.926491
-6.061297
-7.591520
-7.631123
-2.924399
-5.990959
-4.542328
-5.264838
-9.358666
-11.133842
-5.336852
-2.372658
-7.547148
-4.016692
-5.901021
-2.945411
-6.250489
-4.973917
-5.143805
-3.850843
-4.648853
-6.880929
-7.280750
-6.310629
-3.319729
-3.382518
-5.795941
-3.420562
-9.050918
-4.509475
-6.543631
-7.928622
-6.117157
-3.636320
-3.282961
-7.811466
-3.408454
-7.466516
-5.950338
-8.144038
-5.052323
-7.715386
-11.511325
-2.730351
-4.599411
-6.517023
-9.474468
-6.840265
-5.531854
-2.921885
-6.965706
-5.463051
-6.412690
-8.507545
-6.932189
-1.751867
-3.742507
-3.139596
-3.253224
-8.940717
-6.988697
-6.632568
-6.951043
-6.813453
-3.537985
-4.904851
-7.077204
-2.406828
-7.443117
-4.450158
-2.692646
-7.840436
-5.531109
-3.272518
-4.809070
-8.142178
-0.934352
-5.764927
-4.400305
-4.840758
-4.923211
-6.659450
-5.163455
-5.992953
-5.387736
-4.776096
-7.660810
-7.296980
-5.336998
-9.479352
-7.191802
-3.189104
-4.737060
-6.834983
-6.663367
-7.868385
-7.739724
-7.758394
-5.419974
-6.544556
-4.594137
-4.696882
-4.930453
-2.654461
-4.503103
-5.272970
-7.820653
-5.251577
-6.427361
-4.560400
-5.059548
-3.561883
-6.186665
-4.602021
-6.931894
-5.511234
-5.294604
-6.519151
-2.955944
-6.294543
-4.587138
-3.300231
-3.963506
-3.016469
-7.547784
-6.382088
-2.638824
-10.035020
-9.359992
-5.488751
-2.727324
-1.296849
-3.498069
-3.924136
-7.550512
-7.430034
-3.640597
-4.988479
-1.677605
-4.139905
-3.817270
-5.283072
-5.146159
-7.598380
-7.545305
-6.530927
-4.379709
-7.233439
-3.287838
-6.199801
-2.743284
-7.871728
-6.199937
-2.208521
-5.577888
-6.800154
-6.289135
-4.987771
-8.076161
-6.240420
-4.645051
-7.198643
-3.349865
-10.923772
-5.624778
-9.491161
-2.652864
-5.962799
-9.147245
-5.432794
-1.011367
-7.067879
-5.489487
-2.515402
-6.292733
-4.480103
-4.311123
-4.827804
-8.416494
-8.002613
-4.324836
-5.062632
-7.528805
-3.394865
-6.234438
-2.594397
-5.601876
-3.018353
-8.269468
-6.043388
-5.136115
-6.770553
-3.026400
-4.868486
-8.093749
-4.268116
-4.715292
-6.263193
-4.096456
-10.020990
-3.346114
-2.586248
-6.212013
-4.416557
-7.022725
-3.423794
-8.014028
-4.262919
-7.171066
-9.890807
-0.976421
-7.289809
-11.992726
-6.853312
-6.876608
-5.381919
-5.927167
-6.913872
-3.545769
-7.276409
-8.171307
-6.023557
-6.491699
-5.727066
-5.034733
-5.872989
-7.027521
-6.536122
-5.306839
-4.976811
-7.528224
-6.663770
-4.641635
-8.187427
-8.443520
-8.207423
-4.532009
-7.403584
-6.811513
-4.939604
-5.383464
-2.029062
-6.949632
-4.797677
-5.354805
-8.466696
-7.604518
-3.259137
-6.824533
-5.281410
-6.628508
-3.917475
-2.842559
-3.426065
-7.784251
-5.938012
-5.591848
-6.505977
-4.298261
-5.080019
-7.240878
-4.413515
-3.916608
-7.941461
-4.240711
-3.734725
-9.069148
-9.498479
-5.128693
-3.052412
-7.650201
-8.654789
-2.496347
-6.552227
-8.376287
-3.917027
-7.192091
-3.689329
-5.661820
-5.019894
-5.457513
-3.503160
-4.361583
-5.477161
-4.057961
-5.574836
-2.492205
-6.115711
-5.375387
-8.178979
-7.096258
-4.750856
-6.743894
-5.137561
-5.164156
-4.569234
-5.664067
-5.083046
-5.778512
-5.125422
-3.921218
-7.397634
-6.750008
-3.338928
-3.464926
-4.643027
-6.656208
-8.265952
-5.465111
-4.978739
-2.771321
-6.738621
-3.644946
-5.825874
-3.173954
-5.903936
-8.644772
-7.005693
-6.040454
-3.729194
-5.104134
-3.478288
-3.956635
-3.343846
-8.788527
-8.087142
-4.763730
-7.225150
-2.454161
-4.939661
-4.184776
-5.931729
-0.204742
-10.311134
-4.131975
-6.070931
-5.794939
-3.683310
-4.846646
-5.960953
-6.833496
-6.266883
-2.264210
-4.163185
-6.743396
-3.554661
-6.563735
-2.722055
-5.017656
-4.719617
-6.426757
-10.223856
-2.877917
-2.719418
-5.785052
-4.548052
-5.265488
-5.087590
-4.382324
-5.052554
-8.562316
-1.200063
-7.490359
-8.141285
-8.296337
-4.142263
-3.696326
-6.398220
-4.213312
-7.640352
-3.570144
-5.122389
-6.940178
-2.907050
-6.466065
-7.886848
-12.523707
-4.801108
-8.710663
-7.834763
-6.582159
-6.597440
-8.052298
-5.149467
-4.513737
-3.883982
-5.164781
-3.187058
-5.533543
-8.469178
-7.332506
-0.132679
-5.805723
-7.036696
-3.554362
-5.228215
-7.576500
-3.100430
-2.004133
-7.105028
-7.255737
-4.376993
-8.645983
-3.298742
-3.445560
-6.286856
-7.164800
-7.192380
-5.908730
-7.950950
-9.873417
-1.580009
-5.416875
-8.773064
-3.191630
-7.111847
-6.191591
-6.699591
-7.500205
-4.042431
-4.434174
-1.904232
-4.768325
-5.146899
-3.352837
-4.185674
-6.897420
-6.646215
-6.929316
-4.444461
-5.637764
-3.152210
-6.607689
-6.219114
-5.345042
-7.404713
-4.191390
-3.931771
-8.817830
-3.563382
-4.310746
-3.133735
-2.785362
-5.218672
-4.070865
-7.355222
-5.711453
-4.673315
-4.365004
-7.841373
-7.059898
-5.891901
-5.284762
-4.740287
-4.292615
-1.784238
-3.476132
-4.815407
-5.843640
-4.526685
-10.828683
-8.120151
-8.319551
-6.547746
-7.286887
-6.902539
-5.787503
-8.253834
-4.241301
-8.428205
-6.230828
-6.364991
-5.225574
-6.307949
-4.019955
-7.630074
-8.937515
-8.222301
-9.084451
-6.378345
-5.285204
-5.362990
-4.657473
-3.068503
-3.290507
-2.975075
-5.326531
-6.446419
-6.281653
-6.021739
-3.951265
-5.020495
-5.219845
-5.609206
-7.224993
-5.174838
-4.984619
-4.357740
-6.980167
-4.109172
-5.096246
-4.276018
-2.665151
-6.036925
-6.910188
-6.249684
-4.178518
-7.485505
-7.790451
-4.510672
-5.778551
-5.827667
-6.883312
-3.128749
-6.920426
-5.764895
-8.347434
-6.430174
-6.096951
-8.443160
-6.717834
-5.466362
-6.614650
-4.823588
-5.835058
-6.765837
-5.363678
-6.349220
-7.420207
-7.824656
-7.798770
-5.743030
-7.526188
-4.844544
-4.694142
-6.814313
-4.455693
-10.278842
-6.630510
-7.709329
-8.532532
-4.869356
-5.764090
-2.279306
-5.153708
-3.876487
-6.041147
-2.755054
-4.914606
-5.685679
-5.485770
-6.488238
-7.746521
-1.671797
-5.105657
-2.846899
-7.926506
-6.002303
-4.783348
-3.362229
-4.737570
-4.173319
-6.924449
-4.790268
-2.428251
-6.404729
-6.288363
-9.284507
-6.490139
-6.782222
-4.901267
-1.923466
-6.398846
-7.836168
-9.270587
-4.310315
-4.327805
-5.068997
-4.159618
-7.237564
-5.872066
-8.125178
-5.005992
-3.695332
-7.749927
-1.882980
-4.047112
-4.769242
-8.826274
-5.309568
-5.428452
-5.817160
-7.875874
-1.224394
-7.438003
-5.464828
-6.197773
-3.567829
-5.521171
-4.060758
-6.531597
-3.283523
-0.901901
-6.839120
-5.381684
-3.650541
-4.542830
-5.435681
-8.875806
-6.090156
-6.403756
-2.044005
-6.333967
-5.371905
-2.077477
-8.057452
-6.215276
-1.524965
-5.719018
-5.516284
-7.740744
-5.951960
-8.187852
-4.860442
-5.880457
-6.089136
-7.261437
-9.244739
-5.354671
-4.909987
-2.326381
-7.953781
-5.569966
-6.561481
-2.425819
-6.435913
-5.160799
-3.240767
-10.778503
-5.733603
-5.805172
-7.027951
-4.168502
-3.876469
-7.756094
-4.811872
-7.782250
-5.003043
-6.511484
-6.463919
-4.927364
-7.988215
-8.487911
-7.515877
-8.128340
-6.335622
-6.316007
-4.514185
-5.109040
-3.973661
-8.265181
-4.326612
-5.453639
-5.650592
-5.124169
-5.145494
-6.629478
-7.803369
-3.253143
-4.281456
-7.948493
-1.992951
-5.479419
-4.933848
-3.774958
-7.133257
-5.480290
-6.705239
-4.512729
-5.755556
-3.328968
-6.603521
-5.511961
-7.706985
-5.050246
-11.893537
-5.758608
-8.260036
-4.257234
-3.258197
-5.807143
-5.224930
-5.036341
-7.254410
-5.387928
-7.551942
-5.378331
-5.316596
-7.921353
-9.673640
-3.382868
-5.179875
-5.376683
-5.380970
-6.434401
-5.587433
-5.448672
-4.823107
-8.696847
-4.851503
-7.652446
-6.100262
-2.780043
-3.453552
-2.900643
-7.337298
-5.276882
-6.366570
-7.896005
-10.163827
-7.441976
-5.994099
-4.971872
-6.367668
-4.008226
-8.488119
-8.602023
-3.148240
-5.844569
-4.962710
-4.326241
-3.952884
-4.794799
-3.920580
-2.305084
-8.104526
-5.987924
-6.425587
-3.685484
-7.817113
-5.554770
-9.581082
-7.770773
-8.507902
-6.585809
-8.561247
-2.657933
-4.862426
-8.913133
-6.813536
-4.377556
-6.176890
-6.686544
-1.775472
-5.161481
-5.727791
-5.671387
-4.541268
-7.002939
-5.377934
-7.623709
-2.987358
-6.044338
-2.892025
-6.383315
-5.534172
-2.426169
-7.685820
-3.192555
-4.627093
-6.350221
-2.333831
-2.040248
-7.496654
-6.377628
-3.863921
-3.744878
-4.806020
-7.548606
-5.597520
-4.208198
-3.149374
-4.000166
-6.848045
-3.362814
-5.765900
-5.917641
-6.811407
-7.851455
-5.458611
-3.319090
-6.507730
-3.252499
-6.799117
-9.361733
-3.831826
-7.420015
-4.588221
-7.613447
-6.133682
-6.195182
-5.677849
-3.360846
-5.905253
-3.818715
-7.416996
-6.718105
-5.376721
-5.389956
-5.808270
-8.138177
-4.764614
-6.234722
-6.544364
-3.169112
-4.022334
-4.808184
-5.586576
-7.675244
-4.672449
-5.984339
-4.494552
-8.018146
-3.979242
-7.698027
-4.088140
-4.957362
-4.991285
-2.887829
-6.307459
-1.939790
-8.005874
-9.190575
-4.933538
-4.087039
-4.956480
-5.995043
-1.684917
-7.407708
-6.156863
-2.650150
-7.700243
-6.526960
-4.119628
-4.605247
-5.354716
-3.683136
-4.741779
-5.854450
-8.100086
-7.184130
-10.266642
-6.711705
-5.914689
-5.424860
-5.039712
-6.327267
-4.323716
-4.204476
-5.153606
-10.921692
-8.683995
-5.058436
-6.992836
-7.848289
-8.831649
-5.825572
-3.503209
-7.796422
-3.330914
-4.346211
-4.875794
-6.143828
-4.969522
-8.485590
-2.786626
-3.527531
-2.472281
-4.774254
-3.977953
-4.333759
-9.023918
-1.674097
-8.423272
-4.159658
-5.452747
-4.798495
-7.546287
-3.242178
-4.464926
-6.882596
-4.956240
-6.425365
-5.601100
-8.164967
-5.019231
-3.019179
-5.408133
-2.111073
-7.055730
-2.608206
-3.241344
-6.404627
-8.977361
-6.457388
-7.720774
-10.450117
-8.277669
-6.619302
-4.911575
-3.817149
-2.646796
-4.838622
-4.736359
-5.680130
-5.275088
-5.738056
-7.838197
-7.050693
-4.153482
-6.831947
-5.412652
-7.372581
-6.606766
-2.422170
-6.724854
-2.534686
-5.397264
-2.451285
-4.170572
-6.466581
-5.946099
-5.071319
-6.119958
-1.877456
-5.721864
-4.400503
-5.158302
-6.436634
-6.034452
-3.564922
-4.106527
-11.837590
-2.575289
-7.601115
-6.713732
-10.639498
-5.157368
-6.067356
-7.257617
-4.189448
-7.763007
-8.093811
-7.738448
-2.815030
-7.691051
-4.683537
-3.874557
-7.207996
-5.373846
-5.732497
-4.216749
-6.362607
-5.837123
0.065570
-3.667659
-4.847505
-6.441400
-4.879471
-5.045051
-6.806680
-4.313534
-5.240688
-1.340943
-5.379559
-8.186492
-6.888565
-2.772571
-6.561145
-3.999894
-5.390797
-4.420684
-6.880903
-9.594036
-3.694902
-2.139086
-8.938785
-4.453532
-6.003413
-6.204472
-3.165618
-6.162498
-2.587889
-5.291584
-3.512490
-5.745275
-3.740748
-4.045346
-5.235804
-4.761941
-9.044799
-7.436106
-6.357178
-7.607538
-8.389340
-8.400673
-5.529608
-3.459575
-7.129248
-5.193734
-11.072736
-4.666837
-3.410299
-6.110433
-6.873060
-9.897854
-8.593582
-6.542344
-4.619798
-5.171939
-3.513110
-7.776279
-6.950733
-3.976630
-5.183704
-9.135429
-6.225293
-4.265842
-3.214370
-8.012254
-6.008075
-9.066267
-8.233224
-5.276458
-4.171470
-2.592793
-8.478727
-5.313840
-3.834869
-8.658057
-6.352873
-4.814547
-2.833922
-5.488010
-7.237330
-3.345437
-5.097550
-8.436567
-7.889158
-3.556022
-5.166864
-7.976797
-7.214527
-9.643908
-7.596868
-7.071672
-7.141816
-5.765395
-5.595179
-4.926969
-5.348216
-3.663265
-4.354345
-8.177853
-5.269433
-6.563606
-4.153570
-9.159319
-5.964375
-6.409850
-2.698590
-6.762865
-9.834618
-6.229729
0.055308
-2.686389
-5.828927
-4.415817
-5.428146
-7.111949
-11.337343
-3.261281
-5.747918
-1.857608
-4.572873
-6.144170
-3.406953
-5.642413
-6.157846
-5.643742
-5.017594
-4.634889
-6.101774
-2.491587
-6.391413
-7.910224
-4.139256
-5.806205
-6.506492
-7.286701
-4.558759
-6.074556
-7.675447
-5.600066
-8.093448
-5.678929
-5.865480
-8.973683
-8.003806
-6.008423
-5.099163
-7.811014
-3.629950
-4.520022
-6.787935
-6.591522
-6.607100
-5.446206
-5.263009
-2.093048
-5.521184
-4.066306
-6.073617
-9.613314
-3.767879
-5.891035
-4.178152
-6.319085
-7.745041
-6.883577
-9.478254
-7.045348
-7.568762
-11.788127
-3.688442
-6.236032
-3.750887
-2.981357
-3.475616
-5.455885
-5.153922
-7.765533
-2.866313
-2.271604
-3.328311
-6.092370
-8.452852
-8.142182
-8.231071
-8.198897
-3.907480
-8.274051
-8.514728
-7.068456
-8.175564
-7.555904
-1.533636
-8.933805
-6.185870
-3.795972
-3.537287
-6.301217
-5.098351
-8.093191
-5.345565
-5.227946
-6.056850
-4.526896
-4.998680
-5.172074
-5.050347
-7.464746
-4.742559
-7.718239
-7.549819
-3.499994
-5.015390
-7.047038
-9.339917
-5.852669
-6.252479
-6.852174
-2.197475
-3.629042
-5.861567
-5.645710
-7.237927
-4.410936
-2.902343
-7.114651
-6.396386
-4.740985
-3.657242
-6.519669
-5.490366
-4.825535
-2.227026
-4.668572
-4.760636
-3.227830
-4.124485
-3.680846
-7.068924
-0.955644
-6.912106
-1.716577
-1.598725
-5.024499
-7.049774
-3.309752
-6.422886
-5.139041
-4.463122
-5.024020
-5.398287
-6.401030
-5.854528
-2.504720
-6.798637
-10.088166
-3.602140
-5.621903
-4.267838
-5.276884
-5.319553
-4.524087
-7.218332
-3.065908
-7.816950
-9.087789
-6.039709
-8.400497
-8.413436
-6.240755
-3.780036
-5.348033
-5.770864
-6.622007
-4.133123
-4.141647
-3.764203
-6.448880
-3.539452
-3.984221
-5.822801
-7.305398
-6.161327
-5.239944
-6.257968
-5.161162
-6.750528
-10.427131
-6.273945
-6.393063
-6.656014
-3.344414
-6.564642
-3.433595
-3.761698
-9.285312
-7.597707
-4.816662
-4.040116
-6.542115
-6.969048
-4.702038
-5.696589
-9.985579
-5.423431
-10.220882
-3.710138
-3.616398
-2.585409
-6.532378
-7.218954
-4.739304
-5.003069
-6.268929
-5.151734
-9.401952
-4.543977
-6.225158
-2.914265
-7.235422
-2.767000
-4.320512
-1.585218
-4.347060
-3.625069
-5.879909
-5.562199
-7.566778
-6.241480
-2.174729
-2.735385
-6.611186
-2.964939
-3.215027
-5.255077
-7.590980
-3.120907
-6.923317
-6.180352
-4.441025
-4.191883
-8.667969
-4.190434
-5.599924
-5.691774
-3.780393
-5.951172
-5.806574
-4.162150
-7.454450
-5.982447
-6.493927
-7.364334
-6.707326
-5.330031
-6.253789
-7.862683
-9.611764
-4.036443
-7.196852
-7.160814
-7.197125
-5.401010
-4.930331
-3.887094
-2.641322
-5.924341
-6.348224
-4.987739
-9.378031
-8.224961
-4.742460
-2.722370
-5.477738
-6.764377
-3.472726
-3.203319
-5.907048
-4.734284
-3.145301
-3.029446
-9.312866
-4.099220
-5.799209
-5.302575
-6.207712
-5.233344
-8.568943
-4.085595
-5.997145
-7.103907
-3.665051
-8.842444
-6.792964
-5.308857
-6.029825
-3.546602
-4.044527
-5.617099
-6.482316
-3.005127
-7.487557
-8.429743
-4.490890
-5.612964
-3.954994
-3.877281
-7.550249
-4.858418
-0.218306
-7.502979
-3.397441
-3.985333
-5.033506
-4.454558
-7.817515
-7.063662
-5.053327
-4.336988
-7.815725
-4.906963
-6.966086
-7.874258
-2.944810
-7.166925
-4.340115
-3.757001
-4.613587
-3.871731
-4.487105
-3.269644
-4.127211
-5.746033
-5.812748
-8.117920
-6.814978
-3.101916
-5.579334
-8.058970
-9.994098
-9.026728
-6.949029
-7.215851
-8.462222
-6.805541
-9.058605
-6.514711
-3.728846
-6.590902
-7.769768
-4.859495
-7.935692
-5.410063
-8.523992
-4.939332
-3.345176
-4.215965
-6.248518
-8.500891
-3.465063
-4.601771
-4.229799
-7.812182
-4.208454
-3.559892
-8.119224
-5.934496
-5.246776
-4.936952
-4.339653
-6.437837
-4.949365
-9.408875
-6.651647
-7.325902
-6.390329
-6.873836
-6.069289
-8.333771
-5.474942
-4.140503
-4.562933
-8.966138
-4.345236
-7.610741
-5.337726
-6.467474
-1.115337
-7.822458
-6.491271
-7.430241
-7.681311
-1.393282
-4.857497
-4.055105
-8.294282
-4.164600
-6.907926
-5.636853
-4.773706
-7.309623
-6.169383
-5.410071
-3.491601
-3.823572
-8.180793
-8.342087
-6.080355
-5.919188
-5.237105
-7.831261
-6.654063
-7.920962
-3.200771
-3.665881
-6.575192
-7.770096
-5.691659
-4.822331
-5.816918
-3.870190
-5.480612
-9.223352
-6.825820
-5.112423
-7.066060
-8.762798
-4.307737
-6.780640
-6.287493
-7.162741
-3.787813
-4.438876
-6.447814
-7.693693
-6.280839
-6.376713
-6.366311
-4.976316
-5.460849
-8.424017
-5.078053
-3.427184
-5.141823
-5.967725
-4.652684
-3.568144
-4.563421
-6.255452
-7.805084
-2.793010
-7.267842
-7.191344
-5.358689
-3.886569
-7.288384
-4.630374
-5.851146
-5.198846
-5.583150
-6.902543
-4.829469
-4.811460
-7.975197
-7.415065
-2.604258
-1.999020
-4.118906
-3.892631
-6.617837
-4.260737
-5.934876
-3.185462
-10.271747
-7.751851
-6.669135
-8.808880
-10.163696
-3.715512
-6.838761
-8.125094
-3.986254
-4.867157
-3.047960
-2.753795
-7.844615
-3.916997
-3.671544
-5.219918
-6.363245
-6.605877
-5.710707
-7.438993
-5.476128
-7.450099
-6.454389
-6.357064
-4.713574
-7.546060
-8.854232
-6.958217
-6.906641
-8.449667
-8.397979
-6.621663
-4.885852
-6.499382
-6.361669
-6.126133
-5.100073
-7.631865
-5.285671
-5.379693
-5.369413
-9.031820
-4.948620
-7.915474
-4.811516
-6.032722
-5.326549
-7.901061
-5.332816
-3.942004
-4.500476
-2.217815
-5.797144
-6.886502
-7.443928
-5.630785
-4.777287
-6.898555
-4.686771
-5.726374
-5.673284
-4.488107
-7.521966
-6.799137
-4.809361
-8.274014
-6.812341
-3.450956
-3.341530
-5.430100
-7.643530
-6.286914
-3.669834
-4.508064
-5.525076
-5.602263
-4.556001
-5.275624
-7.907322
-2.464387
-3.029747
-5.956484
-3.266900
-4.775603
-8.758080
-7.301593
-3.389323
-4.114127
-8.736150
-7.950431
-5.611065
-3.779167
-1.361326
-7.010950
-7.407923
-6.037756
-2.374959
-4.085155
-8.752447
-7.764722
-6.638907
-3.118590
-7.020464
-4.574089
-5.439650
-1.331316
-6.880350
-3.662484
-4.407748
-7.631725
-4.304752
-6.876608
-6.992095
-4.988585
-7.492644
-5.463430
-4.736060
-4.677543
-6.800716
-5.177166
-8.814061
-3.245626
-5.471035
-5.245362
-5.711406
-5.147307
-5.129195
-5.848509
-11.088216
-6.837811
-4.909703
-5.271237
-4.097411
-5.240919
-3.817772
-6.186272
-5.842842
-3.854836
-6.049344
-2.722662
-6.180272
-4.586878
-3.689172
-5.366393
-6.808227
-4.536193
-6.033076
-6.545670
-4.928857
-11.251864
-5.196217
-4.320673
-5.611683
-9.544124
-5.527545
-10.873704
-6.739054
-5.819140
-4.337689
-6.771265
-7.613300
-8.553579
-9.468919
-2.570791
-8.676518
-7.619051
-6.652474
-6.565961
-3.908253
-4.254766
-6.909279
-4.838748
-7.489463
-4.930388
-8.037117
-7.186844
-4.719329
-4.951498
-8.721256
-2.581412
-2.636416
-7.886317
-3.897439
-5.215842
-4.335579
-5.407828
-4.319381
-4.956875
-7.850817
-7.276665
-5.818608
-5.335691
-5.293216
-5.416470
-4.756148
-4.871802
-6.986485
-3.517765
-5.069618
-5.529049
-5.750374
-5.821364
-5.205523
-3.418380
-6.687577
-3.681938
-7.768667
-3.909142
-3.039055
-4.491087
-3.872193
-3.897134
-3.686852
-9.045724
-7.776796
-8.609239
-6.933146
-3.480603
-6.980774
-3.451754
-4.603778
-5.029253
-6.040459
-5.628206
-6.481166
-3.569737
-6.295888
-6.168467
-6.993255
-6.314467
-6.498355
-4.311441
-6.925128
-8.979614
-4.276031
-5.116542
-5.046154
-4.075742
-5.692452
-5.370077
-6.973228
-3.112265
-4.816816
-3.960126
-3.573929
-3.468212
-7.986288
-5.346023
-4.362805
-5.047332
-2.533864
-6.938978
-4.609807
-11.136608
-7.844722
-7.512980
-6.270451
-4.619365
-7.779218
-6.765002
-4.594388
-5.225466
-4.953930
-4.297947
-8.895919
-5.334553
-4.400753
-4.428287
-5.714685
-4.395912
-6.570592
-5.021805
-3.734088
-7.210020
-5.997193
-5.812321
-6.494889
-8.380817
-6.016668
-7.870804
-6.840677
-6.835904
-3.464801
-6.502859
-6.538827
-4.178793
-5.352787
-5.680481
-8.748503
-5.339474
-5.788306
-2.007122
-8.989739
-4.755416
-4.447501
-5.917058
-3.829370
-4.893336
-7.217007
-9.475055
-3.913996
-3.010891
-4.287896
-4.540193
-3.177711
-7.723606
-5.825424
-2.560546
-6.906195
-7.123230
-2.082993
-4.287145
-3.169112
-7.703474
-7.591906
-12.107674
-3.967076
-5.650933
-7.390928
-6.197907
-6.402772
-9.498582
-5.239093
-3.965918
-7.429896
-5.097196
-7.682971
-4.144038
-7.229205
-4.701528
-5.043289
-4.476376
-2.803362
-6.261478
-5.654599
-9.670322
-6.825223
-2.141898
-7.001434
-6.726406
-3.995919
-7.020086
-5.657064
-4.068729
-4.562207
-7.773090
-2.596365
-5.721414
-6.655303
-5.757508
-7.293556
-3.477392
-3.371248
-7.236541
-6.811128
-5.754149
-2.981001
-5.122870
-6.829274
-6.350410
-3.927295
-11.802485
-7.577753
-4.136606
-3.024499
-9.198255
-7.333760
-9.464784
-3.419754
-5.916441
-5.604393
-4.685937
-2.851112
-5.271517
-3.515703
-4.785523
-4.576549
-5.789360
-6.503409
-5.600562
-0.658844
-1.249058
-6.480523
-6.535776
-8.457078
-4.198484
-6.482877
-5.630078
-7.656083
-7.014998
-9.684209
-5.788363
-3.827997
-5.037127
-5.621230
-8.835727
-4.456297
-4.036585
-5.330967
-6.062025
-2.945654
-7.480355
-6.681544
-2.665747
-6.336446
-3.210981
-5.605287
-1.247042
-8.678139
-6.679928
-6.631988
-3.957074
-4.807734
-6.317081
-5.207211
-3.361501
-6.643388
-4.317450
-4.753695
-5.100329
-4.436531
-6.974182
-5.705814
-7.569770
-5.421210
-6.112458
-10.088452
-6.496969
-4.866394
-4.310103
-6.051061
-6.961204
-9.494284
-5.731357
-5.344146
-4.897652
-4.850576
-7.527611
-6.914207
-4.466937
-4.584284
-6.942145
-5.646801
-5.007073
-7.797151
-5.625210
-4.791390
-7.780021
-6.089750
-7.105342
-3.617432
-6.291083
-8.580395
-8.307625
-7.393268
-7.111538
-5.071409
-4.629436
-3.625552
-5.622764
-5.712392
-6.270109
-4.254586
-7.612568
-6.639159
-9.338204
-8.989265
-5.035222
-3.224501
-5.563478
-4.913813
-6.923861
-6.895883
-5.853040
-6.933915
-5.734360
-4.454281
-5.924380
-6.002517
-6.974558
-1.935666
-6.850980
-6.786376
-7.183219
-5.241494
-3.767611
-5.763796
-7.422081
-3.328885
-5.114708
-5.367805
-4.614715
-0.514094
-11.176389
-5.590699
-4.219670
-5.841280
-6.341367
-3.645779
-9.146681
-13.344991
-2.852078
-10.195471
-8.805528
-4.385731
-8.673213
-4.542549
-5.144357
-2.345867
-9.683181
-5.498440
-1.811018
-6.082547
-4.815536
-7.455523
-9.465117
-7.553894
-7.171409
-5.879395
-6.201681
-5.672583
-9.488224
-8.585534
-6.768984
-7.228696
-2.896073
-1.836222
-2.626482
-4.875572
-6.125495
-4.367426
-7.934488
-8.095700
-4.430696
-7.668186
-5.881820
-4.249870
-4.277740
-4.216537
-9.643394
-6.847248
-7.033880
-3.083112
-3.780514
-8.392381
-5.189861
-3.138095
-1.937974
-7.813595
-7.155794
-5.431934
-6.226651
-6.755558
-8.025872
-8.574924
-6.084697
-7.618252
-4.125762
-7.567217
-7.235348
-5.533902
-6.924454
-7.844640
-6.318304
-5.295858
-5.918591
-6.314572
-6.865240
-5.385532
-5.175204
-5.483405
-4.247649
-4.994374
-5.871967
-7.729333
-8.997582
-3.640711
-6.625316
-4.566017
-5.333758
-2.716949
-3.101993
-3.180094
-8.750549
-6.775517
-5.395501
-5.010001
-7.788104
-1.728845
-5.024099
-3.308039
-3.137528
-4.322307
-6.209553
-2.301800
-6.998104
-5.891615
-11.517557
-9.183539
-5.478554
-7.932605
-7.100904
-11.340000
-4.224030
-10.267447
-6.179535
-5.289625
-6.225885
-5.780976
-7.222454
-7.223811
-4.654002
-1.518941
-7.701039
-3.968912
-5.221099
-5.035716
-6.051319
-7.686147
-4.421382
-3.787473
-7.356541
-3.881414
-6.647391
-4.185160
-5.448205
-11.241579
-8.318872
-5.851080
-4.956447
-7.106988
-5.501570
-3.482710
-3.639218
-5.588830
-3.662605
-6.404510
-3.533114
-6.078990
-6.856322
-7.484735
-4.536615
-7.996784
-5.770471
-7.191479
-1.799844
-4.764676
-2.698619
-6.808499
-5.887132
-4.542976
-8.024073
-7.251110
-3.641509
-3.847440
-5.022824
-4.663103
-5.900505
-2.308047
-6.462578
-8.588464
-3.898701
-4.574288
-5.290241
-8.055826
-9.882570
-4.060380
-6.509099
-4.640517
-3.148885
-8.180461
-6.572134
-3.054673
-5.673229
-5.916756
-4.004156
-5.713763
-2.521513
-5.995036
-1.819250
-3.076056
-5.556206
-4.858867
-6.514988
-5.930737
-5.551312
-5.155288
-3.143491
-10.548927
-4.882830
-4.283426
-4.777387
-9.562704
-6.820808
-4.474642
-5.129076
-1.391387
-4.148729
-6.083078
-4.717891
-4.952531
-2.680847
-4.283289
-8.963036
-6.260583
-6.629714
-3.040890
-8.024209
-8.471811
-8.524621
-5.068053
-7.395951
-7.294391
-4.981388
-5.484280
-7.487719
-5.153636
-2.735510
-6.745187
-5.380329
-5.626221
-4.428888
-2.902833
-3.367459
-6.433096
-5.286241
-4.601855
-3.247512
-4.411078
-7.614037
-7.591833
-2.687848
-2.106295
-3.840492
-3.783989
-6.106428
-4.734612
-4.785915
-7.504065
-4.557715
-5.463869
-8.335732
-4.614006
-6.637348
-3.436126
-5.366645
-4.574139
-6.639231
-3.866762
-6.767789
-3.906578
-5.725730
-4.486336
-5.979443
-3.943419
-4.024095
-2.116291
-2.212071
-6.882136
-4.535971
-3.468223
-6.303501
-7.630195
-2.052502
-7.393841
-5.185909
-3.948120
-6.197074
-3.617716
-4.900511
-6.332280
-5.000052
-8.120444
-6.050809
-5.972342
-7.400064
-8.194943
-5.086016
-5.482809
-5.853410
-3.781269
-5.082712
-6.499692
-7.373533
-9.084909
-4.146800
-2.922638
-4.118700
-3.802995
-4.692934
-5.147634
-6.273480
-6.354098
-8.358794
-4.330270
-7.970061
-5.890753
-5.754776
-4.321020
-6.275538
-7.285292
-7.315768
-5.134188
-3.761477
-7.089635
-7.111882
-6.859652
-5.371341
-2.401525
-3.680860
-7.622129
-3.698263
-6.538013
-8.561811
-8.062356
-10.577293
-3.356257
-4.127876
-5.870008
-4.666415
-7.042030
-5.426528
-4.712649
-7.539429
-4.552118
-5.652568
-4.592428
-5.551651
-7.456228
-10.074771
-4.850892
-3.928346
-6.974865
-3.575014
-4.768778
-10.294214
-8.846977
-3.988883
-5.032782
-7.681051
-5.932367
-5.273914
-4.271032
-6.139841
-7.261115
-4.270836
-5.827944
-5.571338
-6.998375
-8.184163
-7.339615
-4.474785
-7.957774
-5.456716
-4.170290
-6.027543
-5.044203
-4.840078
-7.314744
-8.620651
-8.941163
-5.876192
-8.132322
-8.017174
-5.709456
-8.683995
-7.243023
-4.029118
-6.614255
-3.665710
-4.993207
-3.495537
-8.961329
-4.464142
-8.647755
-5.969463
-5.321716
-6.669842
-4.247454
-6.272682
-4.979335
-5.506899
-4.256503
-8.536642
-5.482765
-2.763941
-6.068553
-6.757419
-6.361387
-3.503581
-5.298635
-4.957629
-8.549528
-7.419530
-6.055789
-5.169802
-2.512629
-3.532988
-5.483163
-6.005155
-5.775440
-7.646679
-5.657982
-3.512466
-5.764814
-6.199726
-5.723628
-7.109897
-4.656437
-6.836778
-5.084903
-4.443175
-8.392474
-9.479887
-4.257682
-2.573167
-6.051433
-6.062360
-7.729337
-8.392862
-6.408545
-7.931234
-6.917845
-6.126633
-6.831058
-4.841257
-9.753338
-5.035123
-6.209861
-4.702810
-7.918043
-6.496291
-5.753970
-4.317911
-7.011243
-3.973881
-4.635142
-5.159269
-3.685370
-4.236098
-5.416243
-7.138625
-4.928087
-3.866940
-5.793478
-7.780880
-5.473713
-4.168460
-5.926648
-9.561265
-7.392996
-4.367465
-3.959175
-8.509449
-5.898735
-5.438101
-5.515379
-4.946722
-7.526196
-4.898270
-7.059434
-6.299353
-6.911024
-9.757730
-6.753608
-5.265479
-3.729955
-4.150687
-6.682230
-5.306517
-2.398916
-6.646738
-5.299230
-9.114840
-5.367130
-5.481158
-5.650494
-2.253909
-9.070202
-4.770448
-6.743907
-4.911952
-10.036791
-8.189599
-9.611060
-4.038291
-7.540967
-7.159791
-2.873791
-6.295098
-4.525719
-6.186280
-6.406636
-4.276592
-4.525119
-3.938074
-5.416723
-6.744616
-3.404335
-7.677420
-5.619192
-5.962780
-5.646223
-4.002870
-6.569316
-3.200518
-6.815018
-6.150515
-5.433218
-8.850219
-4.612373
-8.958903
-5.780445
-5.108569
-5.751861
-2.860240
-8.653908
-7.193576
-6.188725
-4.147498
-4.966026
-4.349780
-7.416711
-5.391304
-8.992777
-6.150761
-8.967087
-7.799897
-5.651484
-2.494215
-5.939301
-8.536053
-9.215410
-3.359089
-2.952174
-6.770535
-5.093220
-5.515032
-4.331635
-5.499151
-9.166615
-5.867364
-6.104769
-6.014371
-4.538110
-5.774242
-6.291375
-6.340923
-2.535675
-8.766849
-4.019790
-3.761132
-5.465703
-3.513308
-7.547202
-6.028437
-4.193029
-5.296595
-7.375333
-8.389986
-7.514120
-3.763647
-3.469846
-4.708368
-6.096171
-5.914308
-2.089219
-6.834548
-8.035636
-4.328170
-8.430170
-1.448744
-5.680985
-6.737085
-8.544273
-3.504167
-8.309638
-4.114141
-7.784420
-3.864522
-3.227841
-5.056556
-5.010063
-5.521987
-7.326465
-6.130805
-5.069123
-6.703566
-7.304509
-6.289853
-3.844491
-7.497851
-6.218673
-4.290163
-12.506700
-7.054000
-6.514920
-5.451500
-9.148197
-7.028254
-7.833352
-5.935246
-4.539173
-6.170017
-6.857846
-4.894890
-3.733922
-2.320739
-2.304466
-4.897543
-4.258350
-5.404471
-5.713312
-7.694701
-8.387820
-7.723343
-2.851156
-8.641827
-5.082654
-3.159582
-6.397189
-2.953083
-5.783755
-8.325180
-6.573101
-6.927750
-9.053503
-5.663120
-6.065080
-3.670110
-4.954255
-5.587794
-4.898741
-8.536615
-5.688723
-6.691871
-5.480811
-3.158588
-6.546838
-4.788493
-5.309429
-5.486574
-8.521628
-8.230668
-7.120347
-4.351231
-5.564844
-6.165749
-6.329527
-6.555543
-5.067706
-6.727326
-9.988439
-6.368718
-7.235201
-5.572657
-3.657598
-3.501632
-6.706675
-6.528753
-8.220303
-9.159101
-6.092225
-7.983353
-4.920655
-7.379708
-5.015332
-4.999834
-9.323132
-4.257619
-6.059502
-10.472322
-6.269341
-5.916417
-5.963273
-9.581551
-5.031448
-1.317891
-4.641632
-5.154074
-5.112271
-7.647370
-10.303452
-6.220547
-6.726465
-6.631377
-5.713400
-5.638191
-4.476457
-5.334166
-5.929959
-10.455190
-5.692404
-7.456911
-7.272771
-4.583078
-4.541364
-4.758636
-4.113589
-4.672650
-5.351143
-8.558496
-5.738888
-2.653324
-5.063323
-5.703951
-5.957168
-4.933939
-3.069547
-5.267174
-8.728205
-4.926678
-5.650231
-7.714861
-8.683995
-6.485558
-7.246366
-7.132502
-8.377427
-4.744121
-3.432732
-4.828231
-1.464984
-5.788655
-5.299863
-5.850441
-4.596113
-6.704208
-6.904487
-6.357700
-7.790948
-6.121721
-5.664891
-6.482209
-3.532662
-5.024458
-3.526848
-3.739293
-5.673007
-7.224669
-6.166969
-8.403755
-6.037229
-5.148029
-4.105827
-4.565053
-6.775296
-5.850499
-5.173355
-4.568367
-7.426315
-6.575317
-4.563608
-5.727912
-5.354504
-9.300540
-5.327112
-8.629287
-4.749237
-7.576588
-5.126155
-0.723078
-7.145729
-5.275300
-4.352342
-4.905546
-4.145716
-2.578679
-4.711016
-8.872370
-3.876034
-11.726219
-4.323088
-5.517989
-6.921016
-5.273808
-4.411830
-8.390962
-7.208736
-2.972487
-4.916178
-8.072540
-4.683144
-3.461656
-3.211772
-4.923576
-5.188758
-3.977312
-6.438288
-7.340118
-3.997792
-2.837309
-4.841870
-8.186661
-5.549507
-4.355260
-8.130100
-7.660909
-7.025028
-5.450789
-7.965034
-9.672256
-4.727197
-7.061566
-6.251568
-6.867462
-6.600366
-5.559976
-4.617775
-7.460536
-6.851934
-4.057588
-9.434939
-2.678475
-4.858132
-5.852502
-7.709508
-6.825124
-8.812243
-4.067216
-8.034761
-3.432007
-6.010101
-4.252867
-7.008547
-4.021567
-8.218599
-3.997942
-4.531044
-6.220596
-3.873526
-5.690913
-8.358020
-6.540473
-7.722083
-5.728587
-4.671382
-6.254488
-6.675171
-8.752452
-6.667384
-4.814514
-4.154876
-7.025146
-8.025091
-9.695444
-6.243983
-3.702678
-4.298657
-3.431222
-6.089597
-4.951806
-8.787803
-5.184865
-6.520109
-6.371487
-8.828143
-6.158663
-5.989764
-4.626342
-3.951003
-3.375191
-7.096256
-5.777691
-6.028620
-5.242288
-4.509387
-11.656620
-3.629869
-4.875168
-6.922678
-6.238120
-6.029168
-4.221873
-2.634029
-2.201397
-7.090087
-5.341631
-3.241367
-5.376016
-7.729464
-5.197967
-10.019338
-9.883176
-6.169376
-4.405728
-4.110709
-5.943085
-5.526051
-5.217200
-4.604313
-4.611585
-2.412190
-6.467847
-4.569743
-5.035335
-7.929898
-4.916187
-3.701338
-5.910128
-3.803083
-1.716882
-7.599621
-8.546464
-6.378272
-8.856135
-5.841314
-6.336428
-5.573349
-3.405195
-2.890877
-5.927787
-4.243357
-5.084424
-9.860196
-6.209535
-4.373931
-7.235166
-3.535035
-5.302311
-6.793513
-3.794290
-7.446131
-3.597744
-6.368518
-4.236297
-5.413514
-6.853433
-4.169668
-7.972448
-3.654294
-5.266009
-2.924118
-3.353817
-7.001369
-3.849681
-6.402154
-6.323172
-5.262020
-6.006629
-5.782041
-7.734719
-5.875140
-3.674055
-5.199235
-6.250054
-7.878929
-6.554690
-3.566346
-6.515757
-5.915735
-4.326111
-5.957080
-4.485407
-4.942608
-6.508518
-4.216134
-4.650457
-7.230811
-5.162974
-8.491330
-6.586498
-7.215094
-5.838152
-6.122195
-6.936759
-11.152324
-7.290671
-10.943317
-2.728601
-3.561043
-8.776482
-5.337181
-6.607300
-6.916659
-4.879944
-7.283463
-5.827724
-5.445145
-6.323244
-4.844132
-6.608112
-4.580277
-5.670998
-5.419367
-6.085934
-5.895298
-4.520973
-4.822820
-6.465841
-5.198578
-6.315067
-6.198356
-8.134987
-6.969461
-6.453819
-6.885584
-1.646185
-7.149611
-6.808354
-6.632515
-4.108979
-7.228973
-2.220823
-6.350106
-5.497767
-8.166010
-4.842336
-6.064512
-6.074677
-3.032176
-3.413912
-7.501063
-3.258923
-5.832072
-2.402338
-3.307659
-5.696552
-2.331219
-5.860445
-5.560467
-4.922657
-5.484476
-4.841897
-6.748144
-5.092423
-8.185447
-7.057697
-4.090062
-4.282532
-7.286948
-7.269278
-7.511101
-8.387029
-4.869580
-7.106174
-7.855311
-7.930717
-5.169832
-4.268607
-3.162689
-5.174505
-6.590359
-4.345233
-6.697750
-5.970121
-4.949757
-7.105409
-7.382495
-9.182876
-7.190355
-6.332170
-6.692093
-6.092659
-2.549705
-4.406714
-4.537602
-6.075011
-4.500774
-5.804416
-3.966539
-4.572006
-4.678585
-4.209064
-6.874819
-6.404513
-5.867801
-4.011253
-5.730762
-6.008092
-4.860762
-3.937715
-4.126711
-4.450818
-4.330750
-6.402654
-2.950697
-9.083822
-5.526512
-8.181881
-6.514869
-8.831706
-6.081491
-5.096791
-3.863697
-4.951106
-5.303303
-6.685691
-7.775093
-3.991541
-5.821399
-5.112055
-4.223329
-7.754696
-5.437854
-7.609975
-1.811772
-7.241842
-5.344774
-4.180101
-6.313301
-6.415621
-7.663214
-3.215683
-5.054070
-11.366969
-2.951773
-2.900138
-9.039433
-5.892862
-4.567297
-6.421052
-4.239733
-5.029486
-6.876608
-4.684606
-4.710210
-2.538965
-3.549715
-5.824565
-6.098816
-5.979460
-6.006507
-4.380668
-7.538039
-6.890610
-6.850771
-5.591258
-5.779581
-5.982410
-4.818207
-6.538946
-3.829164
-5.750898
-8.763670
-6.570247
-5.777889
-7.689252
-4.740806
-5.249412
-5.024625
-8.511890
-3.140309
-4.111207
-5.070112
-4.598206
-2.421021
-10.954706
-5.356969
-8.061297
-6.521659
-8.495687
-3.390476
-4.053736
-7.402031
-5.988668
-5.395999
-5.220718
-3.360822
-7.773477
-4.711055
-7.256258
-4.740854
-6.882438
-6.917058
-7.625835
-11.174227
-3.629143
-5.077846
-3.782211
-6.249551
-5.492095
-7.235438
-6.740779
-4.933497
-3.960375
-4.105361
-7.011664
-4.058161
-5.735361
-5.882387
-3.594088
-8.178999
-7.678239
-8.166872
-6.124483
-4.993418
-4.547968
-6.668433
-9.169632
-2.366350
-4.503100
-4.933217
-5.024721
-5.272654
-2.868220
-5.684378
-5.237626
-4.140954
-6.712236
-6.987356
-4.858442
-8.935087
-6.667936
-5.328671
-7.267667
-7.979643
-6.712667
-6.477894
-6.473701
-4.718367
-3.937431
-8.018250
-6.937576
-6.358572
-4.082124
-4.920668
-6.980682
-8.072255
-4.469375
-6.406120
-9.428299
-2.959532
-5.697950
-5.289795
-2.339360
-5.058966
-3.191642
-5.318544
-3.701071
-9.462057
-5.066717
-3.243654
-6.546514
-8.013383
-9.839191
-5.479920
-3.472773
-7.232125
-6.093594
-4.158885
-7.607720
-7.801778
-4.440468
-9.345592
-6.452491
-6.577383
-6.576273
-6.749729
-4.859580
-6.240068
-2.993844
-7.281491
-6.610588
-6.243565
-6.176250
-4.575887
-7.826777
-6.303679
-4.299370
-5.942523
-7.142614
-4.755090
-2.909071
-4.836777
-4.802805
-8.751631
-2.372077
-5.157653
-6.057993
-5.412523
-4.170490
-4.596938
-2.949965
-5.454129
-7.693477
-8.738839
-6.281020
-5.867605
-5.218259
-6.831040
-3.639373
-4.751704
-3.177613
-5.015120
-7.188576
-6.410346
-3.514263
-5.377011
-5.231966
-4.293725
-5.832167
-4.400144
-5.755606
-6.477513
-5.577528
-6.960233
-2.666340
-2.268863
-7.083397
-2.596044
-5.526660
-4.998042
-3.758322
-3.799546
-3.853699
-3.101423
-8.732500
-5.333948
-7.893920
-8.683639
-7.942882
-5.256062
-7.419213
-4.632144
-8.353469
-9.075971
-5.258868
-5.492646
-6.450545
-6.876652
-8.576555
-6.759492
-3.613156
-8.552622
-7.642571
-5.635691
-4.299878
-9.697179
-5.079154
-6.395353
-5.671929
-6.877944
-5.710427
-5.872522
-5.284955
-5.821942
-9.307020
-6.111158
-4.768755
-4.531172
-5.132854
-4.006962
-6.380246
-5.317895
-6.417647
-4.606064
-4.599265
-6.738164
-8.248726
-2.868160
-6.136070
-8.008967
-4.299453
-6.018521
-8.680971
-7.915894
-3.079731
-3.591557
-6.438505
-3.987492
-3.104013
-2.655688
-7.575501
-8.637270
-8.308409
-6.747892
-8.618043
-3.442038
-6.151162
-4.802692
-3.575676
-6.480633
-6.860886
-4.035064
-7.885127
-5.625634
-7.048548
-7.828041
-5.361838
-4.256087
-3.356001
-7.728047
-3.889832
-7.977703
-3.532364
-5.630036
-4.444997
-5.560141
-7.066737
-6.802627
-5.131752
-6.499070
-5.520318
-2.157224
-3.688262
-5.541863
-6.050602
-6.664908
-6.244021
-5.619786
-11.157545
-5.037990
-5.539514
-2.311770
-6.043701
-4.474141
-5.436876
-7.544520
-7.266444
-7.056248
-5.353425
-6.475697
-2.859043
-7.837698
-5.899617
-5.298467
-4.843216
-2.600293
-6.247815
-12.191033
-7.561024
-7.566359
-8.428793
-4.578954
-6.046203
-6.454323
-7.329758
-8.273235
-4.825889
-4.236015
-5.199109
-7.466026
-5.407788
-6.169611
-7.168665
-6.053407
-6.922768
-3.299213
-9.094686
-7.207654
-7.207253
-3.905586
-4.074368
-8.180400
-7.164195
-6.567596
-3.126466
-5.168417
-4.950274
-4.524239
-5.341707
-5.849499
-10.531036
-5.952755
-4.819211
-6.159158
-6.282431
-5.160533
-4.516525
-5.208586
-5.773359
-6.960762
-5.974242
-5.633224
-6.874566
-6.339119
-6.931065
-5.200755
-5.837460
-2.958500
-4.599539
-9.100859
-7.586007
-7.099635
-4.485641
-2.468688
-4.788741
-6.193365
-4.815163
-7.699396
-5.037742
-4.414237
-7.076531
-9.521311
-3.407735
-5.472538
-4.191639
-5.073352
-7.265249
-5.347988
-3.290687
-4.972075
-4.426054
-8.064498
-8.039071
-5.350345
-4.459398
-8.175293
-4.930427
-8.054567
-4.543424
-4.614745
-1.787576
-5.161045
-5.771610
-4.811481
-5.450601
-8.195105
-5.688781
-5.228547
-5.396702
-5.540893
-6.946935
-3.890764
-5.902922
-3.438718
-4.094926
-8.640665
-5.512118
-5.734021
-4.730404
-6.111062
-3.906342
-3.712866
-6.152868
-4.043751
-5.954385
-7.326677
-6.167504
-5.304020
-6.488940
-6.052087
-5.279318
-8.863941
-5.907122
-5.735838
-4.372319
-4.798779
-5.379383
-6.447237
-6.524789
-3.900789
-4.427114
-6.701198
-4.348709
-5.266557
-5.790011
-3.625842
-6.568068
-2.619643
-5.243886
-7.364357
-3.196803
-8.420780
-4.414550
-4.220171
-6.962562
-3.895762
-4.446640
-8.145385
-8.118997
-5.458179
-6.655910
-7.258474
-7.335829
-8.625784
-9.738653
-3.950204
-3.580453
-8.773064
-8.731439
-4.747070
-4.563573
-7.716976
-3.993478
-2.661023
-5.288984
-5.030067
-4.263360
-6.554462
-6.495892
-5.297436
-7.804764
-6.847985
-7.001684
-4.744224
-4.521786
-5.819494
-3.085598
-4.709464
-4.917438
-8.807014
-4.572125
-4.210861
-7.101393
-4.420706
-6.008266
-5.709503
-7.142474
-6.050580
-6.061340
-4.894912
-4.019791
-7.372565
-4.866987
-7.539825
-4.914211
-7.123415
-7.628711
-6.032765
-5.478425
-8.676212
-10.418235
-1.534458
-4.119528
-4.331441
-8.466341
-6.064998
-5.103715
-7.741354
-1.944468
-6.538973
-6.371523
-3.396441
-6.370216
-4.110576
-4.884404
-7.240122
-9.944352
-4.093129
-4.061951
-7.441836
-4.451258
-5.670092
-6.040399
-3.372659
-8.005188
-4.439591
-7.332984
-7.332295
-8.151437
-7.823703
-7.218015
-3.689691
-8.133022
-5.640417
-5.320775
-7.464038
-6.338527
-6.916872
-5.478073
-3.502880
-7.277589
-4.683009
-8.625057
-4.729383
-5.571136
-6.504554
-2.283243
-4.667480
-7.523754
-7.158191
-5.544482
-5.187205
-3.705222
-7.196545
-6.946218
-5.701000
-4.849994
-7.491135
-2.635148
-5.032400
-7.769575
-7.973115
-5.808057
-7.040419
-7.062333
-7.952441
-5.977750
-10.686563
-5.340013
-5.413867
-7.116817
-5.309609
-6.396020
-5.061355
-3.596699
-7.351503
-6.406967
-4.740698
-8.382053
-6.782510
-5.861841
-10.807278
-6.503078
-5.239836
-3.040543
-6.808544
-4.510501
-7.012120
-7.299409
-6.673431
-5.086001
-7.267379
-6.691204
-5.647834
-4.012529
-3.471925
-7.029934
-7.483124
-7.839015
-3.112486
-5.516103
-4.416121
-5.570798
-4.696519
-6.323299
-6.349458
-4.972921
-6.175013
-6.697028
-8.514241
-7.908226
-7.136506
-6.524417
-7.076344
-8.972264
-5.674320
-7.355472
-8.255232
-4.756994
-8.406864
-8.907275
-7.894015
-6.590625
-3.819749
-2.224389
-7.333766
-5.464052
-7.637781
-3.698148
-7.408426
-6.204993
-6.727448
-7.805255
-7.360949
-6.568029
-6.726438
-6.923547
-5.593003
-4.165675
-4.577345
-4.796575
-5.055316
-5.845821
-5.952907
-4.229059
-7.762165
-4.342513
-3.378690
-9.528160
-7.639319
-3.834545
-5.954385
-8.057859
-4.376359
-2.198910
-6.176702
-8.907084
-7.608023
-3.875284
-4.623177
-6.783001
-5.853464
-7.368832
-6.630782
-1.575700
-4.111579
-8.513903
-6.038277
-8.384887
-6.209499
-5.661584
-6.624229
-5.339970
-4.992584
-5.728088
-4.709723
-4.354857
-7.108153
-6.284972
-6.115352
-7.615044
-6.696236
-6.053544
-5.450510
-6.785407
-9.228714
-5.869482
-6.505376
-4.958696
-6.280825
-6.225800
-4.015803
-7.031517
-5.840699
-3.761508
-4.795306
-11.017183
-4.959034
-6.959764
-5.524490
-6.528112
-3.399711
-2.487901
-8.916873
-4.846849
-9.646029
-8.324406
-3.090610
-5.004198
-2.620242
-8.895616
-7.449187
-9.081297
-7.804741
-6.775186
-7.006295
-4.351961
-8.376002
-5.666527
-7.263137
-2.571698
-7.941267
-6.539346
-3.186484
-6.317538
-6.741397
-2.336486
-7.157253
-4.918489
-3.571512
-8.265287
-3.405305
-4.279254
-6.636971
-2.630034
-4.390101
-3.257804
-5.465677
-4.855174
-3.405212
-5.608475
-5.582283
-8.336554
-2.770767
-7.537467
-7.836596
-5.746030
-5.200065
-6.927196
-6.667407
-8.644438
-6.105748
-3.893901
-6.861496
-5.405788
-4.935236
-6.884712
-8.028999
-7.717332
-8.207379
-10.601576
-6.510334
-3.017398
-7.446839
-6.790316
-6.770007
-3.897506
-5.692057
-4.866250
-3.277783
-2.682185
-8.305544
-3.181666
-4.555055
-3.555520
-5.898948
-5.314834
-2.700834
-6.463477
-5.943740
-4.822256
-6.244836
-6.617126
-6.177072
-9.021066
-5.236502
-5.404990
-1.644311
-5.831367
-8.109807
-2.932909
-4.363762
-6.650679
-5.358934
-5.846990
-7.838531
-5.940516
-8.153069
-5.008202
-5.201124
-6.485969
-5.061117
-3.463971
-5.927337
-4.548841
-6.556593
-6.627452
-5.063666
-5.804666
-6.302313
-2.859653
-3.579194
-5.050605
-6.667111
-7.861245
-5.307916
-7.131733
-6.421707
-7.086826
-8.246458
-3.737777
-4.624000
-5.754148
-9.928763
-5.906527
-6.985573
-3.724536
-8.821911
-10.679399
-6.689176
-8.129996
-4.473297
-5.747292
-3.043981
-6.633563
-7.338870
-5.154516
-9.217969
-4.154877
-6.222707
-2.793498
-4.571249
-3.404002
-2.932022
-7.032569
-5.888866
-7.678135
-6.156816
-7.584046
-7.623744
-4.670997
-3.202494
-8.007515
-10.105015
-9.962479
-8.471475
-5.752625
-7.155098
-7.556742
-8.067792
-1.725641
-5.801932
-5.679024
-3.883931
-9.022686
-6.876608
-1.158586
-7.273051
-5.845382
-5.629257
-7.397873
-4.843128
-8.718990
-4.037776
-6.633763
-7.701302
-6.374973
-5.263395
-6.448333
-7.453448
-5.705431
-8.338831
-4.860129
-3.387353
-3.390966
-6.090093
-7.411058
-7.412956
-6.518554
-8.348630
-5.303331
-5.895182
-3.275897
-5.206220
-8.181188
-6.157141
-6.041324
-4.971897
-7.967072
-5.330946
-7.206492
-2.019309
-5.209782
-10.583558
-4.537171
-7.172729
-7.544645
-5.243913
-9.158430
-7.765501
-6.882786
-6.776013
-4.442418
-7.121373
-3.192648
-5.075946
-3.716522
-4.750496
-8.819529
-8.647450
-5.155040
-7.974643
-5.304078
-6.423639
-6.070352
-5.296638
-8.092227
-5.880184
-5.642019
-5.470492
-6.131052
-6.433634
-4.238753
-7.730282
-10.157287
-7.969077
-7.426639
-5.939016
-5.779119
-5.004901
-4.114435
-8.622661
-7.686275
-5.504876
-4.548110
-3.995971
-4.719430
-5.300516
-8.951714
-7.120098
-3.243703
-4.310699
-4.169839
-6.292157
-5.414814
-5.835470
-7.135776
-8.808533
-8.738432
-10.280078
-5.459168
-6.428006
-5.064453
-4.321393
-7.535150
-4.934100
-6.015160
-6.687791
-6.900896
-5.346810
-9.595639
-4.440872
-6.281310
-5.126086
-7.680089
-5.921806
-5.834832
-4.664196
-8.517973
-5.416364
-7.722864
-5.959826
-4.629752
-7.739215
-6.901059
-8.846102
-6.373631
-9.191604
-4.435529
-5.791906
-4.859280
-5.504314
-6.135823
-4.505583
-10.295745
-2.315526
-7.092261
-7.983116
-3.838764
-5.963140
-7.846431
-5.746185
-1.348588
-6.925019
-8.498184
-7.716306
-6.508832
-7.068810
-8.403277
-6.601505
-3.783372
-5.766426
-5.552053
-5.037002
-4.668227
-7.079299
-2.172058
-7.286796
-6.650761
-7.773200
-3.249415
-8.359933
-9.125625
-4.467784
-5.179833
-6.159856
-4.255987
-6.945889
-7.040838
-5.717366
-3.894479
-5.241453
-6.876606
-8.784164
-7.396061
-3.607083
-9.295863
-6.897017
-4.917349
-4.724357
-4.848480
-8.855268
-5.676980
-5.446621
-5.275604
-5.691439
-5.251739
-7.761274
-9.136331
-4.910777
-6.452408
-4.606936
-5.371912
-9.037906
-7.029704
-8.031953
-6.530320
-7.108735
-5.773869
-7.663455
-9.150228
-8.108479
-5.111976
-4.534851
-4.200581
-7.168211
-6.947514
-6.544637
-6.803996
-5.029914
-3.116051
-6.342223
-4.498741
-5.788912
-6.068698
-9.088882
-5.296039
-6.171499
-4.223636
-4.864444
-6.532971
-3.875985
-4.808865
-6.511047
-2.180495
-11.242596
-5.054260
-5.695870
-5.755138
-5.718268
-5.344208
-8.481737
-6.842948
-12.045069
-5.156280
-6.026743
-9.213880
-7.017815
-8.154675
-8.406696
-5.792077
-7.848138
-5.782227
-7.008738
-6.397024
-3.671493
-3.813087
-7.614169
-3.333995
-7.103317
-9.156804
-4.045209
-6.943850
-3.303353
-5.630289
-4.530521
-7.791168
-4.795324
-4.079769
-4.425252
-7.114283
-2.294244
-9.427052
-5.037814
-7.613110
-4.423476
-4.725495
-5.450133
-4.610494
-5.620465
-4.280744
-6.244857
-10.645295
-7.176317
-6.278401
-6.641436
-5.705662
-5.623754
-6.519614
-6.375089
-4.329486
-7.820938
-6.254698
-2.704905
-4.327909
-12.205791
-4.735831
-4.578324
-5.242954
-9.114088
-5.385741
-4.031477
-3.364864
-4.962726
-3.202984
-10.413256
-4.843766
-2.678472
-6.755960
-4.205541
-5.372574
-6.956994
-2.854381
-4.158699
-4.065464
-8.020556
-8.526501
-5.042181
-5.913905
-7.181600
-6.728868
-8.494304
-6.589175
-8.266265
-4.781148
-7.571720
-5.599358
-7.241656
-5.424901
-7.898206
-8.863804
-6.055277
-7.914282
-2.261256
-3.743813
-4.582535
-5.726445
-8.594232
-8.185675
-7.712838
-7.579176
-7.683318
-5.460763
-9.296610
-6.454854
-5.585400
-4.173127
-6.648135
-5.758353
-4.236748
-6.903799
-5.028693
-6.731188
-7.144579
-8.728639
-5.322769
-6.361371
-5.806777
-4.901310
-5.830503
-4.603258
-3.907696
-6.402718
-7.508651
-4.797627
-1.880037
-8.067234
-5.358766
-8.438174
-5.047831
-6.987737
-4.616261
-3.912127
-5.466023
-6.417598
-4.429329
-5.160377
-6.782691
-5.453525
-6.345643
-5.881598
-5.515760
-2.911773
-9.014983
-7.368171
-10.109719
-6.531115
-6.912711
-5.356018
-6.694019
-4.641397
-3.258992
-6.621811
-5.667243
-1.314452
-6.426366
-5.297328
-4.694453
-8.528269
-5.029585
-6.604043
-7.237266
-3.992708
-4.366427
-7.597615
-5.095284
-9.411906
-10.655763
-9.109838
-7.902749
-5.505828
-4.500512
-6.511754
-6.543903
-5.796073
-3.758967
-6.099708
-3.897706
-5.093335
-7.742027
-4.655129
-6.166649
-4.433689
-2.675494
-7.065909
-6.312635
-5.676014
-6.254360
-5.596427
-5.241263
-5.786254
-7.897111
-7.800369
-8.203457
-3.065891
-6.697029
-6.313185
-6.398565
-6.870496
-4.785929
-5.903497
-5.781262
-6.885169
-5.572135
-5.867686
-4.744345
-7.974313
-7.921235
-4.797817
-7.166003
-8.722522
-6.934284
-5.893784
-7.792853
-6.901239
-5.390918
-4.523365
-5.154800
-5.537950
-6.775836
-3.626587
-4.939605
-5.977849
-6.235580
-5.452374
-4.584919
-7.263717
-8.006551
-6.004066
-6.148243
-4.804182
-7.475461
-3.705529
-8.045285
-5.743089
-5.951508
-7.846611
-6.328548
-6.457042
-3.779330
-9.173082
-8.886682
-5.671155
-7.570043
-2.986052
-6.922978
-9.749536
-4.480394
-6.306853
-3.366281
-5.366269
-3.969798
-7.839177
-4.011399
-6.593472
-9.493552
-8.017076
-6.348167
-3.024786
-7.797248
-3.561053
-6.323221
-6.246719
-5.949520
-6.449601
-5.574579
-10.721819
-9.505366
-3.339861
-3.298755
-1.123264
-5.435441
-7.228811
-6.212263
-7.149509
-8.732198
-8.038430
-4.944310
-6.518202
-3.665755
-6.343113
-5.816427
-8.923166
-6.701612
-6.565572
-1.743290
-7.281979
-1.935609
-6.096849
-6.285962
-8.171367
-5.201515
-3.563981
-1.996955
-4.037436
-6.372431
-2.099081
-7.909190
-6.222338
-6.875340
-7.509460
-7.763933
-2.953460
-6.360789
-3.342851
-7.641903
-6.228649
-5.564282
-8.203230
-4.506304
-6.124668
-2.972859
-6.984747
-5.206091
-5.827457
-5.734615
-6.906473
-3.233629
-6.346094
-5.964873
-6.076699
-7.434276
-7.217608
-2.884420
-8.119036
-4.059043
-7.425595
-6.377730
-4.523170
-5.814591
-5.008883
-6.239868
-7.223512
-7.176925
-6.355657
-3.741975
-6.233208
-8.594493
-6.069979
-11.134336
-5.441671
-6.656274
-7.496811
-5.779897
-4.882211
-4.524083
-4.273783
-8.312253
-7.396613
-7.074238
-6.205866
-7.221451
-8.312218
-6.916969
-6.784524
-6.239208
-6.950289
-9.063031
-4.728046
-6.179746
-7.060540
-5.865292
-5.607882
-7.168097
-3.647974
-5.330794
-8.067500
-7.678718
-4.695063
-4.301649
-3.670030
-8.016407
-4.088946
-3.269482
-6.029541
-9.031738
-6.805246
-10.058289
-2.949524
-6.346065
-7.317136
-3.198432
-8.873695
-7.786773
-7.068635
-9.554288
-7.076309
-8.668941
-3.808883
-2.772977
-2.519677
-7.406000
-6.461915
-6.934708
-6.262269
-5.847044
-6.997402
-6.443128
-4.206916
-8.339126
-6.953912
-3.998766
-6.326551
-6.640916
-5.405891
-5.468450
-4.998322
-9.095815
-5.379125
-2.960710
-4.908628
-7.176545
-6.146209
-8.399412
-7.847413
-5.147235
-7.625755
-4.092974
-6.722142
-6.924383
-5.886129
-2.644748
-3.532369
-4.977432
-5.306909
-5.172866
-7.707841
-7.586697
-7.898955
-7.726119
-6.881056
-5.701834
-7.556552
-4.580650
-5.835105
-5.384997
-5.993755
-8.378919
-7.926134
-6.513734
-4.746859
-10.198285
-4.160876
-5.542399
-5.741726
-2.297497
-6.259254
-8.462053
-6.490372
-5.646701
-5.023528
-5.486961
-8.174810
-5.122970
-6.235106
-7.235282
-5.148671
-7.564120
-5.859009
-5.235068
-5.986548
-4.592800
-4.961281
-4.790327
-6.366284
-5.024363
-8.729547
-7.109119
-5.311680
-7.052647
-6.357846
-7.560205
-3.427378
-3.927584
-3.142399
-7.111852
-4.612811
-6.958874
-3.928143
-6.456707
-5.037984
-6.472218
-8.554222
-3.447367
-4.995556
-4.714263
-6.977306
-5.626748
-10.298714
-6.999031
-7.021050
-3.055571
-2.684819
-5.281098
-7.974952
-6.356812
-5.854357
-6.772911
-9.512981
-7.608321
-7.523489
-7.332145
-1.779876
-8.268125
-5.796062
-5.608668
-4.778889
-8.596619
-5.290406
-4.448345
-6.754126
-1.510739
-6.365104
-7.597886
-7.335295
-5.763788
-3.575313
-6.128968
-6.435455
-6.469913
-8.438630
-8.456863
-3.814206
-4.202680
-3.743523
-6.849864
-9.526097
-4.016031
-11.055712
-6.281051
-5.320863
-4.138776
-6.301255
-8.091779
-5.229405
-5.983329
-5.999081
-8.370532
-3.999803
-11.151606
-7.907098
-4.361045
-5.447550
-5.513186
-5.920120
-6.546285
-6.046040
-4.123988
-2.251532
-5.329176
-6.023601
-7.013859
-6.074518
-5.437350
-6.218847
-2.359723
-4.584629
-4.319476
-5.407861
-8.058798
-5.151174
-2.586348
-4.250857
-8.917805
-7.476031
-9.916885
-5.223801
-7.304285
-4.965779
-7.777987
-6.531846
-5.021675
-5.376154
-7.441006
-8.555125
-6.955236
-3.690082
-4.207552
-8.849341
-2.025421
-4.866608
-7.071260
-4.271871
-5.927318
-3.384792
-6.281945
-6.162673
-0.721822
-5.015653
-4.255075
-2.238673
-4.379327
-8.347126
-5.780248
-8.655646
-5.213009
-7.494826
-5.276772
-4.802502
-4.226286
-6.121209
-8.141484
-6.790388
-7.234543
-5.557416
-6.017044
-6.515870
-3.552272
-3.176139
-5.162629
-7.279053
-7.350250
-7.435045
-7.115698
-5.431772
-6.844444
-4.563449
-2.118511
-5.079784
-8.929996
-5.733902
-4.659959
-10.047558
-5.329576
-6.415134
-5.538114
-4.587164
-8.611846
-7.977255
-8.313373
-9.162507
-7.501314
-5.169692
-3.517306
-6.530816
-6.578157
-5.908129
-5.821776
-7.603142
-7.975085
-9.719440
-4.856925
-5.214340
-3.969215
-5.551092
-4.870878
-5.834610
-4.997255
-6.975630
-3.553379
-5.462897
-7.043120
-9.353411
-5.906035
-7.543367
-7.996068
-5.812633
-6.411561
-5.055612
-7.024260
-8.028208
-5.954225
-5.426914
-4.636682
-7.437463
-7.540542
-4.953308
-3.650652
-4.279665
-9.051950
-6.478200
-8.538866
-4.521304
-6.303541
-4.041782
-5.664204
-4.148806
-6.772885
-4.644246
-5.981480
-8.858195
-5.047009
-5.960482
-6.844052
-10.356246
-5.555706
-5.090715
-5.544101
-5.417397
-4.754212
-6.037004
-4.586425
-7.267108
-4.573046
-5.214890
-6.609387
-3.129074
-7.521101
-8.698680
-7.119791
-6.499465
-8.472938
-2.208257
-4.230066
-6.144197
-5.516784
-7.162385
-9.986915
-5.086212
-7.477286
-7.347858
-3.974977
-6.035518
-7.118009
-5.645285
-7.663539
-8.209986
-3.046645
-6.937834
-6.404121
-5.638506
-7.439130
-8.348148
-4.035259
-6.205916
-10.590309
-8.046679
-7.279834
-8.447812
-7.113024
-4.841404
-5.644083
-9.717056
-3.824467
-2.312869
-1.491597
-5.058744
-8.685356
-6.802393
-7.422740
-7.794646
-5.359350
-6.337086
-6.947515
-9.756494
-8.931867
-4.906610
-2.463699
-4.259453
-6.079821
-5.056720
-8.025758
-7.641109
-2.617162
-8.188102
-4.638373
-5.561912
-5.527409
-9.596462
-7.332553
-5.823892
-8.397567
-6.343640
-7.703937
-6.530896
-3.816637
-3.616227
-7.099983
-4.784905
-5.195328
-7.522234
-6.348767
-5.929878
-7.411109
-5.887814
-8.433587
-3.456867
-6.597729
-4.644723
-6.876608
-7.439404
-5.260918
-5.565324
-6.350876
-7.094606
-5.716634
-6.948484
-7.467260
-4.156438
-2.702847
-6.210700
-4.415108
-5.311246
-4.681107
-6.029192
-4.440855
-6.987410
-7.247207
-5.773027
-6.742185
-5.701067
-6.986209
-5.653718
-7.772779
-10.413199
-8.563657
-2.660500
-4.398112
-5.323393
-4.302764
-4.089660
-5.945292
-6.126421
-7.772575
-5.759024
-4.038751
-7.733934
-5.611618
-3.138959
-3.920509
-4.875409
-4.849328
-5.237404
-6.962461
-6.362874
-3.504455
-6.647588
-7.818248
-7.506342
-7.703337
-7.981254
-6.548077
-5.221187
-7.537419
-6.558902
-6.296786
-6.988657
-7.247789
-6.603261
-6.402383
-6.576425
-3.159454
-7.409266
-6.806415
-8.704198
-5.692263
-6.816108
-6.507715
-6.502580
-5.660823
-4.556735
-4.687266
-5.826982
-5.215540
-6.162820
-7.500932
-7.439890
-6.125365
-5.351212
-6.570500
-7.668182
-5.235425
-2.950735
-4.063012
-6.092707
-8.018752
-5.433640
-2.482793
-4.658585
-3.470942
-6.256980
-6.632181
-7.114841
-5.636176
-6.281298
-8.056368
-8.637471
-8.453016
-3.473659
-3.119165
-6.129263
-6.490710
-7.047442
-6.580118
-3.477765
-6.173172
-4.221894
-3.875529
-4.931629
-4.382227
-4.130373
-6.038748
-6.569622
-7.355824
-3.266106
-7.151764
-3.724766
-7.945402
-6.962626
-6.423954
-7.966002
-5.884502
-5.473551
-3.619045
-5.139777
-6.384622
-6.153724
-6.089170
-7.581394
-11.724330
-7.883736
-3.981151
-6.667326
-6.160465
-6.311871
-7.364379
-8.361708
-7.757016
-4.585553
-7.795529
-2.728178
-4.285594
-5.574892
-6.283677
-3.614815
-5.714413
-5.127817
-10.690230
-8.557402
-4.272115
-10.311044
-3.837701
-3.585431
-11.632908
-7.297231
-4.919008
-6.148842
-5.189352
-5.718895
-5.225423
-5.713398
-7.235935
-4.285752
-6.226585
-6.403626
-5.970834
-7.222475
-2.638039
-6.033965
-7.258991
-3.304512
-5.237815
-4.873107
-7.460973
-3.546653
-7.450233
-5.883264
-4.571457
-4.848937
-10.719899
-8.896904
-8.378406
-6.028263
-2.830986
-6.847932
-4.742985
-6.275613
-7.528506
-6.505519
-8.366857
-5.077657
-5.637970
-7.616667
-5.170698
-2.706473
-5.442446
-5.736306
-8.770217
-12.406102
-5.493327
-5.597790
-5.608917
-4.012298
-5.282084
-7.465878
-10.461944
-4.175928
-5.893183
-3.088223
-3.351508
-5.897647
-7.013297
-3.742711
-6.863664
-7.386917
-6.466160
-4.336340
-4.909320
-6.087099
-5.434679
-4.547207
-5.399557
-6.943666
-4.910676
-7.299917
-6.945340
-6.953709
-7.831233
-3.269824
-9.347112
-6.735229
-7.125450
-6.296616
-4.003869
-4.085371
-6.611987
-5.607579
-5.071283
-4.622001
-6.829348
-5.522476
-8.174766
-7.471250
-5.426736
-10.332326
-5.150262
-5.090997
-7.705080
-8.367208
-5.788227
-6.681653
-8.642667
-3.272538
-6.369765
-6.183581
-4.970747
-2.387423
-7.462115
-5.460615
-8.349151
-4.823612
-4.226012
-3.506449
-6.137872
-4.709724
-6.781976
-5.134468
-6.824097
-3.031220
-5.206086
-7.279524
-6.736881
-8.248083
-9.118653
-6.153538
-4.397398
-7.522715
-6.977816
-6.768743
-6.319582
-5.268174
-7.836844
-6.414136
-6.684341
-4.773416
-4.435980
-4.880078
-6.275229
-4.093313
-4.453102
-9.461082
-5.913074
-7.375194
-6.530458
-7.237999
-5.545335
-8.922287
-4.896126
-9.003685
-8.369540
-7.664499
-4.381013
-7.643988
-8.323017
-4.455536
-11.486718
-5.714701
-6.138361
-5.418882
-4.714173
-5.659326
-6.480980
-5.212979
-5.728887
-4.018888
-5.515365
-3.757065
-6.582259
-6.770006
-7.764494
-2.530373
-5.244831
-7.122410
-2.825191
-2.419682
-6.845591
-8.649614
-5.365777
-3.719912
-5.643779
-7.979321
-5.668759
-3.590471
-6.244503
-6.791029
-6.865109
-4.911459
-7.206857
-2.460594
-5.252078
-5.442172
-7.991405
-7.705905
-3.447369
-3.941124
-3.737342
-7.238483
-6.846982
-6.113273
-4.027660
-8.582020
-3.559556
-8.819441
-4.138856
-4.395380
-4.968276
-7.197678
-4.100342
-9.979485
-8.222821
-4.617993
-1.929442
-2.546780
-4.341403
-7.241939
-3.581899
-4.530373
-7.867984
-5.904564
-9.823647
-4.526989
-5.629546
-3.938383
-3.199283
-2.464029
-5.664670
-7.056476
-8.339158
-3.992069
-5.692235
-6.634478
-6.676186
-9.130317
-9.140219
-8.135036
-4.805726
-7.754989
-7.317520
-8.920192
-7.346672
-5.940056
-2.379283
-5.626606
-5.015614
-9.118653
-9.437250
-7.618780
-4.417161
-4.642332
-5.190836
-6.998033
-3.416450
-6.109486
-3.675546
-4.114087
-6.574604
-6.981435
-4.329296
-4.040267
-4.828415
-8.167229
-5.742264
-4.378087
-6.844039
-5.567970
-6.445386
-5.381295
-7.388973
-5.053518
-5.435256
-11.499907
-6.309926
-10.035201
-7.133181
-5.732887
-2.488338
-4.968849
-6.544868
-6.386251
-6.216735
-9.393272
-5.765821
-4.920787
-7.586023
-2.697266
-4.479565
-5.431273
-6.304356
-5.609986
-6.303688
-5.694826
-5.919212
-5.419073
-5.859847
-5.814052
-5.591242
-4.813760
-4.924504
-9.717444
-4.206031
-6.582987
-6.307925
-8.939377
-7.188576
-4.823513
-4.838675
-7.064386
-5.615197
-4.872034
-5.876850
-4.077974
-5.826932
-5.962519
-8.234344
-5.129155
-8.789537
-4.626824
-6.359149
-5.363600
-4.209559
-4.191449
-9.713491
-6.348992
-7.304555
-6.840751
-6.613578
-7.983510
-5.296670
-3.909407
-5.801731
-5.601125
-7.448957
-5.105919
-6.969330
-6.394342
-3.675462
-5.318878
-7.079245
-7.059898
-5.312832
-4.360226
-4.161987
-8.902683
-6.647656
-3.758900
-9.864532
-5.357610
-5.603832
-5.468846
-7.520173
-4.978442
-2.921592
-7.548934
-5.228130
-7.139648
-5.357800
-7.592402
-5.431858
-5.975945
-4.692038
-7.690652
-5.950145
-7.111725
-3.865518
-6.461112
-8.633172
-4.089707
-3.093935
-5.542532
-5.145720
-5.724087
-8.803578
-4.710483
-7.327568
-5.009879
-6.876608
-5.047862
-4.677015
-6.499653
-4.986072
-6.111093
-8.638446
-7.673168
-3.549397
-8.992903
-4.799469
-7.538409
-5.949323
-8.631759
-6.577557
-3.913677
-6.059644
-4.923997
-7.004207
-5.031051
-5.137862
-4.828389
-5.762025
-5.338202
-6.783275
-6.836200
-5.951299
-5.927207
-5.950004
-4.819935
-5.306019
-5.517941
-6.175016
-7.556148
-8.290002
-6.150521
-5.411368
-6.153048
-6.039291
-9.129282
-4.387578
-5.123675
-6.969005
-5.277652
-3.598666
-5.253700
-4.782924
-5.347563
-5.506497
-4.865579
-7.044558
-5.567608
-6.148498
-6.753253
-5.307158
-8.697256
-6.362313
-4.607680
-4.740200
-2.446138
-3.100959
-10.975780
-7.558815
-3.875987
-6.594872
-6.094783
-5.999399
-8.393456
-4.843414
-6.561606
-5.908192
-5.151240
-8.142030
-5.870738
-10.849160
-3.745092
-5.011392
-4.382181
-3.514108
-5.962183
-8.196890
-5.859437
-3.684884
-8.402524
-4.781703
-6.601076
-3.903490
-6.272155
-8.607724
-5.116953
-6.156032
-6.125198
-5.633307
-4.946862
-6.553738
-7.591194
-5.990711
-4.349348
-5.408963
-5.432735
-6.518264
-3.894238
-3.837329
-7.832535
-5.830304
-8.804882
-8.111956
-5.048817
-4.881445
-4.193816
-5.583713
-6.276387
-6.579646
-4.748765
-6.959550
-6.929228
-6.347562
-7.688030
-5.602056
-6.764044
-6.225847
-4.281536
-8.625510
-8.332245
-10.530660
-3.940380
-6.111418
-3.814802
-2.648803
-3.870308
-6.286611
-7.685587
-6.198695
-4.056761
-6.112716
-5.751017
-5.691693
-2.755813
-7.850684
-7.689652
-3.811342
-7.675323
-5.917333
-6.088849
-4.173646
-4.738964
-5.931211
-6.871401
-6.124967
-9.392676
-5.045956
-3.816558
-6.434095
-10.689939
-6.877676
-3.258258
-4.783192
-5.353220
-7.473551
-6.645767
-9.874770
-4.485517
-6.720177
-6.072924
-2.065002
-7.919220
-2.730678
-4.446712
-5.324757
-6.742167
-5.437966
-6.443909
-6.648761
-5.939904
-3.935988
-6.261802
-5.455946
-4.004058
-2.900883
-7.325236
-6.450060
-6.647585
-4.445648
-5.061814
-4.332517
-7.395301
-6.742841
-5.282840
-2.543331
-3.559489
-4.646869
-3.946520
-2.251449
-5.836360
-6.091858
-4.958897
-6.082788
-3.617039
-12.461802
-8.094673
-4.252124
-7.692211
-9.010076
-10.528966
-7.739511
-11.922791
-7.037578
-4.765656
-4.884120
-8.683995
-9.311343
-5.840823
-7.735738
-6.413321
-8.029657
-5.107443
-12.331014
-8.134214
-7.333861
-8.403751
-4.469085
-4.480939
-5.639591
-4.727111
-6.630189
-6.831589
-8.721399
-7.554943
-8.279239
-7.586743
-6.422160
-10.957252
-6.008662
-3.294563
-4.201148
-7.123614
-10.452152
-6.471865
-4.214911
-5.935035
-7.406182
-5.541291
-6.332973
-9.618014
-8.671326
-5.521651
-6.385286
-4.040076
-5.001134
-6.453717
-5.408545
-7.083641
-4.660486
-7.682300
-5.295899
-5.482953
-7.703541
-3.750140
-5.727421
-8.905926
-4.426535
-3.685215
-5.528616
-6.371211
-6.397679
-4.578699
-3.916092
-7.118276
-3.499744
-8.125294
-8.529138
-5.156313
-4.935249
-5.527598
-4.934452
-6.468419
-4.709533
-5.071320
-5.538737
-4.544271
-5.560215
-3.823472
-2.860890
-5.464589
-6.661354
-2.614152
-6.502226
-1.460305
-6.087848
-9.190173
-6.236466
-5.283149
-6.892276
-7.491176
-3.277142
-8.722898
-8.135303
-6.034543
-6.632271
-6.801314
-4.430635
-7.116139
-2.084718
-7.569939
-6.525546
-6.063209
-4.011948
-6.805787
-8.005036
-8.072282
-9.513859
-6.292486
-9.141096
-5.717086
-6.060448
-3.213372
-7.648961
-8.390775
-9.123219
-6.568276
-4.338192
-5.097976
-5.049717
-1.811603
-5.872233
-6.185567
-6.770951
-8.784999
-7.527350
-4.412333
-4.759840
-7.254675
-7.764539
-6.750222
-8.312457
-12.068603
-8.643671
-7.758279
-6.298807
-4.608472
-6.561729
-5.370199
-5.844243
-9.009748
-7.066154
-5.537648
-4.232092
-4.955727
-9.153048
-4.863671
-6.544770
-6.058731
-3.889847
-5.528199
-4.201799
-7.026346
-9.778337
-3.475968
-4.832917
-6.957705
-7.280777
-6.532711
-5.127409
-8.670402
-4.540753
-4.585531
-4.237762
-4.249739
-3.404957
-3.317122
-7.882846
-5.294778
-7.580240
-5.734993
-4.503080
-6.518926
-7.737373
-4.900787
-7.340522
-5.343202
-4.121369
-7.142318
-7.213037
-6.726939
-5.462287
-6.175645
-5.430168
-6.404251
-8.232803
-4.828452
-4.828422
-7.075342
-11.851553
-5.952506
-8.717528
-5.423704
-7.088880
-6.911552
-5.981183
-6.928319
-6.712815
-3.333416
-5.143970
-4.909318
-5.299339
-7.369971
-3.331815
-5.274496
-5.858730
-5.860970
-8.280189
-3.006602
-9.193060
-5.891160
-5.194101
-6.137729
-5.304600
-7.966317
-7.051749
-3.969450
-7.252385
-4.456772
-6.531256
-6.360994
-6.976086
-7.918690
-4.826730
-5.774743
-8.614144
-5.082568
-3.814801
-4.180750
-6.045300
-4.889946
-2.213842
-4.697026
-6.988337
-4.998418
-4.528478
-6.595557
-5.814133
-7.197756
-9.279960
-7.158371
-4.826354
-9.269021
-3.741777
-7.120214
-5.535305
-6.447336
-10.504114
-4.446719
-5.372060
-4.767098
-9.708958
-4.699831
-2.749249
-6.322452
-6.988779
-5.757806
-4.966819
-5.644202
-6.258992
-6.184226
-7.269825
-8.001354
-8.737146
-7.992594
-6.203215
-3.346723
-5.672506
-4.800803
-4.905364
-5.172281
-5.199923
-7.822449
-4.037838
-5.482397
-5.169121
-5.863934
-8.228720
-7.349803
-9.612683
-2.047815
-6.295413
-6.342377
-5.248499
-10.368708
-7.073081
-5.990728
-4.994543
-7.273272
-3.929907
-7.244628
-4.835528
-8.010151
-5.663792
-8.210503
-6.447707
-7.324270
-5.988849
-7.185205
-7.092580
-7.119565
-8.269777
-8.601623
-7.864764
-4.590415
-3.937892
-5.167928
-3.484737
-5.291824
-4.660967
-7.817858
-9.289695
-4.480849
-6.092747
-6.288584
-5.182510
-4.764231
-5.886183
-5.618565
-5.863255
-2.245735
-6.428919
-3.930629
-6.809471
-6.788126
-7.061655
-9.289448
-6.841001
-9.649610
-7.231716
-5.580561
-7.004490
-4.942920
-7.196936
-8.730166
-7.582326
-6.222011
-5.200440
-4.975435
-6.627372
-6.079360
-4.867649
-5.115689
-7.227168
-7.587932
-7.229024
-4.886991
-6.042877
-9.027287
-7.631076
-7.184367
-9.270905
-5.455755
-9.290474
-6.114249
-2.193802
-8.108444
-5.154283
-7.721136
-6.726706
-8.899812
-7.284831
-7.605201
-7.282953
-4.242962
-3.376091
-8.325410
-3.973382
-8.603929
-5.582244
-6.624378
-9.032999
-3.539261
-4.254239
-4.899755
-5.106569
-4.372413
-5.326055
-8.736514
-9.222423
-8.238309
-7.053263
-6.030123
-7.558893
-5.139108
-8.331223
-6.945867
-5.215891
-5.326644
-11.761637
-7.434120
-7.445020
-8.974337
-3.892261
-5.948385
-5.353989
-7.638759
-4.361391
-7.640240
-7.924752
-6.018950
-7.113095
-4.775370
-4.686127
-9.328676
-8.294517
-4.501432
-9.264533
-6.601430
-7.016841
-4.547412
-3.030417
-6.881782
-8.204340
-5.476390
-8.326797
-9.408252
-6.415342
-5.930779
-5.071221
-4.971132
-3.416678
-5.028219
-4.739158
-4.242744
-8.333890
-2.586923
-6.017114
-5.994356
-6.138382
-6.249835
-6.345384
-5.917670
-3.902586
-6.486088
-3.714944
-6.648204
-4.970805
-5.292710
-7.662127
-7.690264
-7.178525
-8.508536
-3.237921
-5.281325
-5.481741
-5.078016
-0.389531
-5.556703
-5.049055
-7.452291
-7.640106
-7.897445
-4.359324
-8.806307
-3.590263
-8.451438
-6.213348
-5.002987
-3.914385
-3.278609
-4.208086
-5.087782
-7.809303
-4.276838
-5.446871
-7.658940
-4.505953
-6.315175
-7.349772
-7.843265
-6.347477
-6.575892
-2.548986
-7.576097
-4.342601
-5.526138
-4.887003
-5.366426
-3.090091
-7.234195
-6.892178
-5.675494
-5.924082
-8.831437
-5.130327
-7.388807
-8.195333
-6.144879
-3.185421
-5.035254
-5.694973
-7.475891
-7.816773
-7.010958
-6.869130
-5.332082
-5.241168
-3.838054
-2.273946
-5.736125
-5.880811
-7.732118
-4.281371
-8.159252
-8.405222
-6.415016
-7.923433
-7.805243
-5.746717
-4.360079
-6.623149
-7.613896
-6.445705
-4.358464
-4.595439
-3.996405
-5.791645
-7.391912
-8.604862
-10.536983
-4.908229
-4.754517
-6.714851
-5.197377
-7.026752
-6.313033
-5.736330
-3.963192
-6.178075
-5.186206
-5.064740
-7.164750
-8.969230
-4.642096
-6.839067
-3.280063
-3.421622
-6.869941
-5.906258
-7.500915
-4.818300
-4.971218
-10.025088
-5.510388
-9.425608
-8.840587
-6.726514
-5.271260
-7.297593
-5.344781
-5.623627
-5.914525
-5.692205
-4.733517
-5.702361
-11.605868
-7.106869
-6.196462
-4.593620
-6.200151
-6.668101
-4.920419
-5.076906
-5.115593
-7.089167
-6.881845
-4.606788
-7.469939
-2.914436
-8.258890
-4.560133
-7.684995
-7.242255
-3.770626
-4.903093
-4.795365
-7.106346
-5.262094
-9.854845
-0.866025
-10.039294
-8.040252
-6.063409
-6.130254
-8.683945
-6.616707
-5.919757
-4.522884
-4.351896
-7.653302
-5.796661
-3.291317
-7.374644
-7.008754
-9.367828
-7.822601
-6.331235
-5.916891
-5.815715
-7.041844
-8.430842
-5.959234
-3.862396
-5.123007
-6.683371
-5.567706
-6.835219
-5.955797
-6.291020
-6.248544
-5.576935
-5.034007
-6.926275
-7.340920
-8.814108
-8.868816
-5.794089
-4.355136
-4.990124
-4.703775
-2.375807
-8.678141
-4.631305
-6.350311
-7.063059
-7.256999
-5.850388
-6.895696
-6.639201
-7.322604
-5.308830
-6.745977
-3.601983
-4.151242
-6.695158
-11.990058
-7.670213
-5.981062
-6.811310
-10.013813
-5.508146
-11.273627
-5.097178
-8.233140
-5.194454
-9.304736
-4.138499
-8.382113
-3.864428
-2.197150
-6.727612
-5.010688
-5.268660
-6.412240
-6.967975
-6.225771
-8.286068
-7.090794
-6.066537
-7.238146
-6.801192
-4.997874
-5.008816
-6.077225
-6.631645
-4.333371
-7.767512
-4.437174
-10.563226
-9.361301
-4.545943
-8.078612
-4.685423
-10.296570
-5.220736
-2.384532
-5.371285
-5.544730
-6.403192
-9.223904
-9.202321
-10.416268
-7.330302
-4.459486
-7.247777
-5.184919
-5.121855
-4.139924
-5.262788
-4.026062
-4.618791
-5.318289
-5.540522
-7.143266
-3.782625
-5.454339
-6.856242
-6.024968
-7.272525
-5.884800
-9.394292
-5.358228
-9.653811
-2.508574
-6.894432
-5.714875
-5.283226
-10.776152
-4.699350
-3.236994
-5.533935
-7.284009
-3.460115
-6.525182
-6.038120
-4.207092
-4.266319
-3.925526
-4.311751
-5.411295
-8.835376
-7.163224
-6.040847
-6.084333
-7.847383
-6.432503
-6.041951
-9.522714
-7.963283
-5.950078
-8.913748
-5.392294
-3.317427
-5.642815
-3.947129
-9.294214
-4.840167
-9.797141
-7.801970
-6.976734
-4.499732
-4.059517
-7.916476
-4.579244
-6.216387
-5.364735
-6.594709
-5.937154
-5.289396
-2.707040
-8.872790
-6.989859
-4.317689
-7.937603
-5.057246
-7.546432
-3.387680
-7.813234
-9.322148
-4.578283
-6.643636
-7.138971
-6.129008
-6.264634
-3.875675
-3.391803
-10.282726
-9.617986
-9.528112
-7.485255
-5.238729
-7.846269
-7.965856
-4.403677
-5.432363
-10.869386
-4.901330
-4.767725
-6.137673
-8.986444
-5.239422
-6.558435
-6.971294
-8.553329
-2.540757
-2.296515
-6.958516
-5.723306
-5.763765
-5.146247
-8.641111
-6.080467
-3.288010
-10.379142
-4.496044
-5.523343
-6.511484
-5.284112
-6.403296
-7.254026
-3.338919
-8.532687
-9.790930
-7.114349
-6.206846
-8.577713
-5.710944
-7.550360
-12.073988
-5.509617
-4.846547
-8.470927
-8.694592
-6.139286
-8.379049
-5.763055
-4.259665
-5.314813
-4.081332
-8.116060
-5.002095
-4.995703
-4.617153
-9.308037
-4.479418
-7.827189
-7.983666
-4.745098
-7.411480
-5.348907
-7.374318
-6.097260
-5.147325
-5.923333
-8.938309
-2.731914
-7.338196
-4.742559
-5.597016
-4.555422
-5.804550
-4.641523
-6.295090
-6.052111
-4.472090
-5.728141
-5.048745
-6.169564
-7.654619
-4.489522
-6.207905
-4.330568
-7.246884
-5.553375
-7.139868
-7.658670
-4.509273
-5.988520
-4.801613
-9.242876
-7.603435
-8.146086
-6.944573
-5.574966
-6.338038
-7.502596
-8.803259
-4.422444
-4.997350
-8.769176
-6.728126
-6.132344
-6.437074
-5.282087
-7.050023
-6.115839
-7.213475
-3.994592
-6.982412
-6.074203
-7.899743
-8.563028
-7.922139
-9.371173
-6.484272
-4.013309
-3.748555
-10.051558
-4.361644
-7.235966
-7.200199
-6.711320
-8.023321
-4.815792
-11.562268
-4.900554
-6.961996
-3.591766
-9.215062
-9.611764
-6.415596
-5.502592
-6.595384
-9.291301
-6.688971
-6.206700
-4.082060
-7.798534
-4.744705
-6.929825
-7.786460
-6.056222
-5.666833
-7.010056
-8.097188
-5.486092
-8.553758
-10.343941
-6.186745
-4.637969
-8.409759
-6.601453
-4.068327
-8.554708
-6.381718
-7.014554
-6.669145
-7.786422
-4.720846
-7.236671
-5.917032
-4.208435
-6.925994
-5.443640
-5.527246
-9.654963
-7.139561
-6.357715
-6.012880
-8.467656
-3.516774
-6.377401
-4.510308
-5.940610
-6.689150
-6.585963
-7.198988
-5.602015
-10.667014
-5.285104
-3.273067
-5.907637
-7.102379
-8.173702
-4.502833
-5.525132
-6.558313
-9.336166
-5.568110
-8.088028
-5.536967
-8.714833
-6.055256
-5.433055
-9.182510
-6.171282
-5.550473
-6.482877
-6.342538
-4.076188
-8.824389
-5.526930
-5.284163
-3.575163
-6.700866
-8.701291
-4.702055
-6.682895
-4.787384
-4.310082
-7.896448
-7.476600
-9.195807
-6.065741
-4.873135
-4.666263
-2.568511
-2.612046
-6.769552
-4.782189
-7.288392
-3.101375
-7.489601
-4.725624
-9.472486
-5.243384
-7.773798
-9.812958
-6.374067
-5.905353
-9.281714
-5.843611
-5.905072
-3.801242
-10.989692
-7.757740
-7.296813
-7.060318
-6.761182
-8.058590
-6.674072
-4.763309
-9.849879
-4.352314
-8.077483
-8.229374
-7.711991
-5.919010
-3.616752
-6.351312
-4.095002
-4.173168
-8.569772
-9.111265
-5.318864
-7.263735
-7.022116
-8.298089
-5.599157
-4.245247
-7.080540
-8.589552
-7.255279
-5.308164
-6.670272
-7.272501
-3.826451
-8.725798
-4.595223
-7.974529
-9.611764
-5.737513
-11.348871
-3.849571
-3.828725
-9.901421
-6.753798
-8.940537
-6.330494
-6.915359
-9.761700
-4.559658
-8.389488
-2.977891
-6.562714
-7.187159
-4.573317
-8.362670
-3.795598
-6.899824
-5.132927
-6.768536
-5.361092
-8.826494
-7.890193
-7.404657
-6.924453
-5.975513
-11.247412
-7.429457
-5.205087
-7.639685
-5.262411
-8.080408
-3.265703
-9.457067
-5.691979
-2.254806
-5.823351
-4.165427
-8.410598
-5.276436
-6.519163
-8.231812
-5.113380
-4.894080
-3.171239
-6.915590
-7.375366
-6.223597
-3.738868
-5.264678
-7.938654
-6.570893
-5.069247
-9.011343
-4.180361
-7.297306
-2.648508
-4.686000
-3.626133
-4.827212
-8.186916
-3.256049
-4.281971
-4.261288
-8.013115
-6.095267
-4.347658
-5.676146
-5.703979
-3.793203
-4.544809
-7.878982
-6.857367
-6.107846
-4.960344
-4.829320
-6.451023
-6.731768
-4.614862
-7.100021
-5.785478
-3.810983
-4.383088
-6.693776
-6.547372
-5.675754
-6.271842
-2.335189
-9.806905
-6.230904
-4.161856
-5.981503
-6.371293
-9.003853
-10.830745
-4.965107
-4.771226
-7.621834
-8.422016
-5.154100
-8.305304
-5.067249
-6.244677
-1.643701
-6.905506
-6.082166
-5.863702
-11.049114
-8.317055
-5.678192
-7.664241
-7.267886
-8.116225
-5.046868
-7.017808
-2.575078
-7.732415
-6.703769
-9.318646
-9.309402
-7.611736
-9.097269
-3.543155
-6.150970
-7.936449
-6.888863
-2.415153
-4.967662
-8.951662
-9.940649
-7.612829
-3.895220
-6.218229
-3.616992
-8.361523
-9.259535
-9.274758
-8.594307
-3.527210
-5.443455
-5.200628
-8.362064
-4.596477
-5.268200
-7.771715
-5.892061
-8.144489
-5.090226
-6.823605
-8.830154
-7.641168
-10.030252
-4.713594
-9.245085
-6.167938
-6.048325
-6.151369
-4.355070
-5.623551
-6.792412
-9.573722
-4.974580
-4.909465
-8.131238
-4.970089
-4.570782
-6.470201
-7.370248
-4.455735
-6.530749
-3.790517
-3.800934
-5.751899
-9.263300
-4.371231
-5.344967
-6.030220
-4.963614
-8.216515
-7.260820
-5.612687
-4.307969
-6.273502
-6.216312
-6.040256
-9.116110
-8.812941
-4.805185
-8.534966
-5.497430
-5.801635
-5.427887
-7.000728
-6.860276
-7.543058
-6.623507
-4.035562
-8.742666
-1.894850
-5.123204
-8.788799
-2.940278
-7.977752
-8.067648
-4.505009
-5.577232
-5.592266
-7.621793
-6.665568
-7.461835
-4.703416
-8.892091
-5.814627
-2.818597
-8.262314
-5.018034
-9.249590
-5.973011
-5.238731
-5.657999
-5.671264
-5.697390
-6.169724
-3.426656
-10.455958
-4.879416
-4.902288
-5.019386
-6.404675
-5.453013
-3.457656
-8.641836
-6.269615
-4.966197
-8.490001
-5.822037
-5.166492
-6.260732
-11.090338
-5.532656
-7.610706
-5.352736
-5.223176
-11.850618
-5.475380
-7.761906
-5.412461
-6.620717
-5.417816
-8.040490
-7.150303
-6.337616
-7.980700
-4.595618
-8.516459
-9.351653
-4.691283
-9.924643
-4.766565
-6.928512
-4.652092
-6.961226
-8.144544
-6.013523
-9.365425
-4.967352
-5.394993
-7.891776
-5.048884
-9.609118
-7.093289
-4.997741
-5.920847
-4.353711
-6.107520
-2.703455
-5.586939
-10.726851
-2.807714
-4.208347
-8.580602
-4.085110
-5.971801
-9.450238
-8.284303
-9.352906
-5.962429
-5.065833
-6.478928
-9.587983
-6.401465
-3.779479
-8.047897
-3.363935
-6.194777
-6.504333
-8.152020
-6.019395
-6.274851
-5.281301
-3.216013
-6.460953
-3.999149
-10.798965
-9.293353
-6.885249
-8.769602
-4.823192
-6.406582
-13.008224
-4.374273
-5.076961
-10.905418
-5.294915
-9.281967
-4.699124
-3.573813
-8.683995
-6.961057
-4.955127
-4.821627
-8.431347
-6.552665
-5.285323
-3.992278
-4.514886
-7.016285
-7.380066
-7.894728
-6.686538
-4.206059
-8.156448
-4.483788
-6.624962
-5.599244
-4.836834
-8.707673
-7.183353
-3.862738
-6.586879
-5.833097
-5.453405
-4.189122
-6.464065
-8.614964
-5.610537
-8.504389
-6.522648
-4.506746
-3.512244
-6.682197
-6.190534
-6.543101
-9.139395
-7.066492
-7.373093
-4.882585
-5.170432
-9.142689
-6.734394
-3.128990
-5.800926
-11.038440
-6.163867
-7.543365
-6.931149
-4.472491
-8.501021
-3.610734
-3.656324
-5.744150
-6.857090
-9.498698
-5.172026
-7.802625
-8.814611
-3.613766
-6.463380
-4.531332
-1.902547
-5.891984
-3.514980
-7.376092
-5.201173
-6.619855
-6.916145
-3.879102
-7.859931
-5.100218
-4.305611
-7.419066
-6.318652
-6.118988
-5.418695
-8.045106
-6.990668
-7.051547
-6.232514
-6.916279
-6.303836
-4.593446
-5.389547
-5.696552
-4.977334
-8.394662
-8.093221
-6.684968
-4.993379
-7.557038
-7.796540
-7.620693
-6.992781
-6.075469
-6.453316
-4.506108
-8.382473
-6.303003
-6.709314
-6.093966
-4.834430
-4.699795
-5.040604
-4.235837
-4.704928
-4.824930
-6.742437
-4.238832
-5.185640
-6.006466
-8.030591
-5.673058
-8.324465
-2.748226
-6.172671
-6.246724
-5.438797
-3.178516
-8.436981
-5.179743
-4.645656
-7.179729
-6.047536
-7.583132
-7.545449
-6.472421
-7.327005
-6.616447
-4.280681
-6.859300
-6.556087
-3.980247
-5.768724
-5.681546
-5.478768
-7.209807
-8.617391
-4.541759
-8.947119
-5.946883
-3.995378
-7.762949
-2.526914
-6.604799
-6.501612
-4.123498
-4.896489
-8.255014
-9.444690
-8.967015
-6.393622
-9.535999
-6.067237
-7.745380
-8.773064
-9.187812
-8.760724
-6.673740
-7.850135
-4.894342
-3.969034
-9.851705
-7.288530
-4.709776
-5.499010
-4.558326
-3.429234
-9.564383
-8.725711
-3.411758
-9.340228
-8.807200
-4.949615
-7.044268
-5.252340
-3.145393
-10.563109
-5.325129
-4.994958
-6.424115
-4.923519
-7.040513
-4.146701
-6.055387
-7.040248
-11.704694
-6.391387
-6.461846
-6.940308
-8.455947
-7.729799
-7.100205
-11.033897
-8.965675
-5.585612
-4.559103
-7.102559
-5.494611
-6.521799
-7.623142
-5.983603
-6.141081
-6.337591
-5.935265
-7.607532
-4.392665
-7.901462
-8.954446
-6.000642
-5.347226
-9.665474
-7.120190
-7.825397
-4.088514
-7.450588
-6.961327
-6.828974
-5.778995
-5.572192
-5.273758
-5.931942
-4.744817
-5.353290
-7.248606
-10.214421
-6.612961
-3.082239
-5.700783
-6.515385
-9.540614
-6.716588
-4.249755
-4.909264
-7.296843
-6.925114
-5.376827
-8.114860
-7.919693
-7.575527
-7.870391
-4.413607
-7.006879
-7.170552
-5.562820
-6.327156
-6.999624
-2.257863
-7.231025
-5.677620
-8.092792
-7.201406
-5.323889
-4.990486
-8.541842
-6.315910
-7.551095
-4.757635
-6.980622
-5.431801
-6.972427
-5.721685
-4.758943
-5.356955
-6.472716
-5.117551
-7.920928
-8.883692
-6.766170
-4.963677
-5.981093
-6.538879
-2.861781
-8.291894
-4.719238
-8.596992
-6.467213
-8.146279
-6.830074
-5.392461
-4.954406
-4.234983
-6.436679
-3.988806
-8.572368
-4.401722
-5.692831
-6.436281
-3.925343
-5.073431
-8.297294
-3.872984
-4.875242
-4.119954
-5.336402
-4.711771
-7.269493
-5.731454
-7.678983
-6.105607
-4.562747
-5.138714
-7.480753
-5.023877
-5.269239
-6.917367
-5.796727
-3.222968
-10.647194
-7.952979
-8.114401
-6.952384
-6.123330
-7.563206
-7.232738
-6.876608
-8.683995
-6.753158
-6.446138
-5.837397
-4.762121
-10.433057
-7.115874
-7.276999
-6.614071
-9.059010
-8.756327
-8.561898
-6.475164
-6.976403
-6.969506
-6.255756
-6.454641
-8.504827
-7.823571
-8.331679
-9.703407
-7.447981
-2.762725
-4.521869
-4.294711
-8.402020
-3.942985
-11.961065
-5.828076
-8.083186
-7.804770
-4.089550
-11.356435
-8.060214
-4.409581
-7.253986
-5.695913
-7.766749
-6.521898
-4.708460
-10.049232
-7.319950
-5.919155
-5.522859
-4.890907
-7.778086
-7.308158
-6.610566
-10.363225
-8.418218
-7.190890
-6.274887
-4.757219
-5.268069
-5.674400
-7.142900
-3.492972
-8.212767
-4.807621
-7.013845
-6.783785
-8.732083
-6.439163
-5.953200
-8.403287
-5.405657
-6.079174
-4.751958
-6.587008
-5.610602
-6.971333
-5.775782
-6.560072
-8.768375
-6.652778
-4.261480
-6.620925
-7.265810
-5.665732
-6.236737
-6.384612
-5.062681
-6.392037
-6.255628
-5.219987
-7.866219
-1.365708
-7.677045
-7.450819
-6.391040
-6.006251
-4.694099
-0.329781
-7.559493
-8.589790
-7.499413
-6.439529
-8.607042
-6.711259
-7.981310
-5.145291
-1.244038
-8.906494
-3.571995
-7.467340
-6.197490
-8.459815
-7.409885
-4.597578
-4.200384
-7.747770
-4.959572
-5.452899
-6.350319
-3.176354
-7.182711
-3.206102
-3.698732
-8.275775
-6.459743
-7.988823
-6.838968
-3.829556
-3.953028
-5.553946
-5.851483
-11.422625
-10.121089
-7.745962
-5.531991
-6.532319
-3.547460
-9.039408
-8.197558
-8.862593
-6.068597
-4.355418
-3.783365
-9.565784
-4.429256
-1.497497
-5.806424
-9.280879
-5.033748
-6.748194
-8.474643
-4.890761
-8.851262
-5.364676
-6.127520
-3.681050
-4.314839
-7.122632
-4.412294
-2.649964
-5.678373
-6.896609
-6.343788
-6.835178
-6.545774
-5.483202
-5.278143
-7.116553
-5.999856
-9.007912
-6.419369
-10.437231
-3.727755
-8.194015
-4.951203
-5.156629
-4.726110
-7.450275
-5.144628
-7.770534
-7.052860
-6.488524
-10.744502
-5.655776
-6.581515
-5.814074
-10.035005
-5.881507
-7.223413
-6.188087
-6.268614
-4.100350
-5.124085
-3.294056
-7.283864
-5.557992
-8.255728
-5.202199
-6.508321
-4.390295
-3.360191
-6.589065
-4.683593
-7.267505
-9.453749
-5.450236
-6.039151
-4.709632
-7.571645
-7.533029
-5.672625
-9.289609
-7.760460
-7.476110
-6.985929
-5.232626
-7.541113
-5.168674
-8.907003
-3.954499
-6.461898
-5.784134
-6.467883
-6.404031
-8.773561
-3.605067
-4.683232
-6.391973
-8.248226
-5.744247
-10.082197
-4.772335
-6.589025
-3.084608
-6.956903
-8.737329
-8.585339
-6.846719
-9.133104
-2.947352
-5.293606
-3.332896
-6.952780
-4.569567
-2.998296
-2.754994
-5.785521
-8.235158
-6.367479
-7.227786
-7.671813
-7.136464
-6.741255
-12.027777
-5.747022
-5.945963
-7.994125
-3.743006
-6.237401
-10.593349
-9.324392
-7.806842
-5.458420
-9.519718
-3.893512
-7.004990
-5.023144
-5.561023
-6.036262
-8.684434
-7.652943
-2.916606
-4.718976
-5.414062
-6.356657
-5.934666
-5.746155
-5.843901
-4.549459
-4.863710
-6.625372
-7.724793
-9.007503
-5.393958
-6.267215
-7.310230
-7.246701
-5.590003
-6.077302
-4.321811
-7.320905
-7.084067
-8.340710
-8.340655
-6.617024
-6.276852
-8.549919
-4.356544
-5.899436
-7.802005
-6.187523
-5.015735
-6.346159
-6.236230
-6.436701
-4.295280
-4.424869
-4.877992
-6.593024
-3.741806
-4.057960
-3.965816
-7.527700
-4.658234
-5.081039
-6.368342
-6.015281
-5.984265
-3.902135
-2.572695
-4.920621
-6.287622
-3.262859
-6.865266
-4.357644
-6.282619
-8.154891
-5.585274
-4.848537
-9.523576
-9.209095
-6.258313
-8.333980
-5.411535
-6.421506
-7.476538
-5.358746
-6.876608
-5.991374
-4.950783
-4.581909
-6.872041
-5.529126
-6.471417
-8.393318
-5.870726
-4.405977
-8.412306
-5.394224
-8.507831
-8.791763
-6.503622
-6.140464
-6.557752
-6.666130
-6.495785
-9.125925
-6.291523
-9.045498
-7.038958
-5.153526
-5.878831
-5.213594
-9.279937
-10.346086
-4.798746
-6.389099
-9.100364
-4.698397
-7.430018
-4.009637
-6.857988
-6.734627
-7.483940
-1.751921
-4.266800
-1.377246
-7.452375
-6.342344
-8.994711
-7.618797
-4.603137
-7.086915
-7.586971
-8.291833
-5.810049
-4.703188
-5.716946
-7.103155
-6.789876
-5.572505
-6.461705
-6.156779
-5.211023
-7.017196
-7.386944
-9.149678
-10.132902
-9.113256
-6.659640
-7.993562
-8.636785
-4.866883
-5.603211
-7.595902
-6.156748
-7.220442
-6.643223
-8.101574
-8.291886
-4.454695
-5.021676
-5.398324
-5.907672
-7.175661
-10.901506
-7.757213
-4.446516
-6.979286
-6.636839
-10.366535
-7.067344
-7.010462
-2.523083
-7.341254
-5.660035
-5.173881
-7.214579
-4.425567
-6.783713
-5.742797
-2.563392
-5.979444
-5.140028
-7.937597
-7.485292
-7.062517
-6.793909
-7.523098
-4.521363
-7.091151
-4.389146
-8.133533
-8.671268
-8.053332
-6.037827
-7.315568
-5.191751
-5.700021
-6.616670
-5.008509
-1.368206
-5.314460
-6.737449
-9.250900
-10.069395
-8.639501
-6.310804
-6.712699
-4.717210
-5.188260
-5.496006
-4.703994
-4.810338
-5.061923
-6.849080
-7.440794
-7.312571
-4.690532
-4.895584
-5.915884
-5.202143
-0.929122
-3.961594
-5.270504
-7.917707
-7.588656
-5.505642
-6.104272
-4.718062
-3.354511
-8.532739
-8.742074
-7.875536
-4.183092
-6.962863
-2.180731
-3.734716
-5.550471
-2.099677
-5.059404
-8.692988
-7.404988
-7.001271
-6.543546
-6.357251
-7.215777
-8.781565
-11.041093
-4.386411
-7.403808
-9.178563
-9.853993
-5.579667
-3.908022
-10.310980
-8.438491
-7.324358
-5.707154
-4.444502
-9.014201
-10.916687
-6.788635
-9.783444
-7.706194
-8.645535
-3.611066
-6.726235
-4.728800
-7.177442
-7.479913
-3.336507
-4.643483
-7.722645
-7.507860
-9.028835
-7.203907
-6.914880
-8.207020
-5.004581
-7.550407
-5.374496
-4.879312
-5.029781
-6.752290
-7.495650
-6.795280
-6.289646
-5.854311
-4.567689
-5.430053
-6.361717
-6.911511
-4.700704
-8.561002
-6.629987
-8.272547
-7.504491
-9.127222
-6.222114
-6.917648
-6.347026
-5.968077
-7.355507
-4.697400
-4.146194
-3.880584
-5.169848
-7.069252
-6.340601
-4.658711
-3.687931
-9.050259
-4.006347
-5.056239
-6.071234
-5.904612
-7.502773
-3.930292
-7.051707
-6.502434
-5.734112
-7.189955
-6.423921
-5.599280
-3.532290
-5.143308
-8.727111
-6.501254
-7.744520
-7.735293
-5.428784
-7.283103
-6.224341
-7.697449
-6.583224
-6.620552
-8.690646
-4.631266
-9.551241
-8.280157
-8.657515
-7.442187
-5.229496
-6.432206
-5.213824
-5.920490
-4.972278
-5.028943
-3.704453
-7.005220
-6.860011
-6.600685
-6.145058
-5.503268
-4.391844
-7.642797
-9.495537
-9.859126
-5.198158
-4.690564
-4.856740
-7.453628
-7.357149
-5.626435
-11.846906
-4.658402
-5.203695
-6.889101
-5.875124
-4.744953
-5.589954
-5.522801
-9.892226
-7.538031
-6.353652
-5.768092
-5.944732
-5.215622
-10.813977
-9.380989
-9.973323
-5.972004
-6.654887
-5.561877
-5.478514
-4.362139
-9.195551
-3.787586
-8.491184
-6.401879
-5.609805
-5.021738
-8.459768
-4.101094
-4.872964
-7.553697
-7.794751
-5.751414
-5.985572
-6.178299
-2.680796
-3.145028
-3.212772
-6.718159
-4.791877
-9.053936
-7.368275
-4.900379
-4.621159
-7.762134
-5.831846
-5.918345
-7.634513
-8.073492
-5.197846
-7.197475
-4.954439
-6.746786
-4.689611
-5.917403
-7.202237
-6.259142
-6.979603
-5.330449
-7.717822
-7.603188
-6.463785
-6.111886
-8.211757
-8.726024
-6.012903
-5.686935
-7.072390
-5.785674
-2.048374
-6.666930
-10.938054
-6.334566
-4.432252
-5.389541
-6.148787
-8.258032
-4.739106
-7.517590
-5.814026
-3.191704
-8.764552
-7.493114
-3.974361
-6.916142
-11.027635
-7.432428
-8.458862
-6.922735
-4.479849
-8.141282
-6.555692
-5.973461
-7.603021
-6.830126
-6.134299
-5.584027
-5.588264
-7.147434
-4.075728
-5.649515
-10.082438
-9.364168
-3.176262
-5.262070
-6.668920
-7.411067
-11.006000
-5.847716
-7.668899
-6.340830
-4.563797
-5.061571
-7.109799
-3.990596
-7.203055
-6.627665
-6.928062
-5.658417
-8.716904
-5.462308
-6.448839
-2.980412
-6.309296
-5.451126
-8.311587
-7.005346
-4.264973
-5.279292
-2.853331
-5.714497
-6.211806
-9.365126
-8.371558
-5.176448
-9.032856
-8.300033
-5.604522
-4.173813
-4.519375
-9.276876
-7.753361
-5.725953
-6.969470
-4.285671
-3.860653
-10.464534
-4.904523
-5.104039
-4.802898
-5.831215
-6.765818
-5.606853
-6.430398
-4.591592
-3.689301
-4.707543
-2.946057
-5.792847
-7.535368
-5.355400
-6.387143
-6.906067
-8.387841
-7.355124
-8.067227
-7.622575
-4.310024
-7.025396
-4.021912
-7.524413
-6.375312
-10.312078
-10.323459
-8.553116
-7.960364
-7.092043
-7.065857
-6.387439
-8.513455
-7.498531
-3.323518
-8.656222
-5.546985
-3.502963
-5.865736
-5.878162
-4.413527
-8.635918
-4.429987
-6.591637
-8.831305
-2.560886
-4.729066
-4.395473
-5.111204
-7.177321
-3.311217
-5.035428
-6.514951
-7.157697
-8.496965
-7.562056
-6.309310
-3.565170
-2.834452
-4.987077
-6.295446
-4.727381
-5.992705
-4.917607
-7.306148
-7.069118
-6.050764
-4.599121
-9.419856
-5.712582
-9.254983
-3.722505
-5.549454
-8.358976
-6.250491
-5.922662
-6.876610
-7.875286
-7.300103
-5.709863
-3.731973
-8.890066
-7.430229
-8.278681
-6.008131
-8.945024
-4.524170
-7.917029
-5.652421
-8.619816
-4.599886
-7.373996
-9.344834
-5.120967
-8.001335
-6.369628
-3.070327
-6.399043
-7.085722
-7.922728
-5.380358
-11.105759
-4.196196
-9.495918
-6.921529
-8.503531
-4.116309
-7.810395
-7.420534
-5.595759
-5.177454
-8.703632
-6.187997
-8.029620
-7.561127
-9.994074
-6.336153
-4.751179
-6.313478
-3.902140
-8.028664
-2.136678
-7.916449
-7.450730
-8.008887
-8.929304
-2.884904
-3.110729
-7.355082
-5.109014
-7.006413
-5.577811
-7.059677
-8.806016
-8.869418
-5.277157
-6.756577
-6.300168
-4.818087
-7.107838
-6.679078
-6.563428
-6.417192
-10.508703
-5.556240
-8.716437
-8.739657
-6.974540
-6.963976
-2.416033
-4.552361
-7.754026
-5.452467
-4.281157
-7.254484
-3.483535
-5.693811
-6.870350
-4.427979
-5.943529
-3.172653
-6.041687
-7.053405
-1.562335
-7.600141
-2.515771
-6.379075
-6.381332
-6.691322
-6.403060
-4.287251
-9.430982
-7.116838
-6.233442
-5.581972
-6.592537
-5.963874
-6.903896
-6.058132
-4.518248
-6.127126
-6.315959
-8.280643
-6.085295
-8.529910
-7.219321
-3.803522
-5.951795
-8.966075
-6.966540
-6.919050
-8.894908
-8.433004
-9.688378
-4.363623
-7.389465
-3.945659
-4.931468
-4.817126
-5.685241
-6.456890
-9.135040
-4.468637
-7.378684
-6.256310
-6.365345
-8.606904
-6.028246
-4.633156
-6.650215
-8.913495
-5.990066
-4.375454
-9.143810
-5.800818
-6.811622
-5.934465
-5.055144
-4.657251
-4.366771
-6.397642
-6.966274
-5.858881
-7.434620
-7.311966
-7.365215
-7.389489
-4.133466
-6.133782
-2.579441
-6.152771
-6.504097
-8.981133
-3.814230
-4.679203
-9.758570
-5.662803
-7.748860
-5.434760
-11.028593
-8.088608
-7.601842
-7.143209
-8.531771
-7.915280
-4.547292
-6.250086
-6.145662
-7.499314
-6.117475
-5.102492
-8.057775
-7.291594
-8.061063
-8.823390
-8.239778
-6.348936
-7.667262
-4.440822
-6.061314
-6.189037
-7.183485
-8.715355
-3.991137
-5.921443
-7.879010
-7.257722
-6.586868
-2.002610
-9.064265
-6.911668
-4.364913
-4.476637
-5.568419
