8
1 500 1000 200 42 777 13 99
-9.989401
-1.754602
-4.090350
-13.119539
-13.119539
-12.314139
-12.855433
0.721345
-9.999792
-4.923555
-9.238457
-10.935242
1.655286
-5.482012
-0.318363
-12.940583
-9.090989
-7.687781
-8.606205
-11.881448
-13.160445
-10.161592
-13.654454
-12.391493
-10.605343
-12.264421
-4.040273
-8.901193
-14.419642
-9.178615
-7.646229
-5.419658
-12.527459
-9.557339
-7.326172
-8.075456
-7.722872
-6.527432
-8.308521
-4.592844
-10.663225
-9.412878
-8.006371
-8.851309
-7.114892
-8.179405
-9.894819
-9.213098
-5.240670
-11.697062
-8.878467
-8.669043
-7.005578
-8.198182
-11.709925
-9.883626
-8.855810
-9.246084
-5.278692
-12.865277
-7.646229
-7.096231
-12.314139
-12.469600
-13.119539
-3.908621
-5.344588
-8.949326
-3.895756
-5.349506
-5.645210
-5.294253
-7.237533
-4.747811
-8.469489
-5.350867
-5.183621
-6.558194
-6.911637
-3.127231
-8.590522
-9.916140
-5.342333
-3.542804
-6.335050
-7.900497
-6.531411
-8.040116
-9.394047
-1.915853
-4.189704
-12.314139
-10.192244
-14.419642
-11.242086
-12.825870
-7.646229
-12.527459
-13.023194
-7.646229
-10.913598
-11.219558
-12.309356
-12.314139
-15.550920
-14.419642
-7.646229
-8.358793
-14.419642
-11.242086
-13.307178
-12.314139
-12.115004
-12.527459
-12.314139
-12.527459
-12.527459
-11.619393
-14.104292
-11.199861
-15.095573
-14.419642
-10.425456
-9.981355
-10.580169
-12.314139
-11.035432
-11.779345
-10.593030
-9.441456
-12.361253
-12.314139
-11.242086
-13.546846
-9.655833
-14.419642
-12.314139
-13.131639
-14.419642
-14.419642
-12.314139
-8.841685
-9.218338
-12.527459
-12.314139
-12.272965
-12.314139
-12.527459
-14.419642
-7.646229
-14.419642
-13.119539
-13.352637
-14.419642
-10.371597
-7.646229
-7.646229
-7.646229
-10.913598
-10.404140
-14.419642
-7.646229
-11.035432
-12.314139
-12.314139
-7.646229
-7.646229
-7.646229
-14.419642
-14.419642
-14.419642
-12.314139
-11.658023
-12.314139
-13.352637
-14.419642
-12.309356
-14.419642
-7.646229
-7.646229
-12.527459
-11.242086
-14.419642
-12.309356
-12.309315
-10.913598
-14.419642
-12.314139
-12.361253
-12.527459
-12.527459
-14.419642
-12.314139
-11.242086
-14.419642
-12.527459
-11.035432
-12.527459
-12.314139
-7.979422
-12.527459
-7.646229
-11.242086
-14.419642
-14.419642
-12.527459
-14.419642
-7.646229
-14.969460
-12.865277
-12.309356
-12.314139
-12.314139
-12.314139
-12.527459
-7.646229
-7.646229
-12.527459
-12.527459
-12.527459
-7.646229
-0.202192
-15.864537
-11.039946
-12.468835
-12.527459
-10.557589
-12.314139
-12.314139
-13.806065
-12.685284
-14.419642
-12.314139
-12.314139
-9.193411
-14.419642
-12.527459
-13.119539
-10.800907
-12.314139
-11.242086
-12.314139
-13.718713
-13.119539
-12.258215
-10.080580
-13.119539
-8.134022
-9.216146
-14.419642
-14.419642
-14.419642
-10.571894
-12.441162
-14.419642
-11.242086
-11.545537
-6.382206
-7.027857
-4.196142
-4.604951
-9.561928
-4.258512
-7.102579
-3.867053
-5.964006
-7.214531
-4.099805
-6.977946
-7.265770
-7.578599
-6.252987
-4.448208
-7.844865
-4.780708
-2.353142
-8.806160
-3.678343
-3.672934
-6.220085
-9.238309
-6.903684
-5.861863
-8.781052
-2.315576
-0.417839
-12.498995
-6.456708
-11.147976
-7.219299
-7.551596
-4.654335
-9.565788
-6.612336
-11.041991
-5.559277
-5.899293
-3.981299
-7.752880
-7.690771
-5.143313
-2.664468
-1.363233
-5.737174
-2.988451
-8.843748
-6.060676
-5.058111
-5.107224
-5.960944
-5.325838
-8.316666
-4.556533
-7.673954
-9.961700
-7.606968
-2.589185
-5.230818
-7.277030
-5.271855
-3.523427
-3.681082
-4.093323
-4.096059
-9.441686
-6.109752
-10.528322
-6.775303
-5.429081
-10.655830
-12.543030
-13.114255
-7.380215
-6.667140
-5.940904
-5.057956
-5.457991
-10.290092
-7.926312
-6.953946
-7.189089
-4.304726
-8.291162
-7.779314
-9.878267
-5.465178
-8.130274
-5.115771
-11.053941
-3.326912
-7.320919
-6.361265
-4.660064
-5.708218
-7.017035
-10.573907
-9.715549
-4.806921
-13.648690
-7.646229
-12.314139
-12.309356
-14.419642
-12.314139
-6.730358
-2.001039
-10.955468
-13.125216
-6.933848
-9.269979
-5.700035
-7.096533
-8.017972
-6.320792
-8.922378
-6.697713
-6.112942
-6.224588
-8.637704
-14.419642
-6.919588
-6.552354
-8.868118
-5.959664
-6.314876
-3.860433
0.779200
-6.580166
-4.986751
-6.329297
-6.419154
-5.400598
-7.029530
-6.294492
-8.083203
-6.560286
-6.244688
-4.359152
-6.960603
-6.026873
-5.954052
-4.632926
-10.524228
-3.710195
-4.666021
-4.461380
-7.614414
-6.427233
-9.209840
-8.022479
-6.866842
-6.311932
-3.518302
-5.547626
-11.173120
-7.518981
-5.892136
-8.679053
-3.865048
-3.412061
-3.458139
-5.978789
-8.179926
-7.124994
-9.700022
-8.465164
-5.894714
-5.793106
-5.173172
-8.906940
-10.815660
-6.997844
-7.648913
-2.231489
-6.303211
-9.018472
-6.261387
-4.735236
-12.628492
-10.020018
-5.504319
-9.579327
-8.702418
-5.638328
-11.218432
-10.574774
-7.551868
-2.226274
-6.599789
-7.647996
-11.329103
-11.719742
-6.256523
-9.059723
-5.685452
-8.288686
-5.685983
-6.325387
-7.848861
-8.950247
-5.636206
-6.070952
-9.797583
-8.009798
-1.592270
-6.823964
-6.250522
-7.604901
-4.979274
-9.282595
-4.829620
-8.136954
-6.569291
-7.899855
-0.091167
-4.764276
-9.546537
-4.576418
-6.801779
-4.319700
-7.091671
-10.508171
-6.873045
-10.188712
-9.896296
-4.078257
-6.107108
-8.263208
-6.939003
-12.918383
-9.500266
-7.831845
-5.497379
-2.636916
-7.026726
-5.827647
-3.958204
-8.259206
-11.777771
-7.491762
-9.864758
-2.278861
-2.443846
-9.415058
-5.740592
-10.110363
-11.019703
-6.498369
-5.528925
-5.445932
-7.299411
-7.465340
-7.587984
-2.804772
-9.894146
-0.120464
-14.080979
-10.671064
-7.419171
-8.722415
-5.736349
-8.313414
-10.926444
-8.425914
-7.110850
-5.208284
-9.031083
-9.069010
-11.143431
-8.490263
-5.159325
-4.543427
-3.409436
-6.777940
-6.751712
-8.288775
-7.902236
-8.323119
-4.163492
-5.757904
-4.855276
-8.748234
-3.974813
-12.314139
-8.976613
-4.454684
-10.474966
-7.485375
-5.374002
-10.416336
-6.561904
-5.647577
-9.170727
-7.963675
-6.700314
-9.038284
-7.806918
-2.257001
-7.865832
-7.766610
-2.054676
-6.151524
-8.606501
-3.414000
-7.095302
-4.795649
-6.370258
-10.543259
-6.719933
-5.027635
-7.943731
-9.038565
-10.098087
-6.259260
-4.805506
-7.859105
-10.972093
-4.765713
-3.501195
-7.584734
-6.751229
-8.169104
-7.646229
-7.911446
-3.767447
-5.564077
-8.728013
-8.323178
-6.105704
-5.282023
-8.126590
-5.555063
-13.639121
-4.722533
-5.943159
-5.909936
-1.638713
-7.447583
-4.277375
-7.455730
-13.201754
-8.083271
-8.360386
-7.526761
-10.186324
-8.343872
-7.449082
-9.204568
-7.317721
-9.595713
-6.892150
-7.386724
-5.517437
-9.516240
-6.095907
-10.323999
-5.734436
-10.633352
-3.343469
-8.569344
-9.290676
-5.509654
-6.945380
-12.223018
-2.050435
-8.887267
-7.282240
-11.027029
-4.918507
-4.369771
-7.195045
-5.435249
-2.796681
-5.396506
-7.391909
-8.859600
-9.166519
-8.724007
-10.055527
-3.919723
-7.432526
-0.847670
-4.270707
-2.666660
-9.284996
-9.095365
-7.516756
-7.111112
-6.967991
-3.953735
-11.850618
-7.977331
-7.422869
-4.930620
-8.552763
-7.976633
-4.908190
-6.339073
-8.903032
-8.651730
-4.033911
-1.836875
-8.743438
-8.215467
-7.050725
-9.418290
-8.703938
-4.318019
-12.144533
-7.483569
-7.326714
-10.969177
-12.714966
-10.559675
-8.418643
-10.662120
-10.899428
-8.876734
-9.686253
-6.325082
-3.505562
-6.955969
-7.822659
-8.440825
-9.300406
-11.145801
-6.795876
-7.556708
-2.283196
-6.386127
-9.326679
-10.507055
-8.551122
-4.925532
-9.043770
-6.636539
-7.800120
-8.931166
-13.213509
-12.314139
-9.588896
-9.197082
-8.054667
-7.108461
-6.022924
-4.203217
-8.982172
-7.576668
-7.362616
-6.627895
-8.968014
-6.866779
-10.166685
-6.495375
-3.438529
-11.566148
-9.252764
-8.375408
-10.162004
-6.944231
-8.616072
-7.262812
-10.972073
-14.419642
-11.257069
-10.301832
-7.504423
-10.619280
-5.130205
-10.379404
-10.123865
-3.501768
-11.840158
-7.409595
-8.367870
-7.595358
-7.958256
-4.898092
-4.512758
-10.487011
-12.504232
-8.740763
-8.441532
-9.827167
-1.635046
-7.777194
-4.150084
-9.320550
-9.792966
-6.730933
-6.618036
-4.600925
-6.020836
-6.234596
-5.446096
-5.981498
-7.754889
-4.495403
-7.058250
-7.721751
-8.429782
-7.364801
-11.661788
-6.092440
-9.812201
-4.693594
-5.014566
-8.184290
-5.943544
-5.270449
-5.280752
-6.379930
-8.187706
-7.690792
-8.088730
-3.937399
-12.032948
-12.727318
-4.966322
-2.434642
-4.858414
-6.086353
-11.548100
-11.866400
-0.122753
-4.368813
-13.351619
-9.079475
-8.589552
-5.077520
-4.341219
-6.493484
-9.687250
-5.353727
-8.982752
-7.921400
-10.370288
-8.656545
-10.845035
-9.689272
-10.499027
-7.292424
-7.702796
-6.340170
-6.951909
-5.857872
-8.015327
-11.580554
-9.968593
-4.890984
-5.150162
-10.495789
-3.746349
-6.546589
-4.691355
-10.727098
-9.379004
-8.560199
-9.413363
-6.227524
-8.647680
-3.643214
-6.710016
-11.346685
-7.576292
-7.487358
-7.662891
-5.023212
-3.375413
-11.442257
-7.457466
-8.820533
-4.986590
-15.091843
-6.791890
-6.602193
-7.799625
-11.438842
-7.801520
-10.318095
-6.087646
-8.126995
-7.577893
-5.647793
-1.496611
-7.555817
-8.499574
-9.327759
-9.505282
-8.924999
-5.990800
-7.163730
-4.692892
-5.897521
-10.285385
-9.132489
-3.524698
-8.046429
-7.234326
-5.289260
-6.110466
-6.446712
-7.864845
-5.250871
-4.811365
-9.587399
-11.820280
-7.739733
-9.972122
-7.089386
-10.690732
-8.837914
-4.406520
-7.323882
-5.311032
-9.464484
-7.662393
-5.855813
-9.147277
-8.414931
-6.861775
-6.826509
-9.866427
-8.465075
-7.646229
-7.976355
-10.354836
-9.614772
-1.576311
-10.034674
-5.249086
-9.231291
-7.927696
-5.897461
-3.195166
-8.192193
-3.408550
-11.062798
-5.207605
-9.132616
-2.555565
-7.699121
-7.857184
-9.078760
-7.507243
-11.369133
-4.459304
-8.882283
-6.246917
-4.346485
-6.105477
-10.835180
-1.182555
-6.323762
-8.825787
-5.917726
-12.431753
-8.388661
-2.968904
-6.387559
-7.095645
-10.030293
-12.527459
-8.653897
-9.366554
-6.111633
-5.336874
-10.830383
-3.192526
-10.190649
-7.917027
-12.314139
-7.975286
-9.847888
-5.136738
-3.501686
-5.113531
-8.028470
-9.488842
-11.962461
-8.519251
-8.795535
-5.096045
-5.525282
-6.434288
-2.567909
-5.179305
-7.390020
-7.201030
-7.422166
-5.806767
-6.675091
-15.853727
-10.143817
-4.686716
-6.343421
-10.686494
-2.503631
-9.693303
-7.707984
-8.631866
-7.711521
-9.384114
-7.075144
-2.918270
-9.825919
-7.355340
-6.943451
-4.325497
-10.136172
-8.654808
-8.984813
-10.744276
-7.323685
-10.509162
-7.632474
-5.742362
-6.718834
-5.672218
-5.337816
-8.651382
-11.889214
-7.468721
-7.343016
-8.630856
-4.815684
-6.827267
-7.949967
-9.610982
-7.939127
-10.299536
-7.402923
-4.238745
-8.600116
-12.053984
-10.010554
-9.858078
-7.005501
-7.818483
-4.288810
-9.336125
-3.753506
-6.227511
-9.584858
-4.481113
-11.093716
-5.221091
-6.042241
-5.751803
-1.519703
-10.746527
-11.467838
-9.854172
-8.060072
-7.126809
-6.494761
-9.361803
-4.054356
-10.838356
-10.048858
-11.819903
-8.417002
-7.950964
-9.775198
-8.230933
-7.542004
-5.307202
-6.365640
-7.600495
-7.441414
-5.922611
-7.926679
-6.264667
-8.661242
-12.527459
-6.393678
-7.332352
-8.728585
-7.802532
-10.198212
-8.124640
-12.011178
-9.856326
-4.900773
-9.748654
-7.123897
-11.907293
-4.365471
-5.258156
-10.116056
-9.926599
-8.440049
-8.444184
-13.001144
-9.527559
-13.593575
-8.505470
-8.920007
-5.525609
-7.844344
-9.353961
-12.314139
-7.206514
-8.470579
-6.898915
-10.169497
-8.285513
-11.003254
-8.768825
-10.919671
-8.644064
-7.769183
-9.858438
-7.150367
-3.646326
-7.797500
-4.846192
-4.911453
-5.289799
-9.304121
-14.969460
-4.920356
-9.353521
-6.463908
-6.599264
-6.420964
-8.517855
-5.283344
-8.037922
-7.561825
-6.249370
-8.121511
-5.474371
-5.028417
-8.077828
-9.274343
-6.445292
-9.488086
-10.586153
-14.419642
-11.557651
-6.691200
-10.104414
-10.735240
-8.519691
-9.754529
-8.584684
-7.798778
-6.428542
-2.902295
-6.426897
-8.112228
-8.953623
-7.928165
-9.606584
-7.841055
-8.796388
-4.293187
-8.877399
-8.094710
-9.220592
-9.669785
-8.312407
-8.145171
-10.578629
-6.033405
-7.528232
-7.275023
-11.661377
-10.153769
-4.621125
-4.996635
-7.275696
-7.437238
-9.339843
-6.214601
-8.321586
-5.807149
-5.592173
-10.013585
-3.816294
-10.343703
-8.501785
-9.521350
-8.859577
-7.016757
-10.371597
-13.119539
-7.973715
-13.554332
-6.433529
-9.628912
-7.747285
-11.162739
-13.579536
-5.200077
-5.920616
-7.865458
-9.289357
-11.221909
-6.217548
-10.222429
-7.711494
-10.361763
-9.189713
-5.735078
-5.573931
-7.909934
-5.827921
-10.003672
-11.568958
-7.199722
-11.059834
-7.422167
-9.543487
-5.848881
-2.419466
-9.076716
-9.382245
-3.853659
-8.712722
-5.414456
-12.989279
-5.135570
-6.878956
-4.066769
-9.649230
-5.582395
-6.311559
-10.453852
-10.151230
-8.119878
-9.137300
-8.757571
-4.338930
-8.093563
-5.217711
-8.095072
-3.884148
-11.206495
-9.202668
-11.617594
-9.857768
-8.515360
-6.581697
-8.158932
-6.844790
-6.639397
-8.898860
-7.708140
-7.487683
-9.225440
-9.249828
-8.211501
-9.553832
-9.232673
-9.216158
-12.729276
-8.569734
-9.344030
-7.125701
-5.743176
-9.111074
-11.038989
-5.333464
-5.192981
-12.123186
-10.752814
-10.913598
-10.375118
-6.317863
-9.285864
-5.527143
-9.189127
-5.427445
-9.283805
-6.364233
-10.913598
-5.868557
-8.957472
-8.343373
-10.406254
-5.435218
-3.966563
-10.579659
-7.135651
-6.976444
-9.467849
-4.316319
-11.409934
-4.338020
-13.119539
-6.384624
-7.063276
-5.222696
-9.091566
-7.553884
-9.079853
-8.899915
-5.493746
-12.178537
-8.965732
-6.482370
-8.178638
-6.409381
-7.213243
-6.532705
-5.553329
-7.659279
-9.973384
-10.268635
-5.052600
-7.924160
-6.036942
-8.295359
-9.337002
-4.673062
-10.116890
-9.580170
-8.699554
-5.281814
-7.560429
-13.039411
-10.412112
-8.162399
-11.682335
-13.790863
-8.988571
-9.676243
-7.001171
-9.902650
-8.269159
-8.565078
-5.629111
-8.708034
-10.097506
-7.150043
-8.913702
-11.017498
-11.526124
-6.199808
-4.872866
-13.123502
-6.273261
-9.378698
-4.491819
-9.947793
-6.287376
-10.011564
-4.728718
-10.049285
-5.163521
-9.100885
-11.482241
-16.287943
-6.478749
-4.329464
-10.291874
-3.794813
-6.962134
-8.546213
-7.550455
-5.922114
-8.306672
-4.089223
-9.311740
-10.522337
-8.526237
-8.567940
-7.652773
-8.908643
-6.695483
-8.674362
-9.664226
-12.314139
-6.502201
-7.356335
-7.276647
-11.242086
-8.598241
-9.768043
-6.786831
-6.154114
-10.439487
-9.459287
-8.119179
-10.572186
-11.118268
-7.790062
-8.563745
-7.151413
-4.724727
-2.787488
-7.872657
-9.629870
-8.000093
-9.503884
-11.048015
-9.597339
-7.769860
-7.680639
-11.846971
-5.823060
-10.915556
-5.451699
-9.205422
-8.259888
-3.782036
-5.553938
-6.664342
-8.808519
-11.474425
-8.689999
-8.380121
-4.645730
-7.796834
-12.527459
-7.783471
-5.850079
-10.073124
-11.198510
-9.244835
-6.933870
-3.934876
-6.047762
-6.433362
-9.331824
-10.637233
-13.569862
-12.247796
-8.546227
-11.134188
-13.330212
-11.394381
-4.860499
-4.166394
-4.929218
-9.171173
-6.924577
-15.021310
-3.654760
-9.437532
-10.425838
-10.254171
-9.062222
-7.861376
-5.788751
-13.758209
-8.284495
-6.594026
-11.315733
-9.009801
-10.270363
-7.169834
-8.248887
-10.016997
-4.450518
-7.444904
-7.759474
-5.502172
-12.009967
-8.487038
-8.115170
-0.397249
-9.093948
-4.683833
-11.866426
-5.698475
-9.809287
-6.142002
-10.343305
-9.704976
-5.769768
-5.751379
-6.045219
-7.799867
-7.326878
-9.893199
-4.142663
-11.299377
-8.298783
-5.421335
-4.210582
-9.200769
-11.117290
-10.437525
-12.363210
-11.871972
-4.878179
-9.194088
-8.599361
-4.618245
-9.476001
-10.631269
-8.423248
-3.961166
-10.243355
-6.457327
-7.627315
-12.314139
-7.482854
-4.803349
-6.329584
-10.207669
-9.158463
-4.290360
-8.426884
-6.718885
-7.961830
-9.711487
-10.760273
-3.448877
-7.763597
-10.091577
-7.240339
-4.936628
-12.314139
-10.779400
-2.790740
-11.239086
-7.778790
-4.990652
-9.449186
-9.620515
-10.617570
-9.151565
-8.878541
-4.831734
-8.216469
-8.599851
-10.680466
-12.588264
-5.945807
-9.001819
-9.427844
-11.137856
-5.317544
-5.883608
-8.203381
-9.074922
-5.686582
-9.463388
-6.526524
-5.792063
-8.459651
-10.453761
-8.224334
-8.889754
-7.345507
-9.028289
-7.983032
-6.822370
-5.473950
-7.773920
-4.380040
-4.890782
-3.477155
-7.374363
-6.094407
-7.692713
-8.579907
-6.637254
-8.057213
-9.220342
-10.346457
-7.488284
-7.166893
-10.468955
-7.180860
-8.505096
-8.586942
-5.573139
-5.245931
-7.986062
-6.079233
-6.568853
-4.510495
-11.039240
-9.526113
-4.735460
-8.531856
-5.955575
-9.324980
-8.565871
-9.380735
-6.505284
-9.941894
-2.332162
-8.934709
-6.853203
-9.595048
-14.405832
-10.115539
-5.969935
-9.463251
-7.826231
-7.830691
-9.732326
-11.696981
-4.193833
-7.740141
-5.978473
-6.241817
-9.023798
-5.824419
-5.381860
-9.706673
-7.771304
-9.951774
-8.737129
-10.164625
-10.385610
-7.417007
-9.959614
-5.892795
-13.479438
-3.005486
-5.055407
-7.970478
-8.453782
-8.288692
-5.275056
-4.359131
-8.645710
-11.533154
-11.513326
-12.228430
-10.535891
-4.958754
-7.431777
-10.836813
-10.231354
-5.568506
-9.678644
-4.283808
-10.334949
-9.932775
-6.841019
-8.261971
-9.993136
-4.619817
-11.505679
-7.773489
-7.470984
-8.475243
-8.525419
-11.795430
-6.534823
-5.128852
-9.081632
-4.033649
-9.193684
-12.626369
-8.149607
-8.139194
-7.218923
-8.352793
-2.155822
1.358384
-8.932277
-9.545717
-7.435627
-14.037024
-7.545172
-10.064021
-10.753752
-12.314139
-6.577453
-7.611724
-7.347092
-10.433052
-2.948724
-11.150964
-9.027268
-7.446404
-12.692570
-6.060938
-7.975853
-10.449030
-3.635191
-8.920301
-10.920810
-9.235932
-13.009523
-7.209372
-6.910184
-9.859155
-11.029505
-8.646971
-11.827001
-7.685912
-5.363660
-13.030319
-7.279053
-8.311691
-8.102423
-6.924468
-2.073840
-8.833725
-7.397964
-9.352475
-8.009171
-10.216569
-9.949213
-3.235597
-4.737218
-12.314139
-3.922264
-9.961290
-9.401537
-9.504397
-8.480806
-10.671940
-7.752943
-4.826097
-9.064983
-7.629830
-7.106917
-9.794028
-11.695512
-5.833045
-8.894029
-6.861862
-7.533485
-6.425741
-5.575540
-13.650861
-7.706503
-7.592040
-9.587702
-10.574636
-12.314139
-7.140234
-9.022444
-10.128052
-4.689018
-7.182952
-10.523531
-7.130148
-13.451847
-11.103445
-8.900211
-12.563959
-11.580071
-4.368678
-5.475650
-7.856681
-12.148240
-9.730376
-12.848180
-7.101315
-15.291246
-2.893156
-9.443780
-11.220849
-4.824403
-9.927287
-9.831211
-7.337465
-9.092311
-11.323182
-10.118861
-8.496767
-9.914865
-6.175986
-9.875487
-8.188981
-9.275316
-8.099018
-13.151525
-4.468981
-5.637007
-3.910995
-10.185514
-6.071914
-9.656911
-12.085171
-5.934332
-7.015712
-2.555323
-10.923177
-10.038211
-9.895451
-6.447711
-8.688457
-7.350059
-8.331552
-7.460644
-5.322566
-8.879075
-7.976788
-4.736827
-11.234855
-12.677700
-9.508154
-5.614116
-8.713285
-5.108443
-6.713463
-6.913327
-9.379743
-7.753543
-7.241869
-9.077188
-9.543782
-5.288067
-3.829515
-4.914934
-6.435533
-12.276503
-6.036308
-11.015389
-8.569827
-7.198522
-8.048284
-7.950613
-6.649497
-11.841720
-10.061855
-12.100067
-5.719889
-12.120212
-8.342810
-9.109752
-10.705360
-12.938738
-10.575676
-10.044294
-9.664062
-8.592595
-11.110260
-5.354596
-6.414402
-12.830197
-8.552060
-10.185340
-9.879203
-8.066091
-6.971292
-8.251131
-7.234383
-10.742530
-11.632879
-14.419642
-5.565392
-8.541576
-9.257256
-8.855648
-7.021813
-9.255847
-8.932620
-7.685047
-6.746390
-8.714603
-6.834891
-5.237853
-10.948993
-4.284121
-6.357488
-6.924601
-6.258711
-8.572044
-11.147571
-6.205551
-7.059205
-10.424118
-11.359258
-11.318637
-7.281067
-11.175182
-5.801178
-11.771262
-9.346013
-7.968012
-8.080112
-6.333562
-11.915195
-11.396094
-6.082688
-10.280315
-7.143027
-5.915410
-8.670448
-11.713461
-6.015616
-10.439743
-9.244850
-9.580482
-5.258098
-8.822437
-13.343341
-11.542113
-12.527459
-5.862242
-1.575914
-7.059149
-6.745105
-5.095949
-10.442630
-5.229938
-10.879328
-11.390114
-5.356425
-5.567204
-5.201034
-9.224487
-10.242688
-11.242086
-7.757343
-6.220469
-9.697905
-7.477946
-5.927825
-10.881076
-8.478169
-8.635321
-10.408781
-5.594988
-7.065310
-7.248180
-4.347890
-6.432699
-8.686017
-9.458791
-7.170230
-7.741409
-8.536194
-8.158036
-5.250937
-14.419642
-8.609107
-8.239019
-12.815943
-8.391140
-7.137471
-8.371162
-9.499241
-12.366268
-9.463964
-6.515707
-5.393693
-10.128324
-8.680639
-8.353676
-10.467869
-8.982615
-11.399041
-2.917448
-8.423334
-7.053215
-9.254655
-7.980836
-6.580969
-6.415303
-7.399517
-8.938938
-14.417339
-8.374313
-10.709365
-7.120820
-7.103791
-8.679520
-3.786352
-10.353746
-7.671241
-5.651433
-7.231874
-9.028595
-7.069028
-1.517383
-9.125681
-6.874481
-9.500148
-9.519366
-2.453334
-11.161350
-3.930297
-9.334991
-8.054127
-9.145027
-4.813244
-15.047602
-8.431254
-10.201817
-4.904498
-7.991838
-6.308327
-9.105455
-10.953195
-14.419642
-4.694488
-11.352365
-7.666533
-11.816424
-8.684710
-8.394153
-7.919000
-10.936641
-8.332901
-7.942067
-13.039419
-12.777801
-7.809134
-5.944832
-4.557862
-8.244187
-7.330803
-8.995260
-8.782104
-13.322995
-11.135835
-5.234460
-6.496770
-4.573166
-10.131566
-9.450635
-13.689083
-9.072461
-4.548479
-11.480818
-7.915745
-8.968496
-6.598134
-5.253224
-7.363932
-9.316648
-7.562391
-8.361391
-5.944940
-7.340462
-8.602984
-7.413408
-7.121881
-6.003833
-12.089304
-10.925213
-12.608710
-9.717840
-7.226165
-7.295170
-6.774846
-5.092489
-6.958585
-11.943685
-11.591774
-7.034619
-9.790519
-12.586057
-8.562437
-6.745233
-5.502438
-7.227352
-10.603127
-9.155794
-6.413911
-10.408433
-5.761641
-8.395354
-10.060658
-4.948143
-5.811639
-8.739918
-11.700743
-9.027575
-7.709226
-8.317459
-10.563006
-8.316729
-10.504252
-4.763737
-10.742204
-12.010842
-7.889761
-4.762457
-11.124972
-8.179680
-9.728791
-11.485645
-12.586161
-5.894683
-7.663373
-5.052435
-8.922874
-9.934669
-11.799237
-5.638116
-10.259050
-5.087548
-9.270503
-6.308589
-6.203181
-9.411322
-4.805052
-5.767290
-7.299953
-4.767484
-9.382628
-9.649508
-7.571148
-11.158128
-7.776154
-10.300728
-7.333408
-8.905001
-12.869974
-5.037234
-8.155030
-7.757473
-8.777993
-8.513026
-9.162896
-5.719909
-7.010545
-4.085146
-7.674022
-5.413560
-9.319836
-9.541677
-9.367278
-5.539335
-6.756531
-13.310150
-11.008345
-10.595721
-5.612947
-8.265199
-10.256807
-12.729350
-9.081784
-5.800317
-7.533792
-6.452715
-9.599687
-6.622515
-5.667423
-8.123328
-7.664155
-8.900358
-2.817680
-8.084882
-8.174454
-11.307068
-9.591962
-10.850121
-6.938048
-6.531989
-9.030471
-5.413834
-8.122894
-5.834138
-8.299985
-5.069918
-9.839365
-8.230230
-6.536574
-10.130139
-6.506258
-8.658920
-8.717455
-8.968661
-6.923393
-8.398750
-6.292056
-5.135945
-10.755634
-3.119864
-12.302361
-7.638188
-8.988411
-8.641458
-7.055505
-7.496336
-4.194272
-10.337006
-8.220268
-11.133820
-5.516907
-6.761460
-10.286882
-10.416317
-5.022031
-7.948556
-9.951465
-8.663499
-9.018908
-5.156688
-10.679935
-7.014242
-7.722915
-5.025295
-6.076788
-10.103550
-6.530665
-5.474557
-10.526837
-5.908692
-8.551765
-12.375373
-4.499181
-6.608046
-9.243612
-4.407003
-7.087462
-11.444022
-5.383911
-9.089334
-7.889157
-8.105245
-6.448974
-5.954560
-7.176537
-5.921084
-9.745768
-9.709293
-10.547656
-11.795715
-9.484095
-9.271196
-9.790470
-10.090806
-4.494606
-5.734669
-6.293238
-7.466428
-7.077549
-8.205446
-11.501491
-9.878323
-7.098290
-8.713853
-3.552804
-11.636089
-9.432728
-9.124497
-6.091353
-8.915204
-9.371727
-10.846328
-9.320724
-6.706866
-6.874483
-9.027756
-4.691131
-6.971066
-4.761955
-11.295249
-5.273867
-9.382638
-10.197601
-4.378014
-9.504880
-9.312511
-8.354970
-11.083261
-14.041449
-5.955997
-8.989613
-8.585198
-8.312445
-10.789709
-8.083443
-11.054688
-6.384250
-10.471848
-7.981365
-3.833280
-7.211489
-8.955282
-9.901181
-9.272774
-6.992784
-9.765996
-6.428364
-9.529240
-9.796716
-7.329598
-10.047710
-5.659003
-7.662518
-9.702868
-9.185616
-10.020847
-8.257911
-6.763570
-6.722863
-7.593346
-6.987343
-6.535255
-5.746164
-7.318466
-7.064825
-9.127794
-11.879504
-7.276649
-7.200712
-11.007884
-9.515622
-8.449471
-10.722177
-9.973154
-9.105729
-8.638062
-5.247748
-10.547363
-6.884824
-8.483462
-2.799171
-6.365204
-11.290784
-4.058919
-8.158110
-11.395606
-9.023545
-7.311728
-5.966691
-11.961812
-9.450690
-5.609480
-7.058784
-11.447623
-12.347345
-7.047755
-11.149168
-6.671099
-11.449216
-3.581656
-7.569771
-9.178903
-10.118893
-11.492323
-8.719046
-8.640599
-7.804020
-10.858171
-3.390121
-7.636026
-10.121823
-10.723913
-6.048591
-7.949796
-14.760056
-9.261521
-10.874356
-7.834807
-10.544278
-8.953747
-6.631474
-8.237336
-8.713060
-5.272995
-6.984785
-10.887198
-12.685284
-8.752560
-6.516410
-7.615324
-5.156648
-10.282009
-5.096580
-7.247496
-10.553049
-8.122661
-11.542873
-6.317664
-6.844253
-10.140672
-6.109261
-6.902502
-6.951177
-11.420711
-7.772497
-9.714406
-4.658903
-7.568119
-4.661592
-8.790829
-8.625937
-10.313824
-8.713517
-10.902424
-11.831764
-8.599493
-8.365245
-7.202972
-3.818291
-9.495575
-8.062658
-10.656748
-7.902163
-8.903661
-7.264497
-10.875112
-9.635520
-8.254553
-6.211047
-7.987704
-8.388935
-7.105866
-5.565922
-9.660021
-12.511612
-8.169992
-7.102072
-10.840125
-8.313402
-7.825963
-6.166708
-5.255090
-6.721430
-11.565490
-14.966892
-11.734347
-7.385759
-9.010258
-11.189616
-4.377508
-10.540244
-5.713547
-4.886595
-7.981140
-4.246623
-5.766005
-5.228493
-3.098929
-11.214284
-4.963403
-11.813779
-8.099414
-6.020048
-15.699059
-2.495535
-6.145590
-4.040737
-6.986906
-10.271303
-13.903075
-5.016387
-9.115344
-10.431029
-6.848007
-6.715045
-10.007219
-12.314139
-9.660425
-6.797786
-4.794299
-10.094796
-8.034960
-11.419189
-4.957560
-11.509724
-8.096649
-6.964131
-10.171264
-6.771529
-10.192565
-10.908135
-10.514463
-9.942508
-9.629756
-5.800897
-5.767727
-12.431344
-9.717515
-4.992157
-8.615685
-6.873971
-11.069135
-9.225715
-7.519184
-14.419642
-5.580445
-9.434822
-8.614567
-5.754796
-7.763181
-9.513247
-6.702480
-10.264841
-8.355534
-8.391036
-9.436533
-10.866970
-6.900589
-5.523827
-8.988081
-9.862331
-8.039227
-10.783527
-8.173755
-8.480051
-7.153264
-7.479814
-5.917037
-14.294091
-9.856155
-6.839237
-8.496608
-7.247003
-6.419569
-5.588267
-9.383127
-9.075428
-9.977479
-11.030499
-6.903880
-7.688259
-9.401913
-3.874554
-10.929445
-7.365725
-3.046041
-7.048232
-8.584944
-11.352258
-5.099065
-6.453788
-7.029613
-6.597879
-6.961995
-7.277882
-11.156734
-5.750373
-11.999910
-5.308542
-9.871545
-10.049009
-6.610956
-5.458720
-8.516818
-7.516909
-10.008156
-10.153255
-6.687389
-11.761025
-4.133430
-7.776400
-5.034831
-7.487652
-8.519850
-9.808796
-7.661854
-12.309356
-8.332792
-2.709928
-6.044712
-7.030044
-10.766842
-6.424723
-9.347363
-5.816764
-8.811815
-10.585965
-10.920653
-11.734959
-7.285080
-9.010371
-7.257421
-8.295533
-9.661366
-8.868856
-7.573114
-5.171296
-4.156971
-9.839375
-8.831713
-8.860856
-8.194165
-9.413975
-10.654242
-2.669684
-11.305196
-8.894161
-13.466253
-8.775667
-9.183201
-6.924056
-10.166512
-12.154672
-7.919769
-9.500339
-8.595201
-7.029970
-6.681711
-7.856874
-7.752272
-6.916987
-8.894596
-12.031416
-4.290200
-9.988873
-10.849148
-7.886234
-7.912162
-6.922715
-8.992916
-11.139236
-11.242086
-10.261064
-8.874736
-7.133783
-7.364752
-8.413864
-8.626210
-6.865519
-8.084073
-11.239491
-9.643528
-10.215756
-4.397241
-7.270011
-11.800881
-7.474360
-10.340246
-8.143521
-11.830497
-9.660694
-8.150590
-7.961100
-7.655061
-9.042172
-9.860437
-9.443335
-9.268253
-10.520743
-8.114518
-7.879315
-5.160500
-6.410851
-6.372334
-13.443589
-7.626247
-10.008102
-8.073537
-11.720222
-6.013843
-6.658344
-10.639769
-9.723852
-7.522714
-9.752376
-12.527459
-10.433634
-8.801437
-9.100713
-7.433012
-8.364667
-10.470410
-6.981591
-9.798444
-9.974046
-5.585116
-9.484265
-10.570926
-10.395983
-5.644194
-6.310965
-4.717195
-13.632981
-11.594754
-9.094341
-4.642194
-12.718768
-10.708440
-6.402265
-5.161270
-9.660456
-8.948638
-8.536519
-11.423308
-7.633940
-7.219978
-7.498672
-7.434634
-8.793141
-6.300924
-7.760914
-10.753060
-7.292354
-5.026809
-8.916546
-7.220697
-6.405797
-8.767090
-7.764506
-6.896716
-8.759340
-8.351700
-10.820941
-7.731644
-9.561543
-9.484679
-9.996318
-10.621745
-6.228326
-8.405306
-7.396936
-9.609447
-7.340831
-10.094737
-9.536384
-6.468026
-10.798703
-5.302280
-5.220703
-7.843142
-10.110778
-7.738022
-10.901798
-8.308956
-4.853201
-9.568880
-8.985796
-7.448975
-9.869830
-7.698394
-7.798464
-10.413565
-7.013295
-7.018291
-5.238759
-9.403543
-9.908630
-6.446352
-11.106185
-7.047329
-9.826737
-6.488688
-8.491709
-6.854853
-6.667844
-8.871458
-11.602597
-12.314139
-8.056210
-10.241778
-10.013069
-5.229716
-5.488411
-11.455929
-12.314139
-9.506812
-5.715844
-5.376236
-6.689734
-11.053733
-12.815538
-4.724288
-6.361224
-9.176071
-7.177876
-7.264225
-7.633994
-9.870368
-9.357991
-9.220685
-9.888823
-9.512398
-5.544340
-6.770494
-8.668745
-8.528700
-6.169539
-2.673118
-7.435594
-5.656487
-10.099325
-7.847469
-9.919888
-5.858760
-6.052307
-7.883506
-9.134254
-6.332077
-8.158035
-11.202248
-11.164333
-11.545517
-5.617114
-6.210105
-7.772303
-4.887967
-12.996084
-8.347755
-8.617812
-5.566064
-10.109538
-12.527459
-10.894438
-9.203724
-8.557029
-3.851285
-6.235061
-7.800565
-6.833881
-9.352743
-8.336937
-9.090736
-7.846131
-10.900064
-1.456552
-8.058694
-9.681256
-9.703061
-11.727214
-7.377165
-10.887745
-7.325975
-7.306499
-11.460152
-6.274284
-7.248568
-10.486790
-7.722398
-7.785730
-11.534914
-7.833000
-7.175479
-8.258413
-10.109446
-6.917718
-9.231998
-6.808226
-11.297348
-9.614441
-6.419487
-11.589147
-7.302770
-10.851746
-8.123571
-6.269952
-12.955032
-7.733846
-6.819624
-7.971539
-9.353298
-4.427341
-8.545556
-10.186975
-10.001018
-7.741116
-9.276927
-7.358157
-8.362822
-4.744440
-7.681904
-8.542959
-7.395690
-9.945662
-9.464480
-6.092858
-6.255314
-6.961263
-6.619877
-5.240749
-8.221009
-6.506641
-8.678573
-9.283561
-9.324118
-11.101707
-16.330452
-10.498327
-10.224472
-8.455830
-7.038639
-6.398361
-10.095204
-9.942791
-11.383101
-8.366940
-9.827679
-7.747466
-7.336978
-7.239432
-10.365523
-10.870562
-8.981616
-9.484057
-9.233575
-5.878550
-8.837058
-7.150402
-5.569010
-12.527459
-9.435049
-3.683578
-5.855975
-6.287753
-7.390187
-6.632151
-11.051064
-9.946744
-11.542815
-7.126938
-8.265807
-7.480949
-4.441426
-9.999201
-5.640600
-7.989110
-9.612113
-8.153989
-6.328783
-9.307083
-10.359116
-10.005339
-7.977460
-8.412148
-5.768795
-11.747537
-9.626761
-9.617853
-9.390549
-7.884926
-8.537338
-7.453416
-6.163458
-5.842279
-11.732703
-12.397429
-6.394826
-6.662736
-9.953911
-12.036278
-12.785962
-5.629864
-8.277674
-11.176728
-7.517789
-10.954053
-11.323874
-12.603615
-8.998700
-5.877152
-6.012179
-10.073611
-8.690380
-6.132266
-12.129951
-5.941268
-7.582528
-8.663001
-8.868217
-6.773164
-10.434310
-9.316884
-9.430685
-8.707267
-5.385351
-6.340731
-13.133471
-9.389962
-8.398897
-14.890540
-7.829707
-10.151196
-7.080613
-6.546627
-5.807084
-10.083139
-6.991745
-8.645113
-11.259314
-8.650040
-13.296697
-10.487411
-7.241698
-7.616957
-6.809806
-11.178155
-9.117907
-8.762316
-7.363188
-10.854753
-6.257062
-6.261548
-6.404980
-10.411336
-8.645164
-5.364721
-6.224013
-10.239966
-10.803589
-8.141058
-6.593941
-6.800304
-9.281731
-10.891455
-5.390799
-7.930671
-7.571170
-9.197683
-10.209012
-4.358294
-12.010370
-6.014993
-6.028364
-6.122512
-9.381303
-4.532368
-10.708344
-6.037445
-3.948699
-5.149652
-10.710211
-7.408203
-5.674707
-7.632535
-10.583572
-6.702007
-9.902743
-10.284744
-8.411510
-9.322011
-8.527143
-7.135429
-6.595148
-9.512240
-5.742908
-8.190415
-7.743993
-7.202501
-8.349929
-11.430055
-6.849193
-7.979131
-8.826220
-7.133050
-6.136662
-7.761537
-7.997571
-5.620619
-13.246383
-8.900921
-9.818417
-7.521072
-14.419642
-5.820386
-8.341165
-7.491182
-8.057778
-15.201072
-9.932492
-4.260569
-10.498730
-12.314139
-9.498665
-9.361559
-9.707152
-10.715639
-10.475945
-9.238571
-8.711049
-5.599271
-7.238344
-8.703025
-6.640682
-8.914850
-5.118576
-12.527459
-6.017889
-7.547290
-8.087052
-14.199615
-7.872339
-10.667550
-6.507058
-6.416632
-7.141048
-12.527459
-9.231588
-8.520926
-4.609697
-6.646220
-4.893443
-9.716914
-7.932348
-11.415659
-7.541715
-6.663044
-3.974602
-5.654495
-6.278655
-6.059159
-6.267347
-10.114404
-8.632632
-8.695624
-7.528547
-5.747949
-6.164131
-7.338201
-5.382795
-7.109430
-6.041121
-9.258054
-9.577693
-9.180259
-6.353896
-4.019930
-10.227011
-8.482167
-10.836621
-12.642143
-8.363665
-5.346389
-6.772640
-5.739007
-10.741437
-15.699059
-10.029971
-8.060865
-6.617495
-6.243927
-8.860358
-9.366122
-10.490111
-5.711859
-11.889824
-11.767314
-11.316474
-6.854556
-10.788695
-8.103608
-10.274606
-6.309324
-8.396606
-6.507969
-13.070271
-8.248631
-7.637861
-7.266493
-8.406950
-6.449814
-7.146420
-6.443553
-7.663468
-8.946510
-8.230230
-11.795386
-6.703536
-9.960119
-8.230166
-13.286573
-5.499385
-2.821602
-7.245947
-10.083981
-10.033323
-6.926551
-9.150656
-7.255187
-6.375971
-3.691540
-9.826606
-16.021009
-8.907072
-6.716537
-6.551957
-10.444729
-9.715916
-7.912125
-8.703510
-6.166015
-3.903449
-13.205686
-10.207931
-9.414057
-4.869067
-11.494116
-7.646229
-4.170554
-10.135326
-9.680877
-9.437928
-9.125578
-3.912180
-12.188790
-10.316131
-7.595684
-6.698397
-11.585801
-8.483389
-7.291988
-8.252239
-5.327999
-11.171469
-6.521742
-5.370386
-6.561375
-3.264242
-9.442708
-9.237690
-9.993996
-4.501068
-5.327644
-6.144204
-5.836923
-8.151811
-6.756053
-8.991566
-6.710732
-10.064673
-4.867248
-12.863264
-6.867641
-7.457851
-10.406250
-7.729079
-9.362270
-5.747605
-6.934669
-6.469595
-8.351478
-8.972165
-8.520874
-4.217104
-7.291542
-10.040816
-8.265252
-8.993743
-5.895868
-9.319713
-10.582302
-10.984327
-6.961708
-8.211399
-8.890128
-7.933105
-7.174588
-9.324614
-12.702291
-5.550873
-5.442569
-7.310100
-10.086738
-10.316501
-11.369446
-9.039765
-9.905824
-7.868825
-7.917075
-8.001240
-4.645911
-7.869636
-7.395815
-6.115127
-9.502281
-5.989745
-10.942794
-9.105652
-6.755308
-7.326134
-9.497995
-5.694520
-5.962268
-10.549127
-7.103122
-5.768824
-10.359604
-8.625203
-6.799908
-5.886180
-11.158685
-7.538278
-9.461612
-9.555816
-7.070065
-7.142081
-12.243321
-16.464027
-6.521644
-9.887426
-10.388602
-10.984621
-8.768285
-10.004223
-7.795752
-7.717730
-7.855839
-6.985185
-8.892303
-6.497786
-9.473420
-6.881418
-7.099739
-9.032429
-8.495134
-13.813892
-5.807153
-9.284914
-9.435299
-5.081146
-10.460747
-7.617148
-9.380180
-5.259773
-9.410684
-10.076647
-7.063564
-10.589271
-8.457961
-4.118258
-6.092800
-4.860420
-10.391502
-14.006119
-10.767650
-9.319392
-11.337226
-9.291601
-10.296074
-7.938931
-10.318141
-9.470243
-11.787750
-8.883079
-11.134555
-7.030144
-7.975379
-8.558207
-8.487502
-9.582166
-11.198938
-10.972600
-11.458118
-11.356655
-6.623429
-7.381724
-9.099419
-12.030876
-12.074355
-6.221352
-5.725390
-7.281578
-5.936322
-7.925341
-5.237454
-4.488092
-9.099096
-11.521288
-9.609262
-9.266532
-10.063210
-12.135593
-8.999362
-13.067672
-8.231336
-8.032907
-6.124464
-8.467623
-8.538239
-10.473967
-8.306827
-7.100619
-4.063540
-11.064980
-6.003435
-7.900788
-4.029802
-7.342270
-9.639894
-11.196593
-9.486485
-11.845855
-12.314139
-10.079924
-10.137619
-11.222631
-9.433952
-8.225163
-3.579068
-10.237370
-13.889874
-5.269814
-10.063189
-9.200769
-9.385218
-9.859778
-10.686319
-8.595806
-5.901025
-7.209204
-10.123031
-8.279142
-10.383649
-6.235605
-6.391702
-9.954955
-9.783288
-8.588841
-8.457131
-8.115676
-7.748914
-12.531641
-10.514838
-9.466215
-10.875607
-7.071324
-10.202037
-10.279187
-8.678158
-7.349349
-9.084766
-6.358500
-5.995903
-10.124406
-8.824242
-11.931407
-8.825258
-9.515160
-12.973381
-5.849870
-7.234408
-9.927426
-6.550098
-10.451156
-9.430774
-8.450854
-9.539392
-9.353433
-10.135799
-9.405636
-6.020646
-8.751352
-13.243060
-5.951762
-5.568492
-4.978077
-9.781223
-7.864967
-10.913598
-11.979643
-9.355866
-8.253037
-10.387718
-10.667474
-11.214438
-11.348738
-7.492032
-9.917722
-9.178428
-10.922220
-11.295177
-8.809753
-3.262562
-8.164371
-3.986654
-8.890165
-8.294585
-7.650635
-14.778741
-5.586210
-10.159994
-7.322747
-10.810094
-9.156301
-6.886498
-9.008110
-4.513824
-8.258973
-8.998872
-7.351290
-6.153303
-10.357278
-7.747060
-10.687323
-7.284102
-10.801342
-9.777844
-8.623947
-10.489472
-7.929908
-10.562990
-12.503828
-10.449820
-8.093845
-9.646759
-8.966571
-6.180161
-10.978842
-6.041025
-6.417582
-8.370699
-7.661209
-9.146657
-11.582778
-7.108077
-9.157609
-7.976236
-10.241475
-10.057080
-5.512153
-15.033936
-7.965009
-7.991292
-11.288749
-9.497972
-7.378103
-9.387357
-11.242086
-6.812046
-5.156392
-11.077867
-7.176581
-8.376591
-10.328153
-7.098165
-11.752594
-10.404850
-6.126233
-11.278399
-8.263298
-13.975344
-6.490606
-9.575102
-5.560811
-11.479609
-8.985824
-13.714725
-7.671026
-12.695646
-9.379155
-5.866135
-9.297675
-10.515713
-7.256875
-7.702521
-11.668256
-8.087389
-12.314139
-7.562857
-12.611504
-10.622098
-6.373770
-6.051218
-9.904737
-9.733133
-8.785908
-6.817861
-9.851264
-7.777765
-9.504011
-7.969309
-6.110606
-8.752854
-10.602537
-10.978279
-10.306796
-6.151779
-6.651627
-9.583903
-11.850114
-7.017796
-5.122785
-9.659826
-6.674012
-6.662544
-12.034183
-10.714259
-5.708947
-9.833587
-7.354125
-9.351041
-4.062236
-8.374525
-10.763413
-9.135859
-10.941489
-12.314139
-8.861794
-7.267424
-10.095078
-9.868012
-7.150203
-12.822367
-4.489599
-7.953742
-10.540443
-8.057185
-5.175911
-9.753938
-10.036837
-5.917633
-9.079849
-7.941490
-7.873787
-7.215643
-8.021286
-9.227805
-11.317311
-5.711026
-8.753142
-9.515539
-6.395953
-8.173807
-5.754927
-6.332400
-8.680833
-8.153024
-8.694752
-9.005247
-10.010494
-9.580946
-9.217521
-7.928341
-7.921711
-8.523257
-9.248725
-9.961851
-9.166411
-10.720914
-7.511537
-9.813803
-8.215363
-8.328270
-11.250694
-6.170345
-10.786784
-11.493516
-4.984258
-8.362245
-10.378480
-9.992854
-9.286410
-4.731595
-5.698261
-7.733127
-13.813435
-5.211464
-6.571753
-7.332545
-8.732107
-9.091584
-6.719052
-7.182602
-10.134918
-6.052753
-9.385249
-9.055894
-7.743530
-11.412110
-9.785566
-12.314139
-11.716553
-9.319606
-10.214327
-10.859915
-11.236065
-10.619005
-3.936873
-8.346108
-8.781799
-7.371574
-5.346373
-7.190022
-8.873938
-10.620708
-9.342798
-9.294459
-8.865503
-6.600326
-7.532403
-4.818744
-8.858655
-11.397089
-10.950964
-10.992803
-9.206828
-6.589969
-9.734534
-9.086773
-11.431890
-12.314139
-8.389494
-2.184870
-9.471659
-8.340706
-12.492505
-9.244614
-14.091825
-7.260245
-7.304769
-13.567804
-8.794195
-7.117973
-5.737800
-6.919614
-6.212553
-9.257591
-11.061110
-8.011303
-7.102404
-9.175982
-8.713357
-10.967021
-12.578398
-10.503219
-8.544041
-9.185299
-6.509581
-9.433787
-6.626703
-9.226974
-8.936991
-9.018029
-10.258583
-7.938822
-7.954875
-5.488281
-7.380602
-8.458026
-6.198406
-6.965814
-4.714361
-7.669293
-5.426777
-12.409821
-10.181799
-15.019362
-8.567094
-10.775647
-9.230627
-7.809731
-14.419642
-12.181538
-9.219501
-9.658506
-12.314139
-8.252700
-9.728334
-5.929645
-10.343412
-5.649514
-7.571684
-5.292075
-10.009267
-8.342462
-12.468321
-6.931383
-5.341743
-8.497106
-8.608723
-11.534054
-8.841434
-10.458210
-13.746140
-7.169253
-7.761280
-9.909163
-7.844769
-10.607769
-9.825180
-8.961098
-11.897836
-7.328626
-8.651574
-10.879486
-6.874338
-11.242086
-7.197195
-6.631651
-5.797026
-9.977284
-7.655282
-8.705375
-4.634216
-7.316486
-8.011936
-6.840128
-9.923544
-6.773399
-11.685863
-14.419642
-5.158503
-8.939979
-6.236002
-9.124410
-6.981203
-10.961184
-11.915344
-12.122000
-9.408862
-5.834579
-5.606118
-7.426249
-7.783568
-10.455539
-9.057157
-4.711714
-6.480943
-11.274821
-4.909625
-7.731468
-10.234333
-11.353364
-7.362383
-8.188618
-9.720089
-8.464942
-5.823802
-8.327088
-7.976224
-8.029760
-8.189637
-9.360151
-13.877050
-6.570624
-7.600755
-9.387867
-6.910772
-9.957625
-10.050486
-10.366979
-10.274114
-12.039997
-9.840519
-9.170027
-10.011849
-10.882541
-13.604918
-6.974498
-7.990939
-9.722806
-8.258796
-6.940710
-9.281287
-10.922008
-9.079868
-7.086879
-10.176488
-8.735167
-7.991283
-11.495340
-12.002773
-10.247221
-11.314481
-8.125622
-6.154835
-9.719538
-7.118928
-11.158633
-13.420897
-9.765489
-11.308560
-5.977685
-6.919021
-12.863823
-10.457373
-10.943015
-8.199289
-11.100842
-7.461322
-8.525447
-6.010460
-5.803992
-5.847820
-7.661962
-8.747417
-5.599516
-9.666684
-6.947505
-8.232943
-9.220838
-9.928136
-6.922841
-8.158134
-11.207913
-7.212543
-7.411522
-8.407308
-7.722541
-4.149113
-6.323149
-9.332401
-11.229478
-7.245323
-4.282421
-11.853361
-7.127742
-10.650504
-6.758518
-8.983476
-8.650189
-8.499097
-1.792832
-8.476591
-5.634509
-6.715052
-8.149384
-12.293943
-12.564384
-9.853923
-6.526184
-9.408381
-11.495228
-5.547508
-11.338975
-10.834753
-9.626431
-4.810430
-7.686114
-6.991213
-13.097295
-11.379917
-9.482645
-5.654581
-9.040280
-11.759754
-6.379469
-9.234813
-4.960728
-7.189185
-6.351339
-6.706052
-8.144612
-10.285924
-6.306851
-10.954398
-5.434811
-8.845298
-9.555501
-9.858867
-7.867630
-9.223452
-8.618051
-3.569187
-10.075320
-12.106698
-5.423622
-11.590553
-9.477622
-7.703381
-10.291685
-4.870634
-9.527447
-10.194011
-8.850752
-9.271475
-8.566051
-10.540818
-10.545864
-12.314139
-9.056361
-9.510463
-6.553874
-11.739155
-10.336381
-9.894737
-6.458160
-6.248653
-7.339647
-11.505324
-9.708235
-11.300995
-6.181946
-4.956295
-7.459935
-10.453479
-8.610603
-11.162646
-10.696195
-6.394151
-8.986172
-11.680861
-10.506935
-9.106517
-7.992654
-10.891025
-7.409043
-4.927494
-8.010867
-6.409607
-9.953218
-9.702068
-8.381414
-5.659122
-8.846617
-8.622794
-8.259134
-9.149050
-8.271838
-3.513923
-6.542372
-6.820811
-8.540975
-4.125469
-6.577723
-7.996772
-6.696445
-6.322341
-7.794435
-11.307468
-3.714238
-6.846294
-8.733045
-9.713402
-9.205515
-5.711173
-10.459489
-11.418866
-7.934926
-8.796133
-8.914870
-9.866102
-8.572342
-4.080604
-11.590910
-10.961267
-9.233278
-9.421813
-11.247578
-10.927825
-7.872310
-9.668176
-6.421443
-11.723476
-7.720224
-4.188976
-6.872391
-10.082803
-7.456498
-7.545056
-9.992983
-8.891608
-8.325764
-8.290285
-8.567297
-7.083028
-8.771363
-10.758649
-9.545103
-7.077431
-8.399386
-9.705995
-6.632765
-6.579059
-10.108236
-8.383086
-6.100670
-9.447150
-8.069915
-9.792522
-9.189165
-7.099587
-9.212582
-5.928695
-6.331343
-11.900764
-9.294690
-7.675084
-8.458255
-7.223906
-9.377901
-17.068445
-8.665933
-11.501428
-9.425735
-7.666763
-9.807193
-10.320814
-11.061629
-10.525767
-7.377958
-10.108924
-11.075027
-12.594377
-7.165628
-11.271471
-9.081290
-11.249622
-9.169893
-9.172095
-7.120970
-8.275242
-8.965910
-10.327685
-6.503184
-8.497863
-10.291731
-11.983727
-6.162800
-7.666131
-7.308722
-8.213072
-6.163218
-9.047426
-8.514658
-7.445221
-8.273944
-13.014482
-6.862513
-11.701859
-7.735828
-10.515021
-10.194954
-10.210806
-7.127587
-5.631352
-5.894896
-9.863432
-10.858049
-9.463060
-10.507708
-9.455940
-8.509305
-9.938506
-9.257721
-9.563291
-7.197656
-6.596807
-6.350490
-8.705711
-9.230606
-8.729952
-8.436652
-11.714305
-6.781335
-10.243203
-10.711200
-9.514132
-5.562645
-8.615572
-12.682949
-8.192518
-8.803248
-11.429707
-9.098873
-9.235990
-11.131185
-4.700229
-9.652781
-10.785784
-9.502991
-8.280657
-9.990714
-9.019550
-6.436577
-8.593399
-9.812544
-8.688977
-12.720428
-9.651686
-8.015402
-9.646141
-7.904428
-10.958317
-6.573162
-2.911021
-8.369944
-9.172126
-9.724814
-5.878952
-11.592401
-8.206578
-5.856093
-9.271183
-10.076512
-12.085167
-6.978269
-8.502700
-10.023826
-7.690025
-9.662540
-9.122424
-9.182618
-7.121018
-7.968897
-11.242086
-7.945492
-10.615207
-11.369467
-13.188706
-9.794531
-5.911998
-12.084685
-7.957488
-8.334509
-6.555995
-6.647666
-10.227317
-9.487364
-10.867819
-8.575953
-3.925939
-11.122632
-5.878568
-8.412055
-11.715639
-8.299768
-8.879929
-11.394156
-9.407099
-12.099403
-6.114460
-5.258243
-5.380660
-8.086774
-7.925002
-11.857614
-8.886963
-11.416054
-8.989039
-11.396377
-5.441560
-5.036946
-10.770868
-7.117891
-10.903737
-8.526503
-10.859876
-14.419642
-7.501168
-7.874961
-9.610128
-9.722856
-9.918939
-7.561956
-9.560991
-7.501216
-9.053576
-6.283943
-9.496451
-6.757040
-4.615862
-6.729134
-9.295900
-7.755676
-6.434170
-10.207136
-7.615716
-7.797318
-6.732637
-9.715938
-6.779739
-12.314139
-8.339967
-7.685727
-8.270445
-5.546077
-12.980444
-6.414552
-8.011824
-7.002594
-10.438814
-6.154889
-6.843173
-5.543753
-5.202121
-12.119042
-8.660131
-10.090841
-8.277943
-8.189430
-13.286251
-10.011018
-6.917274
-9.777825
-12.704860
-7.796041
-12.211079
-10.414057
-8.796608
-9.898217
-8.446124
-10.289161
-7.926607
-7.469659
-11.948602
-8.767235
-6.189534
-9.227035
-8.738014
-7.451716
-9.270099
-8.628720
-8.565742
-8.207410
-6.882851
-7.066173
-11.398756
-10.695095
-10.946507
-7.328852
-7.929998
-6.930486
-9.636055
-10.245544
-9.208838
-9.750691
-5.165380
-8.230676
-7.777731
-7.216630
-11.325863
-8.426367
-10.329932
-7.239511
-8.225079
-5.056728
-9.715367
-7.842267
-9.669973
-9.854185
-11.124250
-7.215517
-7.774152
-8.396725
-12.112729
-12.262968
-8.994680
-12.093159
-8.636363
-11.277795
-10.753222
-9.813665
-9.342936
-5.077314
-10.231365
-7.080456
-7.744267
-9.384977
-10.323574
-7.717477
-9.563888
-8.929077
-8.019237
-10.544973
-8.426550
-6.385051
-8.253256
-7.687638
-10.455805
-7.046818
-6.423344
-8.868898
-8.366427
-11.614721
-9.147087
-6.644060
-6.950174
-10.235142
-9.003850
-8.057522
-7.733110
-11.689416
-11.339440
-14.419642
-8.745106
-11.817348
-10.543714
-6.119833
-7.726272
-4.860365
-11.017829
-10.975253
-7.840862
-11.167258
-6.182606
-12.039382
-9.543244
-11.927135
-10.568530
-9.407660
-7.813072
-5.802845
-14.035541
-10.182190
-10.951859
-9.822115
-7.239406
-10.488195
-9.457051
-6.764791
-10.608370
-9.952752
-5.449219
-10.128700
-6.482322
-7.866715
-8.446882
-7.762679
-9.459019
-11.204338
-9.283292
-8.649405
-11.377808
-10.702044
-8.974517
-9.482312
-13.552265
-6.183501
-11.521267
-11.674061
-7.775220
-10.956523
-9.425903
-10.287080
-7.912898
-8.077015
-12.128940
-3.747675
-8.306639
-10.229959
-6.488750
-7.258450
-11.055285
-11.015878
-7.470085
-5.922162
-10.938297
-9.447827
-12.350619
-8.805400
-9.806267
-9.233850
-12.333033
-11.478457
-11.997279
-7.382181
-9.970568
-6.023355
-9.554464
-9.916292
-8.798807
-8.629775
-12.892346
-10.592853
-7.805673
-7.421592
-6.904223
-11.188748
-7.042584
-6.181954
-9.901605
-10.109563
-7.128951
-10.200139
-8.620736
-6.644103
-5.436039
-13.318358
-13.982448
-13.226777
-7.529152
-9.739183
-8.920891
-9.404072
-6.980827
-8.569263
-9.738162
-12.543959
-7.345287
-9.212690
-4.099102
-4.852959
-11.587879
-7.363041
-9.089656
-12.383933
-8.142830
-7.815381
-7.878921
-10.285559
-9.174676
-10.701130
-6.746358
-9.057613
-10.062979
-8.505551
-11.962271
-7.388759
-8.023108
-10.642772
-11.151246
-6.046136
-5.478200
-10.564961
-8.340644
-14.419642
-6.885098
-9.502394
-9.424340
-5.704056
-5.286817
-10.143013
-12.844111
-5.945040
-8.802626
-5.191873
-11.291614
-6.460004
-6.546618
-7.766232
-7.732452
-8.833855
-11.839752
-9.248225
-5.083681
-8.209846
-10.967674
-12.527459
-8.874457
-9.894892
-9.756276
-6.907357
-9.540078
-7.010555
-9.424892
-6.796696
-10.492166
-6.716899
-8.043839
-9.515843
-10.603582
-8.680714
-11.752127
-5.658286
-9.411247
-6.836926
-10.872045
-4.282850
-8.806178
-11.403689
-11.237044
-8.092525
-5.591857
-12.047966
-11.673232
-7.006004
-10.492776
-5.604053
-11.659896
-9.568891
-9.469415
-10.590083
-8.255135
-8.170849
-9.534825
-8.104710
-10.624615
-7.078249
-11.889212
-8.682045
-5.731962
-8.308550
-12.500246
-5.244195
-7.638433
-7.393545
-9.452388
-6.186347
-7.467565
-8.933883
-10.254898
-6.571978
-8.024127
-15.906187
-6.972736
-7.728654
-8.882038
-7.693485
-10.954492
-11.484674
-5.739187
-8.675821
-2.913885
-7.306714
-9.968457
-6.119114
-10.848039
-7.979002
-9.764980
-10.016384
-7.960242
-8.329820
-8.973631
-11.281613
-8.584306
-9.934806
-12.278169
-7.801560
-11.576465
-10.144297
-11.467984
-12.091521
-5.757730
-8.223295
-10.717890
-8.178469
-10.131222
-9.224490
-10.016149
-12.381047
-13.529072
-7.516788
-8.308359
-8.697459
-9.472012
-8.137101
-5.913861
-6.556720
-7.754680
-8.297808
-9.198980
-7.033855
-6.245237
-12.477676
-5.116085
-4.673168
-4.512809
-8.434157
-4.594439
-12.083395
-9.286874
-8.659774
-12.394871
-7.912395
-7.669176
-7.186515
-11.623622
-7.514892
-14.419642
-12.270627
-9.452675
-6.818904
-8.273607
-8.987632
-9.004971
-11.512947
-10.231846
-6.304390
-7.228534
-10.608692
-6.475126
-5.121099
-9.761836
-6.051110
-10.090711
-7.928897
-14.419642
-10.733580
-7.446206
-10.763350
-10.857035
-7.897336
-7.852103
-6.965078
-11.004576
-8.257481
-12.938854
-5.085690
-10.177905
-5.628479
-6.177685
-11.010406
-8.888231
-10.741701
-11.124437
-5.467050
-7.805457
-7.478533
-9.071527
-11.222532
-8.124746
-6.010612
-4.366213
-12.251900
-7.580176
-10.038436
-8.047496
-9.224624
-7.725904
-8.297263
-11.248744
-10.283008
-9.377616
-10.421187
-7.930647
-7.033537
-8.543425
-6.297939
-12.305696
-6.255246
-9.585512
-8.645055
-8.738657
-7.448026
-9.766176
-8.599425
-8.494291
-9.906545
-12.566778
-7.357053
-10.948351
-10.974027
-11.207171
-10.686952
-10.753169
-9.000392
-7.292672
-9.934883
-13.940708
-9.477550
-7.930192
-7.678765
-10.514493
-9.282932
-14.301817
-9.652651
-9.424852
-9.654926
-5.984143
-5.963657
-7.269856
-8.703944
-9.555937
-11.278916
-8.354374
-8.448380
-9.027043
-11.828659
-8.090232
-4.668491
-7.076991
-9.875246
-5.259950
-8.306908
-10.225546
-7.131927
-8.249737
-12.431836
-12.692560
-12.347352
-8.660848
-11.794390
-8.344504
-8.463771
-15.111905
-9.100650
-10.806001
-10.777720
-7.303036
-10.115933
-9.172416
-11.607898
-9.580699
-8.414207
-9.756238
-7.449841
-8.829948
-10.385116
-6.266484
-10.132038
-9.075046
-7.944639
-9.645353
-10.704570
-9.869997
-4.925048
-9.150826
-11.313528
-11.834442
-10.978058
-9.196766
-10.830137
-12.217580
-7.471170
-4.233184
-8.202297
-9.723530
-7.538587
-10.638558
-7.561713
-9.027308
-12.634509
-11.271123
-12.314139
-10.011915
-7.559230
-8.969122
-9.603536
-11.261918
-9.687995
-9.782178
-7.815732
-5.369754
-8.606144
-9.300909
-8.272802
-8.909805
-9.233691
-11.382183
-11.088361
-8.605175
-7.985912
-7.359624
-6.480861
-6.489715
-8.278393
-10.897366
-5.988291
-7.785247
-11.513976
-6.835979
-6.632484
-6.666175
-9.035003
-7.968414
-8.922555
-7.592413
-11.036103
-10.782126
-5.864454
-10.104535
-12.835231
-6.569304
-12.314139
-9.011585
-7.442818
-7.132880
-7.637534
-10.097522
-7.868074
-6.870871
-7.228183
-8.868924
-8.419047
-7.053319
-11.751653
-10.464400
-5.693747
-5.925359
-8.856864
-9.903461
-9.246002
-8.786069
-8.781614
-12.055157
-9.510077
-12.148830
-8.950333
-7.600422
-7.875751
-7.552070
-7.260872
-10.843594
-8.532846
-8.893051
-9.967998
-11.108331
-11.439746
-8.945320
-7.111924
-4.376465
-8.756174
-7.023102
-8.983499
-8.236465
-9.234098
-9.498426
-10.473215
-11.305646
-5.992370
-7.976493
-9.737542
-10.979224
-7.279222
-7.372616
-7.709947
-9.850430
-5.208757
-9.362321
-6.424203
-6.836817
-8.628152
-8.347669
-8.474785
-10.889828
-12.571482
-6.368623
-10.509293
-9.095831
-11.448212
-7.506574
-5.397575
-8.374540
-10.960690
-10.512156
-5.850686
-12.580771
-8.501863
-6.598905
-10.327508
-6.664592
-10.765894
-6.219086
-8.161143
-12.578520
-9.077253
-8.928753
-11.064565
-9.215053
-12.473236
-12.479939
-8.042761
-4.947595
-9.080071
-11.909236
-5.696213
-8.326079
-9.001460
-7.169558
-7.485270
-6.795357
-8.710320
-6.956186
-9.637401
-10.685369
-9.874902
-8.122952
-7.638086
-7.588317
-8.847317
-9.635476
-8.391509
-10.291352
-3.793206
-9.956757
-9.681985
-11.193624
-9.079216
-6.886663
-11.040376
-6.735050
-12.690070
-4.796636
-8.454747
-10.792787
-9.149046
-9.118703
-8.718395
-6.391462
-9.473464
-6.390629
-8.514754
-13.389907
-9.133271
-0.736417
-10.147126
-9.705633
-8.001266
-9.862234
-7.430650
-8.827329
-6.891030
-9.031204
-10.224710
-7.830494
-9.987619
-10.611958
-5.429007
-7.838182
-10.898724
-7.050940
-4.254655
-10.436759
-6.486682
-5.056668
-10.557377
-7.825653
-7.253485
-11.083964
-7.240804
-7.640444
-11.832407
-7.581121
-13.194210
-7.938379
-7.970858
-11.538165
-10.621050
-6.454214
-9.015416
-6.959921
-10.351881
-11.715731
-11.758243
-10.384118
-14.419642
-12.499486
-7.439902
-9.359506
-7.744532
-10.205936
-6.787861
-9.257073
-7.244978
-10.672055
-5.996854
-7.097583
-10.918170
-7.858601
-12.821733
-8.721913
-6.365810
-7.039781
-8.844316
-9.457718
-10.265465
-9.850750
-10.192096
-6.255015
-12.361253
-7.224703
-11.402520
-8.829277
-7.894781
-9.172467
-8.775718
-10.132892
-9.944033
-5.984475
-8.614649
-7.810335
-6.183190
-7.560684
-10.162273
-11.494773
-10.319025
-5.613091
-9.152778
-10.538533
-12.066599
-8.179966
-5.804655
-8.176373
-6.995417
-7.141216
-7.566187
-12.314139
-8.173602
-7.527427
-8.689639
-7.345658
-11.370696
-8.818313
-8.101084
-12.527459
-7.146099
-8.617603
-8.042190
-7.019165
-8.588423
-6.865171
-9.749218
-9.617682
-7.417115
-8.252594
-10.436179
-7.065170
-11.067662
-11.754751
-10.863007
-8.421945
-9.189653
-10.559114
-8.330650
-7.784382
-13.573321
-8.673449
-11.922944
-8.340459
-11.002721
-5.946563
-10.524125
-7.991554
-13.919578
-9.542194
-10.302988
-8.461113
-9.573288
-6.540204
-9.200518
-6.889183
-10.441887
-14.419642
-10.222188
-11.592955
-7.376700
-10.690984
-7.433733
-10.324427
-6.161139
-7.479256
-9.213768
-9.042053
-7.459842
-8.460174
-10.641480
-11.062840
-9.183688
-12.657157
-8.864279
-9.500808
-9.616407
-9.042676
-7.582922
-10.509179
-11.620648
-7.350405
-8.659182
-7.966316
-10.063882
-9.555468
-11.391321
-5.644470
-8.546286
-14.165232
-5.923892
-6.118536
-8.199879
-9.125618
-9.991098
-7.927814
-5.700372
-7.070206
-11.317587
-7.702061
-4.765199
-9.090161
-5.867456
-8.216748
-11.655488
-14.419642
-9.483043
-9.988126
-10.065928
-10.632580
-7.785380
-8.519225
-6.683114
-9.813746
-8.303703
-6.206303
-12.527459
-4.253175
-11.013195
-7.725957
-11.886848
-12.086886
-8.213816
-8.458527
-9.911840
-11.808265
-10.131179
-9.293335
-8.205797
-7.734851
-7.553875
-9.320628
-5.077006
-6.502353
-5.242424
-10.421038
-9.642015
-8.121094
-8.904140
-14.419642
-8.813503
-9.813647
-6.735136
-11.330379
-9.229149
-8.822442
-8.058210
-7.011695
-10.629041
-6.967805
-11.842843
-9.593359
-8.238250
-5.609791
-10.217667
-4.526196
-6.581761
-5.407298
-7.120822
-9.266228
-12.314139
-7.409965
-10.489234
-5.981490
-5.399908
-8.538850
-3.556502
-6.710623
-5.983166
-8.880352
-8.616819
-14.660540
-6.890468
-10.920915
-8.614923
-1.187783
-10.031028
-8.374240
-4.202976
-7.384127
-7.669318
-10.676109
-10.100308
-11.060514
-11.780548
-10.123173
-10.769307
-5.689579
-12.814953
-3.700617
-9.900183
-10.048571
-9.225137
-10.788160
-6.095512
-9.911713
-12.792192
-7.881646
-9.147569
-7.322065
-7.881235
-4.253297
-9.559281
-7.575324
-12.005729
-10.747603
-10.343901
-9.507396
-8.276011
-7.477082
-8.949616
-9.411137
-8.512308
-9.618514
-12.531315
-8.512029
-8.345683
-9.899786
-4.369545
-2.373432
-8.774093
-8.290887
-6.782579
-11.357009
-10.105611
-10.410503
-6.632771
-9.020844
-9.543306
-9.321420
-9.690498
-6.011376
-7.495654
-9.170950
-6.230861
-11.378802
-9.920918
-5.710819
-6.678009
-9.186398
-4.454227
-7.657920
-8.069943
-10.554325
-11.708059
-7.641314
-6.967361
-8.476379
-9.701908
-9.275643
-4.687758
-6.968571
-7.119022
-10.085922
-11.593081
-6.532967
-12.562799
-8.304232
-8.964062
-8.502096
-11.910150
-8.601007
-9.583584
-9.226811
-4.186233
-11.185366
-4.938552
-7.527984
-5.848462
-8.989689
-9.970147
-8.958028
-7.918604
-7.816261
-5.634115
-9.521225
-9.334561
-11.036266
-5.552657
-9.755101
-9.104349
-9.153293
-9.192384
-10.223976
-6.168519
-7.715854
-9.385498
-10.565632
-17.881050
-4.657668
-7.499658
-9.610544
-10.625677
-7.366189
-6.089616
-7.019627
-7.337952
-9.474499
-10.410606
-11.143384
-7.403235
-10.181883
-6.493810
-9.781923
-6.357643
-8.537994
-9.286056
-11.550557
-7.534155
-8.296437
-6.343846
-11.546887
-6.967209
-8.431396
-6.176240
-7.656709
-10.634398
-8.917818
-7.785565
-7.032020
-10.612414
-9.156995
-9.245872
-7.107638
-10.683249
-8.703197
-7.790037
-5.779593
-7.851284
-9.664749
-4.326878
-10.390982
-6.749860
-11.065989
-7.387980
-10.370524
-7.967577
-6.564190
-12.118279
-8.663299
-10.140439
-14.419642
-9.995001
-6.780889
-8.527517
-12.794447
-12.777664
-5.754145
-9.623649
-6.481444
-7.552055
-8.647877
-7.853954
-6.248767
-10.546173
-9.353759
-11.189740
-9.392503
-8.069775
-10.242565
-8.765798
-10.979177
-10.138413
-10.755027
-9.475344
-8.579675
-3.559905
-8.034477
-9.796016
-5.713666
-9.825722
-5.362605
-10.694121
-6.680657
-8.020457
-9.413717
-13.851036
-8.023680
-10.154268
-9.687963
-8.024165
-8.078367
-8.357075
-7.639953
-10.000799
-8.351563
-8.981239
-6.783844
-7.699553
-6.642559
-9.108868
-7.573805
-11.814498
-6.918297
-9.132550
-5.099803
-7.913071
-10.965795
-10.228854
-6.296464
-6.623435
-5.505611
-6.409150
-6.709510
-8.971900
-9.926833
-12.379522
-7.455066
-5.731160
-7.875645
-9.013638
-8.041329
-5.911120
-10.924815
-5.082510
-7.881281
-10.403109
-7.496459
-8.890947
-9.825217
-8.908601
-12.526578
-8.823334
-6.343037
-5.566303
-5.951824
-7.130052
-7.168311
-9.563530
-7.690017
-12.894582
-9.374550
-7.705943
-6.810487
-6.935047
-7.702238
-8.168584
-5.100811
-11.279246
-4.061314
-6.181526
-7.646677
-9.734321
-8.499297
-7.517305
-8.810304
-9.426400
-6.051253
-8.599024
-5.766582
-5.972013
-12.625964
-9.048870
-8.313045
-10.303552
-8.003385
-7.116220
-9.219885
-8.601502
-5.954160
-9.820855
-7.203636
-8.327358
-6.852895
-12.844213
-8.428385
-11.898561
-7.526615
-7.467698
-6.956093
-9.305582
-5.863600
-11.242086
-8.821934
-9.197555
-7.641181
-6.119930
-7.533635
-9.836403
-7.929848
-7.468395
-7.223159
-5.848444
-7.016062
-13.352637
-7.836186
-9.007730
-8.959775
-11.961835
-13.107172
-6.491877
-9.081168
-11.562815
-7.664242
-10.539509
-8.412447
-6.528652
-12.314139
-9.942643
-7.607137
-9.199577
-8.908570
-10.648955
-8.486915
-8.865736
-10.176338
-6.312031
-8.099930
-9.189492
-12.058859
-9.867557
-10.819548
-8.425050
-10.354889
-7.863541
-8.459435
-13.241026
-9.071306
-7.074492
-9.418571
-7.789526
-9.166319
-7.765931
-7.373771
-10.855166
-7.704838
-11.166887
-9.796136
-9.885446
-8.295385
-6.396379
-9.730834
-8.591058
-5.637934
-8.830041
-9.192591
-8.400841
-5.695834
-8.214111
-8.948481
-9.627827
-7.443875
-11.658552
-8.909389
-7.134014
-9.701696
-8.888282
-14.419642
-8.559279
-7.881403
-10.130957
-3.317677
-7.188234
-8.802942
-9.798829
-6.143752
-7.640985
-9.246946
-9.147854
-8.744940
-8.667985
-8.042339
-7.749466
-9.542291
-6.019743
-11.159352
-9.621964
-6.281410
-10.259748
-8.096366
-6.955143
-9.336143
-10.845988
-9.699834
-8.673690
-9.530540
-12.394743
-11.341547
-9.340499
-10.468844
-6.467426
-10.453149
-8.611362
-7.853918
-7.742103
-11.043983
-9.676182
-6.176165
-7.646229
-7.179531
-9.570458
-5.180200
-5.197382
-7.470355
-8.876914
-7.928584
-11.532314
-7.669226
-7.050004
-8.343751
-9.065266
-9.232332
-7.061947
-9.573405
-11.376985
-6.037985
-6.074861
-8.166604
-8.210279
-8.071808
-10.026409
-13.056853
-8.627639
-5.904836
-10.029489
-10.008202
-11.915767
-8.594779
-8.897606
-7.397986
-6.254977
-10.106478
-6.081572
-8.054796
-9.751252
-8.564386
-8.805099
-6.678316
-8.549641
-5.727555
-10.419239
-8.689097
-7.431803
-10.720202
-7.773154
-11.740729
-5.058564
-8.768117
-9.013421
-9.001790
-7.167953
-9.728054
-9.128684
-6.695134
-8.360054
-7.924274
-9.660397
-11.397410
-7.952513
-8.722474
-11.838816
-6.415979
-10.344474
-10.188912
-6.554748
-10.595314
-6.654083
-7.997767
-5.453576
-8.826497
-8.819896
-8.213856
-9.421833
-5.452301
-9.966291
-9.849170
-7.705312
-7.816438
-12.527459
-8.943482
-12.665365
-7.013028
-10.120132
-6.557636
-9.112694
-8.858600
-7.005144
-9.953103
-13.705747
-8.810135
-8.082956
-6.677526
-9.461143
-8.786549
-9.931581
-12.132709
-8.758946
-10.424394
-9.211241
-7.540641
-8.393314
-8.655013
-5.774406
-6.900936
-11.229234
-7.635270
-8.269899
-7.477762
-6.968538
-10.901187
-8.818756
-11.208456
-10.603916
-8.601633
-10.230667
-12.914700
-9.618569
-7.083957
-8.662660
-11.176353
-8.742911
-8.590360
-8.151884
-11.827622
-9.893030
-7.684441
-12.347874
-11.224316
-7.187937
-9.508286
-8.388668
-8.745500
-7.279946
-7.646229
-10.171988
-8.020672
-7.969954
-11.538040
-9.170454
-7.040530
-7.439119
-6.692502
-8.086555
-8.124130
-7.926929
-6.894713
-4.839110
-9.041948
-8.759320
-8.800890
-7.466302
-10.702673
-9.713414
-11.465142
-12.650486
-11.238633
-7.742960
-10.556932
-7.896899
-5.390370
-6.148572
-5.683347
-6.522916
-6.692838
-8.015293
-8.184276
-9.761479
-10.227323
-9.290390
-8.698575
-8.721265
-9.215656
-10.846279
-8.208454
-8.262361
-9.173645
-6.475316
-9.868206
-8.019035
-8.102841
-7.255352
-8.633424
-9.939887
-6.341418
-8.378833
-9.695322
-8.553421
-9.266197
-9.375828
-8.848300
-11.327454
-10.610628
-7.235409
-11.923116
-11.951528
-9.147770
-12.140628
-7.403965
-5.208005
-8.435649
-9.906493
-10.076786
-11.720913
-9.378906
-7.361187
-8.832972
-9.032290
-8.185542
-9.474769
-12.654998
-10.195751
-9.398884
-9.159586
-6.316303
-5.260635
-7.098335
-6.305989
-11.573185
-10.855359
-7.912099
-10.070270
-10.066917
-7.916738
-12.064753
-7.970461
-10.178852
-10.078209
-7.385501
-9.371824
-7.929593
-14.966220
-8.240478
-5.793880
-5.759591
-7.078863
-5.386234
-6.109137
-10.970313
-7.742370
-12.314139
-7.529033
-10.227158
-7.689175
-8.609579
-7.561879
-7.460638
-7.159302
-10.498474
-9.519137
-9.889585
-3.634015
-10.735374
-8.530379
-9.963161
-10.451395
-4.684509
-9.589332
-4.845001
-10.097980
-13.367308
-9.998975
-6.868961
-11.430634
-5.145814
-9.901221
-6.110648
-9.293662
-5.267038
-4.460129
-9.423960
-8.225333
-10.903628
-12.669641
-11.128219
-6.917610
-11.284592
-6.642889
-11.948779
-9.821888
-9.532168
-9.521209
-9.465896
-9.370776
-11.246040
-9.064177
-8.100690
-6.040741
-9.588379
-9.004035
-10.573098
-7.619474
-10.339931
-7.021585
-11.542959
-6.708498
-13.112633
-10.515449
-12.901328
-12.535207
-8.013967
-4.805590
-5.540193
-8.040487
-7.696367
-8.324542
-8.959177
-8.005262
-14.419642
-4.564330
-8.047290
-9.701217
-6.154798
-9.211884
-8.170404
-8.895123
-8.926579
-8.441406
-5.714295
-9.013538
-9.609015
-9.977798
-9.377033
-11.263318
-11.053725
-11.192218
-7.892945
-7.042767
-6.085137
-6.254946
-7.725370
-8.093132
-11.989819
-8.832157
-14.410589
-10.359418
-10.815322
-8.200083
-11.118933
-7.898025
-12.264606
-7.589818
-9.225982
-11.358027
-9.808018
-6.992181
-11.116908
-10.087420
-10.773549
-9.637197
-7.846086
-8.823479
-10.403526
-10.772639
-10.195044
-9.236606
-6.122520
-8.074382
-8.522146
-5.796169
-8.286460
-8.662483
-10.530281
-7.080956
-7.203459
-9.652771
-7.992937
-7.414377
-12.314139
-9.202622
-9.877285
-10.252762
-9.072914
-10.606525
-9.182419
-11.789070
-8.351247
-7.163409
-9.310212
-11.184114
-5.030057
-6.494400
-7.673088
-6.831826
-10.946867
-8.179978
-6.711697
-6.000370
-7.222474
-10.482593
-7.438920
-8.819213
-12.200682
-8.810349
-9.216630
-8.334193
-9.332246
-6.781548
-8.298447
-12.448930
-12.261717
-11.704885
-8.590009
-6.695621
-6.763486
-7.974726
-9.823606
-6.719485
-7.460001
-9.921508
-8.541262
-10.563079
-7.717111
-6.325253
-9.110776
-8.810611
-5.771027
-10.019824
-9.223085
-8.230893
-10.325385
-10.625505
-8.777867
-8.695334
-6.096878
-6.726382
-9.719246
-7.470994
-8.068432
-9.340428
-10.327815
-8.913075
-6.963417
-10.648148
-6.823293
-7.936216
-8.167419
-12.166158
-5.986136
-4.952361
-4.958153
-9.167237
-7.558520
-9.485012
-9.179709
-11.535776
-4.601240
-8.586858
-12.267786
-7.328041
-9.697140
-7.973379
-7.319589
-10.296377
-7.288924
-4.940884
-9.764597
-12.845330
-8.554379
-8.916023
-8.476374
-7.149536
-7.539576
-10.598401
-9.363805
-10.431488
-9.195450
-7.789237
-6.179013
-10.784707
-10.741127
-8.685925
-12.854579
-10.032946
-8.827258
-12.463288
-8.210404
-8.890508
-9.584970
-6.720294
-9.912247
-11.447428
-8.132759
-6.597727
-7.481223
-6.575072
-4.637352
-9.471582
-9.391824
-7.384033
-5.762365
-9.000373
-9.912358
-10.902597
-8.712067
-8.696857
-9.639569
-10.887813
-8.897035
-7.316442
-9.340683
-8.804635
-6.947001
-10.048860
-6.934482
-7.398420
-9.735464
-13.039991
-7.640829
-4.340895
-8.063951
-11.110198
-7.521638
-12.399609
-6.388535
-7.738906
-4.753646
-6.595380
-10.432017
-12.266880
-8.071568
-8.676126
-6.568998
-8.244720
-4.498886
-7.416781
-7.005819
-9.788013
-12.528996
-9.081120
-10.358853
-5.849694
-5.498241
-8.885695
-9.122450
-5.354151
-11.989167
-10.119306
-9.330832
-7.789700
-9.786358
-11.340718
-10.590158
-10.754531
-9.995963
-8.544774
-12.345174
-13.073549
-11.434694
-11.781884
-10.398553
-7.615901
-7.437262
-5.897513
-9.446580
-6.504777
-6.699986
-10.181434
-6.638505
-7.941499
-10.131584
-12.345244
-9.757532
-10.060328
-7.532794
-9.701374
-7.885843
-7.147159
-9.620210
-12.632098
-5.041770
-7.849854
-8.137879
-13.011844
-8.845562
-8.838106
-7.681987
-9.893962
-9.121802
-10.181104
-7.193815
-10.218759
-9.400648
-9.593319
-6.697164
-9.926959
-12.504248
-8.020788
-10.292874
-8.750259
-7.029617
-6.113037
-11.304733
-8.443365
-10.458142
-9.897068
-9.705178
-8.962614
-9.863319
-5.963102
-9.009723
-7.626503
-7.309193
-6.996761
-12.528263
-9.917236
-8.502156
-9.513851
-10.818102
-9.175662
-10.717677
-7.839601
-8.302796
-8.577240
-13.653803
-5.593832
-9.844899
-10.546785
-3.997895
-4.953579
-6.975718
-7.363178
-8.091578
-9.907411
-10.324818
-9.074430
-7.796642
-9.815878
-6.885778
-7.585996
-8.969899
-8.172454
-7.710294
-10.620927
-8.312199
-11.125673
-12.307766
-8.432379
-6.996798
-9.325532
-5.434572
-6.070867
-8.192669
-9.266564
-9.498101
-10.329405
-8.201807
-8.582017
-9.843716
-8.183240
-9.418789
-11.342010
-8.656909
-8.142196
-7.284835
-11.442389
-6.706473
-7.896864
-8.741284
-7.074682
-9.770980
-8.256275
-10.139249
-8.920826
-9.714993
-9.018442
-9.117478
-7.714132
-11.827992
-9.656815
-10.749168
-7.620023
-11.888240
-7.689863
-9.833341
-7.596435
-11.037168
-11.366213
-6.594555
-10.337979
-10.462075
-10.037560
-7.837788
-7.774180
-9.613939
-7.555668
-9.880383
-8.032242
-6.826783
-10.626063
-8.743741
-8.434768
-6.647488
-11.123507
-10.719510
-6.996102
-9.064330
-9.834922
-9.832237
-6.522216
-7.856569
-10.117439
-9.291921
-7.277539
-6.974908
-11.408795
-10.895809
-7.847797
-8.515657
-8.927258
-5.547828
-10.100272
-8.708965
-7.909506
-8.744955
-6.662104
-8.730445
-14.306199
-7.473430
-9.382150
-5.234954
-11.425252
-8.331955
-10.444810
-11.338283
-10.313665
-9.576154
-10.987035
-12.587343
-9.615887
-12.725265
-9.547954
-7.632286
-9.970160
-8.637194
-10.395306
-11.167517
-7.446760
-10.379410
-12.565550
-8.287094
-5.861619
-11.940264
-7.715663
-7.851595
-6.044253
-11.170681
-9.412658
-9.270823
-10.364559
-10.612276
-10.139119
-7.266524
-9.533264
-7.222960
-7.710082
-4.327855
-11.377314
-11.429468
-13.465069
-10.289157
-9.069485
-8.866732
-9.553318
-7.646229
-6.378866
-8.012819
-4.061774
-5.449941
-9.015347
-13.246135
-13.250147
-10.123534
-8.803113
-4.629607
-7.826549
-9.522081
-11.491441
-8.771850
-7.672354
-11.464435
-8.662128
-14.959418
-8.252380
-10.096504
-11.938530
-9.748563
-8.549812
-12.070741
-9.464974
-8.225558
-6.703364
-8.637996
-8.726259
-9.605227
-11.371593
-12.251961
-8.314198
-7.193983
-11.969977
-14.184322
-7.760983
-7.648304
-9.958731
-9.294062
-11.451838
-8.656076
-10.206179
-9.283750
-7.477504
-9.165061
-9.841575
-5.164344
-10.057723
-9.524505
-12.780437
-10.330377
-10.536462
-6.203118
-6.085248
-7.294790
-7.084168
-7.942702
-8.203675
-8.105265
-8.956885
-9.652116
-9.569927
-9.584873
-12.269402
-7.990441
-9.037428
-7.574730
-9.271723
-8.806755
-6.764639
-10.211262
-9.707703
-10.207152
-9.767718
-8.439697
-7.221563
-7.349999
-5.531171
-6.453684
-12.386026
-5.624008
-7.001685
-7.682530
-8.748878
-8.458312
-5.127083
-9.836870
-10.283769
-7.649393
-7.333074
-7.933439
-10.186303
-9.879332
-9.808559
-9.950943
-9.074821
-6.113743
-8.008209
-11.334352
-7.429085
-10.536818
-8.005178
-6.936749
-12.347721
-10.333876
-10.235498
-8.161107
-10.607141
-9.380585
-9.471737
-10.454174
-8.475160
-9.153352
-4.905630
-8.486058
-9.094945
-7.122999
-9.833961
-8.636837
-11.310370
-11.264709
-6.198604
-8.703776
-8.834719
-10.782778
-9.038238
-7.918083
-4.417945
-8.976233
-8.811385
-6.347124
-12.963446
-9.722279
-10.902175
-10.612063
-9.395296
-8.627940
-11.027042
-7.526016
-13.727174
-10.604248
-12.420320
-8.333872
-7.396960
-9.367188
-7.031376
-8.158358
-10.705265
-8.794807
-10.268860
-9.245332
-7.589900
-8.246805
-12.314139
-9.103221
-8.879478
-10.094983
-9.938552
-6.488834
-9.903597
-8.013592
-9.031254
-8.377083
-8.384992
-6.806726
-7.444576
-9.293740
-8.597924
-11.438343
-10.543260
-10.773554
-8.301972
-5.282379
-6.390203
-7.645631
-8.973047
-8.044003
-8.281535
-4.943383
-9.602999
-8.749691
-10.431057
-11.182722
-9.693225
-8.082870
-9.118585
-10.060045
-9.146605
-10.077897
-8.491863
-7.892157
-5.885828
-10.952056
-9.198362
-9.939501
-5.078094
-7.719439
-8.161456
-7.469088
-9.996978
-7.157651
-9.024810
-8.160052
-6.738714
-8.939318
-10.090031
-9.386478
-6.904362
-8.493081
-11.136081
-9.311907
-8.369760
-12.001515
-7.867599
-9.901525
-7.958353
-14.739217
-8.989161
-8.060170
-10.792595
-10.464118
-8.200913
-5.377880
-7.350006
-10.670476
-7.145605
-9.035028
-7.091326
-9.249557
-10.879022
-7.752531
-10.218246
-8.688234
-12.852452
-6.258320
-8.846069
-9.371575
-9.399175
-10.059155
-7.583822
-10.269680
-7.012530
-9.672213
-11.591674
-9.139455
-6.227012
-8.312499
-10.389842
-11.104576
-10.403407
-7.086487
-11.193509
-11.196322
-7.956422
-9.702212
-7.765069
-8.554280
-6.589843
-7.051685
-6.383393
-5.115740
-10.990791
-8.007055
-10.555411
-9.494178
-9.447458
-5.968711
-10.431267
-10.304777
-10.569493
-6.715910
-7.971478
-7.778004
-9.219341
-8.251484
-10.989641
-8.684167
-6.817976
-9.810488
-11.419237
-3.627769
-10.997799
-7.266251
-10.370955
-12.809857
-7.193422
-10.149566
-6.656358
-6.819426
-10.306017
-12.072567
-8.198358
-8.726830
-6.360198
-5.000030
-10.764475
-8.364488
-6.537782
-7.339643
-9.387473
-10.142910
-7.621852
-9.379883
-11.628585
-11.501974
-13.636113
-15.709350
-9.032693
-6.779058
-12.224822
-8.274844
-7.626599
-10.045000
-9.043455
-11.375713
-11.117583
-10.516199
-5.306268
-10.812766
-11.291144
-8.119580
-7.469547
-8.254059
-12.058086
-9.963528
-13.154552
-11.117346
-8.183447
-7.860293
-10.913109
-8.672401
-6.652649
-8.355762
-9.737468
-6.467013
-11.139800
-8.663953
-9.172334
-12.765424
-8.261325
-7.851784
-10.400407
-9.633344
-8.757895
-8.443133
-9.787530
-10.486375
-10.886098
-10.072696
-9.598523
-8.295727
-10.390268
-11.504003
-11.944467
-12.265332
-6.490196
-6.402745
-8.561357
-9.163672
-10.259629
-5.990425
-6.825992
-9.642762
-14.140834
-8.089270
-7.864947
-7.899391
-8.827032
-10.312579
-8.230844
-8.883388
-10.394110
-10.780149
-10.167104
-12.376602
-10.275936
-11.557033
-9.144163
-8.242743
-6.709791
-7.551714
-7.131061
-7.259991
-7.385771
-7.395529
-9.211732
-9.770002
-9.996529
-11.033675
-7.803935
-11.641373
-9.237063
-8.786836
-8.092471
-11.741964
-8.340165
-12.271623
-11.258150
-6.004991
-9.908649
-6.632543
-9.674010
-9.662208
-10.314524
-8.519970
-8.177812
-12.695084
-9.493297
-7.045721
-8.988908
-5.384456
-9.424274
-11.874692
-8.763628
-6.463393
-10.109624
-5.911271
-6.194697
-10.200693
-3.384170
-9.968148
-11.707019
-10.726363
-6.962033
-11.390091
-7.600738
-8.968152
-8.685653
-8.508788
-8.999063
-5.890213
-7.768886
-10.866039
-3.070619
-8.326739
-11.550888
-9.287857
-8.686456
-10.249188
-7.795773
-7.854080
-7.535083
-9.063615
-10.027191
-12.555256
-11.425745
-7.683557
-11.024368
-8.018308
-9.297799
-10.095565
-9.322850
-7.991637
-10.286814
-9.023739
-9.555458
-8.754329
-11.996349
-11.230582
-11.623060
-15.460459
-10.320618
-10.621537
-8.911419
-9.736581
-8.344907
-8.254790
-8.660567
-9.923573
-7.592624
-9.388315
-7.472576
-7.183562
-6.084138
-12.923124
-9.969765
-9.510491
-11.803941
-6.110518
-12.875889
-10.449877
-6.072252
-7.571308
-6.855671
-10.059294
-7.664819
-9.215876
-9.659159
-4.730099
-8.106368
-8.000158
-10.064496
-4.569803
-11.662700
-12.852052
-7.317228
-5.411596
-6.785115
-10.454053
-8.813943
-8.116271
-8.686752
-4.968051
-8.591105
-9.038617
-8.135180
-5.947797
-9.626428
-9.673082
-8.101145
-9.280544
-8.248953
-9.704831
-6.549190
-11.612700
-5.399065
-8.491254
-6.370723
-4.792794
-7.885684
-7.273027
-9.125189
-9.659413
-7.557679
-11.629879
-7.351789
-8.589344
-8.097283
-9.881241
-10.495995
-10.290885
-9.328360
-6.812664
-12.399640
-13.166434
-8.643836
-5.160295
-9.110016
-9.156611
-8.743430
-9.877123
-9.328045
-4.992169
-7.905615
-11.000601
-13.389214
-7.397796
-12.013147
-9.841262
-3.504034
-9.000652
-9.922811
-8.803218
-8.821343
-9.546122
-6.236546
-9.804630
-7.695283
-10.640915
-11.408200
-13.098215
-9.275355
-11.191704
-13.194192
-8.169906
-12.607561
-10.545589
-6.961801
-11.173671
-6.450374
-8.077410
-6.323606
-7.113262
-6.774206
-9.075559
-8.114107
-9.356970
-11.155933
-10.064159
-8.688781
-8.906407
-9.797270
-7.794056
-8.084860
-10.077024
-10.195092
-7.312677
-10.952993
-8.084865
-8.839816
-8.486928
-8.409699
-13.245978
-11.346475
-8.245834
-8.524907
-8.624041
-5.055252
-8.525033
-10.777488
-10.211992
-8.265691
-13.035094
-8.056335
-10.940468
-7.430493
-8.606124
-11.616601
-8.352818
-7.005136
-8.796705
-7.295434
-10.015903
-7.220950
-10.385520
-11.005712
-8.045972
-7.363916
-11.128669
-8.288297
-10.651951
-9.676689
-9.769203
-3.254198
-13.035015
-9.577055
-9.400944
-9.355058
-10.666739
-9.702065
-10.778221
-10.071099
-8.618217
-6.860641
-9.910525
-10.002864
-10.464729
-11.104271
-8.219936
-11.116973
-8.748673
-9.716949
-12.232059
-12.014913
-7.082313
-8.617559
-9.978551
-8.244500
-7.631881
-8.298388
-6.411867
-7.364274
-8.781234
-8.967364
-8.713367
-8.169204
-12.330247
-8.392008
-7.287865
-9.368097
-8.179010
-9.053090
-9.235411
-8.291504
-10.794099
-7.244866
-8.947421
-9.177379
-6.703950
-6.841967
-8.292747
-8.313102
-5.917109
-7.349245
-8.432638
-7.400156
-8.698634
-4.720676
-8.538195
-6.938557
-7.699765
-12.115555
-9.831415
-6.029390
-9.395313
-6.462509
-10.707648
-7.414958
-8.985418
-8.024908
-12.237820
-10.848688
-12.720086
-8.558448
-9.072026
-10.666061
-5.869927
-10.530407
-9.079618
-7.805603
-6.768788
-8.199048
-8.389103
-9.613424
-9.513401
-10.328028
-8.390759
-10.972735
-5.601330
-11.213226
-7.569681
-8.967339
-6.859365
-6.394223
-12.413698
-8.682667
-7.246815
-6.203730
-10.181789
-6.358387
-8.168478
-11.271263
-9.446795
-8.071300
-12.719973
-7.113790
-12.233619
-7.970165
-8.917030
-6.941855
-12.670086
-8.912115
-7.763821
-7.625295
-7.009986
-9.311156
-5.798375
-7.788425
-8.323893
-11.539509
-7.522594
-9.081710
-9.909155
-8.283880
-9.949686
-4.845457
-7.225658
-9.438183
-10.308584
-7.084494
-7.158324
-11.221938
-5.869846
-14.030944
-8.952325
-8.124152
-10.047393
-10.147632
-9.759962
-6.770332
-7.892453
-8.139413
-3.839072
-8.856167
-9.293737
-8.912975
-7.969544
-6.674839
-6.601599
-9.473670
-8.241547
-7.789632
-9.896276
-10.252565
-7.409456
-8.653466
-8.662792
-12.789037
-13.460565
-8.019619
-11.302673
-13.953054
-9.704634
-11.484962
-10.227921
-6.182895
-9.498860
-9.267303
-9.522315
-9.445864
-7.172672
-9.790574
-10.639965
-8.463124
-9.517387
-7.308764
-9.622635
-10.052204
-8.897194
-12.976225
-8.685250
-7.969594
-12.314139
-9.235362
-10.268163
-8.530841
-6.218332
-8.917431
-7.510978
-8.708306
-9.125264
-10.227669
-8.712497
-9.300464
-6.897089
-10.671648
-6.918324
-9.760512
-8.232378
-8.427343
-7.009138
-8.806087
-8.000682
-9.353778
-6.405682
-10.921984
-7.198137
-5.538264
-5.967775
-11.498989
-8.920267
-11.001373
-8.492280
-9.493073
-8.314310
-6.956251
-6.923903
-7.898925
-11.165294
-8.347618
-9.001771
-8.372809
-10.721289
-9.165250
-8.108335
-9.216429
-6.444905
-8.758839
-9.673957
-8.982234
-7.026869
-8.837937
-9.819062
-11.252730
-10.777993
-10.948956
-8.923891
-11.026872
-8.014374
-10.471669
-7.746161
-10.429924
-10.274009
-6.329805
-6.429319
-10.241088
-8.229890
-7.697216
-7.807624
-7.501195
-13.732493
-11.066437
-8.112039
-9.930379
-9.410809
-11.269708
-9.681888
-7.917439
-14.419642
-9.977723
-3.893541
-6.884083
-11.564644
-9.512908
-4.421113
-8.276784
-7.798011
-6.086119
-10.909626
-7.693855
-7.859464
-7.293563
-6.948013
-6.780344
-9.103103
-9.031209
-5.658776
-9.374630
-7.787638
-8.398913
-7.980228
-7.539415
-10.568624
-6.772146
-11.617427
-11.896995
-12.314139
-6.293396
-11.760929
-8.149670
-7.327839
-9.572625
-6.357113
-11.561900
-11.335558
-11.541025
-13.849816
-6.094405
-8.016353
-10.112186
-9.030662
-6.997687
-6.852450
-9.574393
-11.146612
-6.282343
-7.912041
-11.332762
-10.508435
-10.839227
-5.717921
-8.081986
-9.541697
-7.231601
-9.609193
-7.652701
-7.485137
-10.836889
-5.556772
-7.753354
-9.244056
-8.661968
-12.394084
-11.384165
-8.886151
-11.408601
-11.119989
-6.903737
-9.143505
-9.366008
-6.720801
-7.242493
-8.984140
-7.405529
-11.492869
-5.891167
-11.025189
-11.023784
-11.811448
-11.255402
-9.240324
-13.652822
-7.268357
-7.641553
-11.875920
-10.032572
-8.781336
-7.379867
-8.963969
-6.777483
-7.129781
-7.667138
-8.282876
-8.468846
-9.853148
-9.840498
-11.141167
-12.686759
-11.666016
-10.360707
-10.107579
-8.911901
-12.770457
-9.317157
-8.666279
-10.073626
-11.543455
-10.487191
-8.961951
-10.173223
-13.802874
-7.930932
-11.007454
-9.612871
-6.969169
-6.063487
-6.251353
-8.038829
-9.774426
-8.787295
-7.555041
-8.756104
-10.570272
-9.099863
-8.618556
-8.693832
-6.994815
-7.652422
-7.735745
-9.432024
-8.709136
-12.681330
-8.467593
-15.864537
-9.182617
-8.254361
-9.135775
-7.775156
-8.932543
-12.675381
-8.846253
-9.212944
-9.558300
-8.853628
-6.126438
-7.247788
-9.757509
-7.177521
-11.859027
-6.827983
-9.942422
-11.547859
-12.411013
-11.101234
-8.490314
-7.367176
-8.571730
-7.561426
-7.052601
-6.755765
-9.900268
-8.869448
-9.225271
-11.050817
-9.731002
-9.408536
-8.720410
-9.340799
-5.706710
-8.185846
-8.069304
-9.197766
-9.623254
-9.733918
-8.187783
-10.473092
-11.650370
-5.926069
-7.415521
-6.194767
-8.828129
-6.108772
-7.206048
-4.151978
-5.413558
-12.332618
-8.245759
-10.154390
-7.981962
-11.188931
-8.843226
-9.498837
-8.294538
-8.783852
-12.934756
-8.185276
-7.261013
-7.978261
-9.752257
-7.398871
-8.155306
-9.091125
-10.959847
-7.593466
-9.332842
-8.430573
-8.538361
-8.809707
-9.788962
-9.075133
-9.255739
-11.857693
-7.521645
-9.921702
-7.980051
-9.061218
-9.130340
-9.251760
-8.310330
-7.997709
-9.789692
-7.490745
-8.585166
-11.582134
-8.613577
-9.827913
-7.711260
-6.883649
-8.036005
-11.085796
-10.421439
-9.282549
-10.868002
-8.433262
-8.903997
-7.732133
-7.556824
-7.575901
-11.103370
-9.976654
-9.871428
-5.813748
-9.362518
-12.103507
-6.530660
-10.167795
-8.558529
-7.531326
-8.384286
-10.274929
-10.058752
-9.923536
-8.750024
-11.242086
-11.930878
-8.066925
-9.846729
-8.590834
-8.091485
-9.619608
-8.270806
-6.442572
-8.021956
-7.383879
-9.645796
-11.760146
-9.235730
-8.038394
-7.214665
-8.470172
-7.449111
-7.329530
-9.263877
-11.863669
-7.692718
-11.502307
-8.581130
-12.464993
-11.974815
-10.386051
-9.098930
-10.059837
-10.915876
-9.460034
-8.714643
-13.241796
-9.224956
-6.952355
-13.249769
-9.293509
-7.585189
-7.200974
-9.546309
-8.003160
-10.343495
-8.120344
-11.016229
-8.750213
-8.655097
-11.933807
-7.133944
-10.375682
-9.708882
-10.207357
-10.943493
-9.872459
-7.186987
-8.758290
-8.557728
-10.841599
-5.595047
-10.415226
-7.109847
-7.510460
-9.761039
-8.532938
-6.878557
-8.065563
-9.870783
-6.073081
-8.016713
-8.099439
-7.815170
-8.223837
-8.226893
-7.674935
-6.333268
-8.238239
-9.191328
-11.887959
-9.194009
-7.865301
-10.715219
-8.064268
-10.166465
-9.884334
-8.689225
-9.976305
-5.995401
-8.416731
-10.454718
-7.113770
-6.558981
-7.466289
-10.193182
-8.888427
-11.063671
-11.470973
-12.067648
-6.278646
-12.307288
-11.142252
-10.108258
-4.550595
-11.799287
-9.522578
-7.607886
-10.376786
-10.292136
-7.125202
-12.408579
-11.055107
-11.334531
-10.669575
-11.712838
-8.066751
-7.293577
-8.966773
-11.242086
-10.535400
-9.072585
-13.325227
-13.484873
-9.590795
-8.025032
-7.199951
-12.319233
-7.107129
-13.531058
-7.606573
-8.448056
-9.919338
-8.125359
-7.640877
-9.852432
-5.623545
-8.109583
-5.723879
-10.353353
-8.703833
-10.260583
-9.562222
-9.973370
-5.861449
-8.567646
-9.307030
-5.650844
-12.210522
-6.930990
-9.520700
-9.110996
-5.817222
-9.758881
-8.871285
-8.961380
-9.454666
-9.115229
-8.273048
-11.039648
-12.773013
-11.962799
-9.184841
-10.190662
-8.633434
-9.351779
-6.159842
-12.026587
-7.373633
-8.743741
-11.864979
-8.056241
-8.741019
-8.189185
-7.024932
-9.465274
-7.362983
-7.342122
-8.079824
-7.673904
-10.033792
-13.136462
-9.647441
-9.674545
-8.107567
-9.357609
-12.275859
-5.564723
-8.422816
-7.810081
-11.291512
-7.823379
-9.347052
-6.202716
-9.706778
-6.825986
-9.319880
-7.793729
-9.172423
-12.129770
-7.342481
-9.505263
-9.760651
-11.178749
-7.395437
-9.298902
-7.817039
-7.581308
-10.369487
-9.399105
-9.810688
-5.969603
-9.997480
-10.063787
-9.145750
-5.826421
-10.520041
-10.137984
-8.965546
-8.953030
-9.230502
-6.732769
-12.417826
-9.745506
-9.157468
-12.409122
-9.507084
-7.646229
-5.771505
-8.273305
-12.856596
-8.304332
-8.961916
-8.614104
-8.749132
-8.581611
-6.708599
-9.882396
-8.640022
-7.983078
-10.777122
-7.593026
-10.552483
-10.557698
-10.897026
-11.025597
-8.378268
-10.536464
-7.960505
-8.321502
-6.511427
-10.698219
-9.265394
-9.935382
-4.101969
-9.467385
-9.229916
-8.851512
-8.395421
-9.701017
-13.611118
-7.776549
-7.989854
-8.088010
-8.352781
-10.549141
-8.514133
-12.605322
-9.493979
-8.985056
-8.364670
-7.981501
-7.804925
-8.181487
-7.554227
-11.468161
-7.178152
-10.088292
-10.123484
-9.034597
-11.402546
-7.086196
-9.531637
-11.022006
-9.212346
-9.988998
-12.233882
-7.431166
-9.511787
-8.272819
-7.358432
-7.836230
-8.213126
-5.731269
-6.105873
-10.601496
-8.599023
-4.796857
-11.337194
-8.617393
-9.920871
-10.554856
-11.701207
-9.321830
-6.191391
-9.909101
-8.270127
-9.903765
-7.593801
-9.427152
-8.319927
-10.687334
-10.003602
-8.060407
-12.527459
-12.527459
-10.225851
-11.507532
-9.708552
-9.846849
-8.310220
-7.944099
-6.621440
-8.959045
-6.958304
-10.652225
-9.267817
-8.978701
-9.698583
-8.750186
-6.954011
-8.574058
-11.542361
-9.208417
-12.145082
-8.491419
-8.833732
-9.279207
-11.588269
-9.032878
-9.482900
-11.935137
-7.800659
-13.034435
-13.130173
-8.618426
-9.244983
-8.717671
-8.356124
-8.313075
-6.732231
-9.962804
-9.171312
-8.158449
-6.788347
-5.854554
-12.544949
-9.461634
-7.792974
-11.651788
-10.869340
-7.276233
-9.813701
-9.016580
-9.660308
-6.801342
-7.637522
-11.428903
-8.111423
-9.288384
-9.000558
-9.498261
-10.377565
-11.038389
-11.175863
-7.290941
-10.169357
-10.768313
-8.329241
-6.746657
-8.063478
-9.382271
-9.916144
-8.488661
-9.081481
-7.633678
-8.213251
-10.430952
-5.795189
-8.564591
-10.580685
-8.647679
-9.078420
-8.484069
-10.410398
-9.229873
-4.198618
-7.152276
-8.201272
-9.917624
-9.195516
-8.132742
-8.539126
-8.846115
-10.830840
-10.136285
-10.323906
-10.158476
-8.498713
-7.144080
-2.478004
-11.158006
-8.603174
-10.132966
-6.693350
-9.063097
-7.367950
-9.559985
-7.489259
-13.952839
-10.023730
-7.083292
-12.315795
-7.722731
-10.818072
-9.215664
-13.440412
-8.887470
-12.751981
-9.365890
-9.220008
-9.538245
-8.060349
-12.279017
-9.451353
-8.449687
-8.609831
-8.096962
-6.945627
-12.019395
-10.338063
-8.810716
-9.101836
-9.979856
-9.101374
-7.405014
-9.333914
-8.255144
-12.443584
-12.867826
-8.737627
-7.884897
-11.687904
-10.639165
-9.472244
-11.237960
-9.213650
-9.327114
-9.485015
-6.428668
-7.015501
-11.628575
-9.797246
-7.391623
-9.148493
-11.114274
-8.636341
-8.542208
-6.294479
-9.142304
-8.832157
-8.522093
-6.225075
-9.644442
-11.351897
-10.351498
-8.395377
-4.408735
-8.103588
-8.989184
-6.474617
-9.125376
-8.713490
-11.223543
-8.210978
-10.214776
-5.314332
-10.239727
-7.621483
-9.927408
-11.149111
-10.160465
-11.314882
-7.812857
-12.899227
-12.116032
-8.956562
-9.643966
-9.614427
-12.556579
-10.296447
-8.670599
-6.925435
-9.365237
-5.919303
-9.120782
-11.481398
-6.708108
-5.511801
-9.163013
-8.158869
-7.804150
-14.072799
-9.483580
-9.252767
-11.282128
-7.530951
-10.366636
-9.520190
-10.056218
-11.071293
-10.793161
-8.761322
-9.252481
-11.310047
-7.383255
-11.821157
-6.972003
-9.014424
-6.236388
-8.369196
-12.373632
-8.508362
-7.750100
-8.808400
-10.393384
-9.099220
-8.211726
-9.462411
-12.042927
-9.700052
-10.035539
-11.298253
-7.369966
-9.070934
-8.327990
-10.123161
-6.028061
-10.968285
-10.699562
-8.444448
-8.219162
-9.043442
-6.599668
-9.142066
-11.385711
-6.624261
-8.628170
-8.442438
-12.108999
-9.472072
-7.971631
-7.780956
-8.459663
-7.575075
-8.646079
-6.659729
-10.454499
-7.578247
-10.569801
-8.261598
-7.112217
-11.444951
-9.878105
-6.632821
-9.064927
-6.097590
-11.481195
-10.969098
-6.538648
-10.163624
-12.290849
-8.631207
-4.747570
-6.123477
-7.214135
-8.503774
-8.798123
-8.832244
-10.928101
-7.833922
-5.468806
-6.726912
-8.702404
-7.749596
-6.459686
-10.859891
-10.801915
-6.476834
-8.042202
-7.048809
-7.121569
-8.980732
-6.961771
-10.269752
-10.798468
-7.571912
-10.867215
-10.292745
-9.449722
-7.716318
-11.614947
-9.765799
-7.624204
-9.947360
-8.228455
-10.883623
-8.289151
-7.008002
-9.057734
-11.025046
-8.335073
-10.148851
-8.399219
-7.132707
-7.409156
-5.467174
-8.501393
-10.984147
-9.677113
-8.028014
-12.795727
-8.887131
-9.808029
-10.686557
-10.428713
-8.699441
-10.117172
-11.235707
-10.028208
-10.622921
-7.251050
-10.223919
-8.454753
-9.861091
-5.471036
-9.112051
-13.479073
-9.359835
-8.029864
-7.893674
-6.794664
-12.314139
-3.819080
-6.644600
-10.016378
-6.855160
-8.054457
-6.239413
-7.919329
-8.096042
-8.740484
-12.597894
-8.082163
-9.879974
-12.911713
-8.262886
-12.309356
-11.190747
-10.033271
-8.432862
-9.071237
-8.420649
-10.013314
-6.285047
-7.247454
-8.633377
-9.822020
-9.030355
-7.652765
-9.089944
-9.125795
-8.203140
-10.397085
-9.152733
-7.010211
-11.980929
-13.086243
-12.409090
-6.503240
-9.565541
-10.047798
-8.555391
-12.872578
-8.632360
-9.512930
-9.863358
-7.032091
-11.229478
-10.220267
-5.810966
-7.889271
-11.054244
-8.943399
-4.807205
-7.709864
-6.674028
-9.476036
-8.467594
-10.176165
-9.304157
-9.552356
-11.596115
-6.188209
-7.732899
-7.591712
-11.164170
-11.439538
-6.730736
-11.705185
-10.847092
-9.738088
-5.029294
-12.554244
-10.545248
-5.715528
-8.652555
-11.944654
-7.332841
-10.723147
-10.603951
-9.444324
-9.770677
-6.007603
-6.870076
-10.913266
-9.061251
-9.343025
-8.902751
-9.935312
-9.086463
-8.081782
-11.758796
-10.669217
-8.271692
-10.760008
-9.444622
-8.186651
-9.943611
-11.137533
-6.664542
-9.511615
-8.665251
-7.438281
-8.981799
-13.170199
-8.905401
-6.007153
-8.471914
-9.117507
-10.621634
-8.389984
-10.506554
-6.866116
-10.953441
-9.014891
-8.047733
-8.803381
-8.043860
-10.589637
-8.960869
-9.709164
-8.321153
-8.616937
-6.500549
-5.909712
-9.085505
-8.243197
-13.172544
-11.394314
-11.164967
-9.432829
-8.296225
-11.364816
-10.022651
-4.925210
-10.829482
-10.903299
-11.231842
-8.305645
-10.578776
-8.227108
-11.346729
-6.973147
-10.588109
-7.498434
-7.420893
-8.417469
-6.609209
-9.389404
-7.095741
-6.609256
-9.815297
-11.261989
-10.305521
-6.886083
-8.428750
-8.109201
-9.152309
-6.346502
-11.616191
-8.896406
-10.686327
-12.408888
-5.956314
-9.753242
-13.231484
-9.683444
-7.598368
-7.280076
-11.342936
-8.219408
-11.492362
-7.493707
-8.176847
-6.492555
-9.503574
-10.540529
-10.781042
-13.577836
-10.476700
-9.086346
-6.525003
-9.929763
-12.729560
-9.259221
-8.762777
-12.057062
-8.697287
-6.528734
-8.648888
-9.248197
-9.098060
-9.229618
-4.626694
-7.642826
-8.328190
-8.728056
-7.461707
-10.669596
-6.420781
-7.144302
-6.224886
-8.836661
-11.180368
-10.630011
-6.934436
-8.111930
-10.916310
-10.160761
-8.474846
-11.697152
-8.140848
-11.817410
-5.962523
-6.831079
-12.527459
-4.188741
-8.848965
-9.112909
-8.984183
-11.769029
-7.867755
-8.885352
-8.406454
-5.949849
-10.972256
-7.053345
-6.474648
-9.881942
-11.134649
-9.825727
-9.327862
-7.709219
-9.304831
-8.159973
-6.995008
-10.436307
-10.106888
-9.257328
-11.361168
-9.750445
-7.638333
-7.093193
-4.098136
-10.215652
-10.959471
-8.979114
-10.153975
-7.983592
-6.644991
-9.286476
-8.689473
-7.935965
-7.578627
-4.638543
-6.922345
-8.522842
-6.067700
-7.002564
-9.384655
-8.012037
-9.504923
-9.085256
-9.444762
-10.387435
-11.685592
-7.805033
-9.466980
-9.675624
-10.822605
-7.004265
-12.429102
-12.419688
-9.780158
-10.693333
-10.887709
-5.204854
-9.668507
-11.779420
-12.433303
-9.743522
-8.175241
-7.060177
-11.014359
-6.903579
-7.004546
-8.326605
-8.756337
-10.612885
-10.107987
-9.604203
-6.838599
-9.039362
-7.325558
-8.386084
-11.356791
-10.450683
-5.552357
-9.255843
-7.990282
-9.254431
-8.006097
-8.753624
-8.131919
-6.939986
-8.835055
-11.475718
-9.875110
-8.425041
-10.948944
-12.744674
-7.791996
-10.133145
-6.851633
-7.373369
-7.781486
-8.558930
-11.792641
-11.335147
-10.483994
-8.658846
-10.059362
-10.033107
-10.715930
-9.977986
-8.242731
-11.133420
-9.218643
-10.356663
-9.059999
-10.113086
-7.360693
-10.166338
-10.385796
-8.508624
-9.579477
-6.615155
-8.047870
-6.840331
-15.112450
-9.407160
-7.920025
-9.994713
-10.649381
-11.328602
-6.548310
-10.180122
-7.137184
-7.281847
-8.288829
-7.970605
-7.916232
-9.823167
-6.991006
-9.456021
-7.476677
-10.701642
-7.989826
-9.285046
-10.461738
-9.028746
-9.445586
-8.718196
-8.583808
-9.559261
-11.340170
-6.854787
-10.192808
-7.668980
-10.523415
-7.846191
-10.767350
-8.241539
-8.983773
-12.184774
-7.235228
-11.874550
-4.613011
-10.761699
-11.563589
-8.734742
-9.122606
-7.950080
-11.306761
-8.495304
-7.553339
-9.176399
-10.525526
-8.748365
-8.267705
-8.603644
-11.479209
-8.903629
-8.322521
-12.247496
-7.692176
-14.331985
-7.398627
-6.762089
-6.222947
-9.114779
-8.540821
-10.413738
-5.631448
-6.750930
-8.694290
-6.247459
-4.213396
-8.304399
-8.848288
-11.974920
-8.535947
-11.878023
-8.056269
-8.750796
-11.755176
-8.756337
-9.198600
-11.567004
-7.480414
-8.294470
-9.525919
-9.066294
-10.652802
-10.641848
-6.930215
-11.389284
-10.782516
-14.493707
-12.765299
-7.899436
-10.263962
-9.801694
-11.970783
-9.270063
-7.974505
-7.745216
-10.506619
-7.277071
-9.092497
-12.238871
-6.039723
-7.522416
-11.247455
-6.045191
-8.501555
-8.454245
-6.852302
-9.831578
-8.093893
-6.218312
-10.822032
-10.652212
-9.999619
-8.360673
-9.105368
-9.101872
-9.704531
-12.329903
-8.624832
-7.355467
-9.738902
-12.357649
-8.717285
-6.583276
-8.519486
-9.857385
-9.887938
-8.077345
-9.817883
-9.573690
-7.869853
-13.308906
-7.918538
-9.241275
-7.310572
-8.623595
-9.938334
-6.487608
-8.320440
-8.790155
-8.829604
-10.171780
-9.111193
-10.911413
-13.230103
-8.795129
-11.773385
-9.358299
-10.925258
-8.028764
-10.094316
-7.722892
-7.839686
-8.589887
-7.641602
-9.205497
-10.317921
-8.295752
-7.605540
-14.398092
-10.404670
-8.714353
-7.964942
-8.718714
-7.838741
-12.811227
-9.475794
-11.121410
-8.563367
-7.991311
-6.506619
-10.311647
-8.984498
-5.991419
-9.489765
-6.233726
-10.218617
-8.119296
-9.108281
-13.383378
-12.865277
-10.597879
-6.609283
-9.004633
-8.555407
-7.364047
-11.041564
-10.357017
-8.954766
-7.737583
-8.537427
-12.102145
-11.983049
-7.009536
-7.624046
-7.746207
-10.336458
-8.453102
-8.700136
-7.236834
-8.196324
-10.252303
-10.302794
-8.842374
-9.186537
-13.996059
-11.499681
-8.684775
-9.289852
-7.955004
-11.238984
-7.397221
-10.424633
-11.870401
-9.082679
-8.365852
-8.248003
-8.109046
-10.368507
-12.244704
-10.950165
-8.424339
-8.945569
-7.625636
-6.937151
-9.176485
-5.711407
-6.415092
-9.460845
-6.294432
-12.009694
-10.632689
-8.121750
-5.553956
-9.932657
-9.747530
-6.645061
-7.068137
-7.428710
-13.167529
-11.417307
-6.359169
-9.350418
-7.724989
-9.720946
-7.033036
-7.109844
-9.479042
-6.964100
-12.835284
-7.764835
-8.552617
-8.787264
-10.265473
-12.490915
-10.977987
-9.946486
-10.378215
-10.201036
-9.989926
-10.322945
-8.278955
-8.834856
-7.785448
-12.345254
-10.280187
-7.324939
-12.808472
-10.102540
-9.478754
-10.725024
-9.124990
-10.808262
-10.545592
-9.497241
-8.596332
-7.610313
-8.952861
-7.379150
-8.699539
-8.743125
-10.137032
-7.249692
-8.813684
-5.206103
-12.037324
-9.251275
-11.209195
-9.641317
-8.517511
-8.849533
-9.499492
-10.872492
-9.673581
-9.777005
-8.474160
-9.428080
-9.254494
-6.985563
-12.215713
-8.054636
-9.110494
-11.957943
-12.177392
-5.801342
-9.726705
-8.105484
-7.014489
-9.554446
-9.995659
-8.562301
-12.736456
-13.339528
-9.316993
-6.604572
-8.351954
-11.550432
-7.687132
-8.955039
-10.236629
-10.718428
-9.083625
-14.419642
-6.000750
-10.415841
-8.884305
-11.940592
-10.663266
-8.110426
-12.739519
-8.027559
-7.091935
-8.888279
-11.397061
-10.763917
-10.970394
-9.583751
-7.978556
-7.023948
-7.836461
-10.073595
-6.443393
-11.387955
-8.615216
-9.716289
-7.648521
-11.009996
-6.841228
-12.034793
-6.109462
-8.932842
-8.613966
-9.300941
-8.122454
-9.486794
-7.964194
-9.303000
-9.240836
-10.506902
-6.747191
-9.551056
-6.697285
-8.138870
-10.097981
-9.093333
-6.285778
-10.535695
-8.130335
-10.844521
-7.884121
-9.565768
-8.632810
-9.510653
-9.961966
-8.049351
-9.351179
-11.360845
-9.162199
-8.696198
-13.955548
-8.703787
-10.496363
-10.567903
-9.045638
-7.794473
-11.331360
-8.393878
-8.604917
-8.803228
-6.651530
-10.956383
-9.011086
-7.192882
-7.791945
-7.771879
-9.804978
-8.848805
-7.862234
-7.714821
-8.794329
-9.660660
-9.630045
-9.287513
-13.229163
-10.599837
-12.766071
-11.601651
-9.639629
-8.122118
-14.969460
-11.323998
-10.088733
-9.610223
-11.341063
-14.454391
-8.873375
-10.143962
-6.838160
-7.428495
-13.337812
-8.457903
-10.035246
-9.155885
-11.183781
-10.160853
-5.903331
-10.684757
-10.876974
-8.850404
-8.746498
-8.009730
-8.324046
-9.514699
-9.111790
-8.409109
-11.664341
-11.841765
-10.320354
-8.333703
-9.791614
-7.468990
-7.499397
-6.526515
-10.706053
-12.024583
-7.262862
-6.821695
-9.060241
-8.401787
-10.082211
-10.077906
-9.444103
-9.971385
-8.629301
-7.926999
-10.694087
-9.976894
-9.398830
-9.877262
-9.541375
-9.084640
-11.601789
-8.468456
-12.531007
-10.222674
-10.062496
-8.871632
-9.603179
-8.089005
-10.270303
-8.701205
-6.230931
-6.194452
-5.527889
-9.951179
-10.690953
-12.527459
-11.461504
-9.358685
-5.562013
-9.235389
-6.939266
-8.572841
-9.734314
-6.427095
-9.526607
-14.337030
-9.070071
-9.180288
-6.721697
-12.987660
-9.728384
-9.089262
-11.519887
-8.166270
-8.623426
-8.321382
-8.816414
-9.200322
-4.891308
-8.848945
-11.081144
-9.693486
-7.707903
-7.122416
-10.015392
-7.771323
-12.001245
-13.026490
-11.564838
-8.378145
-7.744950
-9.992354
-9.022885
-9.350470
-10.737067
-9.535807
-11.979959
-8.221169
-8.704397
-11.823197
-9.453766
-7.866128
-9.869501
-9.891652
-10.185811
-10.780139
-9.580836
-10.552386
-11.502510
-8.063383
-9.849266
-9.790456
-10.369614
-9.084056
-3.614089
-7.633409
-8.920165
-8.487434
-8.805154
-8.809613
-11.561276
-6.355441
-9.647226
-8.286361
-9.606870
-8.351066
-9.092982
-6.849522
-6.851353
-8.338494
-10.041356
-8.401899
-8.647004
-6.915669
-6.393528
-11.739976
-8.558864
-8.462802
-9.162360
-6.688381
-8.727036
-11.338906
-9.135672
-10.235838
-11.648691
-9.312995
-12.499402
-8.358891
-12.271668
-10.632421
-8.432672
-11.999577
-10.281367
-6.589409
-9.889831
-10.523220
-7.667953
-7.950606
-8.941032
-6.426983
-6.878454
-7.995317
-8.107727
-9.664718
-7.419776
-7.088777
-6.702362
-8.479944
-12.017615
-7.009434
-10.816947
-7.632759
-12.925899
-11.085457
-8.472816
-12.240375
-7.242291
-6.363278
-9.870179
-8.558041
-8.990541
-10.346631
-6.211815
-3.700714
-9.100490
-8.962662
-13.676832
-8.781298
-10.137822
-9.491737
-9.796815
-9.982639
-10.947496
-10.313611
-8.867383
-9.031520
-6.950742
-9.158812
-10.365444
-9.787753
-10.518303
-11.343325
-9.812170
-7.918176
-11.678008
-6.616913
-10.732804
-11.054408
-8.987261
-9.969486
-9.302927
-10.599453
-7.529697
-9.640378
-8.450789
-5.085073
-9.267114
-10.367944
-10.453822
-11.544004
-10.159313
-9.454943
-9.063890
-13.158532
-8.561968
-8.245213
-11.138223
-8.430452
-7.943987
-9.027829
-10.750093
-9.676376
-6.505584
-9.414437
-11.313377
-5.644874
-8.850325
-10.297274
-5.967880
-7.298630
-7.132983
-7.425994
-10.445887
-7.159900
-11.004395
-7.232377
-5.173357
-9.940162
-9.344808
-14.321745
-12.134370
-8.563837
-10.277274
-6.222233
-10.659940
-10.367210
-7.799600
-5.769449
-8.653382
-8.184131
-8.083850
-8.726103
-7.152443
-10.631983
-11.348392
-10.360727
-8.525343
-7.304390
-7.952984
-13.117019
-8.482996
-8.015933
-8.883674
-9.844713
-7.448621
-10.265440
-9.174454
-9.715941
-7.769444
-6.694892
-9.353025
-9.139753
-6.944526
-7.793735
-9.004353
-9.192575
-10.067969
-11.160083
-6.439254
-9.942147
-9.052998
-13.605422
-9.547606
-9.387414
-9.640450
-5.010386
-8.881157
-8.865287
-6.716417
-11.910403
-9.779948
-10.232944
-10.462509
-6.167754
-10.084856
-8.270768
-9.016454
-10.888088
-7.077081
-9.144526
-5.095198
-6.521482
-11.431716
-10.171232
-9.413475
-9.736985
-9.224236
-9.231175
-11.295253
-9.613148
-9.980339
-10.508368
-5.980263
-10.916089
-9.019890
-6.795675
-7.082210
-10.600908
-8.122420
-8.659431
-9.325977
-10.093900
-7.935575
-5.024981
-7.978673
-9.556770
-9.039435
-6.577877
-7.071881
-10.484264
-7.970745
-10.086892
-7.651380
-6.916664
-6.825022
-9.043686
-11.091581
-9.224767
-8.016021
-9.464593
-10.177495
-9.263913
-8.459467
-8.769322
-11.019071
-9.324322
-10.290313
-10.381919
-9.083804
-11.963038
-5.935913
-14.419642
-10.545186
-10.975991
-10.222191
-12.177297
-8.788182
-10.098960
-8.697804
-8.885104
-9.680605
-8.573649
-7.683059
-9.721082
-9.701578
-10.694707
-8.534968
-5.964770
-9.569966
-7.336316
-9.003676
-10.271394
-11.693054
-7.191257
-7.191487
-13.445136
-10.649034
-7.245368
-9.935345
-7.604192
-9.883445
-9.095738
-9.634880
-8.319855
-8.360529
-9.702783
-12.122499
-9.525134
-5.498425
-10.376781
-10.122698
-10.782281
-9.914256
-9.389923
-8.481893
-8.579182
-8.911856
-8.437855
-10.155684
-8.696532
-7.452106
-9.720260
-10.004668
-7.482635
-9.481248
-10.825783
-7.953231
-7.386371
-11.746858
-10.794555
-8.262766
-9.375401
-10.681791
-9.205862
-10.324282
-8.039356
-9.492882
-6.399829
-4.598739
-10.063012
-10.118672
-8.016900
-6.806879
-6.864369
-7.096661
-7.630276
-7.288578
-8.133292
-11.985652
-7.414113
-6.421408
-5.760655
-11.441024
-11.863345
-8.323081
-8.291197
-11.620202
-11.988779
-12.383556
-6.811356
-8.576549
-9.442637
-9.462675
-10.398164
-8.641407
-9.531192
-9.036507
-11.649418
-14.440424
-8.254373
-7.916333
-8.144663
-11.030507
-9.526762
-7.638435
-10.822279
-7.305732
-7.288568
-7.348557
-7.126380
-12.642654
-11.367757
-8.954771
-9.084655
-6.256062
-8.465063
-11.597281
-10.693763
-12.286510
-8.547896
-10.012504
-12.770827
-11.447980
-9.809178
-10.217514
-8.268585
-9.519326
-8.088231
-10.885438
-8.944074
-10.150752
-7.930377
-10.311343
-8.953798
-9.388400
-10.891446
-10.378350
-7.194208
-11.112381
-10.724331
-6.593856
-9.802985
-10.292962
-9.576621
-9.445420
-6.186855
-9.343128
-8.892419
-7.368308
-12.170219
-14.391691
-9.214122
-8.304627
-10.781280
-9.391017
-11.351908
-11.483822
-4.149956
-6.421824
-9.094347
-9.346016
-15.115765
-7.390358
-10.669987
-12.359328
-10.082198
-9.314612
-8.184913
-6.723613
-11.605893
-6.931394
-9.548693
-12.426501
-9.892268
-6.951534
-10.365094
-6.518785
-8.685772
-8.926860
-10.662539
-9.502542
-6.817994
-7.439518
-9.963337
-11.035310
-10.923489
-7.763852
-8.765529
-10.072491
-8.317822
-6.316048
-7.137689
-9.978947
-9.060154
-8.555070
-12.517447
-11.661476
-9.363687
-7.664374
-10.068336
-8.604848
-12.946131
-8.506028
-12.434828
-12.229977
-7.664269
-11.486425
-11.398591
-13.802677
-9.042562
-7.360693
-9.215500
-12.672104
-9.772287
-13.491171
-8.052824
-8.346947
-11.783974
-8.306231
-9.266770
-9.841470
-12.094429
-8.280564
-7.101250
-9.666774
-6.021069
-7.601223
-7.425454
-6.183140
-11.786929
-9.509434
-8.324946
-9.741144
-5.972921
-7.799630
-9.161938
-10.848550
-7.793691
-10.651163
-6.327170
-10.643559
-7.191289
-6.633239
-13.719539
-8.942934
-8.625560
-11.326309
-9.384312
-11.001669
-8.246503
-8.833210
-6.892027
-8.092294
-11.184878
-8.546926
-11.761598
-10.593353
-8.733999
-10.180724
-8.943488
-9.467310
-7.801917
-8.295353
-8.516481
-12.468777
-7.789851
-7.536685
-10.250445
-5.276742
-9.485851
-10.355726
-9.897323
-8.334155
-7.913183
-11.730687
-11.230623
-13.686742
-7.627018
-9.267528
-11.554259
-8.504210
-8.484936
-8.179053
-9.080218
-7.828571
-11.058801
-9.087684
-10.288207
-10.197426
-8.739983
-9.643558
-7.564619
-9.517818
-10.348901
-10.865520
-9.991399
-4.508407
-8.877324
-9.589865
-8.324286
-6.858961
-9.373482
-7.426168
-8.791465
-8.386494
-9.665055
-10.976233
-10.179245
-6.974267
-6.528605
-8.767885
-10.632442
-7.196185
-9.540679
-7.917515
-11.597949
-11.145472
-8.801947
-6.626727
-10.956253
-11.331221
-8.091877
-5.576462
-9.410721
-10.985146
-8.746524
-7.764382
-5.394455
-14.419642
-8.405605
-8.186329
-10.413563
-9.695998
-7.299967
-9.138597
-9.607203
-9.888633
-8.968970
-4.903337
-8.935491
-10.847302
-9.980454
-8.621682
-6.383264
-9.150551
-12.734730
-8.554016
-9.467091
-13.150097
-9.951015
-10.215156
-8.455522
-8.017624
-5.728419
-8.380322
-9.305192
-6.355264
-8.701243
-8.478340
-9.158153
-7.377446
-8.441225
-9.196785
-9.440240
-11.641859
-6.082959
-10.837155
-7.619004
-7.658361
-9.814221
-10.088839
-9.314091
-9.718849
-11.060896
-6.822959
-8.288251
-10.301529
-8.896944
-9.409101
-10.847542
-6.433904
-7.161788
-6.138071
-10.212600
-5.530587
-6.913045
-5.842297
-9.705002
-10.615824
-9.121225
-8.639532
-12.401357
-10.288572
-9.282649
-10.296962
-11.048326
-5.246496
-6.631539
-9.218761
-8.059284
-10.202577
-7.365897
-8.787390
-6.927997
-8.640066
-12.803712
-9.251748
-6.946856
-11.704230
-13.619251
-12.233043
-9.485493
-8.249276
-12.665764
-7.241275
-7.451310
-9.692806
-5.625843
-12.467480
-8.859420
-7.686290
-8.740406
-5.386036
-9.989697
-10.400815
-9.732325
-6.411826
-8.770628
-9.643268
-6.576950
-11.104592
-11.181518
-10.446497
-12.306629
-8.166118
-12.240273
-9.138883
-9.435665
-6.221443
-8.538586
-9.263428
-10.513990
-8.184101
-11.356621
-7.594041
-10.489335
-5.588531
-8.119981
-9.514640
-8.285038
-7.994145
-9.890696
-7.262204
-10.442801
-7.229408
-9.420932
-11.479378
-9.204316
-9.112758
-9.750605
-8.288962
-7.518046
-9.179338
-13.385514
-5.606743
-7.883267
-10.602270
-8.594742
-9.667844
-10.420407
-12.299001
-9.568661
-8.896169
-9.309145
-8.925127
-9.915903
-8.939148
-10.041590
-10.996775
-10.366943
-7.434524
-10.197816
-10.026149
-11.655414
-5.681436
-10.447658
-6.865874
-9.934028
-8.482835
-6.380775
-12.398478
-8.842357
-9.199085
-13.157096
-11.543081
-9.126245
-10.563095
-7.995647
-9.362534
-8.026873
-9.335718
-8.703282
-10.530982
-6.743384
-6.923205
-9.305188
-6.745047
-8.701785
-7.672078
-13.409457
-8.540384
-11.336287
-10.587112
-9.995225
-6.079900
-9.934341
-10.930853
-9.381969
-7.159914
-9.489476
-8.699178
-8.863429
-12.070668
-8.443464
-8.797624
-8.060681
-5.917243
-8.739248
-8.598089
-6.183486
-12.786162
-6.613842
-9.336425
-8.946874
-9.844257
-14.978354
-11.272321
-8.354097
-11.075889
-7.078845
-6.908690
-7.241561
-9.086859
-6.681581
-9.251528
-9.720386
-8.405047
-9.769518
-6.107503
-7.739137
-9.699500
-8.021306
-11.018120
-9.061800
-5.973475
-9.472403
-9.882317
-7.594296
-10.567355
-9.812097
-10.145768
-7.788099
-10.009719
-5.646234
-8.068429
-10.693005
-9.275429
-11.193926
-7.734834
-7.376038
-11.878178
-10.565084
-11.219440
-7.295398
-6.883623
-8.212487
-9.747778
-8.608679
-10.837321
-8.584144
-7.555470
-10.469688
-14.565818
-10.600178
-10.478197
-9.952477
-12.056046
-5.713565
-4.101393
-8.838531
-12.334428
-9.341081
-10.440166
-8.571404
-6.624365
-9.357208
-8.037573
-7.274122
-7.451975
-11.335407
-8.995337
-11.502924
-7.095467
-7.336526
-10.279173
-8.323647
-8.467262
-9.771792
-8.947112
-7.567845
-7.983860
-7.583205
-8.772786
-8.309361
-11.676380
-8.582222
-7.377287
-8.492458
-11.982025
-10.046891
-11.009535
-9.363533
-9.923038
-8.249257
-6.477384
-12.414910
-11.274433
-11.358544
-11.175714
-9.899923
-6.563603
-10.643642
-6.294998
-9.383616
-7.810791
-9.160743
-7.050502
-7.566128
-9.164038
-8.206338
-9.132338
-9.876230
-10.208099
-12.626592
-10.522956
-8.026042
-6.022831
-9.284929
-11.829277
-8.688699
-8.133428
-9.107636
-10.794103
-8.125743
-11.268289
-10.688506
-7.643562
-6.226388
-10.170080
-8.371497
-5.230040
-9.471707
-12.002590
-8.126994
-10.992725
-10.863480
-12.827725
-9.818311
-9.866263
-7.754154
-12.545146
-10.720182
-10.053433
-9.262814
-5.476603
-8.710662
-5.537922
-7.687488
-7.919285
-6.102080
-9.445825
-7.424555
-9.685531
-8.994158
-9.649633
-4.664951
-10.685545
-9.009422
-7.039629
-10.403909
-6.714820
-9.364141
-6.815083
-8.388391
-6.289233
-11.572880
-9.506536
-5.435135
-9.537858
-8.716688
-10.981318
-8.548693
-9.397922
-6.740133
-8.735076
-7.952690
-9.222025
-10.471605
-8.639675
-5.917850
-10.235271
-11.740412
-9.553898
-10.019395
-8.504469
-10.805790
-11.605040
-7.915985
-9.578600
-11.249202
-9.593154
-8.968230
-11.502395
-11.357345
-8.261059
-5.949942
-11.402704
-11.129302
-7.924150
-7.988276
-10.411624
-10.165420
-10.274368
-11.239740
-11.658436
-7.982136
-7.491060
-10.620719
-10.204689
-11.704087
-9.688046
-11.831599
-9.308742
-5.917438
-8.133722
-8.113087
-7.194757
-9.807569
-12.319490
-9.581018
-8.627529
-8.996820
-8.874497
-9.807514
-6.806434
-8.993962
-9.482137
-8.684954
-10.280915
-8.618525
-8.546349
-10.147474
-10.263865
-6.903185
-8.254767
-7.014338
-9.402562
-8.641304
-10.061520
-9.275735
-11.114754
-8.853221
-10.888333
-8.652588
-9.587163
-5.560586
-12.495611
-8.378157
-7.704972
-6.371268
-8.834782
-7.734711
-9.242188
-7.169241
-7.860515
-9.445246
-13.237927
-7.985059
-9.993894
-10.460265
-7.536009
-9.280830
-10.952374
-7.076053
-10.889353
-8.781607
-7.054141
-7.160811
-7.010877
-9.508575
-10.378480
-9.849727
-10.622943
-7.514630
-9.308319
-6.497079
-11.901191
-9.881001
-9.504472
-10.761970
-8.534768
-9.343995
-10.792943
-8.054820
-13.009480
-9.876895
-8.658001
-11.315089
-12.398195
-9.507002
-9.798493
-11.955261
-9.521636
-8.505997
-9.132986
-9.580716
-10.203896
-11.386584
-6.147483
-10.162618
-12.359598
-6.265981
-8.502534
-8.077852
-8.662177
-9.100861
-8.490820
-8.245194
-9.023253
-9.149288
-7.937856
-5.697102
-7.761360
-10.231312
-9.840250
-9.138120
-9.509062
-8.603456
-8.755605
-10.011763
-6.036268
-8.944515
-6.600847
-8.009171
-10.502481
-11.029618
-11.921393
-11.607838
-7.600961
-10.470131
-10.892783
-9.958346
-10.898709
-9.664735
-8.004673
-9.720578
-9.238050
-10.686285
-8.633029
-8.063192
-9.520337
-9.943966
-8.014303
-9.628718
-5.990896
-7.675718
-9.391666
-14.068710
-10.576178
-10.894201
-7.604540
-10.829226
-15.482907
-8.516531
-8.785402
-7.590663
-8.417171
-7.045533
-9.322563
-9.785381
-9.697331
-9.408308
-7.625133
-7.352727
-8.606736
-10.703927
-8.610518
-9.807952
-8.956719
-10.618296
-13.106158
-11.574084
-6.816049
-5.951472
-8.362263
-12.900699
-7.890040
-8.623270
-8.143917
-8.725567
-11.669028
-6.783364
-8.551430
-6.723117
-10.819788
-10.654980
-9.057659
-9.224836
-7.561147
-8.480539
-11.744011
-5.804807
-10.175390
-9.895954
-14.460316
-11.612265
-13.852982
-9.164312
-7.440733
-12.498911
-10.100428
-8.082569
-10.336579
-9.079875
-8.326405
-11.143228
-6.544947
-10.616493
-11.055823
-8.773275
-11.814513
-8.272036
-9.897218
-7.827879
-6.288776
-8.199237
-10.241969
-7.562392
-6.808977
-7.439172
-5.862012
-6.583293
-7.646229
-7.996986
-9.982667
-9.546360
-10.267249
-7.552767
-10.737343
-8.866915
-12.645248
-8.526215
-11.091158
-6.689972
-12.138295
-9.662004
-9.180808
-8.272854
-11.024700
-8.725427
-10.779035
-6.971855
-8.501014
-5.126825
-10.124631
-9.332525
-8.994083
-10.294678
-11.295416
-11.245080
-10.343000
-12.995988
-7.285490
-8.862346
-13.071198
-11.834853
-7.025848
-10.394920
-9.721195
-9.262676
-10.443934
-8.476542
-8.911248
-11.104288
-8.425871
-9.622813
-10.600935
-14.465899
-5.567258
-10.439290
-11.071615
-12.426344
-7.766991
-6.689153
-8.212849
-9.237906
-9.511327
-7.228221
-8.447365
-7.845477
-9.166939
-12.511900
-10.511726
-8.519883
-9.095975
-7.646647
-9.069823
-11.943905
-11.959133
-8.319577
-9.826594
-7.645328
-10.136111
-12.300874
-10.031880
-5.993505
-8.992785
-14.203853
-7.317452
-10.542844
-10.993782
-11.426895
-11.734986
-7.984240
-9.484033
-9.996898
-9.661847
-10.468955
-4.994332
-7.013147
-10.476287
-8.939283
-10.820490
-10.924312
-10.019715
-10.225492
-12.103837
-7.012158
-7.817541
-12.296141
-9.132961
-6.006357
-10.135955
-9.946394
-10.031765
-6.803918
-10.286858
-10.065921
-9.524166
-11.095412
-8.945875
-9.043340
-10.421778
-10.298886
-9.800399
-8.288188
-10.061979
-7.954206
-8.189211
-9.739672
-8.141740
-10.027214
-10.982750
-10.176588
-11.402336
-7.034146
-10.959169
-10.567211
-7.670310
-10.009064
-11.395823
-8.700245
-13.119539
-9.446166
-12.636383
-10.714104
-9.181903
-8.784241
-9.290475
-10.638478
-11.089431
-12.305443
-8.323503
-7.973382
-12.987081
-9.321055
-10.074751
-8.824020
-8.783925
-8.517759
-8.889283
-11.662387
-9.203568
-8.344164
-7.920817
-7.149874
-10.491966
-9.198915
-7.233023
-7.305192
-7.733141
-9.655079
-8.362962
-6.040355
-6.079180
-5.591368
-7.793856
-9.873172
-7.526025
-9.327592
-8.485644
-11.067437
-8.829155
-10.603110
-9.129877
-7.982062
-8.360071
-9.497303
-10.463114
-6.870241
-10.536009
-8.711578
-6.289809
-10.031097
-8.726043
-11.737426
-11.481750
-10.530691
-10.213557
-10.131620
-7.640150
-8.667342
-15.528275
-13.599206
-9.427310
-8.031828
-6.815340
-9.319070
-10.655830
-10.204207
-8.837604
-11.042574
-8.135777
-9.705787
-7.886871
-7.729070
-10.735615
-10.262014
-8.237682
-8.098161
-6.560223
-10.030658
-9.622974
-10.170445
-8.927752
-10.797189
-10.922404
-11.097535
-8.071437
-8.262413
-10.977613
-8.181735
-9.348441
-8.255627
-8.431845
-12.070607
-9.720822
-9.219179
-13.269316
-9.801427
-10.978918
-10.338223
-7.571593
-7.552588
-6.949276
-8.416653
-8.250366
-5.040798
-9.763553
-8.089466
-11.721433
-7.686358
-10.355336
-8.611109
-6.946972
-11.381388
-10.169107
-7.223856
-9.460912
-12.048897
-8.071076
-8.818584
-8.214938
-11.107537
-12.177504
-8.702702
-9.404648
-5.672355
-10.929665
-10.715734
-9.630245
-8.702455
-8.801324
-9.443538
-14.217813
-8.224425
-9.912642
-7.451709
-6.884302
-8.357117
-7.576183
-12.543374
-7.633514
-9.055555
-7.343945
-7.803828
-10.200319
-9.097375
-11.116334
-12.725966
-8.929079
-8.330145
-10.093215
-10.408629
-10.820384
-10.328206
-9.121386
-7.702416
-8.672692
-12.564895
-7.771769
-11.344885
-9.656259
-9.501603
-10.707457
-7.254611
-7.539299
-9.341609
-9.542777
-13.726578
-6.808547
-7.271723
-10.369954
-8.508615
-10.570076
-10.747969
-8.279202
-13.304202
-10.628365
-9.227398
-10.350070
-8.706194
-9.271605
-8.787813
-6.692682
-7.640530
-8.704944
-8.167797
-10.113875
-9.668159
-8.435965
-9.521479
-6.681784
-8.663562
-7.613986
-10.341135
-10.314165
-10.060251
-10.831398
-10.403525
-8.558375
-8.071837
-9.242234
-8.446620
-7.468021
-9.287286
-7.666446
-15.699092
-10.154777
-7.423625
-10.072047
-9.339266
-9.568089
-9.431312
-8.408222
-9.392958
-9.369596
-8.417892
-10.443215
-10.657660
-8.996483
-12.083339
-10.943431
-8.854822
-8.373060
-7.653653
-10.374387
-8.670269
-10.133181
-8.230420
-9.428082
-8.053925
-8.791316
-11.108110
-8.672522
-8.035341
-11.016347
-8.865646
-7.217442
-10.480370
-6.834561
-10.433865
-9.165376
-8.279907
-8.493138
-7.734818
-8.263002
-9.958296
-7.869083
-12.654805
-8.424161
-11.465107
-12.302756
-8.123831
-11.251565
-7.391902
-9.883014
-6.959965
-4.082759
-9.081941
-9.787341
-7.726344
-8.926540
-9.618521
-10.461920
-9.019927
-9.157384
-10.609743
-12.738909
-9.304068
-9.922926
-10.112904
-8.827592
-10.054798
-5.628732
-8.423906
-10.009478
-10.108489
-8.678078
-9.889817
-10.933031
-10.458572
-9.156932
-9.554495
-6.520244
-9.500774
-10.990060
-9.083827
-8.021640
-11.949010
-11.488601
-10.844597
-6.219852
-12.940392
-9.795509
-9.422421
-7.935354
-7.653837
-11.621476
-7.891047
-7.655406
-8.799218
-11.212721
-7.800113
-9.497868
-10.909121
-9.391532
-11.164932
-11.968512
-15.061099
-9.715803
-7.166326
-11.440406
-9.952977
-5.710924
-8.624475
-8.645830
-8.297497
-10.340014
-10.271227
-8.456009
-10.249820
-14.041025
-8.142118
-7.925467
-8.146695
-7.919680
-11.718097
-11.635122
-12.330178
-8.520020
-11.780411
-8.390850
-9.225241
-7.998487
-6.794561
-6.848662
-6.838566
-9.849509
-7.898098
-8.638077
-8.114976
-7.595254
-10.128078
-9.264678
-6.577889
-9.491643
-11.167953
-6.634796
-8.291422
-8.301532
-12.314139
-8.939429
-14.694267
-10.722565
-9.038722
-9.780774
-7.739367
-7.291172
-4.124352
-9.197439
-11.136258
-11.454370
-8.125466
-13.515254
-10.187304
-8.619657
-9.843682
-10.398297
-9.980640
-10.674337
-9.098307
-9.962296
-11.787740
-11.244849
-10.803222
-8.924181
-8.757631
-9.332349
-9.873404
-9.030864
-6.271041
-9.050789
-11.892537
-13.185280
-8.163607
-9.902800
-13.705332
-9.151596
-11.605331
-6.319749
-9.806248
-8.570530
-9.420462
-11.435476
-9.927867
-9.596390
-9.751597
-8.432861
-8.810865
-9.198614
-8.866769
-9.038303
-10.102894
-4.961460
-7.477525
-9.765118
-11.755205
-9.547647
-6.254246
-10.136951
-9.946431
-7.211289
-7.663641
-8.769459
-10.928814
-5.315265
-12.573739
-8.963279
-9.746751
-5.528357
-11.133901
-8.463035
-11.302766
-10.047523
-6.777808
-11.538980
-6.208794
-8.221846
-8.396605
-11.026121
-7.838745
-8.435082
-7.247542
-10.369828
-10.878441
-9.080554
-7.790220
-10.895617
-9.095634
-8.670986
-10.944737
-7.745700
-10.807320
-7.248237
-9.111944
-8.607939
-11.442178
-5.865415
-12.109092
-7.109677
-9.122418
-7.232028
-9.448472
-10.264419
-8.115506
-6.323127
-9.926411
-11.737855
-10.515639
-7.644728
-9.295613
-9.286726
-10.504539
-10.942063
-10.873897
-14.208810
-11.032677
-10.296030
-7.378129
-9.313802
-12.546619
-9.828015
-10.268795
-11.831998
-4.855680
-9.655523
-9.611111
-9.877052
-9.928176
-12.361158
-10.745866
-7.294882
-8.702600
-8.949131
-6.792340
-7.265223
-8.943677
-12.159306
-12.546629
-7.870127
-8.241344
-6.935214
-11.365891
-11.268375
-10.092496
-6.687943
-8.939314
-6.489676
-10.338371
-9.843419
-9.753796
-9.179065
-11.302518
-8.716073
-9.371929
-8.270792
-7.817301
-11.554008
-8.564831
-7.504218
-6.880258
-8.635319
-7.160974
-10.104148
-9.411759
-8.666407
-8.149242
-8.966539
-6.927288
-8.376325
-9.558946
-9.496714
-9.323103
-9.388983
-9.404023
-10.317767
-8.672748
-8.121124
-8.175011
-10.259070
-8.724469
-9.427348
-9.585528
-9.927130
-9.669991
-11.838730
-10.960703
-5.341457
-9.134193
-10.814657
-12.496872
-10.739507
-6.688200
-9.574375
-8.952527
-9.442085
-9.300493
-8.810151
-7.415823
-10.730001
-8.997978
-11.180095
-12.593159
-7.946091
-6.443960
-10.898071
-8.585516
-7.258546
-12.884082
-9.584541
-7.541514
-6.155493
-11.482168
-10.679280
-4.832213
-8.649568
-6.415032
-8.037333
-8.940066
-11.883997
-9.279017
-8.953706
-10.081722
-9.345805
-9.916652
-9.734655
-8.424062
-7.238304
-6.697679
-9.172556
-10.483635
-6.880898
-8.255092
-10.136283
-6.539084
-8.822783
-11.640782
-8.783702
-11.372727
-7.774409
-8.040646
-9.090977
-8.869675
-7.499273
-7.827814
-12.183228
-9.247952
-11.286234
-11.712255
-8.696334
-10.569042
-11.430793
-11.898179
-10.703712
-10.727740
-6.365978
-6.997193
-10.650113
-9.907141
-9.326818
-7.798396
-6.003963
-12.116475
-9.007245
-7.258082
-9.200945
-8.924561
-9.243358
-7.245421
-10.052347
-10.298486
-9.785244
-7.796388
-9.037198
-6.319220
-7.743212
-9.606395
-6.132049
-9.904630
-13.055419
-10.838678
-9.920954
-10.660147
-8.533485
-9.900692
-9.350298
-10.460039
-8.262341
-9.763040
-8.422366
-5.610186
-6.648703
-15.004322
-7.709823
-10.021286
-6.802170
-6.744120
-8.802589
-6.623410
-9.261087
-9.369902
-5.128917
-9.460817
-8.646260
-8.476516
-8.386948
-8.638866
-6.888022
-10.047750
-9.950552
-11.950514
-7.223484
-10.723684
-10.325630
-8.751644
-8.646023
-8.925820
-11.655519
-10.520532
-13.036437
-12.745863
-10.374364
-7.931829
-11.280664
-10.112267
-10.589924
-13.853569
-8.700413
-13.801030
-10.200928
-11.446071
-9.774093
-9.877790
-9.726800
-10.649146
-12.431918
-11.133802
-7.515443
-9.647315
-6.742776
-7.123929
-8.437141
-10.519331
-6.344365
-7.888868
-7.447257
-9.478698
-10.652750
-9.666130
-7.470976
-13.646154
-9.417173
-8.544394
-7.180832
-9.986327
-8.449385
-11.748487
-9.159124
-10.151187
-8.539533
-6.795328
-9.056792
-4.761178
-13.595202
-9.454576
-9.370751
-8.917645
-11.515020
-11.749387
-9.215706
-7.871172
-7.367704
-7.781065
-10.289459
-11.197454
-8.805324
-6.923819
-6.120479
-12.181688
-9.662321
-10.697959
-10.855470
-6.609780
-8.094802
-7.815622
-9.898910
-11.963345
-10.781199
-9.792295
-8.023942
-8.811228
-8.076844
-6.989570
-9.554382
-8.379521
-8.990375
-10.801782
-10.298081
-7.181852
-10.437018
-14.419642
-8.157822
-7.778862
-8.729263
-8.099423
-9.683742
-9.920888
-8.318389
-6.824362
-10.655691
-8.192954
-9.915014
-10.065247
-11.019390
-10.724202
-11.342251
-10.192376
-10.891887
-7.254065
-6.799748
-9.764585
-6.736598
-10.741373
-9.813367
-9.530456
-5.938885
-8.111313
-7.853345
-9.429599
-8.863034
-7.970886
-6.458847
-9.735006
-9.547102
-8.295468
-11.755342
-7.808712
-11.395844
-5.843796
-5.629090
-8.356222
-9.507829
-7.374560
-10.290031
-8.093861
-10.294747
-9.078833
-11.409717
-10.329123
-11.737753
-8.461779
-12.844876
-13.687443
-7.231772
-7.899038
-9.379199
-8.567672
-6.771356
-9.412563
-13.317930
-10.017474
-6.157379
-12.906258
-9.934953
-10.365801
-8.718537
-8.867521
-7.512590
-11.087059
-8.504056
-10.784644
-8.150243
-10.333724
-7.858270
-8.146180
-10.859734
-7.207221
-6.443738
-8.809596
-7.869109
-9.049055
-12.044127
-5.403932
-6.157500
-8.605129
-8.173669
-11.268791
-10.598459
-11.465036
-6.358430
-9.091263
-8.345825
-10.439031
-10.845949
-7.771446
-9.639287
-7.304635
-8.327455
-11.158626
-10.378080
-7.900266
-6.416017
-7.547036
-9.148429
-11.372599
-9.106189
-10.785823
-10.060189
-9.016140
-10.873037
-8.710280
-8.473190
-8.603703
-7.914486
-10.649962
-11.085031
-13.181706
-7.724278
-9.597260
-10.102142
-11.109511
-11.377625
-11.439965
-8.628572
-8.706690
-7.957097
-7.299345
-8.338689
-10.570916
-8.899881
-11.198031
-11.397932
-10.704287
-12.951107
-8.366286
-8.710005
-11.401635
-12.080959
-12.241098
-10.569050
-6.695547
-7.275914
-10.390649
-8.931691
-7.861174
-10.904750
-11.657556
-9.799822
-6.307873
-7.983547
-11.902477
-7.613551
-9.449493
-7.899212
-8.287240
-12.780470
-8.225061
-9.230735
-10.093205
-6.201224
-9.225414
-8.167544
-10.934073
-6.972881
-9.828808
-9.288177
-9.821806
-8.329068
-8.135481
-7.253121
-11.104637
-11.005545
-12.287817
-7.336614
-11.464839
-10.425531
-10.076613
-9.666660
-10.211360
-8.702993
-8.289847
-8.117692
-7.732320
-7.567790
-7.219431
-12.029390
-9.386415
-9.761179
-8.894870
-8.375090
-9.692248
-7.970035
-10.341042
-12.388545
-7.097423
-10.458881
-10.355636
-8.885514
-5.532712
-11.127485
-7.772117
-12.043571
-10.143757
-8.413272
-9.645524
-10.520073
-10.735432
-9.941031
-10.196008
-6.670100
-10.016707
-11.776150
-8.107367
-10.193920
-6.456964
-8.301897
-8.390843
-10.070126
-9.913776
-8.865555
-8.622691
-8.882261
-8.329285
-10.513732
-8.112450
-9.741073
-9.664418
-8.519413
-7.822069
-10.220763
-9.243048
-8.963018
-10.252222
-8.691290
-10.882893
-8.898849
-8.205544
-13.171331
-9.298491
-9.452339
-7.962070
-10.171111
-9.971945
-7.171813
-10.073969
-11.099401
-8.697042
-9.836913
-7.311512
-10.000227
-10.916783
-10.137714
-11.630383
-10.914118
-9.772726
-10.244806
-5.763960
-10.366691
-8.165270
-11.023006
-8.296701
-9.117209
-9.514249
-9.120650
-7.545542
-10.686170
-7.649973
-9.339698
-9.584455
-10.997508
-10.749676
-7.774443
-8.337107
-8.773943
-9.561125
-7.991811
-10.935765
-8.535705
-9.186871
-11.558382
-7.701674
-9.950733
-7.138319
-9.298624
-7.188287
-6.851506
-11.148208
-10.840936
-9.668062
-10.281597
-9.370147
-9.575962
-6.229442
-9.823283
-9.504978
-9.526112
-7.784363
-9.861995
-10.833599
-9.683302
-14.821066
-9.436859
-9.855475
-7.602533
-8.086348
-11.292035
-10.751339
-8.697415
-8.287749
-10.136771
-8.480166
-8.996435
-13.300362
-9.736742
-9.260845
-9.863866
-6.386433
-7.291884
-10.797431
-7.958841
-8.687508
-11.390599
-10.018741
-9.713480
-6.698842
-9.425761
-11.352942
-7.514964
-9.562978
-9.928392
-8.627047
-8.550117
-10.786767
-10.813107
-9.838823
-11.791575
-9.010813
-8.919641
-10.485703
-13.034027
-11.761221
-8.708464
-10.797744
-10.414429
-9.905740
-6.660063
-11.641930
-10.805738
-12.631517
-11.836524
-8.688183
-13.840896
-8.613377
-9.328637
-10.632732
-9.993592
-9.349850
-6.322029
-8.572239
-8.379722
-7.815271
-9.089143
-7.928321
-9.914670
-10.176676
-9.971581
-11.837637
-10.704858
-8.763300
-11.297891
-14.074992
-9.030072
-12.974003
-7.621303
-8.384913
-11.348985
-8.478583
-6.794805
-7.621697
-8.662620
-12.734665
-8.360816
-10.546562
-9.609505
-12.124543
-8.640719
-7.274567
-10.903104
-8.241643
-10.096162
-11.516730
-9.311861
-10.365013
-10.949967
-8.972025
-8.567538
-9.705382
-10.300927
-8.318121
-10.368571
-9.314775
-10.942873
-9.009922
-9.679404
-8.855266
-11.300850
-11.633650
-10.333277
-13.021636
-9.005059
-9.189116
-6.882999
-8.668758
-7.592369
-11.977884
-8.370323
-8.161498
-10.879559
-9.214105
-11.295010
-9.167756
-10.225605
-8.577350
-7.995987
-9.336682
-8.004271
-12.385771
-10.750091
-8.049303
-11.248107
-7.133713
-8.512718
-8.208837
-10.012405
-7.303822
-10.305330
-8.378041
-8.191189
-9.224025
-8.030716
-9.566214
-12.275345
-7.329607
-10.749852
-9.175907
-7.124240
-9.259701
-11.586465
-9.915633
-9.554827
-9.856915
-9.170331
-6.800231
-9.116330
-9.875988
-11.398551
-14.419642
-8.922446
-7.786115
-7.758448
-10.827732
-9.735947
-7.043035
-8.985561
-7.515271
-11.482263
-11.366012
-10.516372
-10.124852
-11.540390
-9.195372
-9.644636
-6.570782
-9.469937
-7.645198
-9.111941
-9.462362
-10.049990
-9.407111
-9.112290
-9.688805
-8.400334
-10.518962
-9.879007
-10.040074
-9.338412
-9.992516
-7.726471
-10.125409
-9.138922
-7.064277
-5.171192
-8.921609
-12.292192
-8.806471
-9.256996
-11.494660
-11.309233
-10.703416
-10.140222
-5.840371
-10.718537
-10.969244
-9.105532
-9.012631
-8.095750
-11.620592
-8.884026
-8.039401
-6.908631
-7.701984
-9.289893
-9.066429
-7.659719
-11.588017
-10.116678
-9.874954
-8.986290
-10.945168
-7.966598
-10.546474
-9.466379
-12.885253
-11.153342
-12.051261
-9.058444
-10.592567
-11.524360
-7.487342
-11.017000
-7.073656
-11.711455
-5.151791
-7.985298
-9.018413
-9.797299
-9.932277
-11.679886
-11.086998
-8.207689
-9.928704
-13.611332
-8.422535
-9.526925
-9.554988
-8.890160
-11.344153
-9.171397
-9.092804
-9.061628
-7.587427
-8.257440
-7.820738
-7.976534
-8.376015
-8.386535
-11.051688
-6.766735
-10.338965
-12.608621
-10.837797
-11.017339
-10.408980
-10.537915
-11.511425
-9.413025
-8.877483
-9.203129
-8.951944
-10.655585
-9.294880
-7.841707
-8.658491
-6.426080
-11.442352
-8.166550
-10.347775
-11.542678
-10.749669
-8.784952
-14.886257
-8.127522
-8.264077
-6.595730
-12.051820
-7.877993
-6.739830
-7.755042
-9.934391
-8.004725
-10.874822
-8.055522
-9.392801
-11.194514
-10.175306
-9.419029
-9.420233
-8.316285
-8.572240
-8.047328
-6.859253
-10.390928
-7.301507
-7.973407
-9.615414
-8.292624
-8.782193
-8.057403
-12.484423
-9.946054
-8.326369
-8.612339
-9.124420
-5.967983
-10.067719
-11.374804
-11.845799
-6.011539
-8.567093
-10.256596
-8.047200
-10.220528
-13.022877
-6.853919
-12.233687
-7.951722
-8.660804
-10.357225
-10.896912
-8.144157
-9.401319
-10.482119
-11.486108
-10.413398
-10.402174
-11.204929
-10.381588
-10.641777
-8.658275
-7.130807
-8.805186
-12.281006
-8.423285
-9.039653
-11.574239
-9.126638
-8.054902
-9.656674
-9.059608
-5.679990
-7.048904
-10.184111
-7.451629
-8.511644
-8.074748
-7.368213
-9.033292
-9.610982
-8.017209
-10.069929
-9.663945
-9.028124
-8.913653
-6.050762
-9.497111
-11.347394
-7.114036
-10.289128
-12.529363
-9.875900
-12.709293
-6.145196
-10.133515
-9.933416
-9.783191
-6.738852
-9.225171
-7.141656
-9.055675
-10.733562
-11.445202
-11.124091
-8.313493
-13.420808
-8.880599
-8.897312
-12.014325
-7.624619
-8.532316
-9.758155
-7.983079
-9.117030
-8.875321
-9.530598
-9.078817
-9.392792
-10.684905
-4.863191
-9.987505
-13.020914
-7.866237
-10.459879
-7.536877
-9.674793
-12.214970
-6.371048
-10.236279
-7.729774
-6.974918
-12.844158
-9.563401
-10.496642
-11.665637
-9.764422
-11.105337
-6.269970
-10.913598
-9.762226
-11.315977
-9.295614
-11.691792
-10.491127
-7.962152
-12.544847
-8.581734
-8.157347
-8.377953
-9.066003
-11.343086
-10.045143
-6.859440
-9.303028
-9.025001
-8.865405
-8.303884
-7.754786
-10.339444
-9.594378
-11.039665
-10.550918
-7.174286
-8.977777
-7.471846
-11.864687
-14.102214
-8.941048
-9.075803
-10.017766
-9.474962
-11.530260
-11.033014
-8.817270
-9.390270
-7.004048
-10.118361
-11.012807
-11.380571
-8.853851
-11.160570
-9.609937
-7.045638
-7.079630
-10.319587
-13.030214
-10.467071
-9.083545
-8.083114
-7.817294
-6.451411
-6.631643
-10.027170
-10.070028
-7.580119
-9.694785
-10.885029
-10.795918
-9.850213
-8.523819
-10.178032
-6.598591
-8.098736
-9.048197
-9.363461
-10.485168
-8.590485
-9.664187
-8.328330
-9.251560
-11.820214
-10.452415
-7.473635
-10.895770
-8.345689
-10.268747
-9.502598
-8.834376
-8.988991
-9.137981
-11.518572
-7.846712
-8.629492
-6.276213
-7.755495
-10.697377
-10.718064
-9.152639
-8.122164
-10.192645
-10.715816
-6.892799
-12.371721
-8.911627
-9.935449
-9.636419
-8.612756
-9.250007
-11.233291
-7.493745
-10.525608
-9.373579
-10.972919
-8.879155
-9.995422
-11.273801
-10.481712
-10.167405
-9.471567
-8.959100
-8.345989
-11.488801
-9.242491
-9.062955
-8.377620
-14.698276
-9.999439
-12.352921
-11.489985
-9.618080
-11.142610
-9.877403
-9.408968
-8.516979
-7.239633
-12.680325
-10.116409
-11.590747
-9.581429
-9.792688
-10.298983
-6.542630
-8.963902
-8.336207
-10.074754
-15.121652
-8.969665
-8.691830
-9.218507
-10.673944
-11.799346
-8.537673
-7.516366
-8.471107
-10.530326
-12.963359
-12.314139
-10.024199
-7.073879
-8.809757
-7.727280
-8.597616
-12.459695
-11.197703
-6.655993
-9.173321
-10.014525
-11.756797
-11.224169
-8.027911
-10.337614
-9.600523
-12.000257
-8.830316
-10.090600
-9.888426
-8.277501
-10.738215
-8.272143
-8.982217
-8.522330
-7.593655
-8.783339
-8.215145
-8.310280
-9.545506
-10.510314
-10.365302
-9.889939
-11.051756
-13.056370
-9.554790
-4.432692
-10.278892
-12.459853
-12.491532
-9.567299
-9.400651
-8.674767
-9.889555
-10.305708
-11.397890
-10.752495
-10.270696
-5.795136
-9.275383
-9.089149
-7.231192
-10.977442
-12.109202
-9.714496
-7.298283
-10.394341
-8.655835
-9.170552
-8.936961
-8.957515
-12.097718
-8.513494
-7.195214
-10.609957
-9.718492
-11.582992
-9.258203
-9.971935
-11.920628
-11.642549
-6.591502
-14.187261
-10.095685
-7.418732
-7.375967
-11.664907
-10.697238
-11.482492
-9.285725
-9.681840
-9.201978
-7.846313
-10.130033
-12.638524
-8.162658
-8.755665
-8.845695
-11.977876
-6.486329
-9.587508
-9.703920
-11.524149
-11.348560
-11.482103
-10.846544
-9.016251
-8.916088
-9.996300
-10.683680
-12.174450
-9.730433
-8.271830
-9.286060
-9.462379
-9.765943
-9.724957
-9.981145
-8.504830
-8.770176
-11.017031
-10.865217
-5.941713
-11.387263
-9.260529
-10.582743
-10.681919
-11.069274
-10.660392
-11.365322
-11.634959
-6.962730
-10.311012
-9.312711
-8.507925
-9.054008
-11.877373
-8.171694
-8.977370
-11.363517
-8.679059
-11.597670
-10.170713
-8.098537
-10.159087
-9.487560
-9.063323
-8.621904
-9.031364
-9.409164
-11.539149
-8.965905
-9.115518
-13.392737
-10.365339
-10.588077
-7.694885
-8.024212
-5.643754
-10.583797
-5.513868
-8.335947
-9.079310
-9.687128
-10.412848
-6.700412
-9.744802
-8.866374
-9.609606
-7.946798
-6.099907
-9.070514
-10.158966
-9.467587
-7.229379
-10.480410
-6.675547
-9.303686
-10.061578
-10.519195
-9.286776
-12.023748
-9.901567
-9.064143
-7.487555
-10.241148
-9.795196
-7.158961
-11.813960
-11.443716
-8.275929
-11.540315
-10.123835
-10.329849
-10.467559
-8.507091
-7.977329
-9.274748
-9.799149
-10.819522
-9.755146
-10.243343
-7.018145
-10.461182
-10.926425
-9.022785
-15.554644
-9.199499
-11.074780
-5.886837
-10.726164
-9.656695
-10.641115
-8.525644
-8.348332
-7.280780
-12.587581
-11.041387
-10.803706
-8.797701
-8.588412
-8.004058
-11.481016
-7.599303
-12.257705
-11.175663
-7.918232
-10.949845
-10.577085
-8.221403
-11.465623
-7.486021
-9.649095
-9.575878
-9.620069
-10.863412
-10.657052
-10.310162
-10.844347
-11.028548
-10.260780
-11.596374
-11.369087
-9.448530
-10.190063
-11.302509
-10.486560
-8.480264
-7.131514
-11.144565
-9.664224
-10.701148
-9.575293
-10.040612
-10.484818
-13.237175
-10.320752
-8.694520
-11.653445
-9.013782
-7.220668
-9.775951
-11.935276
-6.618242
-8.863374
-6.784347
-5.528452
-11.369120
-10.569299
-11.094675
-10.450704
-9.769075
-8.574167
-9.280874
-8.399105
-6.293006
-12.343831
-11.184633
-6.419856
-7.480135
-9.010327
-12.251273
-9.071753
-7.251923
-8.419025
-8.442518
-8.744902
-8.933523
-8.553885
-9.538723
-12.435592
-7.547051
-9.970837
-8.435342
-9.426954
-9.378929
-8.124409
-8.098083
-7.832932
-4.188680
-10.900980
-9.027300
-11.584745
-9.025125
-11.562049
-5.460015
-13.556338
-9.649203
-8.444404
-7.323495
-7.771264
-10.644425
-8.411555
-10.901116
-9.631265
-10.809318
-8.718121
-10.190689
-8.206239
-12.957739
-11.144939
-14.470528
-11.892988
-7.845584
-8.847281
-10.189809
-10.498249
-8.992188
-8.714024
-7.494018
-11.151971
-12.479509
-9.402523
-11.357281
-11.769745
-9.797500
-10.267689
-8.776869
-10.261829
-8.383605
-10.963884
-9.073444
-9.400197
-7.855759
-10.603165
-12.470560
-7.064444
-11.209408
-9.657282
-5.760155
-8.965000
-9.611168
-9.881365
-9.961890
-10.946814
-8.738535
-10.541552
-8.637631
-8.327704
-8.367484
-6.637214
-6.891652
-11.214056
-9.324902
-8.642938
-11.975198
-8.535307
-10.276618
-8.843842
-10.359749
-9.559046
-8.350349
-10.168017
-8.949700
-7.985301
-7.514547
-9.415624
-11.168478
-10.830065
-7.941129
-9.177052
-8.876234
-8.162964
-10.497986
-7.143209
-10.483641
-7.974823
-11.898607
-9.344417
-7.815580
-10.233736
-6.569336
-7.485740
-10.528812
-11.707150
-9.730668
-8.368304
-8.917348
-11.557563
-10.396788
-8.977003
-11.169598
-7.544666
-11.774024
-10.733248
-9.683641
-12.764671
-9.764573
-6.336261
-10.555843
-10.109724
-9.830559
-8.773896
-9.712276
-7.623361
-8.827220
-9.839947
-12.807495
-7.110280
-9.386791
-8.597660
-7.940891
-9.595491
-9.537452
-6.845562
-11.537093
-10.869354
-10.532843
-7.583194
-8.290504
-6.898600
-9.531589
-9.339501
-6.578337
-6.966863
-13.628393
-11.321357
-11.948403
-8.189056
-10.006142
-7.646821
-9.377005
-9.374496
-7.295209
-6.977241
-10.583479
-11.884110
-12.693273
-10.862091
-8.949636
-8.801887
-5.101612
-9.946476
-7.499630
-9.430894
-9.114375
-7.045080
-13.174223
-11.372914
-10.276757
-7.093937
-9.288211
-11.521889
-11.361621
-10.961805
-12.062163
-12.803866
-7.314434
-9.299288
-11.024010
-8.086060
-9.020888
-8.051072
-8.430851
-8.427614
-12.332246
-8.691880
-8.475533
-9.628005
-4.866216
-11.826074
-12.827009
-13.671631
-10.263991
-8.385941
-10.104956
-7.815321
-9.025468
-11.193640
-7.947675
-10.069008
-8.282838
-9.719631
-8.794221
-11.068487
-10.080211
-11.640397
-10.417156
-10.076187
-7.936373
-7.168223
-10.689888
-13.713491
-11.582119
-9.072122
-8.755093
-8.022570
-10.394701
-6.818185
-9.432016
-14.024124
-8.726306
-8.455077
-6.946701
-12.040717
-10.973417
-9.131780
-8.092431
-9.132262
-9.005056
-6.121815
-10.105223
-7.630301
-11.651341
-11.268247
-8.933149
-8.020082
-10.098256
-9.932596
-12.081176
-11.585358
-5.749012
-12.483407
-10.216737
-10.124402
-10.366090
-12.993579
-8.709046
-10.202168
-10.689857
-8.789678
-9.877281
-5.026334
-8.100979
-6.668868
-9.271198
-14.703931
-10.859239
-9.732539
-11.588329
-8.572557
-8.781364
-10.034011
-10.400408
-9.417659
-8.510818
-12.471792
-10.029362
-7.270925
-6.252471
-4.314161
-6.554974
-11.134810
-11.633853
-9.009707
-8.915901
-11.065237
-7.316811
-9.831854
-10.710144
-10.442556
-10.974395
-9.379575
-9.333069
-11.169329
-9.095904
-8.331099
-10.980905
-8.408620
-8.194500
-10.874969
-9.919178
-10.918885
-12.877892
-9.921448
-11.351607
-9.707558
-9.603707
-8.676483
-10.652590
-7.220520
-8.535049
-8.238575
-11.914132
-8.469022
-11.200173
-9.666483
-13.490712
-10.795187
-8.880833
-10.493473
-14.643845
-9.758158
-8.675738
-8.413457
-5.170720
-9.983972
-8.759045
-8.508116
-9.036222
-9.670947
-7.747743
-11.950653
-8.476824
-9.968331
-11.542571
-8.569903
-11.814180
-7.893394
-7.861373
-11.067129
-8.882540
-7.778905
-6.195372
-7.786288
-11.462492
-8.212597
-7.061369
-9.557932
-9.036886
-8.491036
-7.122842
-9.779598
-7.894824
-12.354534
-10.253933
-8.872919
-11.310336
-11.249572
-9.376729
-10.186172
-12.778792
-9.670448
-8.519720
-10.495140
-9.271027
-9.306281
-8.553723
-8.114370
-10.242851
-7.848916
-12.383238
-7.803845
-7.190618
-10.784019
-10.742142
-7.939401
-7.815140
-6.539216
-6.806718
-8.229417
-12.104288
-7.213403
-10.977462
-11.489770
-13.561492
-11.306651
-12.475972
-7.270169
-12.037406
-10.188664
-15.040346
-10.528521
-9.833641
-9.152097
-10.466189
-11.117669
-11.710719
-8.824089
-11.166040
-9.100258
-7.689227
-12.826195
-9.906941
-10.523561
-10.557734
-9.625561
-9.658155
-9.657497
-9.306284
-8.101071
-9.324106
-11.816412
-7.371382
-10.325600
-10.295682
-11.333086
-7.512158
-11.239091
-12.881496
-9.193214
-12.302767
-8.881479
-7.773740
-11.399241
-10.646718
-9.805047
-5.727801
-8.619355
-6.402210
-13.814307
-8.637740
-10.830986
-9.324437
-7.613251
-8.300062
-11.404832
-14.084661
-11.099992
-8.479017
-9.845859
-8.947850
-6.732071
-12.728679
-8.695098
-9.955804
-8.405185
-5.747086
-10.703897
-11.033037
-9.303651
-10.653280
-9.775045
-12.313241
-7.858966
-7.560857
-13.003309
-6.213400
-8.927142
-9.607303
-6.146427
-11.473649
-12.222466
-10.194716
-8.866638
-10.683254
-10.211091
-7.852738
-9.521905
-8.978858
-6.180179
-6.285513
-11.349114
-7.763679
-11.567377
-12.373026
-11.790408
-9.169168
-5.902243
-7.185572
-10.793265
-6.363957
-6.743868
-8.911789
-8.985912
-8.056779
-8.845673
-8.606580
-10.187325
-8.087667
-11.656784
-8.516225
-12.244340
-7.595470
-10.966358
-11.959692
-7.635614
-9.612331
-8.032062
-6.298392
-10.166989
-9.084855
-6.823242
-8.169654
-6.474512
-8.309711
-10.953290
-9.406054
-9.501904
-9.054487
-8.534193
-11.623020
-8.211823
-7.487689
-7.595214
-12.686556
-7.950834
-10.238946
-11.899080
-9.609232
-13.322093
-11.728810
-7.265615
-10.820309
-9.503629
-9.097239
-8.922555
-9.584167
-8.144088
-10.175025
-12.269012
-6.741566
-11.378386
-7.667007
-7.880362
-7.073337
-11.173430
-10.070522
-10.347059
-7.737307
-8.510048
-8.413192
-7.478543
-9.642236
-9.909690
-8.123408
-9.677713
-10.230985
-10.840970
-9.646051
-8.282117
-7.893345
-8.425528
-7.946546
-9.022538
-8.216014
-8.102606
-7.706434
-9.782678
-6.673175
-12.570889
-8.820603
-9.603085
-9.819751
-9.481675
-12.031356
-11.280100
-10.421446
-8.981598
-11.107934
-10.683706
-11.523939
-6.331736
-10.807275
-8.892151
-6.662352
-9.512921
-10.589733
-11.206984
-8.516726
-7.294735
-9.132262
-12.406772
-8.650589
-9.901817
-9.549662
-7.544447
-9.203933
-6.776033
-10.871889
-11.112730
-10.954524
-11.570624
-10.854038
-8.404549
-10.794390
-11.663687
-8.864202
-10.500373
-9.920413
-8.078287
-9.199410
-9.359083
-10.903495
-8.402958
-8.382876
-9.496570
-12.248055
-7.659578
-9.210798
-12.150174
-8.243968
-11.488208
-9.550646
-10.157173
-9.769324
-12.892800
-9.723565
-7.609775
-10.831288
-7.035039
-9.933682
-7.486113
-9.165013
-8.277063
-9.264641
-11.926037
-7.631793
-8.940560
-12.749990
-6.654986
-8.544187
-10.140027
-6.993895
-8.914929
-11.894524
-9.320887
-7.530969
-9.483974
-11.115359
-13.445773
-9.676025
-11.174654
-9.296591
-6.415472
-11.957864
-10.693685
-8.614890
-9.787140
-10.854099
-8.928370
-5.375975
-12.119805
-8.449180
-9.724959
-7.186631
-9.642731
-8.530846
-9.750237
-11.648732
-10.879710
-11.714484
-11.571396
-8.622654
-9.945709
-6.307381
-7.230807
-10.119586
-10.453550
-7.671024
-8.802895
-12.044675
-7.805028
-7.670073
-7.038069
-13.170990
-16.976507
-10.203186
-8.986259
-10.152958
-9.722501
-10.750250
-7.488553
-11.206704
-10.436666
-10.832347
-8.207414
-10.802118
-8.494797
-9.397737
-7.121166
-10.138664
-12.052307
-9.893820
-10.086977
-9.900974
-9.355959
-11.549781
-7.746822
-8.189068
-10.996417
-8.748976
-7.958667
-7.184952
-7.883173
-10.912012
-11.836585
-12.687802
-7.491466
-11.310516
-9.625104
-11.170323
-8.144053
-10.654100
-7.324448
-8.706606
-9.802028
-7.677565
-8.142896
-10.386726
-8.487645
-7.472576
-6.534109
-8.157375
-8.030245
-9.979441
-9.188710
-9.001511
-9.581017
-11.135736
-10.991762
-6.065598
-9.809917
-7.777172
-13.352637
-8.516557
-7.502933
-6.279965
-8.305977
-9.364312
-11.977589
-6.193188
-11.107201
-10.404767
-7.310905
-10.281044
-10.079640
-8.281851
-7.676703
-11.122566
-3.132746
-9.119900
-9.314614
-8.156492
-10.277437
-8.630186
-8.955637
-8.940271
-8.571487
-10.910543
-9.810174
-9.293806
-7.138514
-11.592287
-10.667641
-10.420809
-9.404181
-10.548149
-11.281280
-11.772380
-10.617560
-10.413386
-8.997087
-9.267938
-8.499730
-10.885839
-7.739242
-7.758387
-9.553519
-11.164488
-6.395852
-9.233197
-10.080796
-9.084289
-10.621802
-7.955661
-10.683246
-9.933138
-12.400902
-7.474994
-10.798583
-8.864266
-11.295018
-7.713123
-8.901083
-12.173269
-6.923768
-8.094181
-10.678045
-11.147618
-6.149369
-10.519699
-9.850094
-10.084414
-9.888692
-11.410707
-9.168697
-6.921069
-7.249617
-7.695553
-13.919334
-8.678093
-11.389001
-8.367823
-9.794400
-10.561007
-8.590742
-8.940551
-7.258610
-11.147379
-10.258648
-7.761045
-7.507658
-9.886651
-8.743811
-11.367812
-9.482202
-10.835471
-8.267265
-8.440524
-10.083442
-9.808289
-8.777943
-7.465677
-7.496130
-9.347574
-9.828287
-8.838079
-10.508966
-9.819570
-10.793853
-7.600216
-7.584427
-13.337758
-8.927402
-7.017678
-12.339313
-10.128313
-9.954703
-6.767647
-9.374100
-8.595750
-9.795576
-10.103676
-9.914687
-11.608196
-9.781372
-7.335996
-8.580777
-6.760025
-11.594533
-11.210961
-10.040060
-8.421642
-8.699507
-8.334661
-9.565531
-10.247233
-7.968262
-8.475433
-14.833091
-10.895439
-9.743491
-5.920801
-8.803259
-6.870194
-9.259388
-8.010550
-10.299390
-8.292122
-10.233806
-9.448811
-12.734256
-7.698935
-8.414678
-11.878770
-9.988754
-8.079144
-11.092086
-10.805034
-8.149820
-10.130916
-9.496013
-8.825515
-10.168303
-7.870834
-9.546412
-9.962694
-5.109038
-8.353168
-13.309611
-7.896491
-5.983238
-6.879583
-8.155082
-6.730491
-8.595277
-7.788840
-12.702754
-7.498256
-10.624180
-9.234035
-13.613105
-6.638957
-9.962114
-11.902446
-15.059769
-11.821672
-6.009539
-11.806934
-9.618973
-11.186329
-10.417077
-11.381103
-12.100169
-8.249390
-9.608847
-8.529808
-8.430319
-4.979520
-10.928723
-11.025678
-8.786890
-11.072200
-7.044792
-6.246518
-10.441015
-7.792407
-6.580628
-6.192871
-12.602386
-7.661714
-8.573666
-6.390894
-5.163826
-10.247956
-10.133856
-9.204322
-10.289496
-8.249897
-11.461331
-9.597197
-6.394493
-8.609202
-7.874849
-9.375701
-11.161077
-6.631297
-9.132806
-8.370275
-10.975698
-10.841762
-7.518553
-10.373760
-10.395625
-11.292954
-10.339861
-8.980540
-7.222357
-10.178451
-12.471093
-9.154222
-9.405208
-7.641538
-9.062741
-10.494773
-8.795462
-10.880032
-10.477895
-11.622737
-7.238798
-8.853251
-10.635998
-10.295770
-11.093959
-8.255856
-8.907475
-9.119575
-12.140862
-11.106878
-9.313720
-8.149403
-10.859090
-8.682467
-9.177794
-8.578029
-9.218031
-7.422243
-10.102218
-9.232944
-11.269214
-7.453411
-8.644721
-12.537806
-9.023317
-11.846164
-11.187310
-9.118954
-12.527459
-12.258627
-11.952211
-10.346065
-8.453663
-6.875095
-10.468697
-8.065513
-8.530450
-9.108070
-5.681277
-8.859909
-9.790858
-6.037633
-8.985739
-10.522318
-7.008001
-9.797051
-9.385103
-8.827481
-9.849111
-12.621289
-6.557858
-9.411504
-11.177263
-10.686338
-9.762278
-10.449758
-8.079123
-11.008912
-11.414133
-12.069805
-10.171412
-8.120923
-8.062093
-10.068786
-7.157233
-7.908985
-7.766383
-7.282767
-9.510187
-10.281205
-11.746718
-11.237098
-9.533792
-9.709846
-10.977552
-8.292702
-12.559479
-10.971657
-14.405736
-10.369873
-9.153586
-10.049182
-8.757078
-9.878455
-5.764751
-10.602151
-9.441634
-7.955155
-6.653824
-10.350086
-5.609487
-7.373497
-9.633061
-9.071537
-10.612728
-9.423010
-7.290381
-10.840539
-10.009749
-12.011535
-7.526261
-11.984166
-11.157738
-8.773716
-9.048387
-11.966185
-8.118041
-9.348002
-12.348676
-8.806012
-11.413060
-12.554201
-9.334554
-10.162128
-10.158102
-7.777952
-11.396141
-11.897022
-10.044703
-11.536836
-5.574244
-7.462291
-12.076749
-9.318286
-10.038904
-7.839326
-7.783703
-10.628128
-6.465975
-5.663280
-11.528467
-9.072153
-10.646370
-12.023747
-10.269291
-11.980011
-11.971913
-10.394412
-10.298611
-9.184013
-7.283412
-8.481677
-9.037851
-12.492134
-10.416368
-8.394516
-8.748190
-12.018623
-5.664503
-12.527459
-9.112537
-12.406006
-10.025503
-10.211331
-11.007688
-11.015568
-8.595396
-5.086987
-7.397121
-10.686194
-11.823666
-9.412333
-10.492657
-11.086882
-9.979989
-9.838521
-11.178720
-10.122909
-10.545800
-10.251287
-8.981748
-8.513283
-10.343327
-6.736579
-11.268446
-9.233830
-6.673537
-11.436621
-8.120111
-10.820830
-7.957240
-9.293631
-9.723450
-10.761821
-9.415197
-12.859067
-9.664691
-9.415940
-10.666881
-9.746597
-9.639482
-8.431129
-10.381744
-9.553104
-8.830313
-13.155948
-8.610356
-9.753317
-8.625975
-6.914270
-6.549842
-8.030704
-9.930644
-11.870602
-10.384897
-12.982812
-7.407900
-7.899921
-9.868186
-10.603806
-6.769728
-10.313037
-9.852326
-9.887712
-8.669111
-8.607214
-11.407858
-9.845525
-7.865644
-9.874357
-10.545989
-11.742313
-9.161152
-8.719955
-8.454237
-11.253851
-11.368915
-8.549656
-10.321763
-10.429272
-9.131910
-12.763159
-8.758221
-8.584476
-9.661801
-10.129128
-6.666331
-7.963310
-7.423505
-13.442813
-7.440263
-11.524704
-9.764720
-12.570590
-11.436862
-11.605373
-4.820634
-7.647346
-9.103885
-8.655780
-9.046749
-10.103838
-10.442595
-9.377987
-9.570775
-8.226770
-8.850999
-9.621854
-7.161262
-10.980651
-7.733000
-10.073724
-10.544535
-9.728285
-10.520069
-9.909799
-10.885133
-4.374317
-5.725138
-13.522157
-10.760990
-9.946713
-11.192633
-9.165578
-7.516512
-10.351620
-10.442021
-12.788748
-12.045172
-8.328201
-14.419642
-10.877436
-11.787990
-9.570570
-11.140215
-10.316895
-8.372507
-8.654546
-7.821880
-10.161154
-7.002417
-11.420437
-12.174984
-10.908690
-10.891783
-8.548476
-7.303045
-8.408515
-10.047503
-6.253156
-7.376901
-10.558396
-8.595448
-7.595882
-13.466723
-9.493146
-8.066290
-8.732765
-8.609245
-7.960502
-11.888740
-11.262252
-9.089420
-9.729341
-8.714814
-9.520050
-10.634358
-8.822842
-8.837864
-11.446421
-9.335257
-9.094420
-8.414472
-7.540508
-11.588587
-7.331172
-8.260743
-8.230579
-7.721470
-8.279606
-11.501910
-7.031059
-10.676012
-10.013511
-8.393298
-6.831044
-9.087395
-8.077987
-9.293970
-7.665116
-11.700212
-9.905810
-11.536389
-11.025453
-10.683419
-12.870868
-8.575182
-7.640800
-8.323153
-11.893792
-8.992467
-8.936203
-11.746469
-10.777405
-11.387763
-8.888171
-7.382465
-9.956471
-9.388382
-7.869235
-8.874728
-9.326666
-8.823775
-10.483932
-9.824817
-10.692605
-10.533837
-9.023937
-14.678450
-9.874648
-7.617345
-9.422404
-10.794985
-8.268357
-11.092670
-9.545077
-8.577238
-8.647570
-9.889236
-9.519610
-9.812649
-7.665700
-7.894283
-8.619390
-8.483236
-10.205759
-10.204957
-9.055622
-12.822666
-11.831701
-10.179820
-9.255090
-12.730675
-10.079233
-11.122723
-9.086032
-11.151402
-11.350533
-7.064623
-9.167259
-8.108309
-7.568100
-11.760120
-9.278167
-11.159525
-9.393214
-9.892740
-7.404433
-6.745137
-7.801240
-8.819357
-7.986018
-8.594070
-8.319786
-8.406180
-11.224598
-10.606350
-9.080548
-9.074225
-9.678813
-7.048482
-7.947553
-15.258851
-8.193975
-8.975724
-6.525538
-9.882166
-8.207364
-7.978585
-10.340816
-9.228819
-9.264567
-6.698551
-11.895921
-10.907741
-8.404444
-10.494952
-9.298854
-13.364947
-13.668817
-9.297759
-9.662415
-8.420818
-12.085227
-6.612467
-7.186676
-10.719684
-7.337038
-8.329933
-11.380887
-10.006286
-9.824897
-8.953144
-6.008706
-7.911163
-10.854291
-8.373147
-9.666356
-8.772510
-9.748401
-11.082911
-10.705093
-9.810741
-10.221270
-8.409026
-6.710260
-9.321414
-8.823498
-6.121699
-7.723745
-10.081324
-8.206074
-8.504254
-11.753270
-10.067691
-8.803877
-10.347692
-10.063486
-13.004533
-11.327845
-10.602291
-10.674985
-8.367502
-7.486158
-12.547167
-11.759231
-10.491165
-9.900874
-6.850977
-11.242086
-12.316996
-13.960398
-12.009188
-14.469504
-10.024033
-8.825240
-10.822796
-9.220376
-8.614148
-8.462646
-9.107386
-10.453598
-9.272134
-8.604480
-9.501742
-10.666070
-11.769905
-10.267471
-10.449049
-7.018952
-7.576414
-12.426494
-6.302928
-7.141078
-5.805038
-9.620852
-13.156939
-10.616692
-8.618562
-6.353402
-11.184582
-11.525322
-10.209642
-9.426733
-11.209939
-11.499746
-11.246214
-9.317030
-9.350818
-8.247629
-10.115767
-9.732002
-8.892156
-9.265402
-11.861979
-10.409096
-13.148808
-6.904986
-12.759974
-7.229859
-10.801184
-10.877748
-11.207252
-8.550785
-10.580111
-10.666985
-11.103460
-9.909081
-7.924639
-12.944728
-11.234343
-10.499388
-8.332960
-11.693550
-6.749434
-7.223129
-8.915596
-10.216814
-7.264471
-8.184139
-11.132888
-6.416273
-8.325210
-10.074253
-6.777563
-9.791774
-6.605977
-9.153782
-11.460634
-9.588977
-5.362684
-8.364614
-7.650114
-8.988330
-8.082562
-7.170567
-12.216387
-7.201049
-11.711539
-9.289371
-11.878636
-11.069145
-11.649058
-11.090500
-10.122582
-8.895085
-11.651507
-9.015523
-11.193318
-9.873809
-13.316677
-11.919833
-10.494102
-10.669132
-11.712564
-10.602396
-8.752272
-7.767906
-8.631632
-6.362074
-6.304177
-9.355783
-9.260116
-5.940205
-12.373974
-6.422272
-9.172355
-10.366377
-10.738693
-10.869689
-11.810664
-12.784333
-10.925155
-5.785439
-11.096765
-10.679846
-14.927142
-13.049809
-9.032316
-9.760100
-9.776490
-9.316682
-8.887068
-9.009439
-10.130518
-7.835608
-9.161758
-8.573668
-10.157310
-10.479902
-10.689353
-9.792459
-8.238126
-8.637919
-8.384074
-9.877112
-9.449153
-8.606554
-8.239202
-11.895960
-10.790312
-5.447404
-10.738444
-14.387520
-8.962888
-7.364852
-9.126987
-11.250167
-10.633984
-9.997137
-8.221993
-6.581104
-9.160337
-9.954954
-9.785462
-7.855129
-9.733525
-6.729749
-9.493731
-8.508636
-8.818218
-7.809562
-7.047758
-10.050318
-8.891540
-9.650478
-8.108460
-6.661721
-9.614136
-9.689646
-10.738291
-11.312119
-10.464080
-6.513487
-10.436795
-10.432078
-10.661620
-10.607018
-7.158469
-9.682737
-9.222649
-8.615025
-11.515405
-9.773274
-7.934595
-9.732531
-6.595516
-12.674522
-8.290930
-13.938241
-11.281441
-8.064086
-12.255042
-8.263447
-8.122349
-13.059136
-7.525553
-9.866871
-9.020734
-8.833151
-10.453946
-10.859607
-10.835941
-9.819574
-11.359033
-9.037166
-9.327921
-9.266375
-13.182422
-11.352401
-7.232208
-11.069603
-8.985701
-8.947478
-8.353179
-11.624655
-9.642470
-10.997362
-9.816641
-9.085439
-10.153633
-7.356859
-11.370139
-8.807165
-7.286057
-9.365889
-11.053953
-12.042653
-10.157731
-9.150475
-10.518394
-8.437493
-8.263507
-8.018184
-11.060081
-9.858772
-9.318387
-11.520567
-8.529284
-11.444965
-9.351822
-9.785752
-7.879644
-8.376839
-8.406320
-9.344983
-12.713495
-11.151539
-6.701822
-8.529581
-9.548231
-10.489098
-8.408566
-10.249004
-7.877256
-9.614788
-8.034317
-11.319693
-13.289193
-11.596776
-10.793795
-7.821914
-10.777163
-9.119344
-9.883926
-7.357991
-8.813584
-8.436821
-9.840105
-9.273211
-8.503524
-9.513731
-8.436502
-9.319099
-7.066554
-9.442682
-8.865940
-7.715364
-8.119056
-10.114607
-8.363435
-10.313338
-9.279364
-8.762202
-13.088965
-11.504367
-8.151752
-8.628312
-11.116076
-10.652831
-10.918247
-9.526920
-10.255250
-9.400109
-10.319206
-9.092645
-11.223839
-11.434364
-8.575431
-11.410479
-8.267092
-12.331024
-11.416926
-9.916006
-10.642381
-7.899088
-7.777483
-12.212790
-14.794619
-11.575617
-8.275141
-11.985537
-9.484756
-12.235451
-9.896866
-8.849589
-10.782745
-6.825042
-12.260649
-9.010105
-6.607255
-9.874619
-11.702113
-11.445850
-8.706534
-7.667556
-9.618222
-12.566784
-10.091758
-9.494382
-10.731874
-12.650083
-10.914124
-12.029861
-12.978069
-9.732773
-12.290829
-10.029790
-10.457644
-12.648198
-9.811487
-8.603284
-11.751633
-8.954309
-9.419148
-15.594671
-8.754394
-10.416455
-8.178609
-9.055071
-10.001644
-11.003023
-9.152672
-10.031085
-8.837318
-8.927697
-9.752757
-7.740090
-12.300537
-10.334261
-9.921638
-9.490688
-12.278702
-9.033507
-10.943774
-7.408496
-9.229897
-11.845344
-13.903772
-7.530989
-11.574055
-8.143818
-10.503661
-11.685304
-11.266984
-9.932908
-7.290865
-13.263700
-9.644725
-11.378778
-8.466499
-11.215367
-7.745549
-9.837709
-11.441707
-6.926451
-10.066198
-8.412600
-9.553573
-11.119569
-10.345063
-10.174205
-10.091661
-10.731289
-11.348939
-6.797653
-10.687293
-10.992929
-8.975321
-12.124854
-12.457891
-9.126063
-8.551726
-9.194585
-9.698513
-9.432587
-12.571731
-9.439812
-10.366794
-7.564406
-9.878410
-8.597020
-10.545488
-9.505536
-6.408792
-10.551127
-9.617196
-10.865105
-10.092297
-9.281324
-6.096553
-9.520972
-9.097452
-11.025885
-13.997884
-12.897115
-6.684054
-7.557790
-8.321883
-10.477493
-8.810521
-10.717526
-10.262125
-9.480310
-8.607166
-9.716467
-8.842853
-10.077245
-7.771171
-12.412181
-11.808800
-8.269562
-10.878702
-8.826905
-7.445698
-9.525922
-10.441197
-11.181414
-6.919725
-10.038015
-10.228251
-10.103237
-9.167472
-9.206874
-10.571902
-8.813793
-10.100458
-10.067531
-9.425084
-10.545737
-11.673596
-11.705085
-8.507208
-10.235781
-8.076206
-8.971450
-10.380500
-11.858720
-7.912876
-9.445631
-11.792496
-8.829969
-6.339664
-8.741818
-6.136168
-8.797220
-10.854418
-13.949244
-11.846937
-11.365343
-9.417988
-9.880584
-7.565802
-9.850116
-12.661873
-16.156622
-10.099988
-11.791933
-9.366072
-10.522028
-13.084331
-11.874755
-6.396395
-13.716512
-11.423536
-10.911319
-7.347927
-8.285811
-8.007523
-8.559976
-9.653375
-9.464396
-12.586182
-8.262346
-7.303704
-9.341171
-12.072802
-6.657312
-8.027126
-10.899834
-9.336018
-10.117623
-7.465178
-11.576972
-10.773481
-9.383354
-8.731506
-12.281620
-10.975211
-9.765567
-8.255857
-7.289556
-9.027317
-10.993691
-8.415221
-8.790978
-10.588563
-10.413658
-10.631780
-7.535588
-10.022765
-11.618132
-6.194704
-8.815904
-9.105623
-7.311289
-10.275826
-10.359045
-9.590564
-11.162349
-11.243560
-9.269979
-8.602640
-6.940745
-10.861073
-10.917612
-9.475128
-8.898803
-10.530807
-11.655733
-10.486441
-9.763404
-5.776842
-10.233472
-10.186050
-9.818520
-8.808161
-9.449451
-10.089168
-11.119749
-9.844286
-10.266025
-10.383198
-9.324186
-7.206468
-8.189292
-8.309942
-7.225463
-10.472903
-6.891781
-12.068347
-10.914542
-5.618954
-9.314022
-8.256696
-11.828025
-11.002286
-8.757754
-10.333023
-8.503004
-11.194761
-10.131911
-9.434888
-8.472364
-8.317626
-10.306606
-7.824944
-9.155631
-9.145529
-8.180630
-9.746002
-9.388389
-8.772039
-11.103930
-9.944799
-11.625331
-13.416722
-10.079845
-8.039392
-9.099158
-9.305717
-9.776793
-7.873278
-7.605094
-13.237797
-11.647121
-9.305429
-13.593455
-8.330964
-8.702191
-7.537417
-10.659663
-12.019783
-10.862583
-14.045892
-10.251658
-11.504715
-8.713503
-10.755273
-12.784332
-9.691445
-8.335349
-11.082700
-8.990832
-10.527084
-10.049718
-8.822537
-12.591289
-7.431059
-12.392026
-10.382875
-7.096837
-8.416077
-10.104824
-7.801967
-11.329453
-13.347089
-10.580692
-12.842805
-9.469818
-9.292783
-9.692935
-8.704888
-7.989512
-7.903370
-7.219055
-9.054111
-8.824158
-12.591394
-9.611303
-9.343743
-6.068282
-12.311477
-11.710582
-9.672344
-5.687197
-8.668803
-9.652333
-10.095706
-5.627786
-10.159138
-7.881528
-11.643342
-10.057034
-9.665946
-11.800306
-10.115646
-7.386744
-11.356189
-10.821780
-6.670272
-10.467488
-10.923017
-7.942649
-7.558660
-7.833271
-9.502199
-9.817693
-8.969781
-9.721622
-7.454428
-7.272630
-9.353970
-8.894989
-12.791708
-10.200649
-10.836823
-9.360784
-11.063803
-11.083284
-9.445414
-8.569214
-8.245882
-6.201062
-7.875024
-12.682712
-9.321223
-8.984914
-9.934742
-8.880838
-8.889155
-9.986022
-7.646106
-10.195748
-11.835622
-9.237553
-8.414240
-8.377227
-9.653271
-11.766114
-10.651042
-9.782179
-11.127346
-9.357202
-7.897781
-10.289709
-9.093774
-8.858216
-8.364077
-10.736752
-11.292129
-8.755036
-8.827731
-7.858014
-11.771139
-11.093251
-8.208100
-9.318908
-6.277009
-8.857447
-7.055247
-7.707069
-10.016242
-11.424146
-12.135603
-8.870770
-10.079874
-11.864500
-11.207718
-13.200421
-5.992837
-9.499500
-11.218435
-9.574354
-9.562674
-11.234035
-9.428623
-11.577423
-13.149679
-13.670322
-11.337498
-10.219045
-12.542037
-9.651961
-12.409526
-8.532025
-9.975230
-9.532494
-6.924166
-9.786077
-8.331376
-10.029549
-10.055444
-11.100188
-8.205547
-11.914616
-10.604063
-7.510822
-8.587589
-6.383743
-8.189311
-10.763046
-11.087905
-9.179634
-6.811551
-10.732353
-7.650547
-9.428668
-8.163208
-8.709790
-15.037648
-9.391899
-12.786267
-9.436012
-9.279902
-11.311620
-11.101664
-7.075929
-9.664030
-13.688382
-8.771748
-10.307953
-10.991028
-9.977641
-9.752037
-10.297306
-13.439133
-10.184844
-5.732994
-9.512544
-9.669465
-11.614685
-9.398952
-11.895853
-10.436364
-8.212092
-9.460886
-9.551187
-8.294930
-9.356912
-9.885499
-9.755198
-9.609227
-10.715723
-10.819087
-9.725640
-10.554127
-8.872120
-11.314128
-7.003385
-7.433028
-14.590252
-10.862208
-9.136321
-11.326792
-9.364823
-11.576171
-10.027925
-12.160752
-8.215254
-8.547095
-6.884395
-9.692165
-6.286480
-8.881215
-8.924478
-10.250540
-7.985421
-11.428761
-11.176969
-8.320066
-11.924604
-8.699965
-8.019030
-10.680539
-9.410505
-5.894593
-8.538473
-11.749278
-10.592254
-10.412894
-9.446688
-10.809675
-12.243762
-8.151005
-9.601510
-11.251842
-7.224087
-8.847900
-10.152189
-9.295829
-10.980162
-10.700223
-10.407181
-11.684381
-9.101624
-9.037706
-9.120630
-8.550879
-7.813188
-11.296766
-12.899898
-10.530982
-9.317046
-11.079263
-9.418921
-13.395141
-9.488585
-11.871459
-6.787767
-9.448304
-6.873300
-14.178971
-12.314139
-8.132454
-10.826658
-9.659121
-11.742934
-9.631187
-11.337982
-7.544581
-12.370489
-11.310180
-7.819446
-7.646229
-10.656351
-9.220138
-8.738447
-11.137424
-9.797683
-11.043182
-11.899467
-10.651042
-5.787178
-8.098425
-11.519361
-7.633986
-13.636971
-11.179316
-8.686683
-10.978649
-7.068312
-8.121466
-13.132833
-11.318580
-8.201674
-14.218719
-8.991895
-9.622998
-8.686148
-7.997379
-7.372691
-7.724566
-9.613762
-6.445996
-6.283059
-7.566981
-11.721841
-11.054204
-10.361581
-7.939761
-9.729548
-10.657745
-12.863941
-7.563130
-8.998603
-9.358938
-8.340346
-7.995615
-10.770382
-8.914221
-8.417186
-9.576050
-8.771297
-9.399058
-12.456273
-8.072896
-8.783495
-9.783567
-7.403644
-6.535342
-9.738208
-11.695494
-6.832150
-9.551104
-10.483669
-8.916797
-9.003494
-10.083874
-8.720339
-8.622068
-9.519277
-9.757991
-6.032995
-7.974235
-11.690105
-9.250051
-8.977760
-5.958723
-8.826103
-5.718515
-8.594759
-15.274931
-11.052645
-10.563446
-10.146263
-8.899976
-7.407935
-10.702958
-10.554205
-5.721865
-11.505974
-8.424715
-10.768344
-9.192135
-10.198258
-6.098561
-11.398107
-12.306354
-11.831912
-7.629457
-11.819798
-10.819283
-9.273864
-9.650213
-10.142461
-12.814021
-8.357711
-13.499593
-11.926659
-8.297861
-8.726315
-6.955486
-8.239285
-9.653232
-9.281616
-12.731091
-8.719002
-10.996482
-8.120505
-9.672241
-10.275899
-9.024483
-9.186624
-8.003156
-8.591815
-12.532199
-7.650668
-6.898848
-10.219425
-5.859388
-7.932405
-8.387797
-9.212803
-12.361253
-8.145723
-10.542835
-7.289954
-6.641829
-12.548438
-14.145469
-9.446228
-8.115134
-10.199275
-8.685166
-14.129382
-9.629497
-7.640083
-8.949955
-10.467214
-8.265471
-7.470936
-10.902885
-10.789314
-7.983660
-9.448586
-15.497836
-8.169026
-11.869479
-9.596211
-10.596716
-9.757692
-11.643890
-8.870541
-13.852257
-11.983384
-7.083941
-9.316476
-7.923662
-10.493595
-7.687069
-9.087284
-10.009614
-9.912254
-10.333991
-9.925099
-12.616764
-12.937482
-10.931951
-10.311476
-6.541843
-10.259884
-9.390499
-9.310728
-11.309336
-10.047689
-10.214194
-10.655403
-8.241732
-11.973586
-10.214357
-10.263119
-5.842819
-7.418444
-9.847507
-9.827030
-7.705399
-7.165431
-6.724836
-9.848439
-11.490281
-13.137506
-8.397023
-10.665491
-12.914746
-6.853756
-10.520598
-11.584970
-9.129768
-11.607147
-11.185619
-8.769639
-7.472978
-7.569832
-9.958963
-9.443712
-11.522882
-9.926503
-10.902208
-11.151347
-8.816375
-8.526045
-7.879959
-10.489532
-10.679688
-11.871584
-7.939050
-9.468242
-8.600908
-14.419642
-3.723651
-8.536421
-10.168006
-10.636917
-12.183960
-11.345556
-7.536792
-9.440794
-12.405417
-8.181323
-9.864225
-10.084483
-6.772916
-10.643776
-7.499529
-11.288918
-7.668688
-10.490001
-11.957079
-10.224222
-11.371473
-7.192654
-11.196519
-7.185328
-11.836307
-6.099341
-7.580649
-7.958735
-8.966364
-8.745801
-13.605968
-9.847963
-6.656981
-10.241282
-10.775939
-12.527716
-7.798828
-10.061226
-9.830535
-13.627875
-8.510754
-11.666774
-12.560724
-9.093542
-7.878545
-8.422894
-11.065570
-10.633463
-6.587965
-9.622218
-7.477141
-13.255418
-9.530894
-8.285709
-8.607851
-8.970140
-8.665380
-14.015304
-6.168165
-11.944756
-10.012527
-9.375312
-6.627687
-7.195744
-10.299812
-7.642509
-9.871626
-12.432601
-8.500843
-11.674987
-7.649395
-9.391144
-12.762286
-10.402987
-8.055859
-12.602608
-9.562840
-11.381446
-8.871967
-7.437828
-9.808505
-11.653027
-9.261205
-11.700736
-11.704516
-13.898533
-6.724707
-10.771502
-13.497381
-10.124285
-10.309765
-11.323903
-11.101952
-11.531513
-12.387826
-8.113250
-9.995008
-10.198950
-10.475718
-8.708959
-9.550463
-6.950461
-12.722400
-9.574121
-8.043329
-11.498160
-11.213121
-8.907245
-8.508574
-14.902682
-8.977081
-10.333113
-9.820805
-10.275491
-8.571679
-10.599544
-6.285886
-8.535633
-11.795233
-6.038961
-7.441493
-8.574763
-12.713625
-7.712107
-7.616356
-7.873869
-8.360230
-11.542464
-12.877435
-9.759047
-10.248940
-10.287263
-6.794702
-9.427244
-11.221617
-7.244161
-9.540474
-7.765188
-12.617296
-10.147705
-10.920163
-10.775304
-11.232615
-8.527948
-13.970819
-9.995126
-9.266212
-9.476562
-7.920622
-8.860023
-7.806343
-8.210376
-6.559110
-11.814339
-8.553707
-11.377852
-7.961688
-9.751166
-9.030558
-8.379977
-11.926546
-9.311402
-7.335510
-9.146843
-8.532341
-9.448225
-8.888304
-11.062090
-12.431056
-9.603002
-8.765347
-9.248421
-8.477897
-13.197430
-8.891848
-10.829926
-11.532696
-11.496675
-9.853420
-10.700361
-12.361026
-9.058904
-10.962751
-13.390381
-9.508783
-8.136773
-7.033591
-7.794214
-8.808276
-10.824373
-10.524045
-8.131067
-9.052591
-5.377997
-10.795201
-9.824387
-11.784092
-11.125025
-10.152237
-6.820820
-8.456217
-8.545462
-9.858580
-9.640644
-9.380724
-9.537461
-10.262323
-10.496405
-7.298894
-13.241420
-8.621116
-11.886182
-9.865541
-9.881166
-8.042253
-15.366065
-10.277549
-11.077333
-10.245204
-13.429348
-7.916101
-8.112377
-5.331223
-14.419642
-12.248013
-9.580339
-11.852934
-12.990175
-13.994634
-9.720660
-7.818036
-10.398601
-12.285484
-12.665837
-10.900323
-8.943147
-8.596994
-12.001131
-7.222869
-14.216243
-11.239863
-10.212160
-10.388414
-10.373899
-10.323021
-11.229955
-11.185609
-10.359083
-11.837758
-7.690440
-10.908263
-9.079333
-7.534305
-10.627596
-10.908545
-11.435832
-9.905461
-11.071874
-9.138005
-8.329163
-13.070669
-7.130673
-9.786039
-10.769166
-12.575443
-12.369989
-8.270885
-8.980070
-10.204197
-8.805607
-7.786914
-14.126851
-7.672063
-10.663963
-8.938035
-7.771817
-10.054741
-10.403824
-13.977964
-10.026299
-14.754754
-8.753942
-8.230361
-7.366480
-8.968801
-9.608900
-7.384131
-9.881596
-9.014263
-8.025863
-10.039438
-8.861073
-7.818972
-10.409029
-7.000901
-6.340780
-10.661042
-12.080621
-8.072144
-10.761385
-10.900634
-10.230391
-9.925810
-6.134593
-9.786202
-9.917442
-10.537745
-8.345846
-17.044926
-8.144843
-9.620794
-10.226616
-7.962378
-11.104369
-11.751703
-11.593915
-11.867270
-5.667396
-13.699089
-8.258175
-10.421760
-10.632538
-8.742332
-8.897314
-10.304145
-8.612498
-5.926663
-10.687790
-9.762484
-10.422999
-9.560078
-11.561056
-10.700808
-7.925492
-8.507305
-9.171904
-10.361392
-10.401691
-9.747811
-10.802204
-7.480912
-11.494826
-7.110115
-11.045048
-8.521598
-7.738242
-9.676504
-11.332365
-8.801244
-10.108391
-9.734015
-7.867373
-12.283290
-9.749522
-10.416880
-10.329671
-8.235612
-10.467472
-8.976761
-8.375647
-10.097411
-12.299987
-8.663342
-8.767884
-11.426737
-10.195599
-7.272843
-10.385226
-7.536405
-8.525491
-9.004481
-10.893224
-7.532773
-10.997141
-11.576598
-8.040494
-10.275815
-6.479438
-12.574217
-12.314139
-9.452312
-9.603668
-12.022402
-10.114482
-12.859806
-10.264277
-11.682355
-9.195242
-7.900276
-9.564312
-12.289309
-10.691888
-10.656379
-10.041699
-9.492017
-13.156490
-12.025947
-11.031263
-11.811232
-11.711954
-11.070566
-7.919013
-9.367225
-11.675825
-10.669194
-6.473793
-10.352900
-7.347016
-7.965946
-10.262324
-8.889379
-8.892682
-8.035624
-7.637930
-13.556561
-8.192092
-7.623771
-10.357186
-7.604821
-11.706944
-10.250973
-7.279471
-9.040650
-9.858071
-9.863125
-7.080047
-11.535176
-11.534522
-11.586691
-11.621833
-9.345558
-10.543843
-9.080731
-7.577410
-8.789032
-6.987939
-11.722139
-9.055124
-9.789648
-7.500943
-8.772343
-7.739009
-7.218622
-11.248573
-9.156605
-11.491365
-8.518861
-13.773088
-8.250744
-9.501832
-10.508125
-9.002925
-12.944655
-9.569413
-11.189315
-13.968364
-6.009332
-10.118602
-10.588778
-8.691052
-8.945210
-10.012651
-8.758585
-10.931875
-6.823820
-10.758437
-9.023534
-8.608900
-10.180342
-11.506359
-7.158355
-11.949331
-8.661323
-10.762121
-8.640294
-10.073170
-10.276353
-13.140440
-11.875237
-11.247040
-11.256164
-10.577123
-10.236211
-13.480742
-10.400610
-10.469674
-10.969154
-9.789318
-10.228542
-8.896557
-7.602762
-11.975946
-10.917896
-8.339642
-11.634434
-8.338444
-9.979970
-10.984526
-10.758958
-10.459208
-8.735191
-8.765060
-8.370975
-11.106771
-10.263089
-7.716027
-9.608903
-11.392989
-11.352975
-8.524172
-8.323339
-8.764797
-10.869695
-7.452637
-11.496852
-11.123046
-9.760474
-10.600760
-7.670568
-8.440490
-9.678540
-7.861494
-10.868374
-7.903117
-8.487892
-7.609535
-12.354464
-12.570764
-10.908007
-7.572125
-8.661646
-10.460943
-9.976429
-10.585944
-9.628837
-10.109689
-9.479976
-10.632248
-12.115595
-12.527459
-12.527459
-7.557140
-11.968247
-7.067350
-12.654375
-11.948872
-9.136606
-7.866191
-11.197231
-9.951385
-8.388841
-12.296087
-11.635022
-9.013688
-10.656508
-10.516212
-6.146492
-8.911760
-10.363473
-10.552916
-12.600606
-11.973459
-8.812869
-8.602167
-5.347542
-9.787067
-8.028414
-10.159478
-7.719234
-8.399277
-9.668218
-10.646192
-13.059961
-10.792706
-7.057405
-11.798498
-8.398985
-8.511339
-8.023973
-7.914296
-12.012374
-7.905544
-8.848228
-9.645272
-8.408179
-13.087564
-10.475500
-8.840424
-13.557031
-13.003576
-9.999555
-11.248446
-8.764306
-13.038643
-8.187541
-9.201552
-10.366771
-9.438893
-7.391578
-13.085954
-11.702572
-10.793268
-7.195534
-10.596588
-9.714327
-10.335970
-8.546369
-9.559109
-8.566837
-7.551667
-8.667992
-8.666890
-15.655370
-9.071593
-10.272317
-13.112653
-11.150172
-10.849524
-9.663580
-12.215531
-7.737444
-9.837677
-7.644557
-7.613808
-9.527026
-8.768344
-10.212804
-9.624445
-10.036367
-8.859942
-7.115329
-9.198001
-6.610521
-10.938611
-9.279164
-9.985407
-9.139990
-8.810439
-10.910380
-9.216479
-8.801361
-9.714916
-9.438321
-7.166718
-8.976514
-11.056894
-10.347396
-8.367747
-8.437828
-10.006405
-9.343943
-8.706368
-8.117042
-10.100168
-10.006679
-10.260543
-7.134678
-12.504608
-8.076526
-8.125573
-10.912065
-10.832150
-6.870003
-6.814718
-10.906529
-8.609925
-10.430689
-9.431398
-12.635888
-9.973740
-10.124308
-7.293997
-7.874309
-8.831136
-11.319032
-8.501678
-10.045805
-8.265065
-9.115450
-8.586105
-7.103118
-8.473480
-13.687500
-11.787231
-10.240300
-12.537959
-8.341592
-9.100282
-5.153127
-10.472374
-10.048152
-4.866566
-12.252000
-9.468800
-8.604627
-11.676962
-10.970664
-9.174326
-10.607133
-9.831939
-7.446245
-9.669568
-10.911297
-9.585492
-10.895435
-8.607607
-11.890994
-11.295543
-8.543259
-8.284178
-8.296882
-10.607762
-11.775915
-7.603914
-9.610227
-7.274505
-12.278647
-10.391508
-9.855395
-10.600029
-10.947731
-10.974722
-8.771152
-8.534489
-12.518778
-10.836901
-8.788470
-7.226333
-9.317325
-5.639307
-9.732920
-14.557732
-11.814988
-9.134990
-8.064395
-8.375827
-9.222155
-7.593112
-12.292555
-11.852409
-8.892270
-8.103749
-10.275699
-9.221176
-9.664879
-9.409954
-8.286501
-9.439201
-13.131875
-10.482049
-11.040697
-9.648726
-10.052758
-9.317325
-10.019280
-9.550037
-9.102762
-12.311188
-11.652281
-10.421783
-10.968312
-9.780252
-8.942555
-10.483589
-9.666740
-10.229251
-8.680658
-7.798582
-7.935868
-9.131305
-12.635191
-8.661408
-12.672855
-10.669983
-9.187511
-9.448161
-7.726896
-9.450115
-10.937905
-10.503010
-10.042356
-11.880875
-9.563307
-10.047247
-7.931810
-8.339843
-10.667782
-8.045850
-8.736007
-9.077121
-11.697461
-7.713582
-9.533024
-10.491340
-12.509613
-11.098520
-12.224296
-12.447007
-10.339473
-8.303032
-13.279093
-8.324238
-8.542457
-9.221230
-6.981066
-11.086295
-10.054738
-7.610967
-9.570927
-8.362935
-9.066971
-11.763391
-8.607935
-10.523325
-10.452949
-10.623765
-12.262870
-11.725254
-8.083961
-10.275852
-10.989012
-13.147672
-9.313022
-8.288072
-7.469566
-11.024187
-11.466861
-6.123338
-10.304665
-10.226135
-10.885784
-11.529850
-7.960425
-9.383610
-9.176464
-9.417270
-10.730992
-11.932554
-13.067044
-9.740468
-11.785318
-9.895972
-9.874466
-10.085466
-10.060107
-8.951707
-9.411352
-11.392254
-11.504941
-8.138346
-10.460350
-11.060018
-9.366543
-8.313390
-6.549867
-6.876370
-8.841867
-9.277473
-11.309417
-9.688564
-14.282213
-5.102802
-8.186670
-5.971704
-9.099712
-9.467912
-11.282216
-6.710718
-10.360182
-7.360431
-6.074618
-10.221927
-12.309356
-10.545496
-9.221171
-4.891868
-11.267200
-9.428192
-9.241605
-9.291053
-8.976515
-7.203249
-12.413306
-9.909297
-11.276114
-12.532309
-10.820209
-8.203060
-7.559350
-9.041619
-8.853053
-13.316783
-7.997642
-9.950177
-9.441410
-8.793315
-7.760125
-10.521420
-6.999217
-11.068672
-10.273223
-12.317248
-12.061114
-12.675279
-11.961895
-9.330724
-10.319765
-8.926162
-7.420859
-9.179730
-9.076218
-10.881993
-8.154701
-10.853536
-11.270551
-11.107917
-12.789657
-10.639373
-12.876595
-11.783223
-8.504400
-8.273734
-5.671023
-12.849238
-11.604615
-8.833833
-9.983544
-9.628901
-10.911736
-10.824984
-11.989357
-9.521357
-12.728829
-12.314139
-9.061722
-8.604593
-10.591730
-7.260489
-8.181008
-9.178618
-10.887060
-12.399713
-10.109960
-10.100865
-10.404882
-13.176226
-9.613359
-7.642825
-9.275323
-7.519265
-13.147945
-10.467695
-9.461274
-9.358893
-11.720883
-8.761937
-8.082715
-8.796381
-8.085928
-8.420197
-7.425005
-10.377790
-6.458584
-8.633130
-9.910526
-9.924708
-9.196944
-9.056371
-12.241580
-7.951840
-10.184315
-9.433882
-8.856484
-11.306211
-11.032385
-9.187454
-8.279878
-11.334522
-10.867178
-11.052691
-7.705686
-9.328286
-10.948010
-9.545574
-9.402494
-9.753568
-6.766497
-8.329409
-9.639193
-11.425535
-11.095938
-9.593769
-9.450033
-9.188703
-9.282376
-8.306684
-10.636889
-10.219575
-9.344512
-9.247464
-9.286271
-7.736434
-9.286534
-8.491572
-10.029716
-11.922503
-12.010124
-9.139167
-8.413199
-9.655335
-7.418142
-11.703440
-10.847948
-8.950856
-10.438235
-8.907050
-9.547321
-9.763061
-11.288304
-10.061732
-10.728443
-11.862494
-9.474293
-10.876737
-8.686786
-8.429295
-11.487178
-10.452886
-8.709796
-9.828940
-8.250145
-8.787473
-8.982998
-9.684970
-7.881709
-10.377923
-8.235084
-8.179843
-8.959063
-8.448523
-10.343451
-9.257261
-10.220266
-8.481719
-12.512310
-9.062823
-9.873465
-7.808027
-9.092131
-9.457897
-10.537725
-8.868871
-10.025472
-10.323380
-6.946866
-9.357241
-10.856087
-9.609690
-9.046306
-12.187009
-12.319470
-9.136272
-9.102096
-12.038658
-12.505601
-10.334620
-11.864074
-9.968337
-9.502252
-7.925057
-9.831140
-10.702111
-9.646201
-9.282222
-8.833969
-6.989305
-11.330228
-10.517938
-10.940944
-8.830334
-12.468988
-13.375226
-14.889383
-12.245010
-9.572797
-9.220507
-8.263291
-11.049828
-8.054776
-8.460130
-11.014848
-7.111247
-6.762491
-9.108768
-10.775186
-8.484792
-8.501310
-13.993726
-14.466175
-6.725299
-10.604005
-9.209215
-12.081230
-9.926013
-10.454234
-12.487963
-8.255177
-11.710086
-7.274600
-10.675056
-8.368344
-10.339142
-9.583546
-8.350536
-11.087461
-12.962270
-8.179800
-11.285648
-9.597007
-8.085162
-9.785961
-9.604755
-9.541463
-7.334701
-10.704580
-7.246287
-10.095064
-8.923692
-10.983638
-10.146595
-9.917769
-9.985760
-10.186723
-8.622001
-8.343572
-12.283182
-10.056004
-10.099490
-11.898352
-11.013547
-9.762414
-9.048368
-9.845186
-11.201102
-9.312961
-7.371788
-8.708463
-12.330350
-11.670123
-9.973831
-11.013925
-10.303744
-9.771863
-9.885961
-9.064360
-12.870346
-8.802208
-9.102467
-13.297623
-11.409766
-9.110811
-10.717406
-11.442028
-10.108288
-9.299081
-9.502520
-9.849030
-9.350960
-8.392658
-9.812344
-6.180543
-6.951488
-8.447948
-10.652014
-8.312429
-9.459133
-10.529119
-10.221587
-11.934762
-9.369894
-9.369366
-11.272263
-10.297769
-9.473730
-9.133293
-9.511902
-9.314903
-11.691129
-9.995591
-12.318213
-5.864797
-11.013599
-8.857174
-7.407403
-11.946641
-11.269069
-9.133042
-11.336477
-12.461919
-10.211526
-9.734468
-10.809798
-8.159751
-6.829963
-10.433085
-11.012845
-9.924310
-6.841545
-8.702387
-10.355834
-10.135251
-9.469645
-9.053831
-7.999253
-10.982728
-9.508389
-11.050269
-9.311826
-10.178491
-8.910799
-12.459833
-6.766798
-13.772151
-10.019417
-8.957518
-11.490172
-10.471122
-6.229522
-8.582986
-9.299369
-8.847223
-8.128752
-11.612019
-8.262868
-9.323785
-10.692620
-12.047819
-13.075837
-13.889114
-12.668694
-7.745250
-7.804389
-8.682064
-7.999827
-11.396924
-10.961912
-11.829634
-6.221772
-11.440668
-9.020726
-9.088406
-13.974504
-10.571580
-11.287313
-10.668576
-8.295957
-10.795341
-8.186780
-12.291697
-8.168758
-6.639363
-9.138958
-7.153168
-7.519986
-11.465590
-9.284700
-10.223709
-9.040215
-10.820151
-7.923498
-9.885659
-7.802014
-6.918060
-11.046647
-11.692838
-13.274389
-9.916176
-9.683352
-9.348663
-11.343419
-7.043777
-11.171934
-10.241546
-10.223481
-11.657573
-14.180838
-9.024886
-10.212466
-7.679934
-9.437780
-9.799429
-9.888865
-11.518448
-12.501684
-9.109275
-10.776549
-9.691304
-10.017135
-12.664807
-11.708786
-10.334281
-9.227414
-13.408027
-11.985531
-10.694778
-12.258636
-8.727374
-11.706462
-12.132118
-9.963575
-10.029233
-10.753175
-12.594196
-9.283502
-9.629363
-8.784202
-10.068892
-10.763981
-11.031561
-11.064943
-9.287672
-9.607487
-7.833437
-8.930436
-9.106848
-10.687462
-7.600464
-9.449397
-10.153290
-7.675355
-8.080275
-10.261893
-9.035501
-8.932952
-6.956291
-7.006234
-12.593995
-5.711804
-10.292967
-15.756812
-9.937297
-11.597146
-11.624512
-7.395500
-9.281237
-10.840714
-7.768292
-8.371899
-7.915146
-9.177209
-11.499467
-8.618323
-10.876657
-10.460473
-11.364973
-10.342992
-9.859200
-8.591229
-11.534070
-9.366837
-6.646084
-9.133025
-8.923531
-5.598692
-10.922606
-8.543881
-11.851452
-11.383241
-8.867289
-11.134782
-7.871857
-14.406990
-11.964023
-7.512833
-8.406197
-9.471312
-10.683867
-9.145291
-10.150241
-11.104412
-7.685442
-8.684423
-15.332320
-8.520880
-10.124726
-7.981672
-9.526788
-12.164163
-8.456331
-12.170504
-8.993402
-10.265550
-9.731832
-7.269207
-7.979780
-11.254349
-10.184781
-6.979586
-9.003264
-10.657697
-7.224279
-8.648854
-9.868471
-11.199390
-10.850594
-9.501760
-11.782312
-10.719325
-9.575201
-9.934971
-13.172629
-8.842111
-12.554030
-12.264285
-12.489548
-7.305477
-11.313288
-8.305437
-12.318320
-8.683753
-8.555802
-12.548376
-8.582411
-8.906987
-9.648270
-7.968129
-6.689688
-10.920261
-10.268202
-12.462906
-11.622600
-9.204028
-10.397176
-11.858314
-9.844016
-7.988923
-9.618694
-9.467358
-7.995994
-11.567631
-10.185620
-11.107008
-9.918118
-12.283927
-10.339521
-9.762067
-9.275610
-9.806696
-7.274441
-13.557199
-7.951275
-7.173832
-13.144574
-8.542423
-9.698692
-7.314580
-7.836456
-7.839960
-8.653887
-10.619578
-7.761350
-7.203836
-8.444249
-9.623383
-10.885359
-7.117290
-9.582896
-7.123311
-7.693146
-12.183146
-11.273910
-9.706256
-7.925150
-8.602680
-9.466478
-11.508547
-10.155900
-7.115724
-8.507835
-7.496675
-7.584159
-8.562167
-11.124998
-12.156634
-9.480604
-8.793219
-14.112459
-9.792609
-8.808576
-8.664931
-8.672152
-6.758211
-9.679111
-12.863770
-11.682388
-9.124200
-11.008016
-13.717586
-9.828661
-10.297276
-10.660557
-12.760155
-10.123940
-7.449272
-8.947262
-7.948246
-12.205956
-7.886484
-13.743432
-8.444576
-7.532042
-11.325431
-10.312451
-10.105847
-9.646382
-10.020648
-8.667863
-8.703260
-11.297576
-12.678287
-11.249786
-9.240944
-4.735444
-9.231720
-10.546932
-7.952315
-7.495648
-8.972382
-9.853654
-10.110810
-10.084670
-8.169144
-7.892167
-8.809877
-10.753645
-10.041407
-10.763895
-9.262806
-7.025843
-12.415354
-10.646453
-9.050059
-8.083038
-9.254310
-10.447847
-8.707522
-10.481979
-11.194654
-10.966982
-11.153708
-11.363682
-11.369014
-10.214347
-12.710420
-10.008148
-8.696057
-9.360081
-12.725643
-8.380305
-8.490959
-9.099753
-14.679336
-10.610717
-9.985893
-8.934351
-10.159699
-7.245703
-11.755685
-7.697896
-7.660482
-8.964090
-8.519345
