8
1 500 1000 200 42 777 13 99
0.277329
7.247778
3.461139
-8.214707
-8.574786
-8.311440
-8.655920
5.498922
-8.452253
-4.063665
-4.634802
-5.074125
5.922575
-0.434820
8.566093
-6.635948
-0.798383
-2.745529
-3.702194
-2.672489
-3.966396
-2.625914
-6.225855
-6.502789
-7.873991
-7.939591
2.576063
-1.841222
-8.682512
-5.028219
-8.512349
4.678513
-8.308764
-0.993377
-1.051562
-1.687639
-1.159816
-0.998198
-1.397378
-1.828162
-1.562140
-2.297462
-1.694579
-1.673540
-0.999911
-0.499253
-0.964786
-1.551381
-1.678369
-8.409346
-1.276854
-1.482404
-0.362683
-1.328596
-1.664785
-2.525087
-4.530495
-1.051995
-0.913030
-7.969819
-8.124976
-8.286386
-8.095411
-8.337146
-8.180192
0.956790
1.304613
1.845545
1.954936
1.981481
2.793498
3.620646
1.335287
1.944332
1.190388
4.042083
1.826855
4.359298
3.698819
2.654666
2.718131
-8.458919
3.941926
3.577080
2.889516
1.871192
2.444154
-1.916412
-2.516097
3.594601
2.089763
-8.564832
-8.098294
-8.476206
-8.575444
-8.291493
-7.961956
-8.058095
-7.633548
-8.518734
-7.867983
-8.562198
-8.466908
-9.190625
-6.477277
-8.181575
-8.219593
-7.898440
-9.087470
-8.014896
-8.452944
-8.009665
-8.586577
-8.093930
-8.519756
-8.303157
-8.299198
-8.473800
-7.442939
-8.194149
-7.503199
-7.590009
-7.677555
-8.619231
-8.227513
-8.252990
-8.549441
-8.377457
-6.620143
-8.456208
-7.985326
-8.532584
-8.271344
-8.315484
-8.451978
-8.164379
-8.303738
-5.306854
-8.478609
-8.593640
-8.337449
-8.300393
-8.010518
-7.817462
-8.505242
-8.283509
-8.053675
-8.157746
-8.244212
-7.780183
-8.622038
-8.168592
-8.579247
-8.523610
-8.116751
-8.146745
-8.432118
-8.331434
-8.321389
-7.956522
-8.391453
-7.691533
-8.511593
-8.285388
-8.070354
-7.674310
-8.393847
-8.891756
-8.049398
-8.849046
-7.975900
-8.549133
-8.516702
-8.051804
-8.364651
-8.152273
-8.088468
-8.264813
-8.625195
-7.871572
-8.112481
-8.579696
-8.019752
-8.332791
-8.434670
-8.120170
-8.362985
-7.955473
-8.502760
-8.134540
-8.105053
-7.991468
-8.647584
-8.343230
-8.044985
-7.671504
-8.288257
-8.697531
-7.970490
-0.490574
-8.399465
-7.819349
-8.498054
-8.772405
-8.459484
-8.301614
-8.238632
-8.708081
-7.954260
-8.679898
-8.179429
-8.475366
-8.915220
-8.287158
-8.565660
-8.479573
-8.347962
-8.261278
-8.327657
-8.378837
-8.478391
-0.687323
-8.906904
-8.196275
-8.406747
-7.821371
-8.298208
-8.147338
-8.348977
-4.983616
-7.892482
-8.633152
-8.515922
-8.474422
-8.404662
-8.231284
-8.994619
-8.212265
-8.828336
-7.812445
-8.639208
-8.362752
-8.506154
-7.968946
-8.242556
-8.198639
-8.447252
-6.779719
-8.123023
-8.012890
-8.644624
-8.666892
-8.416484
-8.593740
-8.460112
-8.326579
-7.996575
1.891392
2.283984
2.097045
3.387182
1.098565
0.445881
2.538373
1.392808
0.052713
1.431617
0.678605
1.393531
0.743654
0.397232
1.437900
1.469226
-0.134854
0.190330
1.555662
0.777212
3.754360
1.119713
-0.853725
1.717288
1.701709
1.577955
0.700937
3.210991
5.772666
1.509477
0.818745
0.526128
-0.382980
2.032312
-0.442961
-1.390756
1.475166
-2.274294
2.778600
2.296692
3.538955
2.002649
1.326282
2.419465
0.137348
2.801517
-0.022601
0.609777
3.360349
-0.631510
0.433422
-0.587724
-1.036211
0.875046
2.543599
-0.388505
0.257178
-2.188570
1.929526
-0.929691
3.294739
1.513874
1.960640
0.268904
0.761151
-1.836241
0.843865
-3.031395
0.144098
2.011644
1.367413
1.882345
-2.072237
-7.233587
-0.468804
0.125703
2.623597
0.515779
1.636984
0.841397
1.201887
-0.384547
-0.411694
0.898604
-1.604224
-1.608626
0.661815
-0.583684
-0.644155
0.668758
0.538468
1.126865
1.538962
-0.902324
1.338318
2.777091
0.001131
0.758258
-1.660501
-1.441737
-0.049432
-8.477278
-8.482091
-8.111597
-8.290098
-8.398341
-8.059758
-0.659065
4.438570
0.492403
-8.870892
-0.118136
-2.669554
2.084183
0.081482
1.215216
1.665907
-2.717765
-0.635399
-1.401501
0.141179
1.707980
-8.529966
0.710314
1.411639
-4.621044
-0.786412
-0.008958
2.516370
2.264092
0.667611
-0.466677
0.003981
1.856473
-0.927126
2.016287
1.765716
0.239496
1.875720
-1.311717
1.887358
1.687561
-1.095652
0.658426
-0.649210
-1.396194
0.236813
1.156959
-3.756738
-3.069806
-2.338433
1.245609
-0.488813
-1.360035
-1.827978
4.227575
0.104087
0.893533
0.802481
-1.860170
2.419651
-0.826174
0.415687
-1.781665
1.965882
-2.458362
1.518972
-2.394723
1.848475
-0.234509
1.709443
-1.069685
2.283731
-0.394536
-0.055267
0.490907
1.574142
0.524159
-0.979423
0.103983
-1.699263
-8.175475
-0.232056
-0.242472
1.493257
1.424183
-0.597344
0.262474
-1.626563
-0.055529
2.618144
2.123964
1.607849
-3.930562
-3.642575
0.468148
0.473581
-2.054460
-1.361090
1.942601
4.804360
1.700584
1.701143
1.872332
1.091946
-0.265965
1.082667
0.361250
-2.433136
1.989246
0.765978
0.281402
0.813724
-0.267315
-1.531590
-1.270128
0.548588
1.533640
0.648480
0.619658
-0.795858
0.128510
3.729077
0.198296
-0.883232
-1.593271
-0.914339
0.451251
0.875098
2.144129
-1.753756
0.961961
-4.775030
0.569753
0.762115
2.148735
3.013670
1.600793
0.935475
2.326744
-1.317547
-3.833241
-1.801376
-2.593994
1.085689
1.854135
-0.856917
0.241883
-0.956286
-0.040355
-1.402268
-1.596967
-0.367466
2.195834
-5.323316
1.490471
3.573273
-1.603884
1.254871
-2.226100
-3.856624
0.181238
-0.515939
-0.949786
1.683203
-1.834676
0.333191
-3.103766
3.443717
-0.233937
-2.669565
-6.893582
1.275885
-0.767544
-1.316542
-0.026482
-1.896186
1.296723
-1.689695
-0.244859
1.666315
0.878103
0.413862
-0.301302
-4.116961
0.043668
-8.664047
-8.456302
1.499246
-0.234645
-0.113047
0.491820
-1.570128
-1.563415
0.522510
-0.796744
-6.221162
-0.603327
-7.960264
-1.910439
1.516177
-3.213407
-0.826722
-0.802789
0.386528
-1.880536
1.151043
3.619264
0.395392
-1.170499
-7.400140
0.748081
-1.231904
0.405926
-0.126499
-0.846600
-1.278576
-0.423900
-0.148183
-1.428048
0.084384
0.968232
-2.287047
-0.018639
-0.708188
-7.615464
-2.382160
0.871321
-4.129836
-2.612979
-1.337275
1.299638
1.652568
2.001181
1.555845
-4.141406
0.171563
0.101701
0.661095
1.235662
-0.525661
0.024935
1.829564
-8.618424
-1.281563
-1.066136
1.588469
-6.434525
0.311893
1.431780
-0.918164
-0.415419
-0.179725
-0.494556
-2.405826
2.051203
-0.795541
0.872023
-3.014613
1.895017
0.812719
-0.982228
-0.019485
-3.765836
2.183501
-1.338140
-7.179740
0.673192
-2.134945
1.040997
-4.260890
0.026272
0.082173
-1.113838
0.728398
-0.483947
-1.023604
0.791029
-1.674452
0.678093
1.638098
-7.798414
-0.718400
0.405620
3.336714
-0.464049
-0.177090
-3.318798
-2.448606
1.442531
-0.245552
1.094750
-0.373552
-5.921722
0.387397
2.141295
-1.047584
-2.418024
-0.565044
0.316093
0.027287
1.257601
-5.262953
-0.244531
0.020817
-0.860895
0.173204
-0.536848
-1.722536
-1.243870
-1.490688
-0.605692
0.159064
1.811041
-1.667795
-3.465651
-4.036315
0.232098
0.802105
-7.541612
-2.559289
-7.491168
-0.104798
1.641378
-1.679627
0.130726
-2.043443
-2.906232
-5.829259
-0.762309
-0.418850
0.079945
2.419631
-2.077931
0.035065
-1.510339
-3.783762
-2.707195
1.725188
0.351812
0.872527
-5.009235
-8.429403
-1.544551
0.172510
-3.562782
-0.624979
-0.549439
-0.615399
0.242826
1.381343
-2.793593
1.948816
1.090686
-0.896682
-1.149596
0.552765
0.037091
-7.904150
-1.971244
0.221452
-1.675322
-1.823333
0.019228
-1.853592
2.822501
-8.696136
-1.699456
-1.665697
1.534637
-2.661386
-0.544106
-4.677076
1.257648
-0.067376
-5.769683
-0.061774
-0.047147
-2.226717
-1.588279
0.493179
-0.824336
-1.267053
-5.782079
-1.444707
0.496971
2.046784
0.730493
-0.521453
-0.029363
-4.876369
0.104444
-3.116760
1.019342
-0.100829
-0.102443
-0.493715
-0.129936
-0.890713
-8.015697
3.100767
-1.748703
-3.712599
-0.523022
-0.572380
-3.025369
0.120269
-1.330711
-0.905883
-1.068511
-0.174917
2.081104
-1.371901
-1.736316
-1.635196
-0.086556
2.968474
-1.015588
0.899323
-3.707059
-2.715348
-0.306285
0.285516
0.341966
-1.369794
-4.024999
-3.187532
1.112189
-0.400991
-8.182683
1.045561
2.881070
-0.685459
-0.130435
-2.015442
-2.812098
-1.025119
-6.752338
-0.867874
-1.225059
1.628348
0.073878
-2.235532
-4.916631
-2.293222
0.329770
-0.556268
-0.686149
-0.674306
1.660517
-4.945851
-0.160422
-2.388484
-0.824408
-3.076981
3.313813
-1.045994
1.034566
-0.883762
-3.874633
-1.757749
-1.854586
-1.614313
0.079233
-0.360976
3.078046
-5.206089
-1.252266
-1.397964
-1.158226
-0.713924
-0.418244
-2.320261
-0.085380
0.320145
-0.634888
-8.392489
-4.297184
-0.377845
-1.092422
-1.479691
-2.396574
-7.136400
-1.830830
1.043138
-0.020096
-0.344603
1.639241
-0.833968
0.729190
1.567302
-0.113009
-0.659108
0.991161
-0.649171
-2.139189
0.442884
-3.331812
0.270717
1.115489
-2.212871
1.589460
-0.224034
-0.858362
-0.107500
-2.726703
0.940213
-1.207122
4.698018
-1.671082
1.003930
-1.521567
-2.731520
0.485461
-3.067633
1.870991
-2.060917
1.281270
-1.070025
1.411534
-5.179394
2.817637
-2.876984
2.304786
-0.988192
-1.922995
-1.321685
-7.961489
1.362406
-4.158735
-8.485865
0.525493
-1.535986
-0.916297
0.675436
-2.717371
-2.175278
-0.065934
0.702801
2.751114
-0.909899
-1.161566
-2.138552
0.578356
-0.809750
-2.627254
-0.945341
-2.227285
-1.732077
-1.333773
0.795727
-1.273169
1.350398
-1.663960
-7.290705
0.234216
-1.265581
-1.645676
0.079401
-0.869309
1.231945
-0.647568
-0.664724
0.383609
0.736345
-8.252900
1.297422
1.462379
0.381442
0.490264
-1.979294
-0.580725
-3.666726
-2.932840
-8.047856
-0.858885
1.207843
-0.369935
2.081303
0.580765
-3.323674
-6.055186
-1.710803
-3.565046
-1.822345
-0.460381
-0.492419
-1.658537
-0.198580
-0.289576
-0.772955
1.119674
-1.130206
-0.092724
-1.702173
-4.878860
-2.539251
3.256765
-4.546563
-2.437459
-0.371827
0.887034
1.684235
-2.419635
1.644479
0.426103
2.646328
1.017513
-0.220006
-0.958706
-0.813259
2.273875
-2.453142
-6.319549
-8.383850
-6.893477
-0.037165
-5.187031
2.104587
-0.642682
-1.572335
-0.551561
-0.586548
1.894904
-2.274738
-1.105656
0.462363
-6.360081
-0.698124
-1.167529
-0.765545
0.051122
-1.065568
-2.050847
-0.569890
-1.442835
-0.299215
-2.497464
1.299037
-2.640509
-1.400112
-1.872243
2.267276
-1.287360
0.084998
-1.140919
-3.735043
-1.116365
-7.972815
-1.058269
0.485666
-0.936943
0.617723
-5.033014
-2.031206
-0.262925
-0.132254
-0.991252
3.495728
0.463987
1.899916
-8.390655
-1.017273
-2.214687
-0.122466
-1.670923
-2.425809
-0.805736
2.056853
-0.742663
0.134394
-1.748175
1.371161
-1.219569
-1.151006
0.849501
-0.714696
-8.748550
-1.030017
-0.869569
-1.150919
-1.114196
-2.764083
1.333012
-1.946858
-5.460026
-0.312422
0.593342
-0.640262
-8.562104
-1.870544
-1.112181
-4.857966
-1.812090
0.823406
-1.283865
-0.575623
-4.009449
-8.318158
-0.337504
1.677183
1.244329
-3.002594
-3.887133
-8.348672
-2.490934
-0.710209
-1.160494
-4.894646
-3.090110
-7.746298
-0.013678
-2.059098
-3.695595
-0.309775
-2.682468
0.929809
0.421085
0.015768
-0.006005
0.780629
-1.215598
-2.298046
-8.039685
-1.603948
-8.185596
-1.363078
0.387466
-2.203951
-3.910283
-1.597053
-2.109669
-1.582710
0.339102
-4.570218
-1.315782
-0.630074
-6.029018
-1.863537
-1.137642
-0.954477
0.258095
-8.021967
-5.698475
-1.649145
-4.061350
-0.657808
-6.307706
-3.078500
-2.511804
-3.755469
-2.896817
-1.849090
-0.533802
-6.714544
-3.225274
-2.433892
-0.477296
0.467075
-0.393313
-1.074994
-7.657310
0.724227
-1.515553
-0.772110
-1.948275
-0.577565
-0.264642
0.421546
-1.739433
-1.842206
-7.738853
-2.513157
0.404170
0.314791
0.698475
-1.917006
-1.525962
-0.821505
-0.345528
-0.521528
1.595058
-4.781137
1.807983
-4.213461
-3.972270
-1.570757
-0.074971
1.565878
-8.154212
-8.137580
1.417047
-8.296760
-1.657708
-2.546478
-0.129073
-5.345662
-8.563913
-1.380414
-0.410303
-0.338625
-2.490743
-0.825129
-2.109814
-5.169452
-1.839391
-1.745128
-2.603445
1.188451
-1.519590
2.250393
-1.180775
-3.446470
-2.862306
-0.785669
-2.848364
-0.440730
2.245832
0.708266
-0.146629
-0.207846
-1.783595
-0.604900
-1.638452
-0.924051
-5.426632
-0.684050
-1.208790
1.962344
0.437805
-1.016649
-2.397789
0.087166
-1.777044
0.499039
1.126120
0.195972
-0.718313
-3.295747
-0.488199
0.295487
0.282816
-2.383693
-1.696421
-8.276085
-8.397582
-1.538077
-1.266668
-2.549748
1.295585
1.005292
0.860824
1.388104
-1.944914
-1.291861
-1.321103
0.243859
-1.473425
-2.698967
-1.246209
-3.841984
-1.935997
-2.451417
-3.248758
-1.033908
-1.772170
1.926789
-1.434725
1.029546
-3.310986
-2.801833
-8.087868
-2.116594
-0.662554
0.635521
-0.481727
-0.514487
-1.235482
-3.617455
-0.449359
-8.082386
-1.947723
-0.866465
-3.415841
0.971769
-0.530504
0.496770
-6.715298
0.208259
3.023580
-0.674588
-0.952861
-1.720630
-1.113103
-8.851745
-1.235389
-1.771897
1.289489
-1.383781
-1.404971
-1.619039
-1.338232
0.426794
-2.526141
-0.942708
-0.131770
-3.166528
0.985205
-0.993320
0.638265
0.473954
-1.370616
-3.818405
-0.484230
-0.657853
-1.460755
-1.648386
-0.267232
0.433053
-2.286984
0.446361
-2.734893
0.159778
-2.368268
0.583614
-7.735509
1.616570
0.897711
-7.992415
-6.837876
-0.358368
-0.819757
-2.675535
1.224290
-2.920090
-2.828603
-1.149157
-2.263289
-2.249164
-0.240368
0.357568
0.902480
-0.372493
-0.058342
-0.605353
-2.789065
-0.764054
-2.613646
-0.683256
-0.597305
-1.347033
-3.001999
-1.174483
2.440254
-1.161493
-2.639151
-2.382275
-8.497654
-1.392379
-1.881139
-0.468077
-0.508317
-2.761667
-1.754011
-1.739310
-0.319903
-3.287201
-0.482395
-1.611210
1.658040
0.322886
-1.252339
-0.166244
-1.550152
-1.432542
-0.872452
-1.765866
-7.926753
0.403406
-1.571020
0.412142
-8.439012
-0.326585
-8.894759
2.114906
-0.550171
-4.071857
0.132073
-1.906987
1.983051
-1.816322
-2.822946
-1.018750
0.058247
-0.632834
-0.410286
-0.266895
-4.096772
-3.106858
-0.330381
-1.292753
0.016852
-1.141509
-1.022718
0.349404
-0.152593
-3.162587
0.613561
-1.477017
0.157428
-0.668542
0.974484
-0.737893
-2.265599
-7.776628
0.018243
-1.564973
-1.521189
-1.016960
-8.544964
0.298117
-0.654643
-2.731624
-0.592820
-1.405035
1.611665
-1.523136
-2.266040
-0.241292
-2.532967
-3.216675
-6.359127
-4.041575
-2.244219
-5.333640
-2.297842
-4.610762
0.292655
0.264860
-1.330120
-6.086907
-1.324744
-5.852028
2.384506
-7.551678
0.100671
-8.098157
-0.323907
-3.097345
0.524530
-3.617606
-0.517958
-0.712850
-8.285296
-1.271759
-3.096050
-2.364962
0.950082
-2.021294
0.093416
-0.023211
0.042808
-0.548741
-2.121057
-1.289119
0.817746
0.438126
-4.201334
-0.629500
-2.557157
0.166411
-7.930105
-2.348747
-1.211828
-1.655697
-0.656349
0.442311
-0.464099
0.195469
-0.726994
-7.806106
-0.591753
-3.574919
-5.749940
-1.259669
0.527395
-8.607880
0.095941
-2.573343
-8.169908
-7.323114
-0.935603
0.677580
-1.806502
-0.850633
-1.259799
-0.292634
-0.380482
-1.055658
-8.161736
0.646002
-0.055012
-8.207614
-1.996759
-0.203769
2.760543
0.552854
-1.866343
-2.024278
-0.160689
-0.931982
-1.805656
-3.578042
-3.115748
-1.322558
-2.124447
-2.492707
-1.102245
-0.955748
-8.093370
-0.264075
-0.221494
-1.311844
0.797391
-0.573626
2.340142
-1.897272
-1.482766
-0.763446
-2.727282
0.128119
-2.419312
-3.303143
-2.618019
-5.818897
-0.861473
0.005114
-0.662553
-4.511665
-1.107977
-0.118912
-1.558501
-1.074929
-1.505446
-1.732689
-1.201953
-0.896149
-0.387049
-1.512969
-2.144410
-1.717054
1.334455
-1.715178
-2.721677
-1.485560
-1.519511
-1.990902
-2.908744
-1.355598
0.390205
-2.104775
-0.235414
-3.394855
0.788750
-3.657865
-0.357271
-7.381481
0.709159
-1.179398
-1.817582
-2.341902
-0.800299
-1.892863
-1.357796
1.436291
-0.386980
-1.428918
0.187225
-3.236420
-0.899103
-1.125169
-1.914942
0.275533
-2.782160
-0.228995
-0.021285
-1.856748
-1.281010
-1.205676
-8.225087
0.296114
0.623642
-1.243160
-4.464852
-3.317869
-5.960021
-0.130088
-0.533477
-1.147320
-1.220896
-4.234768
-8.795544
0.785708
-1.641918
2.506149
0.809004
-1.933072
-1.421771
-0.636062
-3.677118
-3.467259
0.185950
-1.168038
0.158417
-5.794454
-4.000504
-2.042100
-0.524080
-5.250114
0.203761
-1.062280
-1.183149
-1.716838
-2.888189
-0.468956
-0.133843
-0.233091
-1.128983
-0.334866
-4.117007
-1.914533
-0.258158
-2.945888
-5.192361
1.329729
-1.440789
-2.055976
-0.156234
-4.997741
-1.594249
-1.268326
-3.490443
-6.502988
1.197258
-5.874578
-0.701112
-2.062294
-2.008892
-5.839101
-8.168429
-0.776266
-1.140260
-4.628757
-0.354688
-3.285337
-8.184996
-4.184790
-1.909158
-6.976006
-0.587292
-1.331632
0.778619
-0.528887
-8.242245
2.470705
-1.380667
-1.800029
-3.402705
-2.099907
-8.183486
-0.480277
-1.553677
1.461274
-7.701253
-1.664401
-0.474235
-3.695776
-0.510549
-5.531703
-0.165278
-1.765256
-2.359696
2.473792
-5.893724
-1.931865
0.299898
-2.878772
0.793588
-1.219560
-3.051501
-1.412396
-2.788597
-3.540615
-6.311074
-1.090659
-8.464761
0.241074
-0.432047
-1.213481
-1.907050
-0.852445
1.472298
0.986463
-8.980906
-1.397417
-1.525774
-1.986545
0.537415
-0.937558
-8.758927
-1.508822
-1.738812
-1.350747
-0.165697
-3.806211
-2.317887
-1.846696
-1.192049
-1.574597
-7.679469
-1.243236
-4.511051
-8.293741
-1.533340
-0.659043
-4.674664
-0.454843
-1.996522
-0.643234
-7.245109
-2.765083
-0.709476
-3.070022
-8.082513
-7.916299
-1.197489
-1.459905
-3.215391
0.628508
-0.193969
-1.186371
-2.299001
-8.300400
-2.129600
-0.327948
-1.354816
-4.005487
-1.628607
-1.087142
-0.331605
-8.943924
-2.763783
-6.571776
-1.745077
-2.664737
0.375513
-8.354445
-3.190269
-1.934419
-1.008060
-1.834650
-2.413186
-0.148110
-3.263830
-4.602887
-2.597360
-2.384496
-0.723025
-2.937860
-0.627482
-2.040092
1.747823
-5.899581
-0.633934
0.312492
-0.711665
-2.875636
-1.342357
-3.057593
-7.775975
-1.093280
-8.060139
1.843836
-1.935926
-1.985957
-1.512094
0.037919
-1.354821
-1.424898
-3.593082
-0.466990
1.991356
0.041463
-1.309366
0.252551
-4.933785
-9.057914
-0.745470
1.195594
-1.063085
1.959252
-1.825220
1.242167
-1.223446
-0.756681
-2.152896
-1.120426
-4.449949
-0.651520
-0.370549
0.520343
1.282389
-9.059642
-1.390249
-2.961979
-1.863075
-0.035454
-0.710020
-0.291955
-1.163744
-2.743968
-3.174495
-0.416146
-0.220977
-5.370510
-2.914769
-1.778950
-2.062453
-2.203383
-1.595774
-2.766701
-1.177729
-3.104158
-6.003904
-8.251107
-0.176765
-6.734282
-3.256277
-0.551163
-2.506063
-2.914879
-3.158417
-0.444007
-2.228899
-8.383283
-3.725233
-8.701837
0.887871
-1.758959
-1.623378
-3.660977
0.558853
-2.552771
-6.871718
-3.070597
2.584309
-0.147445
-0.338567
-1.733562
-7.060160
1.296188
-4.277167
-2.305717
-0.944343
-3.039744
-1.280649
1.054738
0.313560
-2.079411
-4.187902
0.372098
-2.184485
-3.982622
-1.434329
-1.421691
-2.844716
-1.975891
-2.044803
-1.445412
-3.241067
-8.424432
-3.339300
0.374082
-1.087776
-0.784801
1.322801
-3.844093
-0.992507
-2.520879
-2.194563
-1.325245
-2.366983
-1.739940
-8.441992
-6.783608
-8.303540
-1.473995
3.504735
-0.176140
-1.199179
-0.653155
0.942506
-0.952132
-2.244146
0.859959
-1.297320
-0.160407
-0.396017
-0.205963
-1.601983
-8.348649
-6.481027
0.621642
-4.126897
-3.207737
-1.655362
-4.306956
-3.922518
-1.770962
-2.375811
-5.951182
0.667494
-0.706131
0.649137
-1.053287
0.439961
-3.398264
-4.548081
-0.764651
-2.078705
-1.609518
-2.672973
-8.327512
-3.133295
-0.584213
1.443211
-3.720701
-3.723316
-0.216581
-1.133608
-2.287282
-0.598257
-2.088013
-1.507782
-0.956238
-1.000096
-1.324777
-2.795535
-0.928762
-8.789694
-1.291606
0.132509
0.305831
-2.593697
-1.054981
0.228163
-1.594866
-0.780061
-1.026534
-8.165549
0.036646
-2.372347
-1.504964
-6.321090
-0.386837
-0.292426
-0.932803
-2.518522
-1.184248
-0.198249
-2.984147
-3.021118
0.195899
0.775473
-0.651891
-2.742967
-0.308668
-2.304709
-1.400552
-1.144621
0.604971
-1.342398
-0.904068
-1.374580
-6.761315
-8.049213
0.927433
-1.403857
-0.821769
0.761433
-1.646130
-3.539755
-7.753449
0.579511
-1.349153
-3.455356
-3.647488
-2.274364
-1.305567
0.311600
-1.182865
-2.185134
-3.769471
-3.326274
-5.180580
0.736353
-1.074177
-0.435137
-2.692693
-1.765104
-2.806544
-1.322993
-8.586935
-3.951613
0.554169
-0.523577
-1.007138
-2.930215
-0.056763
-0.519393
-1.706126
-0.555085
-1.967274
-2.803015
-0.131617
1.056217
-0.441981
-0.209104
-1.910539
-0.822775
-1.888405
-1.763669
-0.864224
-2.835553
0.071396
-4.813910
-3.664451
-1.595258
-0.708385
-4.421974
-1.664095
-1.370867
0.716115
-5.344901
-0.665999
-0.902322
-8.028168
-1.930791
-1.185479
-7.717563
-2.812468
-1.222805
0.961157
-1.037517
1.304982
-2.821579
-1.521803
0.927350
-1.463134
-1.951222
1.746821
-2.498475
1.559545
0.306177
-1.601542
-3.904513
-0.651067
-2.221161
-0.032595
-5.344077
-0.768063
-2.883887
-1.497637
0.019577
-7.961674
-2.282270
-1.539180
0.387268
-2.478203
-6.005892
-6.792575
-1.097665
-1.000230
-1.723551
-0.895950
-0.067141
-2.395415
-1.209128
-0.658396
-1.886530
-0.841203
-2.614671
-0.147819
0.241002
-2.550840
-0.916706
0.951179
0.184784
-0.787684
-1.811884
-1.053229
0.527793
-2.573557
-1.477258
-3.168263
-2.681289
-2.620515
-1.678773
-0.822431
-0.075547
-1.659508
-0.273399
-0.991553
-0.685907
1.985582
-4.362638
0.605068
-3.150133
-2.060864
-1.440847
-0.177359
-5.064211
0.122637
-0.865698
-7.256897
0.775486
-2.560234
-1.202077
-1.199972
-2.798176
-8.488170
-0.902749
-0.725227
-0.057385
-1.175041
-2.293946
-2.014050
-0.843390
-1.492526
-1.559644
-1.428400
-1.548549
-1.768388
-1.846513
-2.081527
-1.340577
-5.320317
-1.292291
-0.883087
-2.266339
-0.340818
-8.509850
-2.151746
-2.410679
-0.326834
-0.881068
-1.596251
-0.869807
-1.381900
-0.129855
-3.113707
-8.422356
-8.583515
-1.012575
1.811266
-1.157975
0.167428
-0.049363
0.182789
-1.530053
-5.708991
-8.817744
-1.608124
0.473318
-2.007748
1.138949
-2.424862
-0.570660
-2.874272
-1.313797
1.072699
-4.964592
0.912318
-0.138102
-1.242196
-1.845250
-1.619999
-2.586084
-1.298651
-1.408806
-1.216844
-2.432066
-5.017465
0.357726
-1.052458
-0.155121
0.233509
0.941330
-0.765699
-0.097200
-2.369253
0.134095
-1.430591
-5.303002
-1.238178
-2.130530
-8.189839
-2.481220
-1.374785
0.109073
-2.271940
-2.086054
-1.392571
-3.097882
-3.448839
-2.983261
-0.422031
-4.381030
0.083903
-0.131905
-8.393456
-1.545503
-2.221727
-0.149227
-2.038306
-1.768777
-0.505702
-1.400049
-0.952272
-3.066292
-4.681394
-1.491614
-1.430008
-1.399994
-8.181868
-2.625179
-1.159403
-1.654383
-0.814565
-3.658348
-2.531805
-2.663594
-2.651648
-1.128879
-0.472551
-0.071209
0.630090
-3.113123
-2.235984
0.148818
-1.749905
-1.403241
0.698703
-2.451296
-8.163281
-2.906794
-0.138823
-3.008518
-8.480747
-1.442518
0.131926
-2.916490
-2.440324
-0.903468
-5.310665
-1.669949
-1.355468
-1.342938
-1.277006
1.108761
-1.533873
-0.799610
-2.464345
0.181198
-3.147780
-3.047029
0.584379
-1.118252
-2.958378
-1.267610
-0.805222
-3.158517
-2.604045
-7.288201
-2.592622
-5.016038
-0.087508
0.481843
-2.034745
1.381074
0.532950
-1.415326
-1.103227
0.793486
-2.546961
-4.592932
-0.945955
-0.797339
-1.978039
-4.748013
-1.561240
-3.927917
-7.159862
-7.546576
3.019965
0.943036
-1.369908
-0.625001
-2.125263
-1.108819
0.195649
-1.498713
-2.008021
-0.663846
-8.382002
-1.386381
-1.217405
-1.606148
-8.258069
-0.547708
-2.148744
-0.630535
-3.654746
-3.904894
-0.284962
-7.795920
-1.197533
-2.144211
0.332026
-0.186074
-3.368562
-4.035313
-1.823597
-3.737604
-3.824561
-1.345730
-5.891950
-0.713306
-1.446558
-2.978628
-3.858374
-1.442075
-8.288616
-3.311049
-3.327041
-6.187964
0.077118
-2.270236
0.655167
-1.449407
-1.112267
-1.791890
-1.160727
-2.659956
-5.025221
-8.146696
0.552850
-0.477517
0.299227
-0.958073
-7.926072
-0.357907
-2.866909
-6.971564
-0.761102
-0.960412
-1.838433
-0.078016
0.841146
-0.230378
0.765385
-1.830397
-4.225581
-2.282607
-0.452257
-1.178700
-1.343327
-1.269596
-5.204053
-1.932496
-1.878364
-0.727186
-1.625721
-8.175992
-2.273241
-0.035864
-1.476750
1.009834
-4.072660
-2.584731
-3.410257
0.008901
-2.282072
-5.062254
-1.429764
-1.758201
-1.857739
-3.585860
-1.892277
-3.014281
0.479388
-0.268175
-3.725519
1.017121
0.422751
-0.946584
-2.208364
-5.626357
-0.066924
-0.461489
-1.355597
-1.942714
-3.357466
-4.614073
-0.733348
-1.900558
-4.035099
-3.213888
0.209577
-4.691337
-0.931576
-1.426652
-1.175285
0.678303
-1.110907
0.519936
-0.800750
-8.477173
-1.569070
-8.051888
-1.028379
-0.934772
-8.386348
-1.416022
-1.064536
-1.205883
-2.649154
-1.035292
-2.985339
-1.479323
-3.638304
-1.273922
-1.151827
-1.915682
-2.322024
-8.208257
-3.207823
-0.690375
-1.518531
-2.297831
-2.316340
-4.150219
-0.613513
-8.315361
-0.866446
0.393579
-2.939324
-1.198305
0.301264
-4.310647
-1.907264
-3.766712
-1.405563
-1.394141
-1.414066
-1.629337
-2.200976
-0.083367
-2.569031
-1.026537
-0.959777
-0.356249
-1.212154
-8.398355
-0.872050
-2.515741
-2.188030
-1.658922
-2.020314
-5.075027
-1.862861
-4.359087
-8.207058
-0.762203
-2.317004
-6.954615
-1.416429
0.838529
-2.210650
0.478403
-0.842745
-2.486068
-1.416861
0.527253
-1.110773
0.318363
-0.719441
-8.291579
0.625268
-2.128999
-2.684267
-0.459351
-1.058464
-0.688687
-2.541231
-2.191059
-1.986141
-2.367456
-1.062880
-3.810317
-1.014108
-2.021739
-2.631474
-1.045132
1.126106
-2.445182
1.081631
-1.794534
-1.515656
-4.584975
-0.835471
-0.815540
0.122102
-2.492574
-0.864471
1.484866
-2.971007
-2.119520
-4.937380
-0.299845
0.695366
0.760387
-2.943473
-2.160666
-4.023656
-0.796102
-1.719242
-8.375780
0.190686
-1.440374
0.293558
-2.036578
0.998093
-2.024061
-0.467802
-8.033394
1.628477
0.254822
-0.296305
0.455208
-6.131738
0.352608
-1.297794
-1.916133
-2.819128
-0.147947
-0.407692
-2.810578
-1.919308
-2.944911
-3.506334
-0.880789
-5.095916
-3.137465
-1.147059
-1.032964
0.029902
-0.274929
-1.427764
-2.616670
-1.426675
-4.695755
-0.228300
-1.283017
-3.732948
-0.586407
-2.160221
0.820789
-1.860811
-1.000021
-4.094935
-2.430680
-0.826033
-2.983563
-1.196448
0.537085
-3.244585
-0.663160
-3.332363
-0.745435
-1.009278
-6.298786
-1.501797
-0.715832
-3.046848
-3.080765
2.321460
0.887616
-3.161227
-2.519198
-8.346867
-1.542825
-3.190810
-1.337546
-1.660997
1.345262
-2.912107
-2.115435
0.310333
-8.708069
0.370768
-3.422996
0.327996
-0.862758
0.684419
-1.731755
-1.819850
-0.422093
-2.495374
-2.766966
-2.288197
-1.672500
-0.877510
-2.590523
-1.478926
-6.806035
-3.514632
-1.816242
-1.747095
-1.722784
-0.231590
-0.276117
-1.577694
-5.096551
-2.316146
-2.758811
0.340788
-1.169481
-1.565165
-0.606047
-3.668477
-3.088553
-4.558665
-8.348758
-8.265053
-1.183015
-2.648083
-5.276387
-1.354191
-0.744796
-1.819105
-0.615833
-1.589681
0.554935
-3.861887
-2.644156
-8.467976
0.630672
-0.401390
-0.827439
0.307251
-3.328014
-0.621792
-1.968591
-0.943166
-8.022727
-3.323756
-1.416510
-2.013782
-1.989565
-6.318565
-1.603715
-2.348773
0.075115
-0.109950
-0.587804
-0.436063
-2.376309
-1.275833
-0.604302
-1.447521
-1.066212
0.482977
-1.195257
-1.292346
-1.294675
0.193477
-0.174005
-0.726447
-2.096190
0.490924
-3.744408
-3.684584
-1.572724
-0.387913
-0.397556
-1.665110
-1.730002
-1.773071
0.207123
-2.070717
-2.650278
-5.211500
-8.197141
-1.337339
-1.843056
-1.286379
-1.722464
-1.538093
-6.828413
-0.803007
-2.114164
-1.013845
-2.480327
-5.654852
-1.880748
0.002584
-3.615568
-0.694678
-0.855563
-3.310558
-2.290433
-1.553594
-1.186149
-0.963493
-0.707333
-2.481530
-7.569524
-1.213500
-4.101142
-3.414780
-1.137532
-1.507399
-1.572512
-2.055933
-2.707666
-8.249119
-0.189532
-0.307246
-0.626499
1.040084
-1.705945
-3.795072
-8.344398
-2.340150
-2.145879
-0.522303
-0.591799
-2.449999
-8.448358
-1.655735
-1.240711
-1.363744
-1.934104
-2.063131
-1.367454
-2.522065
-1.845369
-1.633650
-2.239800
-8.521526
-0.992835
-0.822791
-1.256721
-2.116332
-2.629930
0.807945
-0.681260
-2.193371
-5.898543
0.514152
-2.664372
-1.862858
-2.399265
0.175199
0.580291
-0.849093
-1.216380
-3.699755
-8.068463
-1.884408
-1.507862
-1.365379
-1.016146
-0.787265
-2.185496
0.209660
-1.208773
-1.146355
-2.895526
-8.411016
-1.126189
-2.341688
0.833295
-0.207345
0.109179
-0.829001
-1.593300
-4.171393
0.989327
-0.548799
-1.849831
-1.898196
2.559848
-2.286750
1.010467
0.163681
-8.822309
-1.590860
-0.968166
1.226573
-1.565449
-3.302280
0.159885
-1.455779
-2.384877
-5.170119
-1.088405
-4.358830
-3.984867
-2.789190
0.412074
-0.411919
-1.655273
-2.535777
-5.927421
0.617336
-2.681479
-1.402184
-8.266048
0.701635
0.149530
-0.652401
0.479459
-2.234040
-2.478952
-1.436919
-0.605815
-5.904734
-0.526592
0.910782
-3.231883
-3.109059
-1.715839
-2.124479
-0.446334
-1.422053
-0.530396
-1.388086
-1.129652
-2.328259
-2.283457
-3.231936
-1.110864
-1.894704
-1.491140
-0.163621
-0.211533
-0.425872
0.714426
-2.031314
-0.023539
-3.564421
-3.919477
-6.997727
-1.306359
-1.606339
-3.347861
-0.039840
2.528790
-0.382658
-2.583215
-1.577073
0.559079
-1.658233
0.035627
-1.153101
-1.819622
0.223144
-1.309244
-1.509363
-1.254191
0.090179
-1.039198
-2.861926
-1.425116
-0.857804
-8.583607
-3.529757
-0.021311
-1.865773
-1.831596
1.307701
-1.456045
-3.430221
-5.166353
-8.446576
-1.095550
-0.992497
-1.188209
0.335530
-0.109786
-1.031645
-2.506673
-1.889366
-3.575832
-2.302637
-2.138082
-3.022418
-2.767489
-1.094863
-1.791525
-0.094620
-1.090111
1.314677
-3.145070
-2.566696
-2.698253
-4.095139
-2.645892
-0.561635
-0.554448
-3.486338
-5.733010
-1.157148
-1.578352
-2.205755
-4.297529
-4.625342
-2.703885
-2.787044
-2.681876
-2.587410
-3.456216
-8.351213
-6.599125
-1.887602
-2.822850
-1.164330
0.642572
-2.194278
-1.567199
-6.433587
-0.606736
-1.445784
0.461034
-2.577403
-1.361882
-1.178658
-2.156313
-2.774511
-1.960578
-2.291482
-0.865137
-3.358920
0.719286
-1.318169
-4.558353
-2.283646
-4.141747
-2.435855
0.533694
0.390175
-1.339101
-2.862265
0.035995
-1.910394
-1.564347
-2.794826
-0.862534
-1.674576
-0.415256
-0.199040
0.873501
-2.087502
-1.779176
-1.017066
-3.756963
-1.237754
-2.128701
-0.131886
-3.853604
-2.748744
-0.947413
0.639039
-5.127167
-0.597906
-0.077056
-0.547685
-1.546891
-7.075876
-2.691571
-3.224419
-2.529394
-1.236623
-8.128297
-1.458061
-0.123971
-6.364247
-0.135961
-1.532577
-1.910177
-6.002745
-1.340943
-2.097879
-2.225843
1.294672
-0.541766
-2.807297
-0.182424
-1.474037
-0.829023
-2.854967
-2.197778
-1.747317
-2.876058
0.040131
-0.646782
-1.507651
-0.987220
-0.794321
1.345464
-1.018213
-1.514425
-2.115266
-1.691959
-0.673495
-0.409639
-1.573705
0.015550
-0.626860
0.449224
-0.936782
-1.309445
-2.008797
-0.968113
-7.081100
-0.971583
-6.155104
-1.388110
-7.860924
-0.284849
-4.618694
-1.573625
-0.207776
-5.141888
-2.638831
-0.550815
-3.944618
-7.880135
-1.954238
-5.644867
-2.596828
-2.113647
-1.233846
-4.020827
-2.129240
-1.535584
1.094396
-0.781992
-3.092675
-1.215370
0.414955
-8.545596
-2.375070
-1.569077
0.110492
-4.022865
-0.376106
-3.100303
-3.818158
-2.413183
-5.016484
-8.153405
-3.983899
-3.023040
-0.569997
-1.205391
0.027421
-0.798275
-0.785417
-1.594510
-1.626106
-1.560760
-1.923265
-2.496834
-0.395852
-2.469316
-2.436619
-2.135816
-6.297942
-2.293769
-2.727664
-1.506755
-5.220292
-3.339317
0.551869
-1.851041
-0.313913
-1.294483
-3.366400
-0.359877
0.543740
0.076471
-1.782682
0.603930
-2.975420
-1.765656
-1.378569
-1.374687
-1.748062
-1.803489
-1.128418
-5.941182
-1.672390
-2.011811
-0.859055
-1.078898
1.479848
-2.882872
-5.314734
-0.107287
-1.958496
-4.792246
-8.799504
-0.815740
-2.108955
-1.547614
-8.062225
-1.549766
-2.351119
-0.130715
-6.055034
1.791181
-1.783575
-0.862530
-2.156430
-0.568888
-1.762636
-1.677429
-2.257313
-4.183962
-1.369086
-1.134068
-1.503769
-2.638616
-8.000509
-2.021543
0.057901
1.038203
-1.733062
-3.464083
-4.046167
-6.947381
-0.564985
-0.739324
-1.073021
-0.573550
-4.787477
-4.374436
-0.070809
-0.802148
-2.033258
-2.369375
-2.731126
-2.001833
-1.458761
-1.780161
-0.966900
-4.992521
-2.317352
-2.067455
-1.580370
-2.905306
-8.506655
0.780511
-2.202759
-2.657249
-0.876325
-0.852890
-0.841763
-4.761622
-3.130329
0.696847
-1.714259
-2.511709
-1.066740
-1.976593
-2.548056
-1.535829
-6.636856
-1.237654
-0.813097
-1.093741
-0.381926
-2.438130
-1.364991
-0.971909
-1.994539
-1.841267
-0.511742
-2.323668
-2.087575
-0.883713
-3.969471
-1.536585
-0.693079
-1.579278
-1.326387
-0.423515
-1.059064
-2.087911
-8.533858
-2.118450
-2.162949
-2.466436
-0.997730
-0.488594
0.375602
-2.187438
-0.942422
-2.487722
-2.985057
-2.367698
-1.973568
-1.907987
-0.233340
-2.125078
-1.253415
-0.519565
-1.988142
-0.591234
-1.484938
-0.929201
-3.205606
-8.135268
-1.356490
-0.780266
-1.503865
-2.406199
-1.741827
-3.205846
-5.728404
-3.854703
-1.859034
-1.356522
-1.208300
-0.036575
-2.004672
-2.617158
-0.412539
-7.612429
-1.427453
-0.220389
-1.473101
0.400524
-0.953888
-0.252800
-2.563891
-2.530093
-3.059631
-1.093080
0.804946
-6.017243
-2.142595
-1.814336
0.176490
-2.652225
-1.651731
0.700039
-1.518948
0.884551
-2.315559
-1.056145
-5.047372
-2.209991
-4.779419
-0.822723
-8.386320
-1.353784
-2.050712
0.017418
-1.232109
0.031206
-0.851073
-0.862234
-0.418944
-1.024012
1.378622
-2.912009
-0.314693
-2.268346
-5.714965
-0.740295
-0.763061
-1.413988
-0.385413
-8.048030
-1.117720
-2.547963
-1.980902
-0.824874
0.331476
-1.893384
-1.672544
-2.133742
-0.830162
-0.584172
-0.618713
-1.076225
-3.978147
-6.969520
-2.386315
-2.914468
-0.672137
-2.741186
-1.240448
-1.916670
-0.751755
-0.693651
-1.198021
0.066849
-1.104098
-1.730111
-1.104205
-3.297091
-2.214399
-2.306366
-2.746069
-1.006936
-8.315568
-1.751893
-1.248959
-7.314973
-2.172805
-2.509578
-0.451572
-2.517401
-1.625119
-1.620840
-1.347242
0.890231
-1.492008
0.039233
-8.691875
-3.082256
-8.509190
-2.049201
-4.288894
-1.292572
-1.975159
-3.195383
-1.178765
-2.182390
-2.346353
-2.363180
-2.062099
-1.175639
-0.571048
-0.718119
-5.297773
-1.764025
-0.164379
1.716704
1.060472
-8.347911
-4.055912
-1.363557
-2.598758
-7.973145
-4.145459
-2.816132
-0.024542
0.646078
-2.604511
-1.187364
-2.578266
-1.050013
-1.912579
-2.657843
-8.263591
-1.900064
-1.908378
-1.750734
-1.077509
-1.069943
-0.188168
-3.619830
-0.316147
-2.359487
-8.800156
-0.622303
-1.205555
-1.112287
-4.273205
-1.758566
-1.278269
-3.007564
-1.610535
-1.124731
-0.888278
-1.565077
-1.593853
-0.017589
-2.521239
-1.768209
-1.525014
-2.839488
-0.459766
-4.052891
-1.140800
-7.997200
-2.685027
-8.245395
-2.757988
-0.737155
0.094207
-0.985632
-3.483439
-3.127115
-2.215905
-5.009178
-1.244512
-1.080579
-2.306951
-2.684474
-2.255626
-1.412318
0.380043
-8.505629
-1.101648
-0.639477
-0.754017
-1.730830
-0.773688
-8.108051
-3.014701
-2.018280
-2.245193
-8.133532
-3.403678
-4.744890
-2.556880
-0.980897
-0.260855
0.039411
-9.049120
-2.909312
-1.019492
-2.047925
-1.236726
-0.829098
-2.747341
-8.131765
-0.559802
-4.692435
-0.107154
-0.456784
-1.007994
-2.939066
-1.767644
-1.554750
0.576141
-1.662328
-0.289552
-2.041723
-0.982951
-1.716490
-2.287625
-2.564113
-0.455663
-1.284270
-2.001474
-3.651955
-3.014220
-6.915829
-2.394125
-1.427117
-7.497354
-7.302387
-0.312761
-0.169409
-1.877418
-0.423678
-1.028396
-0.728913
-2.051216
-1.082615
-5.079288
-0.108270
-2.200156
-5.168711
-1.740843
-2.891569
-0.899587
-3.281556
-0.432845
-3.515277
-3.022641
-2.950776
-7.773862
-2.375744
-2.247929
-1.321585
-7.858231
-2.359725
-1.958403
-1.372888
-0.338988
1.262940
-2.865218
0.005302
-1.023174
-6.145660
-2.361375
-8.227139
-0.789025
-8.469468
-2.970785
-2.241786
-1.453330
-2.654708
-0.008763
-5.555404
-2.525007
-3.404402
-0.489184
-1.291999
-1.778881
-3.572988
-0.375734
-3.431166
-4.909239
-0.652492
-8.436462
-2.944648
-8.299291
-2.262242
-2.724906
-2.283613
0.046975
-0.438293
0.113440
0.498691
-2.132586
-1.488316
-4.782454
-1.026764
0.030988
-9.085899
-6.048711
-6.007322
-7.971215
-1.542012
-1.793394
-6.469886
-7.992403
-2.049638
-2.263739
-0.074478
-1.909208
-1.373528
-2.440013
0.396569
-1.403739
-5.301645
-1.825385
-2.572494
-2.243098
-1.439131
-2.674005
-1.286398
-8.959902
-8.554634
-1.296682
-1.564910
-0.707861
-4.368850
-2.266504
-8.630225
-2.612659
-2.514184
-2.369410
-0.764559
-0.583023
-0.025003
-5.029761
-2.156634
-2.636424
-1.008294
-1.095941
-1.054764
-2.112292
-2.346991
-2.270251
0.692930
-1.125518
-4.425394
-1.495214
-0.388952
-1.520728
2.579971
-2.645547
-0.091518
-2.179719
-0.248472
-0.628880
-2.608181
-2.102012
-1.576338
-0.116575
-4.897912
-2.570284
-2.913571
-2.244062
-0.965538
-1.473717
-1.909067
-2.608168
-2.043189
-2.627367
-1.617030
-1.033040
0.616021
-1.770272
-0.360170
-2.093304
-6.362633
-1.711663
-1.984354
-2.427501
-2.024782
-1.591544
-1.704531
-1.713867
-3.396255
-3.867731
-2.461254
-3.138309
-2.062572
-3.365047
-0.156618
-2.212617
-1.924100
-2.299403
-9.171017
-3.074120
-8.096211
-3.860733
-0.088155
-3.296260
-0.896034
-2.669074
0.403405
-5.494230
-0.918161
-1.806186
-1.983190
-0.915144
-1.319545
0.183456
-1.596873
-2.520479
-5.365404
-2.401578
-0.789750
-2.469185
-1.584348
-0.811336
0.314498
1.058678
-1.830679
-0.847716
-0.933203
-0.521220
-1.391524
-5.194513
-8.061599
-1.571477
-0.092093
-3.790248
-2.795705
-2.424886
-6.295504
-5.946638
-1.077624
-1.443206
-7.748899
-2.021471
-1.451959
-1.028210
-0.665946
-1.034815
-2.798644
-2.017659
-2.444604
-0.960511
-0.773365
-1.651068
-3.149253
-1.126005
-2.641214
-2.175921
-4.654777
-0.276033
-1.740655
-1.860879
-0.467141
-2.259613
-1.751152
-3.039654
-0.151765
-1.648091
-1.350422
-3.055156
-4.130744
-2.351424
-2.514624
-1.162704
-1.485043
-2.192971
-8.102103
-3.909897
-4.927719
-0.582994
-0.468593
-2.302446
-2.029478
-8.137862
-7.876613
0.016627
-0.101507
-8.209312
-2.034311
-1.608270
-0.569348
-1.398874
-1.394506
-1.777877
-2.092331
-1.984219
-0.207481
-2.684114
-1.695324
-1.040406
-1.423968
-0.801631
-2.565729
-1.996926
-1.282953
-3.963284
-2.661835
-1.651642
-2.237988
-1.332801
-1.245764
-1.748576
-2.934505
-0.865692
-1.792520
0.351821
0.030572
-0.993772
-8.264275
-1.110808
-2.922568
-2.103386
-2.044096
-1.521329
-2.421453
-1.190234
-1.191682
-2.408799
-1.670568
-2.362020
-0.984376
-3.105684
-8.466920
-1.633022
-2.480928
-1.877054
-4.644608
-2.115108
-3.920571
-8.240990
-0.435797
-1.954221
-0.582554
-2.707048
-0.355808
-2.010816
-0.946865
-3.125115
1.093613
-0.335302
-7.393283
-0.417645
-2.208917
-1.666579
-4.847940
-1.934834
-1.361110
0.220350
-0.770211
-1.357446
-2.024635
-3.267464
-2.684331
-0.277719
-4.366517
-0.105523
-1.417837
-2.498230
-2.186863
-0.564639
-1.907113
-2.209061
-7.913701
0.167405
-1.527886
-2.423831
-3.996833
-7.462327
-5.564719
-0.180413
-0.793298
-1.614268
-2.118312
0.490625
-1.051474
-1.993292
-4.214564
-2.273576
-1.138042
-2.487606
-3.871443
-1.594985
-4.992757
-1.702903
-2.621192
-0.491557
-0.943150
-1.281260
-2.314010
-2.164728
-1.348897
-2.616296
-2.803908
-1.124157
-0.913356
-3.112385
-1.886959
-3.874039
-4.834706
-2.774344
-3.500244
-0.810595
-1.865535
-1.583734
-2.392128
-1.518834
1.361307
-1.403527
-1.610183
-1.659730
-0.184244
-3.157437
-2.067958
-1.989131
-1.776772
-1.644935
-5.859449
0.782440
-1.531889
-0.039060
-3.041120
-0.490612
-0.403993
-5.862233
-3.353876
-1.690650
-1.022487
-2.289050
-1.393082
-1.568698
-1.752798
-1.679013
-2.768206
-2.231141
-1.751753
-2.005514
-0.431353
-0.252021
-2.425184
-7.975299
-7.958407
-0.181173
0.650253
-2.479422
-8.447687
-1.756656
-4.004492
-3.218590
-1.501002
0.108352
-3.583958
-2.167485
-8.056376
-1.965280
-0.674317
-1.443556
-1.338837
-4.523058
-0.385912
-2.010883
-1.850775
-4.568685
-2.057606
-1.033472
-5.902404
0.309473
-1.082936
-2.020967
-3.230659
-2.277491
-4.596087
-0.383523
1.099144
-5.535373
-2.509992
-1.815803
-2.166350
-1.763326
-0.408076
-2.002104
-0.797994
-1.501612
-2.182710
-1.539605
-7.994899
-1.964176
-4.201016
-2.036307
-2.732110
-2.937400
-2.842726
-8.871762
-2.129700
-1.383194
-1.964764
-4.344955
-2.826871
-1.385977
-0.890516
-2.062387
0.313178
-1.225052
-2.110193
-2.931260
-1.401443
-1.988582
-1.546813
-1.577102
-1.341589
-1.838743
-0.781274
-3.887988
-1.157521
-0.917703
-1.990529
-1.331895
0.083911
-6.509680
-1.631129
0.267137
-1.470217
-1.665483
-1.433999
-2.707829
-2.570338
0.176661
-1.285340
-1.460492
-2.758837
-0.889343
-1.112346
0.487846
-0.536091
-1.323025
-1.728852
-0.878538
-1.622236
-1.245246
-1.668354
-1.746364
-1.539026
-2.312045
-1.193230
-2.177471
-1.459800
-0.392218
-3.290345
-1.741706
-1.536694
-1.303621
-0.424893
-1.691878
-2.783381
-2.880205
-1.000241
0.072034
-2.871347
-1.245363
-1.733997
-5.835262
-0.999902
-1.818690
-2.670091
-0.587533
-1.393366
-1.281273
-4.501415
-0.250341
-1.392724
-1.816808
-1.716616
-2.493025
-2.105317
-1.311030
-1.011043
0.427042
-4.503557
-3.071595
-1.818668
-0.366279
-1.656349
-0.899835
-7.923594
-1.650282
-1.053051
0.017326
-1.828105
-1.591757
-0.526547
0.060757
-1.947184
-2.645514
-1.283168
-2.954150
-1.266206
-2.146333
-0.659341
-5.911603
-3.705936
-1.105961
-2.314631
-2.811124
-4.574124
-5.068475
0.599855
-8.478909
-0.370671
-1.693543
-2.245458
-3.413794
-2.346115
-1.189676
1.087919
-2.354930
-1.238887
-1.501298
-1.549075
-8.368514
-3.729805
-0.112545
-1.309671
-3.303923
-1.230900
-2.680940
-0.940123
-1.776451
-8.867315
-2.397770
-0.328319
-8.724115
-0.211320
-2.185570
-1.831272
-1.731346
-0.810616
-2.532793
-2.974212
-1.904275
-1.713659
-0.168421
-1.344261
-3.908908
-0.768113
-5.064197
-1.559326
-2.958006
-0.760020
-1.625773
-0.753933
-2.144750
-2.113471
-5.106927
-1.975173
-2.372670
-2.546701
-4.765087
-2.658941
-3.324843
-0.381759
1.019594
-1.964385
-0.503417
-2.665204
-2.432255
-1.402963
-6.738305
-2.730814
-1.853728
-0.419065
-3.785064
-1.921850
-1.723070
-7.954463
-2.405561
-2.220568
-1.054573
-2.280566
-3.433794
-7.631441
0.932715
-2.326169
-0.118336
-1.306571
-0.978696
-8.330484
-4.264991
-0.028911
-2.310355
-1.246623
-1.033623
-1.880172
-0.502969
-1.991804
-4.381931
-1.060115
-2.512758
-7.642676
-0.612054
-1.146089
-2.319773
-1.794495
-1.797429
-1.048049
-3.572573
-1.031331
-2.093174
-3.487906
-1.313872
-1.653042
1.503302
-7.220933
-1.932749
-1.846089
0.013686
0.782021
-1.875775
-3.191202
-8.734488
-2.124974
-5.110454
-5.452286
-7.397631
-1.724766
-2.359165
-1.496775
-3.159753
-1.104015
-1.634445
-2.199862
-2.068482
-1.421475
-2.782420
-2.824314
-1.262889
-2.536371
-0.187202
-2.040253
-8.321342
-2.017692
-1.642067
-2.383290
-1.554697
-2.341343
-1.796342
-1.709604
-1.237326
-2.988949
-3.223911
-5.485959
-2.738430
-8.052792
-8.559817
-2.955960
-1.561949
-1.434466
-6.474030
-1.284970
-5.395740
-3.676964
-7.027934
-7.884241
-3.618188
0.202167
-3.943311
-0.135909
-2.689275
-1.383811
-3.135398
-2.412430
-2.654549
-0.918755
-1.448014
-3.141892
-0.026433
-0.722856
-2.317246
-1.157157
-1.140498
-2.152577
-0.638580
-2.410698
-0.581602
-1.824306
-1.412520
-8.291772
-1.744307
-4.667289
-0.879332
-1.591504
-2.317079
-2.907671
-1.135935
-1.774833
-4.222412
-0.154467
-1.077566
-1.444245
0.398018
-2.016312
-2.454597
-2.472934
-2.410751
-3.219074
-8.252032
-2.029647
-1.025479
-2.382388
-2.392739
-2.430880
-1.167346
-4.130941
-2.040534
-2.594912
-1.634654
-3.843954
-2.059844
1.323573
-4.021112
-0.150544
-3.500609
-1.128251
-1.460940
-1.827874
0.036604
-0.808278
0.443643
-8.659112
-1.378354
-0.432063
-0.107154
-7.815399
-2.001921
-0.429923
-1.047317
-2.796227
1.320764
-3.301192
-5.236301
-1.435768
-2.638016
-4.528437
-2.792564
-0.725114
-3.886290
-3.109091
-2.768778
-1.837792
-0.304044
-0.068095
-7.859216
-2.436798
-0.107939
-3.459325
-2.334386
-2.300839
-1.506989
-3.284137
-3.202434
-8.405533
-2.061656
-3.881457
-2.976750
-4.300966
-3.060746
-4.034071
-1.115005
-2.906812
-2.613027
-2.304998
-1.437522
-4.980052
-2.848707
-3.779314
-3.453076
-3.956357
-4.360473
-5.938150
-3.224396
-1.951245
-2.993480
-2.415651
0.636063
-0.481124
-1.511204
-2.095579
-1.577920
-8.604157
-1.706381
-1.766786
-1.387768
-2.011724
-4.992043
-2.523406
-1.611813
-1.024588
-8.500760
-7.894458
-1.620818
-4.221249
-4.113897
-1.654735
-1.977048
-0.754279
-2.453741
-8.104538
-0.935260
-3.782352
-2.066545
-2.597453
-4.718972
-1.979939
-2.233870
-0.124408
-2.263122
-0.380930
-6.821800
-1.474234
-2.134838
-3.811075
-1.708894
-3.476020
-2.342703
-2.593189
-2.942489
-2.709484
-1.929624
-1.585547
-8.278091
-0.089663
-1.331608
-1.851167
-1.959725
-2.282989
-2.444176
-1.118682
-2.772860
-0.826759
-3.739870
-2.886306
-7.902034
-3.895781
-8.094087
0.778309
-2.540697
-2.572626
0.122754
-1.669211
-3.661545
-2.379102
-5.280303
-8.623261
-1.272054
1.747974
-2.719108
-2.650774
-2.088822
-6.525749
-1.468118
-1.836500
-8.099961
-1.463558
-1.736014
-3.907536
-1.308500
-2.089428
-6.350825
-8.082904
-2.946412
-2.135153
-1.401880
-3.036504
-1.596416
-6.004513
-1.574241
-1.989606
-2.099915
-2.853627
-1.406977
-2.476729
-1.486035
-3.320317
-1.336756
-0.957922
-1.902028
0.249106
-0.975257
-2.384716
-2.568521
-1.353500
-0.486683
-5.191028
-3.584106
-4.647960
-1.322331
0.265317
-6.830595
-1.033555
-0.023967
-1.146807
-9.079127
-3.383722
-7.329828
0.912434
-1.118010
-0.152743
-4.385019
-0.981363
-2.865510
-7.588846
-1.772490
-4.096810
0.553341
-3.680167
-1.267742
-2.176495
-0.830302
-1.962031
0.150424
-1.697065
-4.359887
-2.238644
-2.423604
-3.447242
-4.391072
-2.146858
-2.658728
-2.049426
-5.178858
-8.447298
-1.193436
-1.451107
-3.707363
-1.264381
-1.799063
-5.253508
-8.166209
-3.400272
0.109147
-1.528499
-2.444293
-2.589271
-1.303743
-0.448553
-3.920096
-1.593350
-7.620267
-1.858869
-1.199581
-2.164222
-1.818938
-8.538255
-1.985105
-5.019215
-1.473289
-0.922052
-2.531125
-1.117762
-1.773948
-2.356008
-2.361324
-1.631977
-3.060165
-0.992469
-1.459793
-5.861017
-2.416945
-1.719924
-3.808661
-0.798460
-4.583780
-1.832345
-5.968546
-3.220661
-2.810632
-1.924382
-1.278226
-2.601969
-3.377398
-2.201959
-8.502154
-0.116972
-0.999796
-1.705470
-1.311452
-0.709584
-2.524480
-5.330318
-2.293995
-1.579126
-4.567346
-1.919678
-0.389778
-2.126271
0.387594
-0.372080
-3.370112
-0.963193
-1.188642
-2.538329
-0.868204
0.492385
-1.476903
-1.709169
-2.285968
-1.285259
-2.011493
-8.621896
-1.215063
-2.998677
-1.699680
-0.503254
-2.711040
-2.939485
-1.509446
-0.438714
3.107311
-1.648620
-6.444160
-2.409674
-1.605480
-0.760662
-2.910271
-4.516119
-3.269979
-1.359669
-3.081475
-1.357395
-3.259953
-6.327661
-2.878484
-5.352665
-1.497799
-3.544477
-1.222053
-3.115628
-0.184602
-2.259259
-1.146319
-0.642843
-3.081732
-2.413535
-5.970822
-6.350574
-3.398570
-1.105270
-2.653710
-1.760414
-2.589607
-1.004412
-1.239720
-2.061092
-3.353262
-1.227746
-2.451319
-3.379802
-2.578819
-1.828570
-1.304443
-0.740726
-1.503191
-2.456653
-1.680507
-8.488850
-1.135209
-3.170350
-1.313515
-0.789624
-1.462076
-0.187502
-2.820119
-2.273032
-8.542218
-2.456304
-2.195841
-1.120818
-1.026779
-2.218847
-2.261839
-4.603230
-1.671264
-0.940207
0.102432
-0.515459
-1.794133
-5.691617
-0.863389
-1.234121
-1.832457
-2.587784
-8.222561
-2.794224
-2.074937
-2.211749
-2.434196
-0.947330
-4.359364
-1.673848
-3.969031
-1.549837
-7.409753
-3.180041
-2.167455
-1.078678
-2.023085
-1.544595
-2.766104
-7.617934
-2.280516
-1.605533
-1.775837
0.324838
-2.326046
-3.974338
-2.169969
-0.801054
-0.511883
-0.749489
-2.445494
-4.707930
-0.786623
-2.112356
-1.821157
-1.251609
-2.838435
-0.919203
-2.934832
-2.523607
-1.176335
-1.051332
-1.945602
-1.239768
-2.638472
-2.412751
-1.764469
-0.598296
-2.883982
-0.039377
-1.519374
-3.684147
-4.388964
-1.838834
-2.778015
-2.784643
-2.624379
-2.684993
-2.616973
-5.761449
-2.729371
-2.375882
-1.704443
-3.107642
-7.995916
-1.938539
-1.724762
-0.834967
-1.253693
-5.151680
-8.135730
-2.637092
-2.996731
-2.448507
-2.500017
-2.466921
0.025349
-2.285255
-2.050913
-8.530025
-0.547803
-2.145062
-1.461903
-8.431164
-3.066501
-1.459125
-1.514227
-2.901531
-1.704660
-1.687638
-2.052485
-0.477647
-3.694412
-0.947746
-2.152407
-3.179470
-2.245788
-5.141863
-2.586059
-0.460505
-5.808162
-0.940294
0.804243
-6.159369
-2.102853
-0.690034
-0.808933
-1.912648
-2.631476
-0.970844
-3.779232
-1.632657
-3.052055
-0.155234
-1.659128
-1.557683
-1.670741
-2.596037
-1.686066
-0.473897
-2.410442
-1.463687
-3.871501
-3.359738
-3.147889
-0.631604
-1.367683
-4.515881
-8.785270
-1.431345
-1.510810
-1.092407
-3.885968
-1.967424
-1.852699
-0.871035
-1.459097
-7.282411
-8.613885
-8.216695
-4.206403
-2.419075
-1.155871
-2.439079
-2.984115
-1.948695
-7.429593
-0.729392
-1.012655
-2.321111
-1.968491
-1.970265
-2.172908
-1.776311
-2.067770
0.970359
0.591402
-0.144407
-2.102767
-0.290845
-1.178328
-0.446554
-0.925577
-0.764332
-4.837183
-4.858567
-1.839990
-0.796143
-1.029079
-2.851199
-1.303560
-1.850958
-4.415557
-2.708428
-6.314556
-1.454700
-1.556703
-4.052734
-2.390754
-7.991582
-1.247244
-1.796305
-1.715931
-5.724805
-7.701225
-2.554594
-2.602054
-2.553833
-1.362532
-1.419375
-2.213412
-8.753955
-4.649611
-1.675969
-2.813715
-1.314342
-1.230530
-4.378092
-4.382609
-4.562680
-3.159834
-1.979641
-4.401192
-1.633080
-1.513333
-1.035919
-2.512535
-2.274487
-8.441584
-2.202476
-1.818511
-2.578945
-2.276059
-2.326815
-3.135301
-2.264477
-1.188873
-0.684713
-5.014467
-2.499117
-1.002356
-2.283748
-2.051507
-3.473030
-2.449526
-0.886125
-1.199440
-1.111080
-2.162124
-0.934831
-2.476357
-2.066658
-1.415350
-1.592799
-1.774446
-2.050632
0.481579
-2.082743
-2.122545
-3.716086
-4.647819
-0.687530
-0.407827
-1.433172
-1.038753
-3.437164
-0.277942
0.149512
-3.759307
-4.155263
-7.877404
-1.818237
-2.376400
-1.473831
-2.054740
-4.053708
-1.541263
-0.908205
-2.489754
-1.191687
-1.753857
-0.586133
-2.930432
-2.032105
-1.979407
-2.154056
0.842340
-2.345033
-1.296332
-2.190803
-3.604263
-1.551355
-2.246764
-2.209441
-2.173599
-2.682298
-1.164326
-0.324477
-3.199803
-4.069705
-3.986677
-0.218332
-3.935792
-2.304659
-1.361518
-4.527560
1.926048
-2.169568
-2.468287
-0.908769
-1.840710
-1.747958
-2.387259
-0.619111
-1.098073
-2.164109
-2.099297
-0.709878
0.341978
-3.332102
-6.185833
-2.295314
-3.713149
-2.104470
-2.259205
-1.494617
-0.954948
-0.760959
-3.844620
-1.219044
-1.587804
-2.666607
-2.746549
-3.704259
-1.254643
-1.877271
-1.949642
-2.080897
-1.911220
-3.562919
-2.279961
-2.769926
-2.112140
-1.012492
-1.923815
-2.784391
-4.942749
-1.357978
-1.158859
-2.918173
-3.215279
-3.423765
-2.063911
-0.580818
-1.452640
-1.440307
-2.119568
-1.912104
-0.405773
-3.678303
-1.776991
-2.226555
-3.268581
-0.955517
-0.123417
-3.543383
-0.840164
-1.866325
-1.542310
-4.056910
-5.281659
-8.708943
-4.212473
-3.169384
-1.836676
-1.087577
-2.242084
-2.339846
-3.015861
-2.982575
-3.133893
-3.048861
-2.331866
-4.021090
-2.202945
-3.581915
-2.305870
-1.793482
-1.332796
-1.615992
-1.099992
-0.177863
-2.382405
0.022767
-2.698861
-8.519214
-1.954680
-0.479207
-3.975183
-1.584347
-4.588273
-1.761243
-1.614641
-1.911571
-1.426919
-2.222266
-1.394285
-2.794828
-2.113800
-8.719703
-2.095197
-0.855603
-1.389550
-0.212731
-1.823135
-8.697009
-3.290006
0.822791
-1.872468
-1.624903
-2.022342
-1.978705
-8.058158
-2.803199
-0.105308
-1.530366
-1.544905
-1.847123
-1.922268
-1.163118
-8.278969
-1.182109
-5.690698
-1.557097
-3.757838
-1.277497
-2.226956
-1.191694
-1.270292
-2.976782
-1.143549
0.427923
-1.507127
-5.041583
-2.868074
-5.311528
-1.989039
-3.045374
-1.899945
-1.579780
-1.168718
-2.946702
-3.147807
-1.594810
-0.833236
-2.915263
-1.446541
-4.186874
-0.457078
-2.326301
-1.934366
-0.916591
-7.902298
-4.333575
-0.718350
-4.671663
-0.566508
-8.193025
-8.180326
-2.620981
-1.572867
-3.475044
-0.409818
-3.211836
-0.323924
-1.372799
-2.042375
-2.345384
-1.725395
-1.184540
-1.358912
-6.330167
-0.968235
-3.667058
-1.833343
-1.605190
0.911130
-0.729791
-2.607980
-2.760901
-2.493074
-3.802845
0.776724
-1.241886
-0.398294
-8.117270
-3.564534
-1.819794
-1.581060
-3.243990
-8.218436
-2.566787
-1.310048
-1.930621
-0.959393
-1.424918
-2.171119
-2.574803
-3.143646
-2.062508
-4.253570
-1.907868
-1.876884
-1.429872
-1.480708
-3.699250
-7.861550
-0.435310
-1.963322
-2.382846
-2.411659
-1.437403
-1.953169
-0.995108
-2.606628
-1.393621
-2.664132
-7.979368
-5.189085
-1.360023
-3.850240
-0.186787
0.390141
-1.899453
-2.003896
-2.229879
-6.828639
-0.320422
-0.072271
-1.514212
-1.955867
-2.359484
-1.239899
-1.768090
-1.993859
-1.672464
-2.782566
-2.685425
-2.005677
-1.274857
-8.077657
-3.233895
-0.312147
-2.004289
-1.481680
-2.579612
-1.706578
-1.984302
-2.025065
-6.214898
-1.777382
-3.927805
-7.364084
-3.098285
-1.134174
-2.468832
-2.399380
-2.707991
-0.984434
-2.508527
-1.093511
-7.978203
-7.938001
-4.917926
-1.991899
-3.218108
-2.685076
1.000832
-0.672554
-1.573534
-1.181008
-2.777181
-4.512135
-2.582033
-1.544505
-1.397644
-1.139399
-1.821219
-2.024474
-2.473070
-1.444883
-0.671760
-0.869801
-2.082918
-1.973710
-1.054431
-1.299869
-0.468042
-0.963309
-3.207618
-0.712866
-2.169791
-5.680031
-1.785956
-0.330597
-0.173366
0.657878
-8.641364
-0.558289
-2.524559
0.111943
-1.774390
-1.507289
0.687052
-0.884570
-2.292474
-4.127999
-3.476048
0.079871
-8.282264
-1.216677
-5.193718
-5.221902
-2.356527
-2.031750
-8.614244
0.195655
-2.183912
-0.091773
-1.141050
-0.783735
-0.667790
-1.151003
-1.245992
-3.118596
-0.015221
-1.583282
-1.157739
-2.295440
-1.463898
-2.642697
-3.311536
-1.948776
-1.542901
-1.599888
-1.947387
-0.568433
-1.424973
-3.017494
-0.102650
-1.733152
-1.597271
-1.662606
-5.447150
-1.934684
-3.015771
-2.467227
-1.736287
-1.554017
-2.221988
-2.147793
-0.325181
-1.988397
-1.949301
-3.820232
-2.266860
-2.335332
-3.578074
-2.709630
-2.654101
-1.840363
-2.139050
-6.583609
-5.086503
-1.558316
-0.328480
-1.248837
-1.014392
-2.313046
-1.692893
-2.156884
-2.473797
-1.950719
-2.126191
-6.066145
-1.452992
-2.176715
-3.193007
-3.181471
-1.841653
-3.453138
-0.743182
-3.762442
-2.266635
-1.422114
-1.417215
-3.527954
-1.518094
-5.364784
-5.992218
-2.769372
-0.766388
-3.075917
-8.268633
-1.750361
-1.148029
-2.035072
-2.079091
-1.763409
-1.989988
-2.624967
-2.655442
-2.794893
0.540178
-2.027231
-1.115004
-2.105548
-0.900999
-3.495739
-1.930413
-1.886727
-1.110669
-6.194509
-0.142024
-1.742269
-2.507710
-3.277826
-8.195311
-2.195735
-2.063249
-2.260972
-5.356461
-1.399372
-0.762779
-1.286172
-6.362002
-3.040360
-3.193635
-1.983713
-2.643121
-2.032990
0.568037
-8.245269
-3.582421
-2.466121
-1.474828
-4.090172
0.129826
-1.580246
-2.124321
-3.192956
-1.489248
-8.127999
-1.535101
-1.950724
-6.148591
0.370538
-7.612432
-0.376894
-0.203302
-1.641648
-1.776214
-1.270739
-3.959395
-0.881666
-1.287340
-2.336536
-4.432856
-1.970049
-0.526297
-2.744886
-2.519922
-2.727551
-2.870469
-2.364223
-4.909633
0.416000
-0.861063
-4.342435
-0.002522
-1.847192
-1.793882
-1.778453
-2.771022
-3.083436
-0.746009
-2.781669
-7.448575
-1.349493
-2.283021
-4.342345
-4.294290
-1.092889
0.622871
-0.397871
-2.374664
-1.045410
-2.240610
0.206422
-3.125642
-1.700737
-6.000400
-1.438308
-3.638931
-1.770837
-1.141215
-2.346867
-1.339070
-1.838487
-2.080289
-1.247814
-1.906346
-2.103694
-1.736999
-2.506094
-3.431322
-2.615734
-4.093634
-2.460495
-2.791794
-0.880836
-0.550673
-0.809519
-2.999723
-2.623021
-1.840417
-2.715467
-4.925119
-1.723302
-2.874593
-0.765345
-0.493115
-6.292927
-2.597507
-2.541368
-1.515476
-1.912544
-1.898392
-0.630276
-1.392599
-3.013496
-8.554420
-2.910029
-1.976174
-1.727107
-2.444848
-2.037302
-3.388018
-2.319073
-2.328011
-2.225646
-0.568325
-0.988600
-2.335601
-2.160972
-0.821337
-3.373908
0.026410
-1.809468
-2.346917
-2.621097
-0.725639
-2.761450
-1.901076
-1.876121
-2.049314
1.007601
-3.351068
-4.276662
-1.361607
-0.157886
-1.461172
-0.676105
-1.029106
-1.443615
-0.867371
-2.374772
-3.705527
-0.160871
-3.568649
-1.998821
-4.054665
-0.016851
-8.716475
-6.357869
-2.310083
-2.371708
-1.865932
0.403175
-0.556405
0.487310
-0.400860
-1.696010
-1.498818
-1.895055
-7.770366
-4.428678
-3.380002
-1.967032
-7.126797
-8.034298
-1.786408
-1.586669
-2.411689
-1.902630
-5.053070
-4.228376
-2.558459
-8.865666
-3.460099
-2.415808
-0.247520
-2.115380
-1.227366
-1.690212
-1.995716
-2.630263
-3.095884
-2.948483
-2.464495
-2.386395
-1.980267
-0.396217
-1.386161
-1.370318
-2.142256
-0.975079
-1.728554
-6.122980
-1.941920
-0.789067
-1.563130
-0.705459
-1.754805
-1.398166
-2.221284
-3.718572
-2.707824
-2.165094
-1.360883
-2.357299
-2.889688
-1.289980
-2.418441
-1.067323
-1.603292
-2.078147
-2.374467
-1.203307
-2.198080
-0.979076
-1.930867
-3.909294
-1.860602
-2.210741
-0.346756
-0.055429
-2.876875
-8.690701
-2.383148
-3.676724
-1.952367
-0.244058
-1.025084
-1.683958
-2.700454
-1.093571
-2.029505
-0.463190
-3.665224
-4.378662
-1.620896
1.061749
-1.715661
-3.906877
-3.159398
-3.229720
-0.497359
-2.446266
-0.365733
-1.066782
-3.291893
-1.764589
-1.854045
-0.133016
-2.120606
-1.168917
-0.829141
-2.713321
-3.968416
-2.631643
-1.784306
-2.145086
-2.368843
-3.292300
-0.709071
-7.857390
-1.842110
-2.713008
-7.995290
-2.073998
-7.775552
-0.636463
-2.956158
-3.890743
-5.520437
-4.586338
-2.343020
-1.849130
-0.276139
-1.903478
-2.994944
-3.184609
-2.123265
0.226435
-6.759608
-5.053273
-1.579896
0.552866
-1.973139
-2.548821
-0.390627
-2.571293
-1.478056
-1.662132
-3.066547
-4.724679
-8.048329
-3.282790
-6.494330
-1.503107
-1.747789
-2.075059
-2.108125
-1.098562
-1.731603
-1.768883
-1.799582
-2.003022
-1.528933
-0.467689
-2.368602
-3.810554
-2.434092
-2.640532
-1.890380
-4.824574
-1.826840
-0.723479
-4.167778
-2.688677
-2.062538
-2.292593
-3.576059
-3.520262
-1.554062
-2.185526
-2.342866
-1.281793
-2.018618
-2.679689
-0.375485
-1.527625
-2.857008
-4.953272
-2.084732
-2.582463
-0.894306
-1.783478
-1.836274
-1.529055
-1.927200
-0.551164
-2.621115
-2.456220
-2.774590
-2.825123
-4.762355
-0.582179
-8.188522
-1.371737
-8.350298
-0.508173
-3.495257
-1.255135
-2.376244
0.921686
-1.602671
-8.012496
-8.496252
-1.585262
-1.713464
-3.786786
-2.761242
-1.676717
-2.125153
-3.699485
-1.990880
-6.131033
-1.777112
-1.820762
-0.642700
-3.332579
-2.230155
-2.060736
-3.058244
-2.164499
-2.708917
-2.092641
-1.710390
-1.947466
-0.823634
-8.820874
-2.171419
-2.877547
-8.029852
-2.006880
-1.319466
-3.948966
-0.625919
-3.476186
-1.756640
-4.218606
-0.962730
-4.965139
-2.626841
-2.216310
-3.216182
-2.205132
-2.544954
-3.043621
-1.854718
-1.377740
-2.977325
-8.211905
-1.713599
-2.322579
-1.574029
-2.816921
-3.076052
-2.073436
-1.915078
-1.213567
-1.858130
-0.667414
-1.618516
-1.019002
-1.087542
-3.189019
-1.443866
-1.893411
-3.429010
-1.272304
-1.678416
-5.685194
-3.523533
-4.392408
-1.388092
-0.971973
-2.121651
-1.912513
-1.437458
-1.741344
-1.987237
-1.738350
-3.254092
-2.354038
-2.934077
0.288856
-0.290985
-1.421781
-0.899515
-3.010311
-2.579175
-2.339699
-1.687099
-1.878057
-1.273014
-0.132136
-1.020597
-2.026483
-1.634740
-1.094829
-1.371191
-0.467672
-2.162489
-2.009895
-3.751672
-1.755428
-2.165032
-0.315573
-2.459592
-2.081023
-1.349990
-8.464741
-5.115272
-2.157381
-4.099742
-1.313367
-1.997362
-1.976987
-0.966648
-1.544181
-2.548200
-4.090531
-1.488914
-4.480273
-2.155943
-0.839354
-3.686469
-2.873771
-0.661386
-2.101886
-2.922424
-1.433056
-0.040012
-1.508688
-1.851896
-2.392306
-3.112444
-0.051550
-2.030619
-1.537108
-3.147673
-2.994568
-0.079936
-2.752969
-2.437101
-1.422110
-5.230460
-1.925881
-8.210413
-2.614785
-1.261047
-0.818242
-1.223126
-3.294554
-1.449163
-1.892812
-1.964482
-8.384033
-2.680074
-0.345255
-1.389014
-2.275942
-0.407710
-1.545779
-3.173033
-3.367468
-4.142067
-2.966290
-1.556857
-2.556751
-1.733580
-5.753519
-2.807814
0.219502
-2.524169
-1.223122
-3.448569
-8.462600
-3.089267
-2.725798
-1.375086
-2.531293
-3.162227
-6.182371
-2.044515
-1.407607
-2.706819
-2.282038
-5.164173
-2.650947
-0.259506
-1.722436
-1.628816
-2.931154
-1.788035
-6.477544
-0.615809
-1.542269
-2.403958
-2.005871
-2.250413
-4.050190
-0.327551
-4.259968
-2.581554
-1.207991
-3.088960
-2.268416
-2.086123
-1.604661
-1.902060
-2.233201
-2.152097
-2.253409
-2.419745
-7.838745
-1.921172
-1.799591
-2.304091
-1.593700
-1.479822
-1.913971
-1.303917
-0.719428
-0.764914
-8.320669
-2.286174
-0.475270
-2.114252
-3.549214
-1.313407
-2.084330
-0.012980
-0.750089
-1.336286
0.353108
-2.984216
-2.472296
-0.857690
-3.490031
-2.055285
-1.468434
-5.601932
-3.050849
-1.893514
-0.383513
-0.537478
-3.296243
-2.180655
-4.103283
-2.650481
-5.389127
-4.405492
0.432752
-2.392895
-5.392267
-2.558105
-2.916048
0.533296
-2.270578
-0.956090
-1.830611
-1.119677
-1.345008
-2.895024
-3.231965
-3.141468
-4.433487
0.848045
-3.355018
-8.450153
0.325161
-3.327206
-1.950449
-1.886814
-2.297569
-1.611888
-2.803538
-8.201211
-2.979701
-2.210974
-1.322795
-6.699559
-0.065865
-2.055460
-8.187521
-2.175637
-2.956279
-4.508438
-3.756577
-2.666060
-8.480731
-2.482318
-1.704803
-1.457615
-2.713911
-2.503322
-2.468888
-0.552119
1.673449
-3.989418
-4.188459
-3.937105
-1.477809
-1.382445
-1.599807
-3.212249
-2.167562
-2.406196
0.397121
-3.080141
-5.907480
-4.847331
-3.997443
-1.376848
-0.870834
-2.951021
-4.635575
-4.423359
-2.208918
-1.948715
-1.745409
-2.112372
-1.751010
-2.561896
-3.311240
-5.083972
-2.794711
-3.094050
-1.405124
-3.647999
-2.813224
-2.233145
-1.204175
-1.558917
-0.220834
-2.996491
-5.904893
-7.971842
-1.856906
-0.780177
-2.071991
-1.372814
-2.069408
-1.295317
-1.627926
-4.103120
-1.744362
-3.271788
-2.149391
-1.619846
-1.478101
-0.969580
-3.706453
-1.650703
-1.453387
-2.073965
-1.275129
-2.801295
-0.202349
-2.510196
-2.404934
-3.316860
-2.655652
-8.334664
-2.608733
-1.125847
-8.278255
-2.670591
-4.509009
-2.581532
-2.032327
-0.902902
-1.304207
-3.327015
-1.621953
-2.202365
-1.592533
-2.256527
-2.052931
-2.999601
-0.532521
-6.847063
-3.473423
-2.409845
-4.385502
-3.088938
-5.364573
-3.645368
-1.426621
-3.563819
-2.329443
-2.825697
-4.967497
-2.624939
-2.763348
-0.390862
-2.949211
-6.573046
-1.305403
-1.358239
-8.012317
-0.870073
-2.773941
-7.885812
-2.265730
-1.950342
-1.146222
-8.115952
-2.910378
-2.734004
0.322442
-0.841730
-6.000784
-2.914809
-2.416951
-1.057272
-1.830806
-2.143764
-1.670905
-1.066865
-2.867489
-0.799819
-2.663778
-2.934834
-2.832664
0.133594
-4.890349
-1.227788
-2.003009
0.007581
-1.616974
-2.470606
-3.988931
-2.593808
-6.615615
-0.409986
-1.282479
-2.533176
-2.474909
-1.036933
-1.147581
-1.908122
-1.892510
-2.614659
-2.794249
-1.757875
-2.749897
-1.354342
-1.917540
-3.725431
0.024818
-2.223644
-2.656835
-0.441851
-3.094584
-2.169374
-5.908350
-3.684769
-1.710530
-3.646971
-2.596643
-0.799807
-1.202532
-8.446540
-4.149035
0.129252
1.029385
-2.501014
-0.808407
-2.412704
-2.627106
-3.661686
-0.841973
-1.619120
-1.241557
-3.207004
-2.639181
-1.646810
-2.995389
-1.936918
-1.899938
-1.168430
-2.394391
-2.334776
-5.181409
-2.390282
-0.958945
-2.577863
-4.696302
-2.412545
-0.088310
-1.950667
-1.765241
-4.627841
-0.521059
-1.481740
-1.807016
-1.185808
-2.625577
-2.582037
-2.703358
-2.617079
-2.791815
-3.156214
-4.145366
-0.533107
-1.778375
-2.267129
-2.992117
-1.951166
-4.005095
-2.383170
-2.162344
-6.223090
-2.906320
-1.700049
-0.552247
-0.906131
-0.651904
-1.078590
-1.185594
-4.924577
-3.217172
-1.333457
-2.357693
-4.804152
-3.536370
-2.236063
-1.504912
-4.552598
-5.716824
-1.993098
-0.230731
-0.283627
-1.692914
-1.051499
-2.210979
-2.978879
-8.251893
-2.183892
-7.941885
-0.931084
-0.855315
-6.132130
-1.708372
-2.669855
-1.338915
-2.429262
-1.093607
-2.794441
-2.572083
-1.945067
-3.326613
-2.332346
-2.034190
-4.802322
-2.115382
-2.653446
-2.285585
-1.061501
-2.447933
-2.169396
-2.174133
-2.157002
-1.081438
-4.047635
-1.555254
-8.358736
-4.381892
-1.385327
-1.820995
-2.759839
-1.358687
-2.138891
-1.377631
-2.192026
-0.489530
-2.514269
-8.769380
-3.553051
-1.415741
-2.454781
-0.499102
-2.207556
-4.103976
-6.289875
-3.417397
-2.071164
-3.506912
-0.430000
-3.235205
-2.548452
-1.461195
-2.675135
-2.365399
-1.005456
-2.327648
-2.356561
-2.837453
-2.263222
-1.603836
-1.678567
-3.061882
-1.394656
-2.320857
-2.321567
-2.252075
-3.102313
0.207352
-3.211789
-2.694570
-2.421142
-3.942146
-2.159587
-2.342591
0.364871
-8.258879
0.428860
-2.606892
-3.100612
-2.163141
-8.353571
-8.034014
-3.056720
-2.200258
-4.365968
-1.467401
-2.599611
-2.580465
-2.970499
-1.217900
-2.839005
-2.488427
-1.538450
-2.176565
-1.908355
-2.397195
-2.405122
-0.189097
-2.343380
-7.393658
-3.803151
-1.588448
-2.031929
-1.715840
-2.040275
-7.874807
-2.379119
-1.057727
-3.747445
-1.756882
-3.085261
-2.680888
-0.943944
-5.332123
-1.452893
-2.133468
-1.716488
-1.881500
-1.173556
-1.226706
-1.610351
-3.231523
-3.717643
-5.654285
-2.358524
-6.308039
-2.538718
-1.834012
-3.531459
-1.983256
-0.982913
-0.870966
-2.910549
-7.896732
-3.948908
-1.492128
-1.830226
-2.086865
-0.996049
-8.125400
-2.013726
-1.384230
-2.518950
-3.004424
-1.341823
-8.621936
-3.861244
-2.113237
-2.137732
-1.227729
-1.095137
-1.824394
-1.692148
-2.167453
-2.432593
-8.172961
-5.949301
-5.787319
-3.385420
-1.254967
-7.417376
-1.144306
-2.122102
-4.524650
-2.285821
-1.878194
-1.507390
-1.885481
-2.609776
-1.765284
-2.118736
-6.050974
-0.912126
-0.474798
-8.040429
-8.489292
-2.794640
-0.609592
0.707890
-3.592542
-2.999230
-3.887035
-5.245536
-2.220538
-0.927630
-2.540300
-0.763741
-2.225226
-1.871037
-0.621302
-1.619404
-1.656978
-2.550050
-8.612110
-1.922669
-1.488855
-2.486868
-0.137470
-2.507035
-1.792187
-2.208231
-2.239946
-2.434577
-2.124800
-2.555411
-1.999611
-0.760498
-2.580140
-3.234577
-1.970781
-2.289863
-2.513492
-2.504855
-3.548298
-0.488673
-2.050123
-2.614102
-1.901834
-1.315467
-1.788653
-1.611592
-1.164965
-2.102105
-1.367777
-2.442123
-3.612370
-2.563039
-2.521059
-2.824805
-2.549021
-2.150600
-1.809883
-4.710680
0.535629
-1.817574
-8.047973
-0.636015
-0.850850
-4.016891
-2.730006
-1.689512
-2.478305
-2.047152
-2.549256
-8.436326
-2.209680
-4.784203
-1.571214
-3.312247
-2.452693
-3.008544
-3.168624
-2.372155
-1.315711
-2.682824
-1.989056
-3.264372
-1.345550
-2.118212
-2.296624
-4.221560
-0.553736
-1.994340
-1.870764
-3.038710
-2.526013
-6.526572
-3.403511
-3.101223
-3.126041
-1.622877
-1.369501
-3.413791
-2.913934
-2.989688
-0.033995
-1.816240
-1.048791
-2.196837
-2.313876
-3.975284
-1.769109
-1.161944
-2.108517
-2.120979
-1.389382
-2.305424
-1.724896
-0.755407
-2.066155
-3.665556
-2.222919
-1.532284
0.088758
-7.971001
-1.387969
-0.356713
-2.099914
-7.532885
-1.661372
-4.763092
-2.419098
-0.830499
-2.622561
-2.178527
-1.768629
-5.841823
-2.829902
-2.509420
-5.794374
-5.586749
-3.089172
-3.217239
-0.979389
-0.449320
-1.579762
-2.941782
-2.311779
-0.066238
-3.827261
-2.646065
-3.156250
-3.199351
-2.662910
-0.686366
-1.845508
-3.277218
-0.908355
-2.684213
-5.926087
-0.521785
-2.438757
-1.994210
-3.573267
-2.926221
-2.546863
-1.360390
-0.741849
-1.572321
-2.130249
-3.331477
-3.323421
-7.167855
-2.754602
-2.429610
-8.272787
-3.551586
-1.845082
-1.550270
-4.372414
-5.614416
-2.196184
-3.361431
-1.586467
-4.092295
-3.154981
-3.154193
-7.583918
-2.243585
-2.009487
-2.337347
-2.006305
-0.745387
-2.952113
-2.701939
-0.199881
-1.172038
-1.880311
-3.415795
-3.788496
-2.210864
-0.742966
-1.193708
-1.619151
-2.895045
-1.451868
-2.454127
-4.208478
-2.099358
-4.788293
-1.394124
-3.189013
-2.173194
-4.223934
-5.739444
-3.287553
-2.966987
-2.343641
-8.805058
-2.982297
-2.335497
-2.481722
-2.677382
-2.233782
-0.530111
0.840126
-3.835027
-2.457246
-2.621458
-8.482658
-2.071448
-2.819308
-3.940343
-1.566311
-3.479761
-4.100029
-0.619160
0.295736
-1.098144
-1.515137
-6.974159
-2.769278
-2.666963
-1.728344
-2.663345
-1.853669
-8.041127
-2.486691
-2.223502
-2.128824
-1.705926
-2.887136
-3.016594
-2.160306
-3.461016
-3.308067
-1.816776
-5.438644
-1.811913
-2.115972
-1.430949
-3.205256
-0.596850
-7.217867
-1.971894
-2.237576
-1.965505
-1.588542
-1.968935
-1.356964
-2.173052
-1.693944
-2.673866
-2.014519
-3.366267
-2.012296
-1.788860
-6.196042
-1.973950
-2.564828
-0.398215
-1.470284
-1.591858
-1.198404
-3.239394
-1.977632
-1.731092
-0.503288
-1.506771
-2.918610
-6.250441
-4.409169
-2.631681
-5.533975
-2.160852
-1.465930
-8.605953
-8.225109
-0.530220
-3.057293
-2.220822
-3.218403
-1.646028
-2.636105
-2.539313
-2.736509
-2.478939
-8.141080
-2.069414
-4.982046
-2.545065
-1.516391
-0.161145
-1.771373
-1.011309
-2.002028
-1.161752
-2.972297
-3.261640
-6.550978
-6.354639
-1.983023
-1.401022
-2.327000
-2.272389
-5.061810
-1.478025
-3.793870
-3.842109
-1.350029
-1.068524
-1.136701
-2.297184
-2.234065
-8.248055
-3.917547
0.495085
-2.108090
-3.218045
-2.383137
-3.461182
-1.361791
-3.352344
-2.262260
-2.310428
-2.071368
-5.078222
-3.814053
-0.207415
-2.552850
-2.464069
-1.683217
-1.490214
-1.815724
-2.663252
-2.404892
-2.390842
-3.381905
-3.711543
-1.166720
-1.341779
-3.050137
-3.316991
-3.011719
-7.898488
-2.299198
-4.300756
-3.409796
-2.041744
-1.968688
-2.855663
-1.952929
-2.810997
-3.779512
-2.246126
-1.588843
-2.303780
-1.406927
-3.065276
-2.223925
-0.980305
-3.732178
-0.849743
-4.525934
-3.803293
-2.207768
-1.720545
-1.761271
-3.498826
-2.950761
-3.277662
-3.876332
-2.973396
-2.021526
-0.184808
0.156772
-1.627862
-1.840069
-3.443786
-4.336530
-4.548155
-2.047304
-1.751633
-3.250901
-2.378395
-2.638171
-5.605201
-2.629487
-7.651103
-2.330186
-2.056056
-2.624378
-2.573260
-2.644810
-0.917567
-2.531482
-1.937316
-2.319901
-2.777516
-2.749698
-4.906751
-7.090268
-8.258838
-2.499654
-2.743583
-1.732211
-1.315863
-2.045107
-2.280904
-4.247077
-3.684206
-4.066191
-0.375285
-1.117133
-2.720993
-2.128405
-1.685356
-1.838494
-1.055742
0.033683
-2.305647
-5.222527
-1.669578
-5.693158
-2.147556
-3.115749
-0.557938
-2.880627
-6.880370
-1.635955
-4.749510
-3.786502
-1.528252
-2.770795
-2.177766
-0.308073
-0.280758
-2.810054
-6.362576
-1.324761
-0.886404
-2.138625
-1.543622
-1.931930
-8.460021
-1.969195
-1.204954
-1.695906
-3.299154
-6.483519
-2.830630
-3.150503
1.963313
-2.055259
-2.511098
-1.161455
-0.507299
-3.234634
-2.277440
-0.464095
-2.955015
-2.261981
-1.915300
-3.551675
-2.605417
-3.118909
-1.541662
-0.841952
0.203816
-1.904387
-2.830598
-2.225422
-1.134732
-3.186973
-1.857475
-1.159177
-8.036415
-2.042161
-3.464341
-2.923769
-2.211091
-3.151533
-2.466881
-2.581911
-5.756351
-7.847934
-1.975322
-8.817348
-5.137822
-2.490010
-1.861922
-2.081323
-2.470405
-2.318956
-3.397468
-1.276339
-7.986559
-1.254138
-2.564996
-0.883797
-1.391976
-2.042585
-1.998677
-0.247686
-3.159738
-6.436076
-1.823557
-2.187116
-1.280728
-2.110896
-2.023845
-8.191858
-2.046426
-2.705816
-1.975795
-0.514677
-4.317298
-2.462808
-2.538125
-2.003741
-1.840824
-1.961451
-0.490993
-1.644405
-1.774413
-4.714225
0.192851
-1.873117
-5.072191
-3.201097
-2.752898
-2.677007
-1.762783
-0.418959
-0.433668
-4.284240
-2.927351
-2.195286
-2.449062
-2.326939
-5.125637
-1.022992
-1.840363
-2.259631
-0.996948
-0.503560
-2.667171
-1.474023
-1.189970
-1.192108
-0.961064
-2.291627
-2.409850
-1.527719
-2.878772
-6.229896
-2.428959
-2.009554
-3.669472
-3.583497
-2.205949
-2.526504
-1.490815
-1.242724
-1.055958
-1.661184
-1.771880
-2.575970
-2.591963
-4.929605
-2.383998
-2.189045
-2.466149
-2.128233
-2.700154
-7.729423
-2.629344
-1.763353
-2.944394
-0.380720
-0.956245
-3.114330
-1.049168
-1.835666
-0.946394
-1.626682
-3.052632
-2.741184
-2.667006
-1.687840
-3.565637
-3.526481
-1.896435
-7.846894
-6.766976
-1.827319
-3.267759
-1.411124
-0.817991
-2.835753
-3.275862
-2.528286
-3.019655
-1.623287
-2.029297
-0.528099
-0.922060
-2.018444
-1.846313
-4.532214
-5.232017
-1.565353
-2.262848
-2.431819
-1.495189
-2.723398
1.545609
-2.995684
-1.742596
-1.530862
-3.492660
-2.432981
-1.851345
-2.293119
-2.991762
-2.300648
-2.645810
-0.638887
-1.616541
-2.370982
-1.276635
-2.606471
-3.025050
-4.489346
-2.501549
-2.855875
-1.262873
-3.462533
-4.453037
-1.355236
-2.559010
-2.704280
0.817995
-6.163095
-2.090009
-2.477029
-2.560421
-2.917201
-3.455935
-2.570275
-2.175209
-1.585925
-1.672600
-2.120930
-1.991178
-0.029280
-2.108599
-1.756883
-2.062399
-1.187085
-2.348130
-1.397616
-2.995989
-3.280450
-2.402095
-1.775774
-6.214713
-4.147212
-1.469255
-8.057015
-2.259387
-1.862451
-5.427155
-2.128685
-3.217753
-2.977657
-2.565249
-1.250588
-1.890836
-3.254901
-2.159785
-1.469806
-2.986079
-2.455888
-3.158425
-2.123475
-2.165441
-2.943489
-3.351032
-2.815201
-7.599805
-3.406271
-5.308342
-1.761238
-3.728828
-1.767316
-1.509055
-2.624524
-2.437736
-3.397762
-2.789096
-3.084580
-1.787138
-2.308568
-2.978567
-3.372974
-2.182106
-4.452869
-1.946085
-2.871942
-1.022601
-3.126699
-1.061501
-2.278543
-0.278336
-1.504684
-3.168743
-5.480558
-1.664936
-2.795180
-2.454717
-2.092453
-5.723330
-7.960248
-2.825559
-1.111001
-0.823618
-2.265612
-2.224455
-4.130988
-1.208506
-1.198118
-7.793939
-2.958457
-3.095931
-3.835071
-1.858498
-3.908484
-1.227319
-1.544306
-1.312136
-3.917640
-4.640226
-3.270699
-2.525002
-2.389938
-0.665770
-0.689305
-2.135366
-3.388590
-8.403442
-2.307784
0.221693
-8.430903
0.757781
-4.085287
-2.886350
-2.166231
-3.630071
-2.403776
-2.727363
-2.021613
-4.589909
-2.994011
-2.860404
-3.473755
-1.955257
-1.351056
-3.108292
-2.817806
-4.708963
-3.050932
-2.547374
-1.471851
-2.775027
-6.177344
-3.431173
-2.445736
-2.474590
-1.714989
-2.431184
-0.864389
-2.757874
-2.618147
-3.164081
-3.280808
-2.525900
-0.945444
-4.358571
-2.685086
-2.047901
-1.701738
-2.206457
-2.605099
-1.683697
-1.670444
-2.127506
-7.418002
-2.300114
-2.550469
-2.036134
-1.964230
-2.702053
-1.392812
-2.250891
-3.388937
-4.338840
-3.597286
-1.794523
-0.046273
-1.981102
-1.794935
-2.449663
-3.933727
-2.127645
-1.872851
-2.091686
-2.459304
-1.901360
-0.449010
-1.844194
-3.362583
-0.749881
-3.754081
-1.938487
-0.634115
-1.966448
-2.193423
0.604956
-8.433718
-1.503093
-2.123227
-1.149536
-3.052573
-2.529203
-0.912627
-2.201663
-2.447299
-2.003054
-1.692773
-2.107067
-0.681805
-1.364388
-1.306567
-2.244990
-3.092930
-2.521309
-1.928381
-2.621579
-4.593608
-3.473549
-2.960603
-0.247957
-1.719272
-2.633355
-4.198956
-5.962989
-8.305535
-2.624178
-2.054703
-0.633339
-0.450782
-2.979609
-0.864096
-2.978188
-0.534363
-0.361663
-0.944000
-4.049714
-1.289939
-2.762282
-4.055985
-1.710218
-1.552385
-3.254962
-3.645761
-2.958837
-1.475338
-3.681539
-1.918502
-2.478915
-2.583783
-1.945319
-0.552239
-3.353982
-4.895170
-1.455601
-2.023016
-7.646388
-2.346238
-5.220334
-3.531745
-1.634566
-6.085177
-4.461802
-1.209015
-1.724479
-3.442901
-1.407214
-3.545127
-1.567194
-2.748257
-3.004407
-1.187372
-4.891951
-2.725468
-6.791339
-0.313419
-5.959439
-2.476458
-2.347542
-0.688056
-5.753450
-2.985575
-1.038018
-3.913903
-3.124716
-2.135865
-8.066998
-2.222846
-0.941615
-8.376641
-1.969183
-2.396142
-0.903557
-3.119874
-3.133906
-3.058901
-0.857573
-2.878669
-3.670709
-6.231735
-5.841150
0.426108
-2.618653
-1.014806
-6.212697
-1.761150
-4.480821
-1.878585
-3.211857
-2.641933
-1.921748
-1.844873
-2.754082
-1.803143
-2.800272
-1.652812
-1.652570
-2.934526
-1.383433
-2.768929
-0.449840
-1.351729
-2.839013
-1.582585
-2.471884
-2.543748
-3.002988
-1.195656
-2.828165
-2.518224
-2.279890
-1.233902
-8.595225
-5.414832
-2.091552
-8.358833
-2.052884
-1.319925
-5.998504
-2.820815
-0.501204
-1.931862
-2.648921
-0.881317
-1.484445
-0.875122
-2.342691
-0.972708
-2.626163
-6.790034
-2.176078
-1.703809
-1.995236
-1.114086
-1.036046
-3.870807
-2.568473
-1.946181
-2.073292
0.396059
-1.971704
-1.856693
-2.177438
-3.284114
-3.030865
-2.146688
-1.581568
-0.438666
-4.285643
0.173493
-3.159199
-3.483588
-5.269655
-1.787470
-1.524255
-4.185038
-2.560005
-4.521929
-1.521435
-2.302358
-2.225712
-2.378159
-0.636070
-8.646273
-3.322025
-2.090662
-1.996208
-2.311489
-4.207310
-3.259754
0.829784
-1.700100
-2.308242
-8.217813
-3.485597
-2.619330
-0.960068
-5.222952
-0.925838
-2.311722
-2.861159
-0.718277
-2.506599
-2.923390
-2.626544
-1.626171
-2.464197
-1.727092
-0.910953
-3.026953
-7.490729
-1.996572
-8.614573
-3.665978
-4.558292
-0.960922
-2.048174
-1.415745
-1.059825
-2.500130
-2.705606
-1.289214
-2.676622
-1.124003
-2.934311
-2.166182
-1.941189
-3.404387
-0.929393
-0.957099
-2.140426
-2.508518
-2.698953
-1.924108
-0.490059
-1.069780
-2.173526
-4.791419
-2.815601
-3.137891
-3.217050
-2.768085
-0.827836
-2.296813
-4.402855
-5.550603
-2.787961
-2.451133
-2.039331
-1.497164
0.245126
-2.072559
-8.318330
-2.306887
-2.941636
-2.031559
-8.275162
-2.855759
-2.048469
-1.299201
-1.898736
-1.405343
-0.921796
-2.285345
-1.827701
-0.709805
-8.420280
-8.495145
-3.217196
-1.487836
-2.350359
-5.860736
-5.649641
-2.065722
-3.482824
-2.012491
-1.996416
-8.460346
-2.393127
-2.685542
-4.499634
-1.787925
-2.361590
-1.247576
-7.351476
-2.250950
-1.308366
-8.485215
-4.194549
-4.961726
-1.711787
-2.955796
-2.213715
-1.758030
-3.182240
-2.805597
-2.522781
-2.619865
-5.916960
-2.477010
-8.106629
-1.350613
-2.790917
-3.352046
-1.878723
-3.070610
-0.582377
-3.367649
-1.937225
-6.054870
-2.816312
-4.000053
-8.054561
-2.762289
-1.540725
-2.406075
-1.277514
-2.601510
-1.570903
-1.875781
-8.288123
-2.270099
-1.282757
-2.027574
-2.010603
-5.735307
-3.147252
-3.813556
-0.677688
-2.300819
-2.368876
-2.900500
-3.307379
-1.831909
-2.127114
-2.235518
-3.443469
-2.599180
-2.711015
-6.235344
-3.023083
-3.986267
-4.443782
-1.519377
-2.212245
-1.595711
-2.811030
-0.389113
-1.876129
-2.410712
-2.842410
-0.686949
-2.791226
-2.559177
-2.937544
-4.621299
-3.400730
-2.414818
-2.079904
-1.316051
-2.654109
-2.760941
-7.781521
-6.317530
-5.421894
-3.546640
-3.372353
-8.804008
-2.512585
-0.838293
-8.143019
-5.816186
-4.143189
-1.890071
-1.608016
-1.209550
-1.867506
-3.025724
-1.879738
-3.035956
-8.306622
-1.518497
-4.455708
-2.030998
-2.088859
-2.293416
-2.507288
-1.487566
-2.740328
-2.465404
-1.288694
-3.153379
-1.871835
-8.530310
0.093098
-6.253548
-8.219807
-2.098250
-1.711550
-1.942798
-2.476208
-1.492198
-2.796844
-2.936699
-2.585148
-0.626949
-2.733960
-1.332713
-1.714147
-4.266737
-1.768789
-1.869584
-7.764688
-2.311087
-1.044259
-0.510993
-1.023745
-8.199686
-0.946362
-1.336282
-3.903539
-4.596170
-2.228218
-2.694198
-1.489011
-2.829127
-2.818671
-1.528172
-2.225842
-1.041914
-6.211904
-0.640321
-1.566645
-2.198229
-2.222986
-2.467022
-2.824865
-1.432956
-7.782299
-1.893096
-2.207563
-1.505661
-0.808607
-2.577627
-1.791581
-1.472539
-0.578510
-8.597742
0.667980
-0.997673
-1.632893
-0.943023
-4.418497
-1.408047
-2.106390
-2.836708
-2.170279
-2.874153
-1.845629
-2.763448
-0.508689
-2.919861
-3.010397
0.063851
-1.414883
-3.086197
-1.696896
-8.068733
-2.992734
-1.270401
-2.894535
-1.218796
-1.241499
-4.698198
-2.859583
-8.463777
-1.479767
-2.574583
-8.531447
-0.559723
-1.376253
-1.683948
-1.524968
-1.700829
-2.623605
-1.693118
-3.070081
-2.148355
-1.915287
-8.225007
-8.198965
-2.692562
-4.093631
-4.920123
-1.729594
-5.336929
-0.406067
-1.914192
-1.603899
-2.652713
-2.822896
-2.162173
-4.485026
-2.540998
-2.564307
-3.038973
-1.893604
-2.545416
-3.449465
-2.356669
-1.726653
-3.609002
-2.209893
-0.768972
-1.205396
-8.604527
0.035194
-2.068551
-2.640713
-0.941714
-0.783419
-2.794134
-1.028065
-0.088793
-1.169680
-2.140343
-3.142631
-2.169293
-6.502388
-2.508398
-4.026462
-5.265245
-2.597971
-1.179021
-2.635852
-2.579198
-2.853863
-1.202865
-2.253150
-0.588961
-2.573848
-1.731742
-3.086331
-1.742823
-0.075385
-3.423172
-4.517131
-2.647122
-4.575181
-2.016048
-2.374096
-2.845428
-3.063693
-1.707058
-1.976992
-1.201531
-2.727991
-2.281047
-1.767758
-3.018542
-3.046814
-1.560209
-8.152384
-8.463935
-2.460026
-4.628565
-5.698057
-1.862940
-2.325719
-1.412525
-2.397916
-0.621198
-1.242800
-2.530802
-2.390320
-1.468670
-1.934044
-0.648548
-2.514052
-1.479580
-2.837560
-3.130687
-2.340151
-2.487035
-2.435739
-3.030684
-2.521184
-3.153024
-2.514062
-4.181842
-1.396962
-2.670725
-7.997352
-1.817751
-3.368336
-2.698429
-2.882892
-2.147996
-1.122581
-2.983462
-2.341277
-2.748951
-2.361117
-2.359379
-1.616712
-3.391910
-3.180764
-0.400735
-2.361117
-1.717906
-8.280470
-2.620908
-2.955792
-4.739993
-1.933853
-3.604546
-1.669604
-2.224604
-1.405430
-2.441611
-3.467335
-2.429257
-2.464938
-1.802875
-5.487215
-2.499429
-2.590208
-3.557560
-2.495397
-3.433452
-2.970315
-2.406147
-3.711219
-1.803046
-6.029613
-3.055784
-1.332976
-1.806068
-0.835893
-3.137355
-1.469199
-2.632246
-1.830511
-2.706806
-2.341573
-1.601109
-1.973735
-2.623872
-3.692613
-3.111398
-3.551446
-2.866665
-5.494911
-2.974653
-3.571574
-3.324243
-3.367192
-4.000093
-0.952889
-8.209232
-1.338908
-2.627192
-1.114660
-1.009145
-1.713518
-2.948127
-2.558554
-7.931886
-1.897717
-5.282805
-6.619289
-4.419343
-2.378754
-2.309163
-1.539211
-3.144746
-8.313359
-2.794759
-6.279734
-1.331443
-3.505397
-3.157375
-0.285392
-2.093974
-3.282214
-3.131439
-1.513031
-5.164488
-2.445728
-0.996192
-2.069420
-1.455285
-3.119770
-2.270653
-1.266474
-3.275209
-3.446998
-3.213410
-3.117528
-1.930176
-0.667476
-2.448418
-2.423107
-4.145782
-3.482409
-1.764693
-1.926388
-2.027005
-3.686174
-8.368793
-6.635660
-2.682041
-1.428324
-2.440557
-2.775160
-0.800815
-3.249194
-2.752146
-2.039059
-1.950409
-2.074935
-1.988473
-1.340207
-3.831720
-1.617931
-2.182169
-1.565693
0.003320
-7.321731
-5.164544
-1.618113
-1.948073
-2.001174
-1.739173
-3.065828
-1.512687
-2.729633
-1.713817
-5.434151
-8.519572
-2.748013
-1.551782
-6.224952
-1.252119
-1.892839
-0.935312
-2.716877
-4.594889
-2.272003
-0.934289
-2.208685
-3.189350
-1.914003
-2.397731
-2.221973
-1.488288
-1.459824
-2.671703
-2.592601
-2.406713
-6.998706
-7.787433
-2.037366
-2.183116
-2.431710
-1.413640
-2.129771
-3.101048
-0.479132
-2.218757
-3.508156
-2.752552
-3.441810
-3.476614
-4.840057
-3.201716
-2.651901
-0.651198
-1.698552
-1.685815
-2.341897
-2.331150
-2.791479
-3.593303
-1.727297
-2.424437
-3.319578
-4.179274
-2.157278
-2.468576
-0.748776
-2.952996
-1.529739
-2.902978
-2.620759
-2.337487
-3.243385
-7.901472
-0.922110
-6.275685
-1.942688
-1.118494
-2.139772
-1.491283
-1.928845
-2.239440
-2.580174
-8.468180
-2.373580
-2.022858
-1.114046
-2.718806
-5.923930
-1.372899
-1.968778
-2.527955
-2.491343
-0.120073
-4.078921
-2.298758
-2.087869
-1.084762
-2.385078
-2.460843
-1.662730
-2.457603
-1.845710
-1.808450
-2.248099
-2.201047
-2.833322
-1.448986
-2.643982
-0.470169
-1.681746
-3.576849
-2.603358
-5.312555
-1.869179
-3.358169
-1.604458
-2.128071
-2.287398
-2.977081
-2.860773
-1.653662
-8.171248
-1.301611
-2.618563
-2.591842
-2.308078
-2.298377
-2.922519
-3.233695
-2.677270
-3.038153
-5.669875
-3.495656
-2.060032
-8.172856
-2.964037
-1.167610
-3.676097
-2.481314
-7.958773
-2.883612
-5.168169
-0.927828
-2.973181
-2.879933
-1.379119
-3.268512
-3.572757
-2.930108
-2.908497
-2.129701
-3.085215
-7.120830
-1.509982
-5.059313
-1.958225
-0.850231
-2.422787
-5.323406
-2.849527
-3.059492
-2.420079
-4.985470
-3.701173
-4.126791
-0.233105
-0.709098
-7.944099
-2.604253
-2.483567
-5.542419
-2.599893
-3.022764
-2.197964
-1.879283
-8.518427
-1.480108
-1.555892
-1.165947
-2.511491
-3.385983
-3.223675
-3.820878
-1.423694
-2.722058
-8.428639
-1.115453
-3.396692
-6.797323
-7.766055
-8.831678
-1.842098
-3.831966
-3.342931
-3.214555
-2.992123
-3.203636
-1.433950
-1.340092
-7.548984
-6.155462
-2.483925
-2.411466
-2.226042
-2.246218
-1.884097
-2.028214
-2.797883
-8.540027
-2.363533
-6.418749
-8.272528
-1.446713
-3.619478
-3.697961
-0.079599
-1.629712
-2.333510
-3.862738
-2.514636
-1.615975
-0.889293
-3.342385
-2.641605
-2.141983
-3.513556
-2.248235
-1.489064
-2.823931
-2.822786
-2.892046
-2.058140
-1.855382
-2.436301
-2.956514
-2.061177
-2.125802
-1.818599
-2.049352
-2.286304
-3.715008
-0.765133
-3.780149
-1.600046
-2.824504
-4.581223
-1.247550
-3.571646
-2.195461
-1.652992
-4.082326
-2.038914
-6.222545
-1.222020
-1.682373
-1.056321
-2.054567
-2.655128
-2.305539
-1.968835
-3.249512
-2.539733
-2.310488
-2.685333
-6.490407
-3.025533
-2.250743
-1.858078
-2.254001
-3.428001
-2.828192
-0.381734
-1.893479
-3.228620
-5.351226
-2.955943
-1.749186
-3.523553
-8.415407
-2.000729
-2.243073
-1.654034
-3.216149
-3.208636
-2.199988
-1.152785
-2.231567
-2.573599
-3.493217
-2.365244
-1.782313
-8.660952
-3.104056
-2.411516
-7.444310
-7.208373
-3.609785
-3.632530
0.324635
-1.856268
-6.657195
-3.745426
-2.223189
-3.347538
-4.657970
-3.331471
-3.206026
-1.988554
-2.412691
-5.283813
-5.336939
-2.565401
-2.011647
-5.209812
-6.012126
-2.184470
-2.507717
-1.716955
-1.701177
-2.318403
-2.316084
-2.172401
-3.437963
-2.502602
-1.730866
-2.935421
-2.613933
-7.567628
-2.597268
-2.486662
-1.451837
-1.997165
-2.321965
-1.057661
-1.208181
-2.793132
-3.603035
-2.570797
-1.780031
-0.611239
-2.490559
-2.282545
-0.695656
-1.952583
-2.076613
-2.280919
-2.606784
-3.933379
-3.033921
-1.485711
-3.271570
-2.522374
-8.466918
-7.999219
-3.831205
-2.134197
-5.316811
-8.436545
-6.353601
-2.500972
-3.997898
-1.765089
-2.240216
-1.630783
-1.036528
-8.508925
-5.550032
-3.282270
-2.635735
-2.463300
-4.072140
-0.992088
-4.535058
-1.407239
-2.345751
-3.371268
-0.649657
-2.821753
-2.581628
-8.554476
-2.683714
-3.662020
-1.480885
-1.755215
-2.859577
-3.059114
-7.650949
-1.852198
-2.669001
-8.293427
-3.371143
-1.745513
-2.829264
-1.165969
-6.211503
-2.135316
-2.400080
-1.961542
-2.192917
-3.490616
-2.110520
-2.260563
-2.633537
-2.178364
-2.778684
-0.644504
-2.749149
-4.578177
-2.548721
-2.558191
-6.863418
-3.073145
-2.599995
-3.023492
-2.812656
-3.378457
-2.170636
-1.705154
-2.455753
-5.181763
-3.533988
-3.338061
-2.050619
-2.513806
-0.968919
-2.090630
-2.818629
-2.576771
-2.403153
-6.595327
-3.223941
-2.492635
-3.134418
-2.881783
-2.403378
-1.515586
-2.904252
-1.859754
-2.906089
-2.302604
-2.129248
-2.942417
-1.632701
-3.775422
-1.341617
-7.463529
-3.174746
-2.877367
-3.538626
-3.509940
-2.323474
-1.670567
-3.920841
-3.487289
-2.317248
-1.384024
-2.060869
-1.273443
-1.874065
-1.289944
-1.995950
-1.497286
-2.205462
-2.659354
-1.915114
-3.266043
-1.884540
-2.396072
-2.535699
-2.817073
-2.801716
-2.187703
-1.632563
-2.849589
-2.690954
-2.584214
-4.390146
-0.075643
-1.272464
-3.332057
-1.254151
-0.786955
0.065824
-5.684739
-2.970752
-2.793966
-3.662384
-2.347900
-3.287135
-1.859974
-2.942115
-0.944393
-2.807647
-1.825695
-2.075219
0.365082
-1.242941
-2.241084
-1.945995
-2.247600
-2.132041
-2.547139
-2.472565
-1.448066
-5.256569
-1.781080
-2.496569
-3.223521
-2.980300
-0.957402
-3.822477
-1.878473
-4.380651
-8.650027
-2.024552
-1.719568
-5.952501
-2.394106
-1.273536
-2.473103
-2.082488
-2.379803
-8.346755
-2.789321
-3.168170
-2.132411
-2.809672
-0.875938
-1.928266
-8.643531
-2.554102
-2.203801
-2.013896
-3.594933
-2.838703
-2.670595
-6.024694
-7.100178
-5.132833
-2.265331
-2.502657
-0.944296
-0.899833
-1.740513
-1.509523
-2.591316
-2.290884
-2.561843
-1.833282
-1.561316
-8.722203
-2.441381
-5.623744
-0.699163
-2.533643
-2.227479
-2.588578
-2.809803
-1.916289
-2.280716
-2.716044
-2.727697
-1.310561
-3.126170
-5.692205
-2.246871
-0.935750
-1.108196
-4.143758
-1.994745
-6.213888
-1.170645
-1.292708
-3.835534
-2.981126
-1.682202
-4.622441
-2.116040
-1.718595
-4.295974
-0.534134
-0.185692
-1.243517
-2.392578
-2.593152
-2.585836
-2.110159
-2.080155
-2.730478
-2.787057
-1.012580
-2.745966
-2.255670
-2.867107
-2.795351
-2.583180
-1.897899
-2.852048
-2.488061
-1.900282
-7.986487
-1.866329
-3.420393
-6.770586
-4.248246
-2.792028
-2.763419
-4.359568
-1.937261
-1.820025
-3.807201
-2.250956
-8.563975
-5.642342
-2.499612
-1.917762
-3.560644
-2.324052
-1.969647
-3.192420
-2.805286
-3.173799
-2.032834
-2.513203
-3.405326
-8.179203
-2.875237
-2.411322
-2.067802
-1.046731
-0.790660
-1.950255
-6.574848
-3.301327
-2.267167
-4.027783
-3.531619
-1.027341
-4.684255
-2.423812
-5.636052
-1.367950
-2.979673
-3.701665
-1.940554
-1.687322
-1.033034
-2.064891
-6.878580
-7.650857
-3.050123
-3.488120
-8.435181
-2.793402
-1.227166
-2.666154
-1.401052
-2.231686
-2.931842
-4.306150
-2.907404
-3.690894
-3.354265
-6.001293
-1.080802
-4.093170
-3.174551
-1.409046
-3.145941
-3.082539
-1.780103
-2.847200
-2.698446
-8.817978
-8.273153
-3.226653
-1.999759
-1.706033
-3.005386
-2.464570
-2.300552
-3.449147
-3.046588
-2.793310
-1.821922
-1.563532
-2.392916
-3.036380
-2.087639
-1.895931
-2.999516
-2.923917
-1.835906
-2.780307
-2.611401
-8.660286
-1.264353
-1.528598
-2.807478
-2.372566
-2.422808
-2.832811
-2.437698
-2.610808
-3.036942
-1.944894
-3.477979
-1.444706
-1.963408
-2.494511
-1.702757
-2.789294
-2.882335
-6.634034
-2.126153
-1.132105
-2.679308
-2.241889
-1.406407
-1.890187
-5.358994
-3.672980
-2.432813
-2.745505
-2.790694
-3.334490
-2.162736
-2.573693
-2.376935
-0.916355
-0.584592
-2.340110
-1.016638
-1.853707
-0.835450
-4.559804
-3.132144
-1.244542
-2.933617
-1.216680
-2.115685
-1.786055
-1.375844
-3.154931
-3.705028
-1.544011
-0.405519
-2.519288
-2.126583
-2.121849
-0.905589
-2.573632
-3.286300
-2.661590
-2.850015
-0.858170
-7.871243
-2.298471
-3.796792
-1.530185
-1.601429
-2.604420
-2.186009
-2.588319
-2.645833
-2.231665
-2.453339
-1.979972
0.952891
-8.414379
-5.761039
-3.983227
-3.526320
-1.750399
-4.163815
-1.334550
-1.604848
-1.441754
-2.323295
-2.531351
-3.580618
-1.364526
-1.822092
-2.920863
-2.117661
-3.416130
-3.029861
-3.492698
-3.473225
-0.708256
-2.666190
-2.610767
-2.595634
-4.874726
-4.298955
-1.678175
-3.854097
-7.427917
-3.206604
-4.791115
-3.361216
-8.066421
-8.240753
-2.309186
-2.992165
-3.078236
-1.436435
-1.815224
-7.247450
-1.750535
-1.478187
-1.527355
-1.259788
-2.853375
-2.717431
-1.080442
-2.547724
-5.522973
-4.008764
-2.362351
-1.843435
-2.956563
-1.587333
-3.727533
-2.143587
-2.408309
-7.601750
-3.318449
-1.944705
-2.899852
-3.444802
-4.880100
-2.599518
-2.090206
-1.586207
-2.533525
-4.864321
-8.369854
-3.191637
-1.834848
-4.458017
-5.880075
-3.165498
-2.307643
-2.331727
-2.274077
-3.033663
-2.065575
-3.109979
-2.040110
-1.265783
-2.091351
-8.530335
-1.860255
-2.545144
-1.958928
-1.555698
-5.772996
-1.551163
-2.595217
-0.971998
-1.699991
-2.236896
-4.013946
-0.295351
-2.681983
-3.877067
-2.829071
-1.909702
-0.994047
-4.784505
-3.258590
-2.089388
-1.616502
-2.875908
-2.682143
-7.321998
-6.076624
-3.303348
-2.418004
-2.019441
-2.829986
-3.531621
-3.706658
-3.707918
-5.857927
-2.549658
-3.117101
-1.561298
-2.617265
-4.720275
-1.142571
-3.289441
-3.892519
-2.602718
-2.739834
-0.318498
-0.272159
-0.716369
-2.206843
-0.790588
-0.875987
-1.523572
-2.418133
-2.178401
-2.770180
-3.031943
-3.736669
-2.718173
-2.031370
-1.351147
-0.832777
-2.197768
-3.273366
-8.811865
-6.068236
-1.257685
-3.025078
-5.693715
-3.205478
-3.461140
-3.290154
-5.277889
-1.852205
-8.337869
-2.799059
-1.836972
-2.347768
-1.022642
-4.115931
-1.842276
-3.261893
-2.111012
-3.461363
-2.848187
-1.798221
-1.395571
-2.963261
-3.656621
-2.668912
-2.640807
-2.606842
-2.434254
-1.723090
-2.727072
-2.956767
-4.630478
-2.403079
-2.646990
-2.220037
-2.570352
-5.193293
-2.045653
-2.338615
-0.980927
-0.746168
-2.953403
-2.711061
-3.460206
-2.850733
-3.205878
-2.269259
-0.498325
-1.832842
-1.499838
-2.031147
-1.854725
-1.983723
0.116947
-0.939544
-2.216648
-2.170004
-3.417906
-4.237905
-1.432989
-2.242657
-5.054579
-2.603569
-3.594678
-3.878429
-2.809454
-6.984522
-2.366084
-2.800571
-5.597531
-2.368995
-7.853847
-5.082835
-2.328504
-1.775843
-1.197729
-8.698187
-2.532033
-2.849182
-4.172507
-2.524217
-1.859278
-3.689412
-2.553985
-2.698728
-3.725722
-8.190867
-1.808623
-2.158211
-2.302433
-1.570686
-2.964596
-2.789730
-2.156478
-1.784968
-1.404023
-1.717944
-2.733714
-3.922549
-2.391440
-0.151240
-2.469389
-3.422611
-3.837160
-2.456695
-2.122481
-2.076364
-2.827688
-5.255695
-3.084849
-1.840753
-2.695768
-3.901931
-3.762052
-3.518557
-2.960184
-2.693119
-3.343401
-3.372839
-2.207717
-2.729959
-4.177019
-1.832222
-1.972095
-3.102107
-8.100944
-5.188427
-2.300860
-2.041493
-6.143682
-2.829973
-2.853073
-3.427750
-0.300465
-6.552790
-2.448919
-3.275110
-3.511219
-2.689772
-3.233676
-1.768344
-4.090461
-2.223321
-7.938495
-3.523515
-2.339930
-2.843039
-2.083105
-2.822621
-2.376254
-4.632080
-1.429077
-2.657841
-2.266989
-4.043677
-2.214083
-6.636401
-2.802767
-2.807107
-1.983523
-3.206644
-2.137257
-2.930413
-3.281495
-2.997706
-1.851231
-3.289188
-2.532915
-3.140857
-2.830191
-3.183887
-1.866983
-1.620551
-1.268916
-2.415681
-1.746637
-2.782604
-2.415842
-6.280425
-2.980141
-2.803052
-2.327184
-2.699302
-1.974667
-2.696307
-2.588258
-4.997370
-2.342644
-3.711572
-0.452862
-2.925089
-4.668475
-3.366930
-4.766889
-8.215835
-1.262708
-1.656173
-1.630945
-2.559659
-2.602541
-2.923838
-1.498567
-2.213723
-2.721115
-3.475064
-2.830193
-2.486391
-5.486740
-3.892032
-2.197844
-3.073176
-1.869855
-2.383170
-2.544825
-2.651548
-2.585114
-3.086697
-2.161499
-2.561412
-4.828523
-2.180630
-2.189825
-8.261049
-2.607154
-2.625176
-2.396193
-3.194179
-2.629932
-5.556376
-1.730968
-1.693539
-1.431768
-3.330640
-0.627070
-3.151409
-3.034451
-2.566000
-2.789026
-2.082723
-3.757354
-4.872190
-3.517255
-2.765931
-2.443614
-2.606841
-2.152483
-3.198390
-2.207589
-0.944463
-2.361689
-3.322515
-3.768805
-4.638157
-2.431561
-2.944029
-2.131808
-4.828632
-4.431698
-2.384943
-2.701840
-1.895267
-0.908566
-3.010082
-3.467747
-2.956548
-3.442984
-1.897890
-3.224034
-1.978586
-2.338675
-2.694515
-2.964537
-2.413518
-4.568566
-3.666046
-3.523951
-3.256533
-5.883966
-2.071496
-1.899417
-2.536072
-2.636942
-3.263898
-1.910757
-2.434737
-3.371076
-2.754232
-2.951549
-2.263842
-1.588836
-2.014091
-2.089486
-2.213307
-3.119749
-8.498123
-4.823173
-2.720757
-2.018528
-2.544765
-2.174735
-1.855436
-2.407023
-4.786436
-1.528675
-2.414614
-2.872844
-4.942133
-3.733681
-3.459766
-4.250054
-2.849334
-1.244198
-3.915382
-2.879353
-3.054723
-3.011558
-0.845479
-2.320824
-3.127892
-1.687865
-1.778365
-4.922047
-2.191746
-3.535333
-2.181122
-2.609061
-1.904881
-0.077935
-1.841744
-2.879182
-4.140419
-2.676371
-2.200326
-4.172611
-1.367608
-2.733974
-1.206139
-2.164833
-2.706722
-0.980416
-2.894563
-6.528146
-8.197424
-1.190118
-6.337813
-4.004635
-1.676111
-1.753284
-3.835204
-1.787877
-2.173063
-3.232414
-3.962969
-2.140915
-2.214338
-3.187730
-3.104386
-2.164001
0.120445
-0.895917
-2.819096
-2.943225
-2.689942
-1.897782
-3.232121
-2.481607
-9.057090
-2.152209
-3.088063
-2.811544
-0.849797
-2.914059
-6.244808
-5.147086
-2.207208
-5.641937
-3.276121
-3.965616
-2.694632
-3.316700
-3.032708
-2.981365
-7.965224
-2.761123
-4.219435
-4.046092
-1.982596
-4.600799
-6.024933
-2.961310
-2.382792
-3.253446
-4.328368
-0.225957
-2.033195
-2.016688
-2.815473
-2.100255
-2.633461
-3.183210
-1.837291
-2.127715
-2.453487
-0.484637
-8.555964
-2.741133
-8.045564
-1.155944
-3.958608
-2.527767
-8.534341
-3.244987
-4.287893
-2.704032
-2.681287
-6.427094
-2.040223
-2.429084
-2.991851
-2.577887
-3.091535
-2.386431
-2.308752
-1.370224
-1.999872
-4.755501
-2.030522
-2.198733
-3.967565
-3.910291
-2.373991
-2.055839
-4.167862
-1.489450
-3.585034
-2.830694
-3.019788
-8.371378
-2.516479
-5.395929
-3.345534
-2.684886
-2.173965
-1.794802
-2.879651
-1.720205
-2.539676
-1.447761
-1.384607
-2.948338
-6.411708
-4.107604
-2.408503
-2.745198
-2.688052
-2.822246
-3.147539
-3.769114
-2.428592
-2.869930
-4.346583
-1.562790
-2.187849
-3.315021
-6.351139
-6.639631
-3.797133
-3.425425
-5.305530
-5.729546
-4.300403
-2.699267
-3.686842
-3.770857
-1.978893
-5.320109
-2.506369
-3.842358
-3.296820
-1.980587
-2.757567
-2.023612
-5.211316
-1.943891
-2.411976
-2.310134
-2.836133
-2.484110
-1.813108
-2.710577
-5.188567
-2.971540
-2.900282
-1.679322
-3.099629
-3.304623
-2.953552
-3.301507
-3.131780
-2.217586
-2.624721
-1.126094
-3.788664
-7.298198
-4.530442
-3.974410
-1.449932
-3.196126
-1.814689
-3.187601
-1.336980
-1.659986
-2.040298
-2.528903
-2.027294
-3.842636
-2.312841
-1.494724
-2.160215
-1.718525
-2.706635
-2.286572
-2.384187
-1.259661
-2.701601
-3.075199
-2.851870
-3.879773
-2.978249
-3.055822
-2.269706
-8.964748
-1.996886
-2.886167
-2.861874
-7.274082
-2.568287
-2.878965
-2.640011
-2.015510
-2.541874
-2.548319
-3.540134
-2.123469
-4.217084
-2.267077
-2.812407
-2.585022
-3.624873
-0.932036
-4.097929
-3.661157
-3.325633
-4.292436
-1.446146
-2.700215
-6.259284
-1.807087
-2.470265
-2.683097
-1.859550
-2.657203
-4.751971
-8.753139
-2.386281
-4.350782
-3.259815
-2.920721
-1.944495
-3.383928
-2.983222
-1.968900
-2.126101
-2.064365
-1.139531
-3.123795
-5.127791
-3.879481
-2.179394
-2.801493
-2.657472
-1.731563
-4.221541
-2.897157
-7.421475
-2.445869
-2.275474
-1.462809
-6.388970
-7.315918
-2.888260
-0.952900
-3.489366
-2.790944
-3.380380
-1.524618
-2.645124
-3.524581
-4.725906
-1.378841
-2.073638
-2.436381
-3.132597
-2.567909
-1.642241
-4.898887
-2.455392
-2.438696
-2.327610
-3.876565
-3.890963
-1.687116
-2.156058
-4.726317
-3.118794
-3.048594
-1.996905
-2.084951
-2.879006
-3.484228
-1.366028
-3.949261
-3.252240
-6.984766
-5.115528
-1.784905
-0.704479
-3.467065
-3.026860
-3.065680
-2.095161
-1.968286
-3.745695
-4.306160
-2.111426
-2.353351
-1.553759
-2.220998
-1.359279
-2.250666
-0.262214
-2.106016
-2.458579
-3.110944
-2.748305
-2.097740
-3.877411
-2.942198
-2.467877
-3.114311
-3.221514
-2.770431
-1.642880
-2.682308
-3.244867
-2.875815
-3.898962
-3.546144
-3.756243
-3.460794
-8.261915
-1.450171
-1.428423
-4.378644
-4.402889
-4.096066
-1.182841
-2.849531
-4.436832
-2.232669
-2.090595
-2.070679
-2.061260
-2.338184
-0.950637
-2.001311
-1.655942
-1.892594
-1.236419
-3.233747
-1.734440
-3.411971
-0.748752
-3.114129
-2.277106
-2.391379
-3.316299
-2.036924
-2.457405
-4.632081
-3.148124
-3.419997
-4.709858
-3.760724
-2.934044
-2.316240
-4.101052
-3.621248
-4.302270
-3.417376
-4.799803
-2.663847
-3.268528
-1.548359
-3.420454
-4.143974
-2.342243
-2.700534
-5.417270
-8.577492
-1.759766
-2.963913
-1.983024
-2.151947
-3.176221
-1.511387
-2.821878
-1.485765
-3.004877
-1.857101
-2.355773
-3.238473
-0.801128
-1.183036
-3.594931
-1.813186
-8.417624
-2.536955
-3.344212
-1.508487
-2.333822
-4.901608
-2.435607
-2.154571
-2.520705
-2.977435
-1.820971
-3.079030
-2.150946
-2.356196
-2.782591
-2.488291
-2.665706
-1.972440
-3.490006
-2.724961
-2.192270
-6.437631
-2.700453
-1.516428
-3.041435
-8.423376
-2.356645
-0.685306
-2.272602
-1.895141
-2.242997
-3.088411
-4.616881
-3.151737
-1.554357
-1.119627
-2.978314
-3.581337
-3.070124
-1.242786
-1.900277
-2.060983
-2.514914
-2.697737
-2.021950
-4.720203
-7.202222
-4.010505
-3.678777
-2.792405
-3.530976
-3.510163
-3.314535
-3.294119
-1.344437
-7.689245
-1.839119
-2.634198
-2.618824
-2.677769
-1.216986
-3.241924
-2.873003
-2.639220
-6.153488
-3.778567
-2.718603
-2.779217
-3.954860
-3.540401
-4.549950
-5.997012
-2.242959
-2.243818
-4.779708
-1.561532
-1.861011
-4.168941
-3.308712
-3.280191
-0.989875
-3.223866
-2.482777
-0.209518
-3.578908
-5.246939
-3.882558
-2.572291
-1.365550
-2.175626
-2.039706
-1.857588
-2.555029
-2.901940
-2.764562
-3.465826
-2.519187
-0.915078
-2.184126
-3.480754
-2.514380
-2.589108
-2.707617
-3.238930
-5.719629
-5.802502
-2.551286
-0.987788
-3.029154
-7.057861
-1.778131
-3.212051
-1.119445
-2.519037
-1.952078
-2.409683
-2.094708
-4.015090
-5.973172
-2.259857
-2.376004
-2.191754
-2.122789
-1.721140
-0.365385
-4.978417
-2.921343
-3.281548
-1.016379
-2.244383
-2.736011
-4.811032
-2.799150
-1.895609
-4.239969
-3.421406
-2.939326
-2.383996
-2.376651
-2.748132
-1.678154
-3.095592
-3.576822
-2.201832
-8.576605
-4.034860
-2.186671
-3.164828
-3.972641
-4.278416
-7.345719
-3.671392
-3.165841
-6.171162
-2.763761
-7.493008
-3.951329
-0.716813
-3.690042
-2.859848
-3.923738
-2.426497
-2.850420
-2.241065
-4.373096
-1.692461
-2.554905
-2.657233
-2.314027
-2.601181
-1.744600
-1.757608
-3.595495
-2.649271
-0.824242
-2.900263
-2.691446
-1.407344
-2.508612
-4.574852
-4.542776
-2.513528
-3.707541
-2.798929
-4.951978
-4.144060
-3.551699
-5.362517
-2.873917
-2.934346
-5.406497
-2.791813
-3.064422
-6.825856
-1.068096
-2.185231
-3.014564
-0.915771
-8.071153
-2.153255
-0.709425
-2.571654
-3.250849
-2.451370
-2.439986
-3.106333
-2.510592
-7.710683
-2.416770
-1.962543
-1.544328
-2.697923
-2.362754
-2.508986
-2.133895
-1.593034
-2.624336
-2.191913
-3.684666
-8.449178
-3.745311
-3.180915
-2.961637
-2.966977
-1.812798
-4.014709
-1.008347
-8.252125
-3.423212
-2.855151
-2.519667
-2.859977
-1.226585
-8.670484
-8.340050
-3.385499
-2.621995
-7.838642
-8.441697
-2.430078
-2.698117
-2.117074
-3.189575
-2.624782
-1.701877
-1.579819
-2.742160
-7.990648
-2.264684
-1.520262
-5.766074
-2.552578
-2.643576
-3.417742
-2.716650
-2.419439
-2.895662
-2.138548
-3.034170
-1.868328
-2.869761
-3.335819
-2.158395
-2.518831
-2.337129
-1.884313
-2.556824
-3.151635
-2.991171
-5.163548
-2.570258
-5.020650
-6.633134
-1.590538
-2.564189
-3.032678
-2.104532
-3.110608
-3.730108
-2.818762
-5.101101
-5.189052
-2.905104
-2.732727
-3.198274
-5.767092
-6.318121
-2.888775
-3.757291
-1.775934
-3.044919
-4.327805
-2.195424
-2.095285
-2.398527
-1.085562
-1.616987
-3.520918
-8.424833
-3.084485
-2.433608
-2.788740
-2.930321
-2.577159
-3.910756
-2.721249
-2.374444
-2.426348
-2.714615
-8.382886
-4.024360
-1.412148
-7.719199
-3.239491
-2.407139
-3.054521
-2.836350
-3.735756
-2.861403
-2.151233
-3.539876
-7.010572
-1.449251
-0.982525
-1.008268
-3.591944
-3.945560
-4.373676
-2.093118
-4.169546
-0.746692
-3.513885
-3.162986
-3.032363
-3.142257
-2.058468
-1.294354
-6.754716
-3.695142
-1.282729
-4.372531
-3.364372
-1.209041
-0.754352
-3.258661
-2.203627
-3.526855
-0.718268
-8.264428
-3.365256
-2.456418
-2.342020
-2.612304
-2.038547
-2.550292
-2.703258
-2.796061
-2.712321
-2.407725
-3.744889
-2.462897
-2.638558
-3.736560
-2.940443
-2.873870
-3.877161
-1.975965
-3.420564
-2.970367
-3.113412
-4.378074
-3.076515
-7.129211
-2.469539
-6.083305
-4.306726
-2.446513
-7.885828
-2.760236
-3.295808
-3.074071
-1.337517
-1.653692
-2.059258
-3.225694
-2.213649
-1.931487
-3.138477
-3.228189
-2.981299
-1.159896
-1.657309
-2.242388
-8.236450
-1.036564
-4.896177
-3.751979
-2.504245
-2.584640
-2.395702
-3.204099
-1.864173
-2.359621
-2.984744
-3.263030
-2.828448
-2.648166
-3.810814
-2.760329
-2.331442
-5.444513
-1.689492
-1.998900
-3.640606
-2.647190
-2.147538
-2.276436
-3.396343
-2.435119
-2.686585
-2.528574
-3.050769
-2.564811
-3.172917
-4.163693
-5.866990
-3.751541
-3.003392
-2.528365
-2.882025
-2.234608
-7.506129
-2.811129
-2.563958
-3.059845
-1.610154
-2.390410
-1.945537
-2.568198
-4.233510
-1.622586
-2.382071
-1.284218
-2.712044
-2.147529
-1.963972
-2.485724
-6.151011
-2.401692
-2.226565
-3.273092
-1.216556
-2.342476
-1.748480
-2.563131
-5.801806
-2.374301
-1.043365
-4.103528
-2.647346
-3.579440
-1.116134
-3.950758
-2.754494
-2.009741
-3.290258
-1.336897
-3.042001
-2.891492
-8.303219
-8.502165
-4.713628
-3.558049
-2.412452
-4.375159
-3.291334
-7.968069
-2.539176
-3.101928
-2.034773
-3.562873
-2.974387
-2.096327
-2.510870
-2.509973
-4.569965
-2.015764
-2.877796
-1.029209
-2.744061
-4.109187
-2.148210
-2.702851
-3.380886
-2.121868
-2.983089
-2.559676
-5.400537
-2.559748
-2.852059
-2.512313
-3.547139
-2.226352
-2.447344
-2.546003
-4.676178
-2.825267
-2.601892
-3.298097
-2.688140
-3.269093
-3.741349
-4.311782
-3.082023
-5.291133
-2.952081
-2.267190
-3.311124
-3.223740
-2.358207
-6.501850
-2.382915
-2.510077
-2.868987
-3.064596
-1.272071
-2.095823
-2.813790
-4.349541
-2.669420
-3.842886
-2.007073
-3.082590
-2.082917
-0.690192
-2.087070
-3.787894
-2.807845
-3.938070
-2.327264
-1.347334
-2.389896
-2.793338
-2.150982
-1.123470
-2.997773
-4.182205
-4.011847
-2.378159
-2.112622
-3.084755
-3.129653
-2.543686
-4.090283
-2.907295
-3.394804
-3.854058
-2.182077
-3.009334
-2.348591
-7.786668
-1.243857
-4.265356
-1.769831
-7.093739
-8.957717
-2.188819
-2.017167
-3.555085
-3.280713
-4.834112
-2.585273
-1.714591
-1.747798
-2.795678
-2.918859
-4.735791
-2.528289
-2.630139
-8.469925
-1.515163
-5.238120
-2.205972
-2.800848
-2.985385
-4.349383
-1.229185
-2.903460
-3.113858
-2.750548
-7.097478
-1.506648
-4.668524
-2.995008
-2.992460
-4.007017
-3.371623
-2.452274
-2.128756
-2.371305
-2.932135
-3.062964
-1.549436
-2.420880
-2.614789
-2.833484
-2.136909
-8.614028
-3.177888
-3.098912
0.321049
-1.009637
-1.798319
-3.648287
-3.342029
-2.253325
-2.714183
-3.190726
-2.661798
-3.108960
-4.392718
-3.175742
-2.552001
-3.127304
-2.669873
-3.201671
-3.028054
-2.312813
-2.490312
-2.270967
-8.094886
-2.563617
-5.299403
-6.676744
-7.999785
-2.126291
-2.253934
-3.608119
-2.439782
-8.217940
-3.507985
-4.270716
-3.443843
-1.990080
-5.423603
-1.255812
-2.493474
-2.008490
-1.796811
-3.598964
-1.100889
-1.705603
-3.261687
-3.737627
-2.836868
-2.621727
-2.830768
-2.630090
-2.701256
-1.459799
-2.814040
-2.496169
-0.974597
-2.143679
-2.947066
-3.764747
-2.822722
-2.378408
-2.762959
-2.132367
-3.917467
-6.700992
-0.108052
-6.087986
-2.575174
-2.477828
-3.367130
-8.351636
-3.704392
0.037154
-3.570712
-3.174687
-7.800615
-5.108675
-3.470884
-3.370510
-5.287602
-8.268764
-2.699361
-1.835160
-3.020285
-3.538336
-1.247023
-1.577185
-1.603345
-3.135557
-2.266350
-1.473008
-2.988358
-2.134473
-2.247409
-2.079206
-1.618833
-1.213408
-4.370857
-2.630264
-2.358736
-2.909895
-2.498502
-1.844429
-2.809870
-1.859170
-3.418787
-2.856944
-3.424182
-3.394411
-2.248306
-2.232493
-2.666083
-5.037746
-1.933906
-5.692592
-2.291409
-2.555494
-3.353816
-3.188483
-3.982653
-3.333145
-3.765618
-3.209959
-2.550513
-3.246737
-2.830147
-2.637799
-7.040640
-2.926862
-2.497507
-8.087997
-7.909904
-2.138414
-2.793272
-3.442679
-5.033123
-1.167557
-2.193313
-2.462480
-6.056130
-6.070636
-0.642792
-4.622848
-2.498945
-7.986145
-3.935795
-3.666271
-3.804157
-3.816952
-3.330895
-4.064519
-8.527617
-3.856396
-2.695963
-3.995978
-5.431499
-2.761497
-5.855094
-2.803336
-3.195553
-2.040632
-2.127857
-5.525393
-2.532957
-2.704774
-4.982082
-4.408640
-2.164726
-3.329791
-3.128057
-1.766013
-2.820617
-1.625874
-1.197103
-4.218820
-2.110394
-1.961494
-2.392145
-3.130117
-2.950419
-1.332006
-2.077612
-2.667510
-8.477673
-3.231037
-4.303651
-3.732189
-3.877193
-4.108881
-2.926907
-4.800897
-3.026945
-3.862584
-2.559842
-1.578043
-2.467555
-4.402291
-2.619265
-2.038360
-2.162046
-2.351349
-2.931901
-2.402816
-2.809826
-2.525208
-3.971076
-3.367101
-3.888766
-2.649148
-2.872152
-0.015123
-7.889120
-5.863244
-1.218564
-2.256160
-2.230814
-3.346690
-1.970830
-1.558476
-3.309720
-2.875261
-3.163079
-2.994283
-3.152184
-3.223265
-3.465820
-4.398979
-3.141710
-6.585086
-3.009340
-3.224173
-2.972327
-2.519641
-5.956942
-2.357110
-3.671253
-2.299099
-3.395119
-8.226425
-3.620333
-2.603135
-7.914527
-3.259007
-5.066974
-5.158311
-3.936061
-3.381887
-3.773592
-2.208140
-5.862824
-3.957106
-2.822049
-3.501304
-1.742981
-2.017082
-3.390637
-2.656005
-2.123796
-0.699344
-3.678026
-7.897121
-0.910890
-0.224322
-2.802047
-2.549360
-3.012079
-3.485720
-2.170664
-2.084779
-3.786500
-4.553713
-3.833260
-5.252457
-3.794193
-3.944685
-2.918864
-2.912274
-3.506012
-2.346313
-2.861118
-2.873369
-1.772969
-3.408763
-8.444336
-2.566260
-1.261933
-2.185151
-2.840096
-3.611678
-2.750973
-2.842169
-6.407348
-1.275114
-2.399137
-2.894721
-3.470017
-5.209655
-2.077563
-2.186854
-5.971109
-2.834161
-2.143964
-2.200961
-4.868670
-3.503681
-4.307693
-3.322963
-4.263002
-2.214432
-2.242442
-2.811291
-3.996305
-2.791610
-0.611997
-3.611320
-2.851518
-2.487422
-2.687396
-2.213901
-1.813792
-2.123351
-3.607028
-2.102348
-1.215830
-8.012493
-0.792687
-2.742938
-2.753515
-2.760117
-1.882622
-3.692423
-3.308534
-2.803287
-2.145662
-2.983031
-5.588159
-2.176210
-2.812865
-2.611649
-1.357455
-2.707731
-2.773867
-2.362044
-2.972595
-2.302736
-2.495936
-3.996563
-2.792683
-2.002968
-3.806048
-3.093068
-1.585689
-2.379046
-2.463274
-3.130911
-2.762893
-5.477816
-2.853671
-2.975990
-8.031368
-4.745562
-3.422177
-4.563138
-3.514263
-3.084760
-2.626494
-3.266115
-2.566592
-2.379980
-1.847362
-4.494383
-2.121375
-0.829312
-2.047839
-3.477770
-2.149967
-2.667718
-2.678946
-3.244159
-2.195257
-4.886105
-2.077094
-2.052853
-2.251974
-5.251082
-3.424346
-2.896451
-3.420424
-2.926736
-4.865954
-5.132062
-2.815467
-3.168851
-3.668406
-8.705556
-3.270630
-2.700431
-2.688746
-3.063166
-3.061432
-3.394464
-1.333485
-2.717425
-3.082672
-2.464713
-3.346811
-1.708475
-1.865055
-8.180057
-2.783562
-4.158401
-1.653030
-5.060722
-3.348354
-2.531327
-4.518544
-3.299595
-3.048929
-3.864544
-3.104503
-1.540699
-8.413826
-2.867536
-2.832633
-2.992666
-7.061407
-5.969507
-1.996220
-2.870290
-3.318153
-4.125736
-2.649207
-1.292760
-4.856524
-3.511836
-2.407446
-7.256589
-7.998353
-2.632017
-3.393656
-7.110865
-2.752373
-2.917889
-2.010009
-2.473923
-2.272078
-2.878184
-5.288976
-2.494080
-3.938184
-3.739832
-3.868959
-5.528594
-2.686499
-3.057146
-1.558592
-3.498254
-2.169468
-3.003932
-2.966749
-3.630453
-1.402092
-2.899140
-1.541722
-3.097072
-4.294814
-3.446573
-2.379711
-1.952228
-4.200821
-4.462574
-2.060950
-2.460434
-3.133174
-2.933899
-2.303866
-2.455377
-3.205360
-6.539735
-7.903146
-4.421443
-2.835689
-2.289665
-3.880532
-3.325542
-2.522459
-3.182987
-2.671526
-6.366251
-3.866990
-6.670285
-1.327037
-1.599421
-3.469815
-3.190437
-3.319219
-2.283234
-2.976480
-3.724220
-1.811278
-7.237459
-0.536726
-2.167052
-1.163427
-0.750187
-2.313467
-1.909818
-1.775735
-2.416285
-2.220041
-2.522642
-1.302930
-5.340869
-2.581516
-2.043911
-3.652982
-2.851597
-2.178581
-2.714571
-2.470648
-3.281425
-2.720091
-3.453000
-2.214384
-2.289495
-4.145010
-2.565123
-3.119121
-2.940757
-3.133411
-2.167434
-4.975215
-3.702544
-2.473169
-5.020806
-1.331817
-2.466966
-2.292412
-2.717551
-2.800545
-1.530073
-2.780874
-3.209455
-1.235281
-6.320109
-2.409970
-1.900609
-5.133007
-1.389704
-2.125889
-3.418554
-2.812200
-1.597213
-2.198831
-3.844538
-3.505937
-1.252020
-2.255982
-6.990768
-2.387173
-3.774517
-1.879203
-3.359152
-2.687995
-3.502219
-3.373949
-2.593186
-7.586153
-3.244649
-2.824711
-5.165043
-4.672402
-2.611413
-3.547550
-4.017885
-2.593254
-2.980755
-3.091994
-4.524807
-2.567361
-2.128515
-2.296361
-3.533064
-2.660324
-2.852718
-3.803025
-4.469588
-2.945706
-2.427081
-2.558348
-2.820070
-5.420230
-1.846434
-2.805628
-4.107066
-2.487597
-2.796829
-6.046986
-1.352364
-7.034717
-3.275808
-5.466016
-1.846718
-1.111151
-4.673645
-2.184015
-2.911924
-2.401613
-4.975536
-1.268560
-5.610509
-5.502847
-2.158165
-0.417275
-2.752376
-1.817887
-3.863508
-4.791836
-2.476017
-3.123032
-2.193203
-2.100358
-4.087375
-3.018545
-3.439496
-2.610454
-3.392295
-2.522741
-2.922853
-4.194247
-3.590747
-2.680198
-3.904235
-2.038752
-3.720310
-3.827226
-8.213392
-1.359628
-3.506871
-2.981264
-1.392069
-3.333317
-4.175457
-3.176223
-2.830927
-3.899910
-3.556641
-4.252942
-7.087075
-3.288342
-2.586648
-3.449391
-5.537604
-3.278824
-3.638333
-4.944303
-8.798923
-2.399775
-2.691399
-2.966609
-3.529488
-8.554582
-7.585155
-1.903595
-7.838806
-7.518688
-2.637003
-4.591134
-2.251906
-5.413772
-8.709548
-2.262637
-2.544260
-7.514960
-2.167629
-8.906736
-3.093683
-2.335803
-3.292264
-3.012765
-3.703676
-5.342667
-2.949114
-1.329668
-2.135718
-4.741236
-2.277180
-2.746649
-0.586862
-2.196182
-4.287477
-4.226543
-2.412918
-1.984252
-2.426530
-4.272257
-2.954428
-2.738973
-1.987820
-1.750335
-1.863003
-2.751983
-2.725115
-2.142324
-1.569636
-2.444549
-2.042794
-2.401329
-1.808216
-2.768230
-2.138722
-2.977102
-3.101978
-2.623097
-2.271396
-2.918572
-4.616383
-3.301997
-2.789999
-2.065554
-3.105718
-3.038321
-2.055488
-3.469640
-2.534498
-7.052916
-2.087101
-5.917710
-2.494247
-4.569255
-8.528696
-5.474065
-8.767720
-7.838227
-3.850096
-3.729162
-5.017215
-1.795889
-3.403558
-2.818364
-3.096105
-4.865162
-2.617399
-3.256652
-2.296424
-3.861923
-3.281225
-2.942029
-1.852604
-5.033230
-1.959165
-3.840130
-2.106168
-1.293345
-4.904074
-2.353277
-1.938931
-3.796635
-5.234806
-3.443165
-2.396493
-2.471616
-1.331816
-1.610578
-2.856816
-2.729808
-7.966800
-3.513521
-3.253524
-8.445822
-2.170838
-3.062327
-1.413533
-3.210478
-3.702516
-1.672777
-3.271551
-2.186136
-4.764315
-3.228063
-2.197591
-3.702979
-1.689374
-2.609455
-2.111500
-7.121947
-6.724106
-4.003117
-2.381477
-3.318592
-2.910388
-7.168331
-1.873583
-4.085397
-2.196081
-3.377097
-2.166874
-2.981093
-5.726392
-2.199039
-2.519358
-4.826549
-4.357813
-2.699919
-4.717610
-6.537800
-2.950844
-3.597804
-4.447670
-2.933075
-0.541459
-3.170299
-2.609542
-3.822413
-4.262121
-1.112042
-2.622058
-2.333319
-3.223685
-1.272377
-1.838138
-2.171813
-3.601706
-2.754439
-2.367225
-3.532762
-3.525581
-3.244604
-2.770509
-8.242441
-4.349682
-1.086808
-2.881490
-1.858030
-2.641200
-5.657339
-2.621684
-1.855913
-1.281490
-1.985867
-4.329747
-3.469961
-7.747612
-3.170628
-4.686352
-4.719429
0.007771
-3.390494
-3.081283
-3.006284
-2.793147
-1.799528
-3.199909
-7.604649
-2.393553
-3.161668
-0.249557
-4.737281
-3.359938
-4.187326
-1.885171
-4.433572
-3.855664
-2.798389
-2.482296
-2.004802
-4.002054
-2.923058
-3.740831
-3.693127
-2.432499
-2.252803
-3.237668
-2.842683
-1.636891
-7.902668
-1.627683
-0.979921
-1.479226
-8.636279
-2.534520
-2.794811
-2.571120
-3.086213
-2.420465
-5.448950
-1.838874
-2.787272
-3.300550
-1.833615
-1.725646
-2.578653
-1.590602
-1.593478
-5.776539
-8.350155
-3.971984
-2.148665
-3.172888
-2.921741
-2.137345
-1.731236
-2.402824
-2.696733
-3.709542
-2.548083
-3.206676
-3.081008
-2.942717
-2.230386
-2.685815
-1.680548
-3.600421
-3.583645
-4.017314
-5.840894
-4.159792
-2.130193
-3.804912
-3.178591
-1.479725
-2.587612
-3.096511
-2.690798
-2.221518
-2.829777
-1.827945
-0.799782
-4.795639
-4.114110
-6.941582
-7.851727
-2.404603
-1.913114
-0.787481
-1.847525
-2.150667
-2.918010
-5.926402
-2.969826
-2.618116
-3.307210
-3.456379
-2.316663
-1.664683
-2.166722
-6.352645
-3.053456
-2.859808
-4.295735
-5.064336
-3.064514
-2.388400
-2.438054
-3.023961
-1.886213
-2.024520
-4.936134
-6.486670
-3.328222
-1.825755
-3.661199
-1.804399
-5.028626
-3.522842
-2.091741
-2.268540
-4.700338
-2.283435
-4.515202
-4.872536
-5.610113
-3.625707
-3.295583
-3.636526
-4.664478
-2.727911
-1.850471
-3.271142
-7.392045
-2.709237
-2.724140
-4.511657
-2.319531
-2.396121
-3.741450
-2.203912
-2.645175
-4.044416
-2.897352
-3.258732
-1.822932
-2.066189
-2.919765
-1.192520
-3.306093
-2.945275
-3.221405
-2.105609
-4.969076
-3.348327
-2.264883
-2.086895
-3.858212
-3.262660
-2.869777
-3.900192
-4.938773
-3.366778
-2.605433
-3.090045
-2.268877
-2.281110
-2.401918
-2.892444
-2.535047
-4.300210
-8.025539
-1.288128
-3.512004
-8.620701
-2.795047
-2.570241
-3.233370
-4.036759
-4.565114
-3.099140
-4.570203
-2.338774
-4.290793
-2.485446
-2.936440
-3.529971
-2.560082
-2.028662
-3.436181
-3.351135
-2.554258
-2.590596
-3.578553
-5.994433
-6.548759
-5.776866
-2.504338
-2.473112
-2.221279
-2.715928
-3.487768
-2.642716
-3.495317
-3.015730
-2.922689
-3.338166
-2.744815
-2.027877
-2.259767
-2.815053
-4.081968
-2.249702
-2.952149
-2.511962
-2.849207
-1.855143
-1.620209
-7.016510
-4.384747
-4.044351
-4.092890
-2.986089
-3.283643
-2.068265
-1.464203
-3.170618
-3.408920
-5.941212
-7.725768
-3.425027
-3.390515
-3.501499
-3.755853
-2.224044
-8.362029
-3.654595
-3.674512
-1.967233
-2.059487
-3.674981
-1.248834
-2.678104
-3.334162
-7.641867
-3.564497
-2.320698
-3.542520
-2.297844
-2.388826
-1.825471
-3.782915
-2.621782
-1.554129
-1.480648
-3.720271
-5.445957
-2.591826
-4.381227
-3.517907
-3.531974
-3.548875
-8.008985
-1.364286
-1.204511
-2.802822
-4.242001
-3.541472
-3.222514
-3.119109
-3.545395
-3.436466
-2.839594
-3.133438
-1.616181
-2.281934
-3.046317
-1.872619
-3.412367
-4.294283
-2.609346
-2.022947
-2.659898
-3.622406
-6.782678
-5.925110
-8.220926
-1.861649
-5.709909
-2.046896
-8.616829
-7.240813
-4.866385
-5.935403
-1.487158
-2.532337
-2.112824
-4.475537
-3.942744
-2.976110
-1.883579
-2.616676
-6.186624
-2.930346
-1.492749
-2.916042
-2.198508
-3.204123
-2.525681
-1.243596
-3.507896
-3.144773
-2.168210
-2.845098
-5.927369
-2.315191
-2.632388
-1.514636
-3.169590
-1.758163
-5.559750
-2.281845
-8.411964
-2.301716
-3.872162
-2.541001
-2.416437
-5.916213
-3.823688
-3.884796
-2.344230
-2.704962
-1.886929
-4.656536
-4.103012
-2.098717
-1.952171
-3.859914
-8.501589
-3.875981
-5.267015
-3.020255
-8.542134
-2.206551
-2.201140
-3.676130
-4.256406
-3.761367
-2.374495
-2.972940
-3.553283
-4.216722
-2.643633
-3.191417
-6.607006
-2.849550
-2.113321
-4.775032
-3.595577
-4.310143
-2.352034
-4.546254
-5.031027
-2.699813
-2.447573
-3.993630
-1.896114
-2.540962
-4.032633
-3.884179
-3.321779
-2.848561
-8.140125
-2.464195
-2.863428
-2.103391
-1.634498
-2.755950
-4.029991
-2.391525
-3.365539
-2.525904
-2.312065
-3.433961
-2.586211
-5.993791
-2.037810
-3.824637
-3.044343
-3.478309
-2.704192
-3.882672
-2.307343
-1.765249
-7.752045
-2.970753
-3.993025
-7.013913
-2.605976
-4.571474
-1.067103
-2.986612
-2.038490
-1.608436
-4.898655
-1.067670
-2.273842
-3.885002
-2.336200
-3.605771
-3.106573
-1.715885
-2.678805
-8.639606
-2.791330
-1.992781
-1.299866
-6.048432
-4.318403
-6.318201
-1.193211
-2.293396
-2.707807
-2.029014
-1.056184
-3.158965
-2.560935
-0.887222
-3.410739
-2.213522
-4.071122
-2.532744
-3.024248
-1.683435
-2.412975
-5.748031
-3.547255
-6.954046
-7.802904
-3.605532
-1.955877
-2.912853
-5.626851
-2.544533
-3.105702
-3.348698
-2.485422
-3.270313
-1.270073
-3.332932
-1.797764
-2.600071
-7.863635
-1.367391
-3.577848
-4.324191
-2.479312
-2.461735
-2.441137
-4.179101
-2.253060
-2.504887
-3.389307
-6.492898
-3.118451
-2.434127
-4.932953
-3.089201
-3.807979
-2.331913
-3.239096
-2.492493
-1.669967
-3.139339
-4.943244
-2.809377
-1.767480
-2.921993
-3.318176
-2.406060
-5.981801
-1.987976
-4.026254
-2.346314
-2.709637
-2.302541
-2.214734
-2.790009
-3.860885
-7.967612
-5.116607
-1.633218
-3.614052
-3.904720
-4.937847
-2.242580
-2.612534
-6.777436
-3.599802
-3.534323
-3.298258
-2.759967
-6.818887
-3.629466
-5.997886
-2.541531
-3.275640
-3.964200
-3.479122
-2.275547
-3.786708
-6.334214
-3.047233
-3.811666
-2.902584
-2.870828
-3.057006
-2.048777
-1.697381
-2.512493
-2.983022
-3.431963
-3.697257
-3.621706
-2.861021
-6.584304
-3.878195
-4.521555
-8.038815
-4.130396
-7.163662
-6.874954
-3.449087
-1.701772
-6.029870
-3.497086
-4.017986
-4.120298
-3.529596
-3.277282
-2.000039
-3.450458
-2.914145
-2.972305
-4.850445
-2.967147
-7.450519
-4.339022
-8.682032
-3.066870
-3.681700
-2.450721
-2.847816
-6.111456
-3.312193
-2.677408
-4.957810
-4.437406
-3.130546
-2.818488
-6.958620
-4.205340
-8.500623
-2.596015
-4.285289
-1.233282
-4.202340
-3.183908
-4.554049
-2.736122
-6.412717
-3.303838
-3.202111
-2.728924
-4.482711
-3.158627
-0.773451
-1.447030
-0.376299
-4.559490
-8.624335
-1.731084
-1.308177
-1.593605
0.351076
-8.202047
-2.791255
-1.222674
-2.958449
-2.353885
-2.430718
-2.290955
-4.960128
-3.751208
-5.771977
-3.518018
-3.120805
-2.983144
-4.468815
-3.769078
-2.403935
-2.493535
-2.655097
-6.728108
-3.108955
-2.923612
-2.302051
-2.137366
-3.885086
-3.516974
-8.055873
-2.030784
-2.616336
-2.395974
-2.461267
-2.122824
-2.470940
-2.186432
-3.055039
-6.034359
-2.757124
-1.967913
-2.241098
-3.138957
-3.955509
-2.818534
-2.551497
-2.695711
-3.305511
-3.593326
-7.663165
-2.390669
-3.432332
-3.126955
-2.180706
-4.096653
-2.036712
-3.678106
-2.442009
-2.777116
-3.773634
-3.596066
-3.064936
-2.588727
-2.514079
-3.209918
-3.561208
-2.434887
-2.559231
-2.044112
-2.053941
-3.499613
-6.067071
-4.169321
-3.592682
-2.071969
-1.704009
-3.269305
-4.629295
-5.163382
-2.250633
-4.376457
-3.242668
-1.779643
-4.067471
-3.319560
-2.916077
-1.446318
-6.069354
-1.717774
-3.977251
-2.012273
-2.945055
-1.057754
-3.392640
-2.540397
-8.267681
-5.924825
-2.033001
-3.956653
-3.388316
-3.868268
-6.000543
-2.643380
-3.270800
-2.504703
-2.393371
-2.766410
-4.924780
-3.051510
-3.271834
-3.352623
-8.185437
-3.683294
-3.183148
-3.143417
-2.296740
-2.478784
-7.150531
-2.784227
-3.348829
-3.733071
-4.074151
-4.215953
-3.076205
-3.452228
-2.839413
-3.206205
-0.921030
-3.191616
-3.017729
-3.985263
-3.992525
-3.298267
-3.193475
-5.579309
-5.732220
-4.294094
-8.398941
-3.145005
-3.157617
-3.467108
-3.848780
-2.745743
-2.885684
-2.437607
-1.739393
-2.739185
-8.381163
-3.752049
-2.558766
-4.336443
-2.249130
-2.383122
-1.909534
-3.865954
-1.280184
-8.318637
-3.435399
-3.433881
-5.877423
-2.520228
-7.746794
-3.881882
-5.052054
-2.985364
-1.518607
-2.312205
-2.644580
-8.293417
-1.557138
-2.568152
-3.449838
-2.414367
-3.049348
-3.148892
-3.272177
-3.312412
-3.346574
-2.622598
-3.031701
-2.939766
-3.690746
-2.813110
-2.394693
-3.501584
-3.271843
-3.903809
-1.195185
-8.374540
-3.905414
-8.646046
-2.574558
-4.333146
-2.052433
-3.148980
-3.962488
-4.636549
-3.227324
-2.982768
-2.131009
-4.329014
-3.392450
-0.167184
-1.671247
-2.556998
-3.795976
-5.775515
-2.312104
-4.040534
-3.315107
-3.155828
-8.336102
-2.650763
-3.447537
-3.639554
-7.608839
-3.073243
-5.701048
-3.027169
-1.820295
-2.232880
-4.587762
-1.939567
-3.521800
-2.837508
-0.751772
-3.052437
-3.061644
-0.924567
-2.786467
-3.927011
-3.375177
-2.380775
-3.374031
-2.727788
-3.068565
-1.942003
-8.066304
-1.115390
-4.217287
-5.474235
-1.851889
-2.213164
-2.379770
-3.498126
-5.234731
-2.430599
-3.012495
-2.251038
-2.560769
-2.762487
-3.118223
-2.287996
-3.197962
-2.849758
-3.919507
-3.778829
-3.141120
-3.036391
-1.993500
-3.446509
-3.311766
-4.520976
-2.926369
-2.265216
-2.665272
-3.972381
-2.852236
-2.351958
-5.023630
-2.302562
-3.725269
-2.769944
-1.286141
-6.608162
-5.073420
-2.640939
-2.917929
-2.198983
-8.290577
-6.829517
-8.267124
-3.509857
-0.958929
-2.339323
-6.922948
-2.865742
-2.848147
-2.520453
-5.982601
-1.601758
-2.843856
-1.942821
-5.093146
-2.653302
-1.879288
-1.840997
-2.862012
-6.024979
-3.302078
-2.010193
-2.898820
-4.824952
-0.746127
-8.574263
-8.248914
-1.613080
-2.077842
-3.677048
-3.577373
-6.200356
-3.088147
-3.675875
-2.783510
-2.263306
-4.217042
-8.438535
-1.893783
-5.083708
-2.368092
-3.090224
-3.145467
-1.693617
-3.062712
-1.896486
-3.523840
-0.828431
-3.942564
-3.400563
-2.434686
-3.952215
-8.590100
-1.827909
-2.076517
-1.916681
-3.158998
-2.976781
-4.262736
-3.291480
-3.028694
-3.675945
-4.626174
-2.113125
-1.864607
-2.251330
-3.612277
-3.758979
-3.744667
-2.514726
-6.936038
-3.256602
-3.107449
-2.718454
-2.447944
-1.931212
-3.857526
-4.779124
-3.781770
-3.846774
-3.060499
-4.366245
-2.618919
-2.594889
-7.938667
-3.338613
-3.584994
-2.064698
-3.110097
-3.303854
-6.366539
-8.150311
-2.929462
-4.487190
-3.225950
-3.010458
-3.272169
-2.640855
-3.522118
-3.233923
-2.312154
-2.476878
-4.079963
-3.650269
-1.244862
-2.171512
-4.840409
-3.559942
-0.813095
-3.275335
-3.720875
-3.011927
-3.286015
-2.777932
-3.024266
-0.900570
-3.226029
-2.730981
-3.579427
-3.163310
-5.113115
-4.301435
-4.394495
-2.735329
-2.156343
-7.004009
-1.987583
-3.129065
-2.731292
-8.243042
-2.273411
-3.089724
-3.812574
-4.004766
-2.344923
-2.057946
-3.377903
-2.495185
-3.656086
-3.654956
-3.658979
-3.919240
-3.423553
-3.002782
-3.716524
-3.396585
-3.058785
-2.598564
-2.313468
-1.956601
-5.090005
-8.523470
-4.952130
-6.947817
-5.547675
-2.111090
-2.374321
-3.366445
-3.779095
-8.382551
-3.262141
-3.394436
-2.379634
-2.346519
-3.251704
-3.757305
-8.514841
-3.193543
-5.543237
-3.408314
-7.841690
-2.252924
-2.564213
-3.323970
-4.116163
-3.301165
-7.236784
-5.634496
-2.518239
-2.838373
-4.981824
-7.087767
-1.851160
-3.296168
-5.615941
-2.790211
-2.228728
-3.612600
-4.397434
-3.920760
-4.838819
-4.560579
-2.694909
-4.858620
-1.866508
-4.067580
-2.500813
-4.008704
-4.047657
-4.526104
-1.443223
-2.181446
-1.805299
-2.109353
-1.514701
-2.986951
-8.449420
-4.056067
-3.649590
-2.752432
-3.835169
-2.114871
-1.893189
-2.722168
-3.511990
-5.338580
-2.408999
-2.498729
-8.653272
-1.389627
-3.314458
-2.140681
-4.008878
-1.770089
-3.750232
-3.712367
-3.019166
-5.201756
-3.370595
-2.321576
-2.585257
-4.026680
-3.019192
-5.308062
-3.362596
-5.042418
-2.900071
-3.896750
-8.656323
-2.435844
-2.625655
-3.671404
-2.773121
-2.201658
-2.989415
-1.367271
-3.553977
-2.837631
-2.537166
-0.999432
-2.456725
-2.661384
-4.369576
-4.606894
-3.579033
-2.512469
-2.622396
-5.496313
-2.850543
-1.662380
-4.830888
-3.471945
-3.285885
-3.098646
-2.269432
-4.535176
-3.421819
-1.156302
-6.050150
-2.537944
-4.094222
-5.484818
-2.596675
-5.256208
-2.633744
-3.345742
-3.608305
-2.148059
-2.502765
-2.006759
-5.800589
-2.735604
-4.580832
-2.257999
-1.480487
-4.227427
-2.797989
-2.609824
-5.649391
-1.394896
-2.645843
-3.307277
-3.801893
-2.188725
-6.214891
-2.224471
-3.027820
-2.985799
-3.457458
-2.848530
-3.461048
-4.840379
-2.386991
-4.484630
-2.808537
-3.253185
-1.344380
-3.041747
-1.881597
-2.789279
-3.368212
-4.430313
-5.389996
-3.726356
-3.097186
-7.125458
-2.802849
-2.137002
-1.629431
-2.920017
-2.479901
-1.168435
-2.578346
-3.161861
-2.766027
-2.467910
-2.622473
-3.457987
-2.803504
-1.858201
-3.102233
-4.344677
-3.360761
-5.963097
-3.703389
-7.597680
-3.674643
-6.743227
-5.022645
-2.665324
-3.132789
-4.045978
-3.147076
-2.464711
-2.506351
-8.293406
-3.020631
-1.920372
-7.724658
-1.637134
-1.950336
-4.934609
-2.064795
-3.802367
-2.386170
-2.927593
-1.648612
-1.997423
-0.629903
-2.493573
-2.649589
-3.399192
-3.342717
-2.955065
-2.590953
-3.120262
-2.841735
-3.521250
-2.559677
-4.243256
-3.618775
-3.738829
-2.220297
-3.153418
-1.489324
-2.787544
-4.646995
-1.289572
-6.490291
-3.708970
-6.769575
-3.479048
-3.485662
-3.167249
-4.030190
-5.802532
-2.017092
-6.676794
-2.665086
-4.521551
-3.575966
-3.629466
-1.702982
-3.051674
-2.767488
-2.276035
-4.201486
-3.707285
-2.497758
-2.949469
-3.255692
-3.000160
-2.852455
-2.857675
-8.510118
-7.587568
-3.483073
-3.959118
-3.790556
-3.371199
-7.756340
-2.251825
-3.225735
-2.962815
-4.853770
-2.679269
-3.413192
-4.771935
-4.694963
-3.806022
-2.268168
-3.916893
-2.428468
-2.807518
-3.036503
-2.500807
-2.554113
-1.844588
-7.988216
-4.061753
-5.706113
-7.079288
-3.621663
-1.961229
-2.388846
-5.842392
-3.680480
-3.184117
-2.657330
-2.546604
-2.291570
-3.497937
-3.114833
-2.640494
-4.599432
-3.375923
-3.687426
-2.694244
-3.074110
-4.756491
-3.502621
-2.701061
-2.911337
-2.307112
-2.638333
-3.555446
-4.134943
-2.467322
-1.087207
-3.239627
-3.170614
-2.765619
-3.114232
-5.126869
-2.785730
-3.587929
-0.184155
-3.106409
-4.085177
-4.229008
-3.333624
-6.607544
-8.313469
-3.548458
-3.132289
-2.728114
-3.295120
-4.786316
-3.625496
-2.965034
-3.455128
-3.290545
-1.565009
-8.200983
-3.523696
-3.812317
-2.069811
-2.922516
-3.627473
-2.743222
-3.792348
-2.199611
-1.246459
-3.838560
-2.793373
-2.844884
-3.024556
-2.107978
-2.570330
-5.835804
-3.698688
-2.325221
-4.316103
-2.935894
-2.264409
-3.228743
-2.469165
-2.454732
-3.187233
-3.149434
-5.843026
-2.598733
-8.483965
-3.383245
-2.868598
-2.356083
-3.497813
-2.385406
-4.944713
-4.608832
-2.339069
-5.548824
-3.797412
-4.312112
-3.054591
-4.727181
-2.971496
-5.355551
-4.235944
-2.975928
-1.803185
-2.235206
-3.128549
-3.358981
-2.446110
-2.559036
-2.845533
-2.389636
-4.324499
-6.078921
-3.318352
-2.446439
-3.181290
-5.727900
-2.838487
-2.533662
-3.212122
-2.212090
-3.651448
-2.421642
-2.744757
-6.524745
-3.270023
-3.265410
-2.649405
-5.967981
-2.693880
-2.826810
-4.639990
-3.065672
-3.235257
-1.277626
-2.601355
-2.595207
-2.591165
-2.492840
-2.505196
-3.790735
-7.571086
-2.899963
-5.234927
-4.319438
-3.586488
-2.697692
-2.769175
-4.176591
-2.039601
-8.365349
-3.136321
-3.198804
-4.693665
-4.747202
-8.069515
-3.806980
-6.558908
-4.239164
-5.935105
-3.615305
-2.599116
-2.148352
-2.472718
-2.681667
-3.031662
-3.552754
-3.426320
-3.835517
-3.102107
-4.357790
-2.582152
-3.160448
-1.861642
-5.912823
-3.730398
-2.057019
-3.275890
-3.616376
-2.716976
-2.746115
-3.106312
-3.563328
-3.406784
-2.391616
-3.464668
-2.497965
-3.281540
-3.963711
-6.630664
-3.070996
-2.870234
-5.348269
-1.136976
-3.572092
-3.973380
-3.044610
-2.701043
-2.617677
-3.021415
-3.854122
-8.563466
-3.352311
-4.967280
-3.551166
-4.878448
-5.826151
-4.002729
-4.434298
-1.883661
-2.289604
-3.454509
-3.430284
-3.148254
-1.949492
-5.139995
-4.146688
-1.491596
-3.858227
-3.586535
-3.992027
-6.567007
-2.205657
-4.689602
-3.806590
-4.127501
-3.087790
-2.111392
-1.450787
-2.701714
-3.536005
-2.897650
-3.095217
-3.551410
-4.719662
-2.354576
-4.606120
-3.128968
-8.437213
-2.777920
-4.049348
-3.388935
-4.405593
-2.314779
-3.041717
-3.292361
-4.982910
-1.773110
-3.538686
-3.025351
-8.330234
-3.094458
-2.840229
-4.051793
-3.955934
-3.582057
-8.603173
-1.704971
-2.658202
-3.598461
-2.725067
-3.076543
-3.421802
-2.231095
-5.891147
-8.366022
-7.790637
-7.293409
-4.550164
-2.569856
-1.200042
-3.083878
-2.367043
-2.363836
-3.277869
-2.527683
-5.196278
-3.051701
-2.649562
-2.418299
-2.973253
-0.809129
-8.081458
-2.763678
-6.094348
-1.734238
-2.579133
-2.360785
-2.300170
-2.217375
-1.810246
-2.999236
-3.247911
-6.615285
-3.221004
-3.066518
-4.018736
-2.349851
-1.944274
-2.584007
-2.818455
-8.750246
-3.670504
-3.105538
-3.049001
-2.252034
-1.905841
-4.985002
-2.401385
-0.946780
-3.275961
-4.448329
-1.982456
-3.224709
-2.531174
-3.287522
-1.648714
-2.448138
-2.225264
-6.060142
-4.811203
-3.629937
-3.639315
-6.494207
-1.124798
-3.365945
-2.719661
-3.057508
-2.844514
-3.332924
-2.566180
-1.843181
-3.542648
-3.772826
-3.822564
-2.538995
-4.569592
-2.380753
-6.361131
-4.229879
-3.367817
-4.088390
-2.450151
-2.684031
-3.097066
-3.078117
-2.467480
-2.721089
-2.331428
-2.795455
-3.520334
-2.815105
-2.802264
-2.717035
-2.006505
-5.311477
-7.708515
-2.718674
-4.334275
-8.270291
-2.933164
-4.512756
-8.307505
-3.277227
-3.623087
-3.453204
-4.070987
-3.969438
-5.905057
-2.651572
-3.414648
-1.423389
-5.823261
-3.094167
-6.789058
-4.332995
-4.827120
-3.073057
-3.885628
-2.868523
-3.549444
-5.750815
-3.703245
-1.645639
-2.582620
-2.049270
-4.807154
-3.221355
-2.010400
-3.460599
-7.097653
-2.467576
-2.743319
-3.039662
-3.374956
-8.169441
-4.199256
-2.648987
-3.766676
-2.995475
-7.732827
-4.477512
-2.789286
-3.250932
-1.961475
-8.348082
-4.068038
-2.691665
-3.707322
-1.756428
-2.657360
-3.659591
-3.158731
-5.999169
-3.328000
-8.562453
-2.995144
-2.463475
-3.095654
-2.504938
-2.933077
-3.745436
-3.075588
-2.729810
-2.945799
-2.715044
-1.372395
-8.866064
-3.518122
-8.030008
-8.026594
-2.747447
-6.794135
-5.590047
-7.373241
-2.838184
-3.369439
-3.274020
-4.729769
-2.671238
-2.909012
-3.530952
-4.075821
-2.023286
-3.650874
-3.524677
-3.429277
-2.935409
-2.972485
-3.599003
-2.720768
-3.860741
-1.876687
-2.305969
-4.438072
-3.407058
-8.271445
-2.654081
-3.508770
-7.751594
-8.420923
-3.100247
-7.794697
-3.352068
-3.058515
-2.465933
-2.861283
-1.407923
-3.152938
-2.717983
-2.851097
-4.747309
-5.595404
-3.373152
-5.056061
-4.399857
-8.585979
-4.046930
-2.681719
-4.648835
-2.335508
-3.130062
-3.199621
-2.524046
-2.743874
-3.949179
-1.610280
-0.859889
-3.566667
-2.531668
-2.661197
-2.432129
-2.485128
-4.233627
-3.065309
-3.825807
-3.829322
-3.508296
-2.991250
-5.249852
-2.589753
-2.042161
-5.512916
-2.668094
-2.476390
-3.274895
-2.970773
-2.367913
-4.051048
-3.953683
-3.107253
-3.182837
-3.752022
-3.648136
-5.214139
-3.039408
-2.979999
-2.740396
-8.090381
-3.660272
-4.043352
-4.842062
-4.789019
-2.256886
-3.976551
-2.260070
-4.813354
-3.564234
-4.137620
-3.848469
-3.407425
-2.666913
-4.730618
-3.377784
-3.905654
-3.693580
-3.903500
-6.974718
-3.030573
-2.650965
-3.772604
-3.180130
-2.190528
-4.733744
-2.967042
-2.246339
-4.944358
-3.888894
-7.355135
-4.473567
-4.942493
-8.247266
-2.381445
-2.636342
-2.276921
-1.369442
-6.830979
-3.290611
-3.034233
-4.900031
-2.114143
-5.455404
-3.677802
-4.452016
-2.908580
-3.410483
-0.869258
-7.196502
-3.586136
-2.350617
-2.075006
-7.278065
-7.765206
-3.478533
-1.254086
-2.760493
-3.373913
-3.014089
-3.117378
-8.243149
-3.845696
-3.222508
-2.366441
-2.645429
-6.084189
-2.522742
-3.819077
-1.446056
-2.191754
-6.377272
-4.844781
-3.181329
-5.952375
-4.904838
-3.386708
-3.599562
-3.846236
-6.378019
-3.284339
-2.889586
-4.971388
-2.584024
-4.758026
-3.128261
-3.858805
-5.124912
-3.261307
-1.844148
-3.327390
-3.754101
-5.146177
-3.578438
-2.185051
-1.536598
-8.873080
-2.819333
-2.543020
-5.140913
-3.381221
-2.242321
-4.221903
-4.924360
-3.979238
-3.397587
-2.421931
-2.094241
-2.575604
-1.753145
-3.393703
-3.370624
-2.567862
-2.727685
-5.472182
-3.026080
-4.175159
-2.910511
-2.996298
-3.871253
-3.947265
-5.513764
-1.592851
-2.535025
-2.925747
-2.888844
-3.359710
-3.051587
-3.395563
-2.957186
-3.381341
-2.545983
-2.864442
-2.541646
-2.685709
-3.160421
-2.550904
-3.310822
-3.123768
-1.818680
-2.233626
-3.254614
-2.689238
-2.140331
-7.963284
-2.674605
-1.806756
-4.720418
-2.209836
-1.653736
-4.539836
-3.027390
-3.103460
-4.231623
-2.396128
-3.736650
-3.570028
-2.693824
-0.276880
-5.156229
-3.063811
-2.077248
-2.450041
-4.897512
-4.988372
-2.773746
-2.335306
-3.111245
-2.721572
-4.334357
-2.495263
-4.107673
-4.451841
-3.869553
-2.523706
-8.403214
-2.734636
-5.087159
-2.727946
-3.395297
-3.185078
-3.174270
-4.214788
-2.261466
-5.232788
-2.639963
-2.044111
-3.093512
-2.726954
-3.059418
-3.804626
-4.365094
-3.521060
-3.254352
-4.776710
-2.901217
-4.639226
-3.057356
-3.921599
-3.223735
-1.880859
-3.373291
-2.775116
-3.783341
-2.769653
-3.039475
-2.158486
-2.768917
-3.671653
-3.083417
-2.501619
-2.737639
-2.454988
-2.948562
-3.323939
-3.430701
-3.787728
-4.445361
-4.085165
-2.691654
-2.494261
-5.667545
-3.575835
-8.251050
-3.733099
-3.206887
-3.149368
-2.991035
-8.527336
-2.348419
-2.962016
-8.680391
-8.341651
-2.352141
-3.272098
-4.176934
-4.094087
-5.810659
-8.558554
-7.540402
-4.105473
-2.582233
-3.681836
-3.242574
-2.653144
-3.532947
-5.029404
-4.466280
-2.303831
-2.424840
-9.160973
-8.645382
-5.069028
-2.286207
-5.373979
-2.628210
-4.050479
-4.267506
-3.616569
-3.466293
-2.918942
-2.941870
-7.725174
-2.466363
-3.926030
-4.165728
-2.219971
-2.175454
-2.315709
-4.510667
-8.402472
-6.796980
-3.800108
-3.559002
-2.343690
-5.388156
-3.695144
-3.284717
-5.639801
-3.173185
-3.767282
-3.923479
-8.140456
-3.302752
-8.511565
-6.965722
-5.523764
-4.088912
-3.598686
-3.854379
-3.205813
-3.845983
-3.140855
-3.754405
-3.577843
-5.972969
-2.851787
-4.175243
-2.212596
-4.044795
-1.914645
-1.372407
-2.765243
-1.828298
-3.682714
-2.696743
-2.529984
-3.149036
-3.415757
-2.869285
-2.285272
-3.005386
-6.934769
-3.009774
-4.790098
-1.646315
-3.101135
-4.037639
-2.690310
-4.049220
-4.401612
-2.470178
-3.058424
-8.169577
-1.560797
-2.711120
-7.153888
-7.455796
-4.932765
-8.594896
-3.565212
-3.774277
-2.695547
-2.852313
-3.123829
-6.418593
-3.775445
-3.097036
-5.331974
-3.694332
-3.882654
-3.486557
-3.575209
-2.134694
-3.076420
-3.641432
-2.838820
-3.848619
-3.108468
-2.766577
-2.753605
-3.764688
-2.589047
-4.564078
-3.797632
-3.936435
-2.618050
-8.291321
-4.107743
-8.646424
-2.177023
-2.312669
-8.280703
-3.823506
-2.034989
-2.684738
-6.815920
-5.710690
-2.420552
-2.325407
-8.297741
-3.298972
-3.498634
-2.720400
-1.614237
-3.533919
-7.287542
-2.706650
-5.966219
-3.149398
-2.719033
-4.527591
-4.192361
-3.077544
-2.946364
-3.910209
-2.780388
-1.545879
-2.706224
-3.568631
-4.470812
-4.029093
-3.059562
-5.522672
-2.679371
-1.010270
-3.876711
-4.371572
-3.495004
-3.570535
-7.132392
-3.557800
-2.895545
-2.942554
-3.567634
-1.800284
-4.724052
-2.766819
-3.757507
-2.430249
-2.965408
-3.064759
-3.267673
-3.295425
-3.090454
-7.389814
-3.991936
-3.509108
-2.395883
-4.096163
-3.613429
-2.842790
-2.990936
-2.068704
-1.085630
-2.448842
-0.403832
-3.217952
-3.988272
-3.048113
-3.643708
-2.751848
-3.291570
-5.261797
-6.715634
-2.727651
-3.758644
-3.444240
-4.242035
-3.925358
-3.630904
-2.029911
-4.357209
-3.810132
-4.340789
-2.847403
-3.628033
-1.443231
-2.384805
-3.345149
-5.180627
-3.283772
-2.785139
-3.134113
-2.616185
-3.872960
-7.868855
-3.407715
-1.997288
-0.975682
-3.252467
-2.010075
-4.531466
-7.725454
-3.141123
-3.388771
-3.685841
-3.521563
-3.005903
-4.134359
-3.021235
-8.108009
-2.710171
-3.669659
-2.772483
-5.475116
-4.309211
-3.698892
-5.445338
-7.740819
-1.846223
-5.559461
-4.603281
-7.152970
-4.576690
-0.698256
-4.166504
-7.612929
-2.767708
-3.950119
-3.443095
-8.308476
-4.431404
-7.659884
-3.332459
-2.698280
-2.439603
-3.839261
-2.525243
-2.850584
-4.197082
-3.731838
-3.166503
-2.020225
-1.894268
-2.963495
-4.270252
-3.648807
-2.280848
-3.850208
-3.664249
-4.799400
-3.438067
-3.169966
-5.728827
-3.736876
-3.047124
-4.482910
-0.970861
-1.988047
-3.346721
-2.499096
-5.981799
-2.729724
-3.181724
-1.401780
-3.803159
-8.257695
-3.172828
-6.665833
-3.465814
-3.392631
-2.015508
-3.555991
-1.861103
-2.500884
-3.948323
-2.398309
-4.485626
-8.104420
-3.581940
-2.606656
-2.998780
-3.259060
-2.469465
-2.855300
-2.785653
-3.949964
-8.038917
-1.506325
-3.405211
-4.575482
-3.952129
-2.045107
-6.681468
-3.038686
-6.270206
-3.587290
-4.289230
-4.578937
-3.171052
-8.386640
-3.130364
-2.809232
-3.755955
-3.906106
-3.986068
-4.603375
-4.393966
-2.705563
-5.999555
-3.528460
-3.966100
-3.012811
-2.421179
-2.796876
-2.689416
-1.618136
-4.225381
-4.501122
-2.467588
-2.432264
-2.679119
-2.432611
-4.457021
-2.392926
-2.461985
-8.465139
-2.603061
-5.252710
-4.936098
-1.427319
-8.753416
-3.536852
-2.961397
-4.497343
-4.749907
-4.352111
-2.964650
-3.972121
-3.971142
-5.004931
-2.222202
-8.094849
-3.737111
-7.248199
-2.942527
-3.073521
-2.707703
-2.344342
-4.432613
-1.622508
-2.580299
-3.944489
-2.968560
-3.863354
-1.894315
-4.131297
-2.270348
-4.162602
-4.523317
-3.629590
-7.992130
-5.532626
-2.793062
-8.260052
-3.200887
-3.626741
-4.486309
-3.255886
-2.399026
-2.569295
-2.614428
-5.958220
-3.246573
-4.847303
-2.564292
-3.634096
-2.508248
-1.043612
-4.640821
-4.535682
-3.166995
-3.036308
-2.744516
-2.578685
-3.385695
-3.038484
-2.095897
-2.221925
-4.538074
-3.197137
-2.491458
-2.829630
-3.083287
-5.381763
-2.852653
-2.535342
-2.528066
-2.690730
-3.062855
-2.436974
-2.801487
-3.691633
-1.126146
-3.444349
-8.016393
-3.195188
-2.874503
-2.845907
-3.598372
-6.848190
-2.393459
-2.347152
-3.361850
-4.003784
-7.785442
-5.942438
-3.990967
-3.914558
-4.000384
-3.651161
-2.736155
-3.330997
-3.261636
-3.400802
-3.432786
-8.295572
-2.562756
-3.495745
-2.699278
-2.785978
-4.772490
-3.645915
-6.198643
-2.869989
-6.260523
-4.984897
-1.973514
-2.187989
-3.185214
-3.222759
-5.189985
-3.447015
-3.229353
-2.719342
-6.364469
-8.139572
-4.198798
-2.998585
-4.771188
-6.544817
-2.466030
-2.002971
-3.315641
-3.012348
-3.043473
-5.199865
-3.479379
-4.688812
-3.615123
-5.150660
-3.771743
-3.110105
-2.481045
-3.206046
-5.584951
-3.957356
-2.542837
-7.748333
-3.355811
-2.294595
-4.671570
-3.124099
-2.513048
-6.296005
-2.173447
-3.065542
-5.854326
-5.522686
-8.513098
-3.944420
-2.438875
-3.731831
-6.308449
-2.620003
-3.286184
-3.876827
-3.448849
-3.885267
-3.009340
-2.507695
-2.598101
-5.134171
-2.686036
-2.313428
-7.904169
-4.726089
-8.200478
-2.924945
-3.623965
-3.571326
-2.452493
-2.018282
-2.859330
-8.801063
-4.488347
-2.797892
-1.778126
-3.505445
-2.605102
-3.219094
-3.087815
-2.979766
-3.523378
-3.786800
-3.423395
-8.312758
-4.078333
-3.671302
-5.282210
-4.028214
-3.338540
-2.557399
-4.595748
-3.044059
-4.641204
-3.466560
-3.962466
-3.311136
-2.024375
-4.035755
-3.843394
-4.124745
-2.866085
-3.278272
-3.071491
-8.685900
-2.522777
-3.523739
-3.181484
-2.784522
-3.032477
-4.967968
-2.536759
-3.238926
-4.069689
-3.371556
-3.603499
-8.310591
-6.374434
-8.911158
-2.100393
-3.328468
-2.784141
-3.471859
-2.219380
-3.268720
-2.675926
-4.216182
-7.162680
-3.387732
-2.572905
-4.477674
-5.711088
-3.679876
-7.804204
-8.403097
-0.804571
-2.505193
-3.091988
-8.250671
-5.013463
-4.615950
-4.375609
-4.007283
-2.440799
-3.906806
-5.927141
-3.524856
-2.388229
-4.516788
-3.970306
-4.460161
-6.280824
-6.409408
-4.127826
-2.732210
-3.749667
-3.050147
-4.171615
-1.104056
-2.721806
-8.807735
-2.108452
-1.787041
-4.066918
-2.126006
-8.027405
-2.520145
-3.320256
-3.393581
-2.381567
-3.363241
-2.331988
-4.542720
-4.159978
-3.264492
-2.421669
-6.247594
-5.511724
-0.460952
-2.123404
-2.544224
-3.321820
-2.167314
-3.555757
-2.556000
-2.572810
-3.226166
-2.527554
-4.019478
-4.126599
-5.004602
-3.308106
-2.102144
-2.578725
-4.740021
-2.955101
-4.577818
-2.915726
-2.953750
-4.553839
-1.828440
-3.724096
-3.088515
-3.879879
-2.969056
-3.915992
-2.374743
-5.118414
-2.415580
-2.401543
-4.004877
-2.774702
-1.932316
-2.931288
-3.438993
-3.319078
-3.222696
-3.177292
-3.841208
-3.225563
-2.588840
-3.139546
-3.367878
-3.541157
-2.276226
-3.804610
-4.662953
-5.834933
-1.951516
-3.274781
-3.659992
-2.480139
-6.132602
-3.273957
-2.999357
-2.894654
-3.103131
-2.895254
-3.231470
-3.422369
-5.560283
-1.749973
-3.294521
-2.794412
-4.064380
-1.924206
-4.097147
-4.129668
-2.460043
-4.336781
-4.439895
-2.462240
-3.959330
-3.030580
-1.614534
-2.450781
-2.792927
-8.230570
-4.063810
-2.557149
-1.310689
-6.530554
-3.941970
-8.092064
-3.992489
-2.481749
-4.310653
-1.694288
-4.025273
-3.049776
-4.007733
-4.172144
-1.196089
-2.412814
-3.668217
-3.537376
-2.525753
-4.534597
-3.556324
-1.606856
-2.799933
-2.306807
-1.725149
-5.758319
-3.658543
-3.171909
-3.973361
-6.297871
-4.999443
-3.334718
-2.298654
-1.941992
-5.623662
-3.677645
-3.055842
-3.230126
-2.822472
-2.674035
-2.776961
-4.203923
-2.548311
-2.005153
-3.843208
-4.522182
-1.980621
-3.257863
-4.094028
-6.433499
-4.960244
-3.151568
-7.060513
-2.803362
-3.678883
-1.699036
-3.476809
-8.148479
-4.245796
-2.591753
-4.612642
-7.101171
-3.644835
-3.181522
-3.215647
-8.480911
-8.003740
-3.524454
-5.610371
-6.083201
-6.138203
-2.661045
-7.592003
-4.077619
-3.739321
-1.379764
-3.852253
-3.588417
-2.440841
-2.457593
-2.944207
-2.938856
-2.188731
-4.342620
-3.755361
-3.278151
-3.901738
-2.996397
-3.917430
-3.130610
-3.233130
-3.527437
-3.128772
-3.935441
-5.879867
-3.959341
-4.611026
-2.372340
-6.488348
-4.904527
-3.861035
-0.932045
-3.667952
-2.474016
-5.388943
-3.363056
-5.134737
-3.306803
-2.627182
-2.675800
-3.384438
-3.201500
-2.290182
-3.110340
-2.875192
-2.779839
-5.033589
-1.490079
-2.859588
-2.400639
-3.195872
-8.061086
-4.731464
-3.151377
-2.876986
-3.221691
-4.306859
-1.880416
-3.931259
-3.046393
-2.936005
-7.285827
-3.519488
-2.932221
-3.848985
-3.541996
-8.298167
-2.332993
-3.658325
-3.338862
-6.378130
-3.886461
-2.776820
-4.499915
-3.446392
-1.466416
-2.832915
-3.710037
-2.966684
-3.008825
-4.227536
-3.256992
-3.444270
-4.278395
-3.699679
-8.472363
-5.345018
-3.278101
-3.124074
-3.664343
-3.626091
-4.607213
-2.115976
-2.294301
-3.369374
-5.235302
-3.896192
-4.185150
-2.631152
-3.199267
-4.989359
-7.073729
-2.344039
-2.523234
-2.776654
-4.447994
-3.179692
-3.113824
-3.673853
-8.543679
-2.882167
-5.260530
-2.906320
-7.354918
-3.136350
-3.438349
-2.224791
-2.202338
-6.432627
-2.993427
-2.386619
-3.811468
-2.926449
-3.054506
-4.624468
-4.312485
-3.445034
-4.308029
-3.883805
-8.874337
-3.661361
-2.809883
-3.154111
-2.646425
-7.750265
-3.060244
-8.486469
-2.605943
-3.441490
-6.244069
-2.669121
-4.080120
-4.806456
-2.392449
-2.956009
-2.487219
-3.397168
-2.899390
-5.789255
-3.140269
-3.165803
-1.309276
-5.823508
-5.105095
-2.670769
-2.735946
-3.327895
-3.467045
-5.268153
-4.482178
-5.162024
-4.804650
-2.602403
-4.504469
-3.679731
-3.498003
-2.733170
-4.224975
-2.422275
-5.360388
-4.038040
-4.977782
-2.327386
-3.811147
-2.375498
-4.502438
-3.518805
-2.649220
-8.177065
-3.207329
-5.052991
-5.643537
-1.509450
-7.947678
-3.157321
-5.408206
-3.193156
-2.349510
-3.049423
-4.410069
-3.507985
-3.331258
-2.710334
-2.990155
-2.617229
-4.491364
-3.307363
-2.775312
-2.651706
-3.977602
-4.713324
-2.433161
-3.157911
-1.838170
-4.487407
-2.293663
-4.332073
-2.628553
-3.494752
-3.938643
-8.103209
-2.786992
-2.079423
-2.924773
-2.507052
-2.125069
-2.678677
-4.587133
-2.832013
-2.894030
-1.935862
-3.594072
-3.435983
-3.891659
-8.784144
-2.855115
-8.480078
-4.158915
-2.707717
-3.293396
-1.920900
-2.321004
-4.615758
-2.470151
-2.149523
-3.602485
-2.830679
-3.430220
-3.302731
-2.438600
-4.799754
-3.329409
-2.828684
-2.920014
-5.122790
-7.002820
-8.365305
-1.631404
-2.846265
-2.706842
-4.214940
-2.917060
-3.427296
-1.742288
-3.226298
-2.299204
-3.068477
-5.658737
-2.818665
-6.821896
-8.246226
-3.764151
-8.542676
-3.258710
-1.668892
-2.719326
-3.965261
-3.392731
-4.357144
-3.723406
-3.752153
-2.529932
-2.867948
-8.711390
-3.919619
-8.790706
-3.735294
-2.152584
-2.708636
-3.828314
-3.053943
-3.638734
-8.548512
-3.054724
-3.621276
-8.203607
-3.331724
-2.941636
-7.867813
-3.887369
-3.283389
-4.868610
-4.520928
-1.452875
-1.899870
-2.907040
-4.785182
-3.044781
-2.751449
-3.780125
-2.552140
-4.199633
-3.368288
-4.139351
-3.354703
-3.671620
-6.907413
-2.838787
-3.135480
-2.757030
-3.733545
-3.855374
-4.761027
-7.198366
-5.608382
-2.481128
-4.613533
-3.167535
-5.005610
-2.850341
-1.511251
-3.668311
-2.177503
-2.459156
-7.130617
-1.717989
-2.865448
-4.474064
-2.987931
-2.919549
-3.132274
-3.630979
-2.609500
-3.287074
-2.237212
-3.892614
-3.522210
-3.880519
-3.270935
-3.010762
-2.658849
-2.176888
-2.536892
-6.343686
-4.572603
-1.756580
-4.442175
-1.394938
-3.422187
-3.458997
-2.218755
-3.791679
-3.858433
-3.342721
-2.668310
-3.200514
-8.353354
-3.272954
-3.371691
-3.604261
-8.532046
-7.753644
-4.890251
-2.435956
-2.125395
-3.825496
-3.824618
-3.987084
-3.224504
-5.204990
-3.432572
-3.597738
-3.055925
-7.162504
-2.825323
-3.266942
-3.068913
-2.915640
-2.618293
-4.373674
-5.929481
-3.512702
-0.359168
-2.395419
-3.636922
-2.790476
-2.465019
-2.988453
-2.953367
-5.324583
-2.895682
-3.504159
-1.311533
-1.754723
-2.514203
-3.180502
-3.736546
-2.470289
-3.284587
-4.960443
-2.723699
-8.591747
-3.504903
-6.838213
-2.642108
-2.535311
-3.300788
-3.681189
-4.047429
-4.639596
-5.042419
-5.850317
-4.647625
-8.053415
-2.274013
-3.991341
-4.700987
-3.543248
-3.367297
-5.687950
-3.538116
-4.981005
-2.998580
-2.734365
-4.458995
-3.253314
-2.611940
-3.701350
-2.870143
-2.476064
-3.022440
-3.310194
-3.422015
-8.273781
-3.189411
-7.672755
-3.894550
-4.082472
-3.421201
-5.815259
-8.340572
-4.212389
-3.393773
-7.725172
-4.090277
-3.324114
-8.403100
-4.321027
-4.276227
-2.964408
-4.948353
-2.708554
-3.223695
-3.079547
-3.345547
-2.890861
-2.647045
-5.156269
-4.170713
-4.075663
-5.249010
-5.479484
-3.447219
-5.424894
-2.899309
-1.899513
-2.098991
-2.928765
-8.665940
-4.516072
-3.114768
-4.046474
-2.693301
-4.711356
-3.315289
-3.406281
-4.420441
-1.303691
-2.302235
-3.035186
-4.881138
-3.740757
-3.029468
-3.543604
-1.930737
-2.677026
-8.308864
-5.337190
-3.338028
-1.912580
-2.998789
-4.706726
-6.520633
-2.680055
-2.630176
-3.897462
-2.367377
-4.082685
-2.352088
-4.429056
-2.731458
-3.885965
-2.827500
-3.327860
-4.664584
-3.835394
-3.855423
-3.684760
-3.417727
-2.735795
-2.521981
-4.166625
-5.182470
-3.873708
-8.091761
-7.806765
-2.464292
-2.630051
-4.113572
-4.073263
-2.939391
-3.391316
-7.146869
-6.637991
-4.428938
-3.698853
-2.627707
-2.785476
-2.440964
-3.444737
-3.397929
-4.055155
-4.216794
-6.206539
-3.564955
-5.582669
-2.699205
-8.934162
-3.742065
-2.630907
-4.915661
-3.411680
-5.912538
-3.756519
-4.742380
-4.165607
-3.286606
-2.629101
-3.872774
-2.885091
-3.608702
-3.247928
-3.003210
-3.051819
-3.525328
-4.933472
-1.578258
-2.294455
-2.691332
-4.389927
-6.191243
-1.906094
-3.833888
-2.577586
-7.238386
-4.035203
-5.292364
-2.581507
-3.300973
-7.533955
-5.087192
-2.995423
-4.152076
-5.515687
-3.230948
-2.201443
-2.726532
-3.929379
-3.241117
-8.165322
-8.122181
-2.151176
-3.444758
-3.421871
-2.289605
-1.914254
-2.626207
-2.406917
-4.311824
-7.177621
-2.686828
-2.763632
-3.253451
-3.016572
-1.652784
-1.848895
-4.688318
-3.281433
-3.749845
-3.280906
-3.965981
-3.812725
-2.265600
-4.765893
-2.850573
-3.479027
-5.450332
-2.851538
-3.017935
-8.064298
-2.484318
-4.112972
-2.253665
-3.462604
-3.133354
-1.910418
-3.794470
-3.619737
-4.283389
-1.591306
-4.399064
-7.060464
-4.191118
-4.867231
-3.422684
-6.067296
-4.651699
-7.321736
-2.586281
-3.640027
-3.882452
-4.754303
-3.184069
-2.941023
-3.381319
-4.056407
-4.936333
-7.946948
-3.043676
-6.465404
-3.301355
-3.477956
-3.495861
-2.925765
-2.832524
-1.956394
-2.562347
-6.002801
-3.775515
-3.564420
-4.945468
-2.035785
-3.188251
-3.522399
-8.303768
-4.578435
-3.848674
-3.517233
-2.440792
-3.274262
-3.995104
-2.947868
-4.525670
-2.898645
-2.604701
-4.134573
-4.803163
-5.228431
-3.550550
-8.403026
-3.997327
-2.085669
-2.834927
-2.661540
-5.379569
-6.764021
-3.487860
-3.265250
-3.200577
-4.048776
-3.990052
-3.567213
-2.801890
-2.936893
-2.534127
-7.323825
-2.983533
-3.226701
-4.759002
-4.037386
-3.322996
-3.256734
-2.713517
-3.811919
-4.356547
-4.556992
-4.878451
-4.624618
-2.104675
-2.503601
-4.338076
-3.051039
-3.385284
-4.119999
-8.076730
-2.165975
-5.955639
-2.059960
-8.552227
-4.971454
-4.835767
-7.747992
-2.915265
-3.905421
-4.780900
-8.488181
-3.298383
-5.313234
-6.975779
-6.457118
-5.339726
-7.155005
-4.654788
-4.185251
-4.010509
-4.867899
-3.620353
-4.487344
-3.788196
-2.900075
-5.904257
-3.236422
-5.768129
-2.971566
-7.163507
-3.540419
-2.206941
-3.566820
-2.805553
-2.778929
-5.293047
-3.197162
-5.691013
-5.130355
-2.245746
-2.297017
-2.637383
-2.571224
-4.648533
-1.885078
-2.156028
-3.357654
-5.071345
-3.783115
-3.860837
-4.356331
-2.767143
-3.753921
-2.818653
-4.287147
-3.007511
-7.504199
-4.935619
-6.481485
-3.030098
-3.788242
-4.090043
-4.604008
-2.889244
-3.992574
-5.047154
-6.474364
-5.196595
-6.396255
-8.056980
-4.908091
-3.302492
-2.691918
-4.179038
-4.565028
-3.682458
-3.073113
-4.298592
-4.937446
-4.645968
-5.049571
-2.557327
-3.231587
-3.590722
-4.874854
-3.858434
-5.001553
-2.716109
-8.493899
-2.689402
-2.943252
-7.122693
-8.440373
-1.659321
-3.122981
-3.395051
-3.854585
-5.883682
-3.307141
-3.461725
-6.814928
-4.428749
-3.228358
-3.250559
-8.277998
-5.990887
-3.488983
-3.923505
-3.373039
-2.775690
-4.361810
-2.845805
-5.681196
-2.675267
-2.714144
-3.485881
-4.840853
-1.949087
-3.521592
-2.256600
-4.142915
-8.480680
-3.008827
-3.608603
-4.988455
-3.496427
-6.799684
-3.909029
-3.593356
-3.510970
-2.963818
-3.291216
-3.253859
-3.317930
-3.099416
-2.782451
-2.893596
-3.281350
-4.085370
-2.651103
-8.466911
-3.291658
-4.257296
-2.798509
-3.595409
-8.509810
-3.210256
-3.372900
-3.351788
-7.999403
-2.826840
-2.887590
-5.123808
-3.226264
-2.800982
-6.974988
-6.415105
-3.291968
-2.463652
-3.355968
-1.583423
-2.419841
-4.096339
-4.098855
-5.104259
-3.587133
-3.098839
-3.027003
-7.642394
-5.539212
-7.099568
-1.770460
-3.331117
-3.957548
-4.547200
-4.398365
-2.726173
-8.129987
-3.151469
-2.986783
-2.889879
-2.449717
-1.821261
-2.843977
-3.186977
-1.957971
-7.848446
-2.493690
-6.322628
-3.048627
-3.881410
-3.330994
-4.533047
-6.650961
-4.053497
-1.986287
-3.725555
-2.305269
-5.036230
-3.457274
-3.738054
-3.632268
-2.697115
-3.830200
-4.217150
-2.775887
-2.513087
-2.792150
-3.121364
-4.306537
-3.439693
-2.786283
-5.081847
-5.259574
-3.385525
-3.751357
-4.020024
-3.406278
-3.749527
-4.995438
-3.141074
-3.264476
-4.014692
-2.693645
-3.931450
-1.470892
-5.308682
-6.046175
-2.894520
-2.546864
-3.168456
-4.279537
-4.299495
-3.124479
-2.933416
-8.881777
-3.505228
-2.216014
-4.245135
-6.260820
-3.739640
-3.180561
-4.490211
-3.397012
-3.317508
-3.500711
-2.396915
-4.093095
-3.469070
-3.610876
-3.369130
-4.710469
-5.553087
-3.644247
-3.889647
-3.072213
-5.986083
-3.471372
-4.600739
-5.473446
-6.246608
-6.776982
-2.162446
-5.845054
-5.401898
-3.968420
-8.518485
-5.488111
-3.628945
-4.131597
-7.884449
-2.895734
-5.142340
-3.792419
-5.294600
-4.106582
-8.217424
-2.032446
-1.710103
-3.478503
-1.407001
-2.781478
-4.843432
-8.263453
-2.851249
-3.058888
-2.882955
-1.578727
-3.155227
-6.183557
-8.426779
-4.893800
-2.578283
-6.006139
-4.315140
-3.725071
-4.780836
-2.904681
-4.245629
-3.655378
-8.877085
-2.178093
-2.754999
-2.993232
-3.899713
-2.782560
-4.623514
-5.531579
-2.774328
-3.801732
-2.381444
-2.101969
-1.258950
-3.908751
-4.325752
-4.190040
-3.550405
-3.946658
-6.356755
-3.776741
-2.479359
-3.488408
-7.890817
-4.424153
-3.469132
-3.635612
-3.810613
-3.075159
-2.885775
-2.752249
-3.575139
-3.403994
-5.621350
-2.051034
-7.530181
-2.561022
-6.639528
-3.690246
-4.674811
-2.547539
-7.447824
-2.584757
-2.959619
-2.784439
-2.644516
-5.382761
-1.090271
-3.464467
-2.001519
-2.690203
-8.641099
-2.262058
-4.681909
-3.058990
-2.630222
-3.665223
-3.356332
-7.971940
-3.915787
-5.637005
-2.199949
-3.842748
-4.971046
-3.374986
-2.833281
-2.895347
-4.557402
-3.440698
-8.222667
-2.228907
-3.589499
-3.778995
-2.501042
-3.521728
-4.003736
-8.085069
-5.657697
-3.228439
-3.862200
-3.554959
-3.031847
-5.423531
-3.542284
-4.495708
-4.172604
-3.520435
-4.036844
-3.516310
-1.995372
-3.213892
-5.215560
-3.344607
-5.037925
-3.735254
-3.945828
-3.771859
-3.543683
-3.934179
-5.194752
-3.263413
-7.557631
-5.068234
-3.020498
-3.128915
-3.279429
-5.465578
-3.502635
-3.961310
-3.120251
-3.540334
-3.577664
-6.111793
-4.683143
-3.149192
-3.721101
-3.792730
-4.602370
-4.231195
-7.336759
-2.103614
-8.162231
-6.880847
-3.927120
-5.191146
-2.854836
-2.593661
-4.730574
-5.930123
-5.841906
-2.242650
-6.238918
-3.327050
-2.952173
-3.192510
-4.541671
-2.933611
-5.328040
-5.014153
-2.985963
-5.489864
-2.980363
-2.904320
-3.484690
-4.378240
-3.337245
-6.921923
-4.112028
-3.683474
-5.819632
-4.027118
-4.447869
-8.316909
-2.435300
-1.949101
-8.128610
-3.679422
-3.300916
-2.957355
-7.290054
-8.250949
-2.847776
-6.069344
-2.490749
-6.406081
-3.763126
-2.074884
-2.803033
-2.981273
-3.475049
-4.170396
-3.421892
-2.357445
-3.965685
-4.009266
-2.885308
-3.027784
-7.946701
-4.377350
-2.706871
-3.176333
-3.137518
-2.948654
-4.159132
-2.261579
-3.438442
-2.307339
-6.883696
-5.293175
-2.971225
-0.937086
-2.381405
-3.442027
-3.833185
-1.791300
-3.254537
-4.859066
-4.584548
-5.332233
-4.470983
-3.385287
-2.042843
-3.623354
-4.299072
-4.157300
-4.493500
-3.123425
-3.490112
-2.346954
-3.468138
-2.845630
-2.688601
-3.364128
-3.474196
-3.318285
-6.951394
-4.145291
-7.947776
-1.825782
-3.430526
-3.784782
-3.066332
-4.881153
-5.430492
-3.432529
-4.824590
-3.373680
-3.323027
-4.264279
-7.040644
-4.783416
-8.214920
-1.993956
-3.860564
-6.070501
-4.258120
-8.111657
-2.862121
-2.534166
-3.366529
-3.597246
-2.635306
-4.336139
-3.486302
-3.193391
-5.282819
-7.992302
-3.339832
-3.107199
-4.189048
-3.738677
-4.311001
-2.335017
-2.786946
-8.041608
-3.279836
-2.575127
-3.510261
-4.466659
-5.217295
-3.517767
-8.606997
-5.487815
-2.281280
-4.579932
-8.239331
-2.992652
-2.650101
-5.201028
-2.458000
-3.712014
-2.704974
-3.660338
-4.967108
-4.397735
-4.197338
-3.023863
-4.150870
-3.268672
-8.705025
-4.497239
-4.084960
-4.579374
-3.768457
-4.791873
-2.326870
-5.605726
-8.081579
-3.049122
-3.566189
-3.561125
-5.371180
-3.422498
-4.358744
-8.582795
-5.012809
-7.921224
-4.666451
-3.139186
-5.842469
-2.562470
-3.630395
-4.111842
-3.731485
-2.578625
-2.911981
-5.061397
-1.938001
-3.597454
-3.273970
-8.052909
-8.353564
-3.305372
-3.171860
-1.393152
-1.746916
-7.496781
-2.646758
-3.766477
-3.690986
-2.005638
-2.921349
-3.089699
-2.306733
-4.343072
-4.233564
-3.747778
-2.835153
-2.603770
-6.399253
-3.947551
-3.286074
-6.036018
-5.422528
-4.754193
-6.487425
-8.161288
-3.223886
-3.905228
-4.159831
-2.648595
-5.484859
-2.208469
-7.735171
-2.763154
-8.337166
-2.541074
-3.169205
-3.527997
-2.386516
-4.657207
-3.443413
-2.508740
-3.985885
-8.510450
-3.724092
-3.217375
-6.914513
-3.116070
-3.648430
-4.050166
-6.010054
-5.316145
-3.079411
-6.255791
-3.353072
-8.237514
-2.476024
-1.955039
-3.376698
-5.022393
-3.727655
-5.681539
-2.727787
-4.347514
-4.374038
-3.295812
-3.259202
-5.730800
-7.741175
-5.862085
-0.917275
-4.700396
-2.577891
-2.608481
-3.412865
-4.821724
-3.018527
-4.659692
-3.682802
-8.410927
-2.580935
-4.644196
-8.058408
-3.642270
-4.677530
-4.439737
-7.420783
-4.186890
-8.013914
-2.712507
-4.888218
-3.293001
-2.934886
-2.338554
-2.588177
-8.453660
-2.606302
-6.315514
-3.254662
-4.062557
-2.994186
-7.782190
-2.621130
-3.589038
-5.106860
-3.764288
-3.378234
-2.417086
-3.164687
-3.989285
-4.374120
-8.436655
-3.647512
-2.469435
-2.351588
-4.240455
-3.549162
-3.187594
-3.500078
-4.468772
-3.655246
-8.498966
-2.946636
-3.907340
-4.828797
-4.280239
-2.872503
-2.938270
-4.266691
-2.766711
-2.690346
-4.451077
-2.838679
-2.798375
-3.814653
-2.768704
-2.232051
-3.628520
-8.133268
-2.668113
-2.632387
-2.740498
-3.543435
-3.376447
-3.685493
-3.818511
-2.041562
-5.541142
-3.655237
-2.452801
-5.886794
-3.816135
-2.824236
-3.138150
-7.346232
-8.524597
-8.576052
-3.039802
-3.135635
-3.513496
-2.973898
-4.766400
-2.506120
-8.555400
-2.800628
-8.349414
-8.538802
-3.168024
-3.095387
-1.944442
-4.576404
-3.934339
-4.019868
-4.240539
-1.797928
-3.502024
-3.675313
-3.714278
-4.187094
-2.691255
-2.283412
-5.170046
-5.803809
-4.354691
-3.749998
-3.137988
-4.068147
-2.937247
-1.153769
-3.638111
-4.800778
-4.009215
-2.530382
-7.298429
-2.946121
-3.841240
-2.999308
-4.684755
-8.250265
-4.214900
-4.787537
-4.936606
-8.338307
-3.977050
-4.239798
-4.483761
-7.917010
-4.777064
-6.527420
-4.312437
-3.701744
-3.518105
-5.163881
-3.128231
-4.661365
-1.472523
-5.222815
-4.480966
-8.343921
-3.350094
-8.210279
-3.345591
-5.769319
-5.258565
-4.330565
-1.820210
-3.850949
-3.175130
-2.069094
-4.472006
-4.045889
-2.860953
-2.902776
-5.917379
-4.066739
-4.107942
-2.964088
-3.887208
-3.578495
-2.783620
-8.169839
-1.913566
-1.763148
-3.518920
-2.761735
-3.150438
-3.595414
-2.122032
-4.328226
-2.654341
-4.475004
-3.613219
-2.543962
-4.417497
-3.202045
-3.053108
-4.294978
-4.555647
-5.391416
-3.785212
-3.922564
-8.276702
-5.405878
-3.795135
-5.108427
-4.230573
-5.459836
-4.370924
-3.117363
-1.908511
-3.390432
-2.918746
-2.457279
-2.833328
-3.776108
-4.197989
-4.852089
-3.759487
-3.973669
-4.377089
-4.125222
-3.947953
-2.365323
-2.518470
-3.185126
-4.278197
-6.375240
-4.287657
-3.030117
-7.849072
-3.652008
-4.110347
-3.289608
-3.720459
-2.997055
-3.882700
-5.587612
-2.816935
-3.176584
-4.117117
-3.426106
-4.434754
-6.324182
-3.141128
-3.853187
-4.198548
-4.735377
-4.338698
-5.118039
-1.672416
-4.610865
-4.553545
-3.976661
-3.685189
-3.691911
-3.764304
-2.644268
-3.235167
-2.253888
-2.794215
-4.290463
-5.184290
-3.440112
-3.604413
-3.029085
-8.241001
-4.567536
-6.160875
-4.245102
-4.236032
-3.052430
-5.704818
-8.424724
-5.285154
-4.761045
-3.261707
-2.583997
-3.317109
-4.578538
-4.012775
-3.237639
-3.810767
-3.892539
-8.353133
-3.835397
-5.680283
-2.579200
-5.052931
-2.645559
-2.693970
-3.657231
-7.093252
-3.333610
-2.719721
-4.862476
-5.606931
-4.174375
-4.698707
-3.645974
-3.535008
-3.572793
-5.383689
-6.427077
-2.793877
-4.521067
-5.676220
-2.059684
-4.447988
-3.052408
-3.238073
-5.745642
-4.812763
-3.863477
-2.314826
-8.444262
-6.080297
-3.893110
-8.515248
-2.567266
-3.238157
-2.879727
-3.323859
-4.474910
-4.571602
-2.642296
-4.845166
-2.545576
-2.927375
-3.483961
-2.811306
-4.030082
-4.334303
-3.291799
-3.714471
-2.749010
-6.988525
-2.330027
-6.850834
-3.417810
-3.707067
-5.418781
-5.014472
-5.891581
-8.210563
-2.921832
-2.686364
-5.150992
-2.611422
-3.444899
-3.551155
-3.798624
-0.460527
-2.662763
-5.766260
-4.707240
-2.629170
-8.435740
-2.378269
-3.856360
-1.787995
-5.339149
-3.353520
-3.172298
-4.709215
-2.862510
-4.395008
-2.940915
-8.069122
-3.035045
-5.838468
-4.530014
-4.641613
-3.297210
-3.453108
-5.156590
-2.433669
-2.498208
-3.902297
-3.505225
-2.909709
-3.480097
-4.563474
-4.185266
-3.351525
-3.920428
-4.485823
-2.735711
-3.105837
-4.332207
-3.115176
-3.236338
-2.797851
-4.411582
-8.397472
-3.593409
-7.928641
-3.478159
-4.547190
-2.859788
-4.143848
-3.021552
-6.531884
-8.403225
-6.130550
-2.667831
-3.040585
-5.142744
-4.179707
-4.942836
-3.799236
-4.756762
-5.525339
-3.456771
-3.612915
-3.528542
-3.763832
-6.215046
-3.957431
-4.682779
-3.874128
-8.373954
-2.419045
-3.258508
-3.121506
-3.549031
-4.951037
-4.497066
-4.135488
-4.056036
-5.670028
-4.097331
-2.845592
-6.275739
-3.656319
-3.503331
-4.451978
-3.001382
-8.163150
-9.146063
-3.468983
-2.976399
-3.365421
-5.853525
-3.256751
-8.081881
-3.474655
-6.348888
-5.260544
-2.908792
-4.728034
-7.768221
-6.718496
-3.871996
-5.327220
-2.054655
-4.193338
-5.221510
-2.726940
-3.189672
-3.297598
-3.357919
-5.239408
-7.362907
-2.881167
-2.569731
-3.155811
-4.745613
-2.616499
-5.296449
-4.970243
-2.233776
-6.814779
-4.809841
-6.386388
-3.777007
-4.010463
-7.780958
-3.250368
-3.435462
-2.728171
-3.728927
-4.648791
-2.325849
-3.016464
-3.722859
-3.311837
-3.328916
-5.222268
-5.692782
-3.729219
-5.759055
-2.978219
-3.000935
-5.658857
-5.632958
-3.102603
-2.963039
-4.451480
-2.652334
-7.431869
-3.092176
-5.813304
-3.021238
-3.823520
-8.568378
-6.263655
-4.487566
-3.860947
-7.007523
-2.760786
-3.615461
-2.723539
-8.267140
-2.232764
-2.689457
-3.465310
-2.551675
-5.395062
-3.445290
-3.385402
-1.359271
-5.547328
-5.333105
-2.384668
-6.969419
-8.816991
-2.870853
-6.181499
-3.430061
-2.599260
-5.802577
-2.502879
-4.022046
-2.617183
-5.744486
-4.040623
-6.008600
-3.297896
-6.173995
-3.623930
-6.015667
-4.107580
-4.111980
-3.732149
-4.113883
-3.818778
-2.063841
-6.467219
-3.311802
-5.207999
-4.563127
-2.513924
-4.235664
-5.647264
-4.260890
-8.035151
-3.172896
-3.749478
-2.440147
-7.268474
-3.933778
-3.631982
-4.023082
-3.775490
-3.827262
-3.406897
-4.796311
-6.433651
-3.676687
-3.545363
-4.361820
-3.447224
-2.186846
-3.804753
-3.465914
-5.163518
-2.542442
-3.607468
-3.789214
-3.640197
-3.308025
-5.847162
-5.161035
-4.989135
-2.866819
-3.108261
-3.718987
-3.813190
-4.786434
-4.398974
-4.149490
-4.364599
-4.135249
-2.843223
-4.356287
-1.713826
-4.408284
-3.279305
-4.417101
-4.482811
-4.288283
-2.629464
-3.431034
-4.240857
-3.152568
-2.954408
-2.797704
-4.136648
-6.079772
-4.571947
-3.271902
-7.712265
-6.611576
-3.386063
-3.062925
-5.143512
-5.304111
-2.503664
-4.532987
-5.412178
-6.435209
-5.393841
-2.500682
-3.198893
-6.621929
-3.713957
-8.083175
-3.947530
-3.663204
-3.169472
-3.593424
-4.309226
-4.193945
-5.703833
-3.315311
-3.135708
-3.546819
-4.065583
-5.171079
-4.487441
-4.271849
-3.986690
-2.761941
-5.292058
-2.539702
-3.709636
-1.844392
-3.793830
-4.520103
-8.738252
-3.046642
-4.385937
-3.993179
-8.568950
-4.774424
-2.404346
-8.375688
-7.342307
-2.812276
-2.124924
-2.298793
-2.857420
-2.029542
-3.934471
-7.867783
-3.320904
-2.038273
-3.558786
-3.016023
-2.343496
-4.565834
-3.253059
-3.741596
-3.642777
-4.046598
-8.042665
-8.144173
-5.386352
-6.217950
-2.063946
-3.335497
-5.871478
-2.950221
-8.353089
-3.449682
-3.598329
-4.053637
-3.317996
-3.590431
-4.196589
-3.865868
-4.618411
-4.165743
-3.694042
-3.240947
-1.534203
-4.269909
-6.279191
-3.811242
-7.664888
-8.410293
-3.337959
-4.828402
-8.430445
-3.931124
-2.271281
-3.296073
-3.304000
-3.163403
-8.650765
-4.546280
-2.213702
-4.017463
-2.883998
-7.975954
-4.214639
-2.725716
-3.191574
-2.737161
-7.860180
-5.210029
-4.200511
-1.637160
-2.859556
-1.586781
-4.061250
-3.510218
-3.516479
-7.815822
-6.357295
-6.239830
-4.977901
-4.744665
-5.351680
-3.995560
-2.668846
-8.416772
-8.166504
-6.734224
-2.477220
-4.213075
-4.174495
-5.257504
-3.504891
-3.286479
-4.078139
-3.380768
-4.338324
-3.228986
-4.232080
-2.304137
-3.921546
-5.136552
-4.045893
-2.585219
-8.638333
-5.278872
-4.630321
-4.172910
-2.325973
-3.010372
-4.675872
-7.609069
-5.687283
-4.254122
-3.489708
-3.196044
-5.487998
-5.482393
-4.406255
-4.415820
-2.758534
-5.160394
-8.735281
-3.204137
-3.260696
-3.561342
-5.244104
-4.006733
-3.890521
-8.428276
-3.049542
-3.516530
-2.888578
-2.586508
-5.045670
-5.699593
-4.954797
-3.632142
-8.173718
-2.882252
-3.847459
-3.991294
-2.878530
-3.472103
-2.813110
-5.365466
-4.292291
-3.421877
-1.923579
-2.126546
-2.620481
-7.157838
-3.150054
-6.902207
-5.500562
-2.826900
-4.025026
-2.103832
-2.837642
-4.733685
-4.752166
-5.507349
-3.722318
-5.159041
-8.405416
-6.032795
-4.658181
-2.663169
-3.460263
-3.198141
-4.151113
-8.020734
-4.976432
-7.505737
-3.136786
-8.560061
-3.539977
-7.293087
-4.282127
-5.839639
-7.164246
-2.659801
-2.851638
-6.293138
-3.782947
-4.095205
-2.415896
-8.454013
-4.770382
-4.918246
-4.643017
-2.952043
-3.024539
-4.017900
-3.198753
-7.753128
-8.374567
-5.260037
-3.696496
-3.583464
-2.473277
-4.062077
-4.042358
-5.917128
-3.878633
-4.162236
-4.756278
-5.694721
-2.287851
-2.828892
-2.835743
-3.425848
-3.466362
-6.773616
-4.408332
-4.908802
-2.585546
-4.178627
-2.674921
-4.169858
-3.594877
-3.967894
-5.022480
-1.934570
-7.333762
-3.171282
-6.452263
-3.826637
-5.688662
-2.769123
-2.288534
-5.161448
-2.827372
-7.472143
-3.580010
-2.836726
-3.329224
-3.811339
-4.083791
-2.841697
-1.219090
-5.150628
-3.590512
-3.843963
-3.443538
-4.621076
-3.055215
-2.422228
-3.638142
-5.859121
-4.644197
-3.448212
-3.147331
-4.443815
-4.726218
-3.676819
-2.919424
-3.866576
-4.501424
-2.806174
-1.762250
-2.373901
-6.104224
-8.817638
-5.523097
-5.221606
-3.348825
-3.294576
-2.770715
-3.112656
-2.904371
-2.822669
-4.633606
-2.015641
-4.772896
-3.190560
-2.749585
-1.515749
-5.337615
-5.118256
-5.965190
-3.307167
-3.053881
-2.844283
-2.400158
-2.507843
-3.529716
-3.133765
-4.017795
-6.565946
-3.025303
-4.595811
-3.476329
-3.439984
-3.129903
-5.593623
-3.971135
-3.039968
-2.482181
-3.471081
-2.930352
-8.166380
-4.601211
-4.283840
-5.372891
-3.262895
-3.440626
-5.693037
-3.499455
-3.716358
-4.503441
-3.842177
-2.585527
-7.102329
-3.049595
-3.628086
-3.209323
-2.184990
-3.838963
-4.417685
-4.000110
-7.696049
-3.277229
-3.304622
-5.058307
-5.166742
-2.492373
-3.342879
-3.410643
-3.044724
-2.267701
-4.355149
-5.962427
-6.309261
-3.363366
-4.452073
-4.825416
-3.760771
-4.729001
-3.816768
-4.222321
-2.667794
-3.283145
-3.219478
-3.804651
-4.841787
-4.472411
-1.523323
-4.595627
-2.735689
-3.449903
-2.402724
-2.568413
-4.661906
-6.121040
-5.401315
-2.512308
-4.609670
-5.482989
-3.539100
-3.790932
-4.640760
-3.286294
-6.742863
-2.525677
-2.952912
-4.593005
-5.990887
-2.616566
-2.540437
-3.363381
-6.196056
-4.655871
-3.136296
-3.085163
-4.169104
-2.907832
-4.550164
-3.564580
-5.899283
-2.371258
-6.986708
-2.946750
-2.887562
-4.658451
-2.600538
-3.108661
-3.802657
-1.994928
-4.162956
-2.314250
-2.961185
-2.700647
-4.419261
-4.805494
-4.186432
-3.587953
-3.541094
-3.845229
-2.294358
-4.384842
-4.141647
-3.582077
-3.437891
-4.589379
-3.889032
-3.072781
-4.202167
-2.637428
-4.486068
-3.703381
-3.248949
-4.721891
-3.142637
-4.053670
-5.018715
-4.557919
-3.786200
-3.641575
-4.513412
-3.369729
-4.080523
-3.208415
-3.788142
-3.927102
-8.105777
-3.529850
-4.534226
-3.454696
-3.876379
-3.244626
-3.651855
-3.486046
-3.964311
-2.946168
-3.158518
-4.992186
-3.385867
-2.280534
-5.276062
-3.341260
-4.580640
-4.162319
-3.023276
-4.662238
-5.338511
-2.667040
-2.698246
-4.582581
-7.889038
-3.518827
-4.453216
-5.191597
-3.954258
-7.808767
-3.633575
-4.287979
-3.575253
-2.794114
-2.846417
-2.718415
-3.428127
-5.814774
-4.557167
-3.841411
-3.450018
-6.983162
-3.082628
-4.195758
-4.362258
-3.898796
-2.719207
-3.300683
-5.014317
-3.704840
-4.409162
-4.170099
-2.520284
-4.813860
-4.947804
-3.618935
-5.318130
-4.126789
-4.137265
-5.046076
-2.247095
-2.170720
