8
1 500 1000 200 42 777 13 99
-8.933239
-1.112761
-2.257495
-8.651385
-8.672409
-12.932041
-11.777051
1.845406
-10.487163
-7.991270
-10.108328
-13.726117
3.501163
-1.795910
1.249099
-10.330259
-4.754571
-6.368116
-8.684387
-7.997189
-15.380763
-6.194808
-8.161716
-8.148419
-11.255003
-10.747854
-2.934605
-7.720757
-12.052695
-12.661952
-9.686703
-4.131777
-8.672409
-10.537125
-6.344503
-4.669137
-7.095660
-8.294283
-5.507051
-6.118993
-7.309503
-2.880170
-6.182335
-5.471214
-5.285550
-3.170067
-5.059573
-7.356950
-3.463450
-8.798821
-4.505293
-8.006818
-5.853175
-5.587825
-8.463947
-3.562036
-9.793791
-3.474505
-2.077327
-14.817806
-11.808185
-11.850199
-14.009181
-8.710807
-7.546573
-1.871409
-7.258949
-8.445163
-5.171396
-4.543745
-5.250919
0.321382
-1.062674
-0.234748
-6.803163
-5.231758
0.861321
-3.697592
-5.782498
-1.494014
-3.573492
-10.292376
-5.315578
1.197489
-3.063292
-2.311912
-4.441354
-5.028603
-5.616582
-1.627363
-5.557190
-11.238810
-8.706078
-11.238810
-8.672409
-13.212326
-10.288575
-8.672409
-13.084739
-9.686703
-13.012193
-11.200800
-8.672409
-8.672409
-12.931020
-11.238810
-9.530818
-9.298040
-7.546573
-11.930355
-12.524646
-10.163615
-9.886124
-8.672409
-10.163615
-10.186083
-12.932041
-13.508248
-10.452108
-8.439674
-12.313604
-9.217830
-13.393966
-8.172753
-9.745176
-10.186083
-10.163615
-9.347131
-12.577536
-8.781529
-10.163615
-12.932041
-9.217830
-9.112310
-10.064657
-8.672409
-8.672409
-13.997549
-8.651385
-11.238810
-9.217830
-11.931559
-12.273047
-10.163615
-8.672409
-11.238810
-12.052695
-10.186083
-8.672409
-9.686703
-11.238810
-11.238810
-9.217830
-8.672409
-15.192962
-9.686703
-13.356120
-9.686703
-15.192962
-9.509708
-8.651385
-9.686703
-15.192962
-8.672409
-10.186083
-13.356120
-9.686703
-10.288575
-8.672409
-8.651385
-15.192962
-8.672409
-10.026652
-8.672409
-8.651385
-8.672409
-8.672409
-9.217830
-10.288575
-10.288575
-10.163615
-11.238810
-11.238810
-12.932041
-10.163615
-10.163615
-8.672409
-11.930355
-14.381393
-10.163615
-9.217830
-14.026272
-12.932041
-8.672409
-12.052695
-8.672409
-12.052695
-8.672409
-10.163615
-8.213526
-8.672409
-10.288575
-8.672409
-11.238810
-12.052695
-8.672409
-12.052695
-9.686703
-11.238810
-11.238810
-10.186083
-8.672409
-10.163615
-8.672409
-10.186083
-9.686703
-10.288575
-10.163615
-8.672409
-13.012193
-9.686703
2.883917
-8.672409
-10.057045
-11.017712
-9.217830
-10.313414
-8.672409
-11.930355
-10.363891
-13.012193
-8.672409
-8.672409
-8.651385
-10.799560
-8.672409
-8.672409
-10.163615
-12.598316
-8.672409
-11.238810
-12.052695
-8.728833
-8.672409
-11.630960
-11.561991
-12.052695
-11.489788
-11.560382
-8.672409
-11.238810
-11.238810
-12.511329
-8.696383
-11.238810
-6.964197
-9.651658
-3.029353
-3.705786
-3.840881
-4.367040
-5.778769
-1.168333
-3.974354
-2.287791
-0.467199
-7.052811
0.083590
-4.586060
-3.900225
-2.412897
-3.027323
-3.772187
-3.047541
-3.696375
1.323667
-1.373406
-1.539615
-0.356612
-4.968021
-4.805217
-3.679277
-1.159150
-4.539848
-0.707293
2.571390
-8.436896
-5.696063
-8.788146
-5.400608
-3.216764
-1.085435
-5.213843
-7.494945
-9.821275
-7.157848
-8.284760
-0.780269
-1.385023
-5.381383
-1.614946
-0.959583
2.446007
-4.995268
-2.436878
-3.867063
-2.774004
-1.946951
-3.588683
-1.982347
-7.857494
-3.316694
-0.179505
-6.089985
-7.176925
-2.239168
-1.551019
-6.669928
-5.602829
-4.083940
-1.488415
-4.520403
-2.257476
-1.740915
-7.991351
-4.152566
-6.147344
-5.216570
-2.678604
-6.875216
-10.875113
-8.191984
-8.330947
-3.814397
-6.054872
-5.063560
-2.540206
-4.241775
-7.529228
-5.489311
-5.470739
-3.139990
-10.478703
-7.657035
-7.747263
-2.928960
-7.969779
-0.882028
-3.403677
-3.393723
-7.925591
-4.800243
-3.969011
-3.979788
-7.432756
-9.135211
-9.040787
-2.340791
-9.425640
-9.686703
-8.672409
-9.217830
-10.291581
-8.672409
-5.343751
0.065426
-8.245597
-12.446181
-4.902329
-7.073615
-2.741812
-2.935223
-5.632996
-5.347177
-6.393291
-4.019599
-2.955456
-3.475916
-8.227310
-8.672409
-5.904662
-5.540180
-7.845066
-4.064610
-4.000544
-2.544664
3.112308
-7.148182
-4.613154
-2.389414
-3.559119
-4.253012
-3.642956
-4.817575
-7.219018
-3.715597
-2.739412
-1.024310
-3.991414
-3.765095
-4.613373
-2.350775
-6.966260
-1.248306
-2.966845
-3.028466
-6.518825
-5.502617
-4.944366
-3.817943
-3.979642
-4.332104
-0.991732
-6.948897
-7.386183
-6.516921
-3.752895
-5.377434
-1.128372
-1.766711
-3.800009
-3.700099
-3.446990
-3.758855
-6.374341
-3.391049
-4.156925
-4.391742
-2.733717
-6.944253
-7.579457
-6.660867
-6.569402
0.943735
-5.340173
-5.988806
-7.974851
-1.132922
-9.903240
-8.285817
-2.433702
-8.545573
-5.066366
-2.699925
-8.180511
-9.111453
-5.876939
0.561079
-6.688433
-4.621213
-6.407337
-14.349419
-3.070020
-4.251676
-2.805299
-3.865190
-3.410244
-3.313408
-4.618274
-6.654361
-1.831445
-3.795709
-8.910156
-6.487230
-2.580111
-3.533088
-2.397922
-5.890672
-2.065460
-3.216504
-1.338179
-4.783876
-2.944191
-10.243961
2.930465
-0.745449
-5.510545
-4.225079
-4.387602
-1.655529
-5.272781
-7.375825
-6.107538
-8.531441
-7.491964
-0.495944
-4.311194
-3.640764
-4.519335
-15.450105
-5.914799
-3.394522
-5.125092
-0.946959
-4.960644
-3.203472
0.331621
-5.972967
-12.458501
-3.764030
-5.799528
-1.569545
0.563734
-7.804923
-5.121989
-5.478378
-8.883177
-4.610788
-4.759122
-2.061470
-6.594568
-10.745320
-6.678604
-0.611328
-5.476025
2.290504
-9.753545
-9.460671
-4.474826
-4.900585
-2.480721
-5.659530
-9.816543
-6.278656
-6.573037
-6.508111
-9.749296
-7.409672
-13.457611
-5.103034
-2.035362
-3.471157
-1.266663
-5.590596
-5.852196
-6.438586
-5.207077
-7.809639
-2.478663
-3.079454
-0.319554
-7.722692
-1.585143
-8.672409
-11.649591
-2.226315
-11.807577
-4.010419
-4.415982
-7.586826
-7.234179
-2.266579
-8.157394
-7.138932
-3.435525
-8.717769
-5.913337
-1.044605
-6.286833
-6.446456
-1.036087
-3.769485
-11.180348
-3.037829
-5.526133
-5.032008
-3.131239
-10.655393
-5.776574
-4.543349
-6.979366
-9.322224
-3.536402
0.109230
-2.560422
-6.371184
-7.573022
-3.314165
-3.105314
-10.921911
-3.723121
-9.527178
-9.686703
-6.706124
-0.506327
-8.157262
-6.206236
-5.444481
-2.971992
-4.947034
-6.847805
-6.358082
-7.871510
-3.334849
-3.316961
-3.640274
0.415098
-3.819850
-3.756454
-5.179427
-11.668232
-8.911755
-9.699796
-3.004865
-10.136915
-6.483980
-6.778775
-7.809198
-8.445410
-9.298744
-2.414255
-6.983587
-3.828924
-4.303235
-4.960052
-8.873660
-2.462844
-4.697581
-1.525828
-8.058392
-10.530831
-5.627908
-2.777353
-9.384159
2.298573
-7.721959
-6.136985
-7.504888
-2.800806
-1.590776
-4.181755
-3.924960
-0.635743
-3.564693
-5.848281
-5.849051
-7.790172
-5.656917
-8.766800
-1.876425
-6.753930
0.799449
-2.968468
0.578228
-6.722043
-6.123118
-6.862067
-7.372771
-6.689802
-2.065540
-10.969413
-5.430944
-6.306403
-3.084061
-8.006177
-5.774536
-2.806687
-2.207156
-6.194284
-8.981283
-2.677843
-2.670206
-8.303484
-7.188873
-5.122333
-7.091530
-7.054298
-2.511961
-7.565851
-6.957622
-6.505163
-9.459608
-9.641019
-7.780356
-6.594840
-10.326065
-13.836260
-10.580916
-11.040744
-2.986616
-2.961826
-4.042610
-2.188665
-7.633971
-7.460010
-9.085816
-4.466589
-8.712698
2.105979
-4.099070
-8.144695
-6.592645
-8.436662
-7.949228
-6.358140
-5.959064
-5.697403
-3.713309
-11.528189
-8.672409
-7.201522
-7.061896
-6.504632
-5.402029
-4.779415
-4.171337
-5.176636
-2.764510
-6.085180
-5.984846
-6.751565
-6.662279
-6.258657
-5.305665
-3.747663
-12.036005
-5.768056
-4.516873
-7.532533
-6.210644
-6.847743
-5.162312
-7.893666
-15.192962
-10.375073
-7.596712
-5.184948
-8.451569
-4.236825
-10.080994
-5.004117
-0.468066
-8.121064
-3.853189
-5.249266
-4.033772
-2.684934
-4.745912
-5.464839
-7.557176
-10.963903
-7.961726
-5.767383
-7.276347
0.957474
-5.758672
-2.671763
-11.097360
-8.109907
-10.912418
-6.369739
-4.969907
-6.821253
-6.455650
-6.845368
-6.344426
-8.478983
-4.417144
-4.725468
-11.002180
-3.752957
-4.597817
-8.897422
-4.990101
-7.731071
-1.604075
-3.998651
-7.263631
-3.529673
-1.390992
-4.028627
-3.622153
-7.824414
-6.657343
-4.790666
-1.132236
-11.149814
-9.996711
-2.364180
1.203052
-3.418732
-5.653277
-9.163154
-2.789754
2.114540
-3.467052
-9.614255
-6.439917
-4.861175
-3.611413
-4.689133
-4.290191
-7.178782
-4.817071
-11.585056
-6.021883
-8.444902
-4.575292
-5.806658
-8.185589
-6.707626
-10.057526
-6.164268
-5.794090
-6.217609
-4.375737
-5.263826
-12.843386
-10.970541
-2.568138
-3.187916
-8.321377
-1.921195
-7.533005
-1.950009
-7.427207
-3.811396
-5.236503
-4.126901
-5.830109
-3.782995
-3.841024
-6.036961
-11.277262
-6.709863
-5.584363
-4.133230
-4.795373
-0.316067
-9.003606
-4.567597
-6.086565
-4.540330
-10.780196
-8.055406
-5.453819
-3.573668
-9.359621
-10.381313
-9.195971
-4.381523
-8.026828
-6.219362
-4.631516
1.612322
-3.686572
-6.372994
-8.693684
-6.865289
-7.527199
-6.006518
-4.977856
-3.209253
-7.188966
-8.139745
-7.711473
-4.527799
-7.091616
-5.629648
-3.161267
-4.402462
-3.628677
-6.705276
-1.169953
-1.967885
-3.835222
-9.464826
-4.148631
-8.031542
-5.874031
-9.154716
-11.868821
-3.612922
-4.635537
-3.397025
-7.110116
-4.654963
-5.775684
-6.049880
-8.894330
-8.235981
-1.284862
-7.811649
-7.045943
-9.530818
-6.608238
-10.001675
-12.644172
0.519039
-6.710542
-4.897042
-7.629690
-8.406385
-4.937572
-0.133770
-7.020918
0.115496
-9.272367
-5.743771
-7.992560
0.709731
-6.396848
-7.230901
-8.629049
-7.601954
-9.945704
-4.406321
-3.287227
-4.982188
-0.847648
-6.667034
-14.159122
3.368249
-5.526573
-6.932281
-5.979833
-10.153569
-6.068159
-0.353068
-4.227108
-1.746534
-8.142993
-8.672409
-5.271127
-6.832879
-4.765661
-7.205405
-10.773496
-3.084371
-9.172070
-7.568948
-8.672409
-3.806589
-6.981601
-4.506746
-0.972458
-3.311660
-9.136909
-12.748525
-10.567778
-7.318549
-7.349625
-4.626556
-5.881195
-6.253273
-1.537531
-4.346952
-4.750504
-3.663763
-4.698282
-2.985682
-4.365461
-9.983227
-9.115874
-3.616961
-6.159820
-3.791484
-1.765531
-5.784489
-6.281074
-3.120739
-1.599413
-3.363608
-6.097344
-0.747065
-9.341848
-6.002114
-4.649206
-1.565611
-2.957963
-11.893962
-11.262231
-11.225744
-8.036107
-10.964892
-5.742870
-4.895063
-6.406493
-8.430953
-4.413765
-6.265040
-9.138129
-7.602914
-6.308817
-12.140810
-2.541048
-5.764685
-5.334444
-8.321471
-2.938060
-6.434781
-4.006565
-2.245746
-10.252147
-7.082433
-9.467928
-9.893264
-4.975821
-8.441962
-1.247984
-6.344236
-2.560587
-4.766522
-6.449830
-0.727329
-9.951470
-4.929958
-5.447673
-5.331800
-0.002787
-9.331059
-7.851851
-4.628052
-2.495952
-4.225992
-3.979252
-4.928999
-3.156033
-13.292450
-8.734382
-7.754029
-5.926088
-6.939533
-6.369510
-5.523099
-3.590344
-4.121863
-1.291254
-10.534332
-4.888052
-3.819739
-7.947083
-0.340574
-4.608130
-8.672409
-2.693849
-4.384646
-6.507677
-4.966640
-7.196540
-4.252011
-8.803663
-9.438661
-3.065845
-11.741644
-5.616224
-8.225065
-4.391536
-5.043452
-9.719234
-7.387539
-8.502666
-8.073596
-14.161427
-6.255497
-11.497242
-7.195191
-9.796889
-4.585432
-8.526676
-10.671988
-8.672409
-5.344129
-8.295744
-7.338449
-6.490376
-8.852700
-7.901847
-3.311562
-9.049788
-5.679841
-5.338174
-6.719146
-2.778589
-3.537373
-5.839787
-4.493742
-3.092533
-1.667905
-7.771863
-12.052695
-7.650779
-6.985583
-4.809773
-3.184562
-4.941665
-6.960594
-3.037027
-4.873777
-3.308682
-5.995158
-10.013575
-4.246795
-2.097828
-10.557633
-7.112602
-4.941462
-8.808506
-7.451467
-8.672409
-9.279922
-6.971597
-5.976278
-7.932562
-6.921123
-6.542782
-2.400637
-6.967310
-5.651528
-2.508100
-5.654231
-7.008283
-6.833937
-6.611187
-6.047444
-7.087258
-8.161525
-2.887461
-11.382964
-5.421414
-4.086769
-9.925932
-6.760826
-6.522192
-8.121140
-4.877754
-7.183036
-7.210715
-11.119417
-10.469500
-3.410260
-6.024324
-5.381333
-8.135913
-7.127209
-7.095803
-4.259514
-4.888457
-2.869988
-5.785800
-1.704361
-7.865407
-5.649568
-8.165260
-5.113897
-3.454396
-8.672409
-11.238810
-6.142043
-12.155912
-5.028541
-4.507631
-8.181632
-8.891203
-12.115120
-2.631477
-4.486988
-6.666369
-9.256318
-6.972089
-7.220780
-8.092246
-5.597838
-6.902259
-8.805264
-4.311310
-5.062389
-6.701828
-4.350888
-8.268864
-9.416849
-7.167491
-7.049106
-4.182477
-5.399251
-3.887949
-2.105710
-6.589816
-6.655846
-3.018213
-9.266408
-3.277945
-8.832521
-4.228323
-4.130595
-2.283956
-6.989297
-3.421396
-0.866885
-5.614799
-6.146452
-5.497484
-6.176919
-7.700796
-4.488669
-8.727193
-2.795811
-5.884031
-2.536138
-7.141154
-5.692259
-11.343456
-10.585396
-5.318711
-4.171794
-9.100204
-4.708025
-9.337706
-4.740347
-7.391420
-5.408902
-5.470853
-9.040866
-3.885897
-6.955881
-5.276563
-7.026978
-8.327954
-5.292571
-8.112905
-6.303570
-4.952504
-7.820966
-7.123381
-3.896540
-5.542845
-6.802511
-12.458259
-11.238810
-11.562134
-7.071475
-5.513695
-4.306952
-7.307778
-5.351508
-7.064252
-5.909402
-14.009181
-4.741528
-5.313695
-7.536670
-6.758195
-3.933622
-3.275163
-11.601511
-4.197459
-3.880011
-5.183733
-4.194386
-11.878963
-4.722828
-15.192962
-5.487189
-5.338571
-2.390498
-6.030779
-5.877187
-4.910219
-8.420763
-4.030452
-11.478074
-6.348019
-5.056371
-7.086236
-4.930067
-6.465821
-5.083652
-5.028890
-6.809878
-8.583776
-3.138769
-2.890791
-6.876163
-3.673644
-7.072331
-5.003406
-3.881348
-5.744958
-7.028301
-6.749245
-6.506259
-3.023862
-11.092635
-7.024044
-6.786478
-8.791932
-11.063250
-5.611165
-6.285080
-3.925975
-11.204622
-5.393101
-5.611899
-5.697126
-7.084076
-8.857906
-4.070179
-2.990078
-5.332366
-9.220700
-4.188824
-2.657278
-9.636671
-5.577145
-3.331409
-2.272646
-6.816289
-4.313211
-6.504388
-5.069183
-6.321957
-3.657293
-8.582988
-7.929354
-10.310913
-7.143855
-2.616639
-6.117317
-4.778508
-6.865146
-6.129471
-6.695333
-1.283744
-6.293456
-3.900466
-7.510900
-6.573227
-5.865523
-6.794473
-5.139861
-4.395694
-5.556525
-6.431200
-7.234454
-12.932041
-4.580626
-4.436990
-3.891265
-12.399323
-7.893360
-13.741127
-4.400910
-5.562122
-9.804841
-6.406912
-6.570581
-5.026154
-6.905067
-6.011131
-6.372678
-5.139526
-4.229487
-1.908446
-6.581672
-6.823418
-9.015916
-6.183224
-7.347579
-9.009676
-4.549254
-3.400778
-10.748392
-3.237099
-4.913297
-3.101994
-7.503391
-8.252192
-1.686737
-3.715110
-7.153307
-6.736032
-12.599221
-3.302395
-8.083185
-2.379583
-6.257489
-14.026272
-5.300228
-4.777228
-7.371931
-7.637262
-9.063640
-4.933358
-2.522553
-3.285252
-3.699234
-7.788951
-9.376652
-11.943056
-8.022819
-7.679369
-13.311226
-15.178357
-8.538298
-5.011170
-3.278186
-6.448403
-9.508026
-5.829232
-11.096231
0.777006
-8.645620
-6.787428
-10.325705
-9.793370
-11.479553
-3.209409
-7.995714
-8.244516
-4.026624
-12.084634
-5.999988
-7.707637
-5.762630
-5.152361
-8.208599
-3.195830
-3.505730
-6.402454
-4.484680
-7.318140
-8.314221
-5.716489
2.857065
-8.608979
-2.159646
-11.304571
-5.172025
-12.344073
-6.552102
-8.650382
-8.988042
-4.908961
-5.948137
-4.870105
-2.035570
-4.866905
-12.184914
-2.731901
-7.941970
-13.250996
-3.908829
-5.336603
-14.515121
-8.739373
-7.527443
-12.111023
-10.424417
-2.451349
-6.703505
-6.763364
-3.045823
-7.810505
-8.648146
-6.660227
-3.003727
-9.832934
-5.432638
-5.711152
-11.238810
-6.187255
-4.962123
-3.221946
-9.303504
-7.267996
-4.044495
-6.683848
-9.761684
-5.138518
-8.833764
-9.927309
-0.130988
-6.508104
-8.076346
-6.269431
-1.290838
-8.651385
-8.294422
-0.802683
-12.043579
-8.143434
-3.955700
-8.781709
-8.280304
-6.669003
-4.387348
-5.806540
0.682132
-7.327896
-9.166598
-7.063485
-6.596863
-5.222534
-5.114918
-7.822447
-11.381779
-5.874308
-5.233007
-7.238253
-6.711166
-1.441091
-8.023276
-5.476779
-4.739881
-5.103505
-5.408137
-8.404494
-6.043911
-6.083737
-6.466192
-5.191154
-4.326134
-1.910088
-5.255253
-4.186717
-3.481430
-3.145932
-7.523057
-5.812788
-5.207954
-6.464000
-10.232062
-6.393802
-10.581646
-6.886044
-2.532846
-5.301790
-5.244967
-3.713501
-7.703013
-6.442213
-2.978917
-3.790174
-4.702950
-5.256668
-5.589716
-2.886003
-8.832227
-7.303123
-4.366828
-7.891063
-3.919416
-5.333881
-7.118259
-8.991031
-3.798964
-8.854104
-3.359498
-6.046693
-5.822901
-11.277892
-8.120546
-11.786606
-0.627479
-3.117543
-7.487353
-7.310807
-7.943680
-8.602384
-4.004598
-1.561753
-2.559595
-3.392826
-8.382949
-5.345057
-7.129765
-9.961120
-9.155265
-8.274137
-7.794668
-8.325692
-11.957703
-7.618484
-8.737775
-3.454908
-10.766658
-0.119409
-6.755014
-7.660346
-6.929753
-6.987362
-3.608784
-2.936611
-8.938684
-9.858637
-9.449501
-10.740487
-7.148083
-2.709079
-4.982231
-12.080988
-7.731552
-6.142353
-7.744383
-4.406621
-12.695292
-6.651617
-4.025120
-11.609054
-8.468033
-2.374678
-7.618145
-4.333070
-6.544012
-6.436478
-8.677604
-12.083494
-5.947192
-4.305058
-8.992810
-0.475911
-7.619068
-10.832322
-6.212434
-6.386206
-6.908659
-4.187513
-0.805307
3.848252
-5.205244
-9.940803
-4.141280
-12.720797
-5.734942
-9.803649
-8.046856
-15.192962
-3.452035
-5.849477
-7.990810
-12.146358
-2.462074
-8.265687
-5.541258
-3.699054
-8.180029
-6.628763
-7.113540
-7.064213
-0.569641
-9.500233
-6.994288
-8.879501
-12.227062
-5.909190
-6.138813
-10.907090
-10.571574
-8.717829
-6.774115
-6.816365
-5.189529
-12.919123
-5.466912
-5.873292
-4.308823
-6.021725
-2.918617
-4.657579
-5.019017
-8.890957
-6.201662
-9.554841
-7.921011
-1.381875
-2.119180
-8.672409
-1.517802
-10.532304
-4.495911
-7.891486
-8.763869
-7.633905
-7.601953
-2.242855
-5.826712
-6.016603
-3.677576
-7.633328
-12.413074
-3.753699
-4.767295
-8.009216
-4.122593
-3.313571
-0.621582
-13.081198
-6.850422
-5.943625
-7.085107
-12.392734
-11.238810
-7.551710
-6.466959
-8.892135
-1.955267
-5.544047
-7.523816
-4.338054
-9.082416
-10.777367
-7.663001
-8.612561
-6.820309
-2.242442
-2.027402
-3.504843
-14.999580
-8.745400
-9.227562
-4.700488
-7.043571
-1.402728
-6.159461
-9.564203
-5.549464
-8.466189
-9.442199
-7.179784
-7.087780
-10.144233
-9.591002
-9.086255
-7.744647
-6.019721
-7.437317
-6.200824
-6.024906
-7.654775
-11.530922
-4.252719
-3.902564
-4.758796
-5.328918
-6.278177
-9.296077
-8.540393
-5.469534
-10.056829
-1.888643
-9.484430
-6.343229
-7.204119
-5.843889
-8.900901
-7.552640
-3.818932
-6.269622
-3.109346
-5.442094
-4.657394
-1.123519
-9.302665
-8.005523
-7.124081
-4.844840
-8.343241
-4.683256
-6.019815
-4.097428
-8.121075
-6.516006
-7.321372
-10.058653
-10.879903
-4.459492
-2.041113
-6.763777
-5.807729
-8.725823
-5.752367
-10.922708
-8.445952
-5.852651
-5.743954
-5.752439
-3.764840
-7.213719
-5.230865
-10.327223
-6.749831
-11.286499
-6.410018
-9.870921
-7.921059
-6.949021
-7.275619
-9.926469
-8.731239
-8.928126
-9.406186
-4.299956
-3.413080
-10.861435
-5.565471
-7.273864
-8.585630
-9.335668
-7.750974
-4.573866
-3.727864
-15.077990
-7.604315
-12.052695
-2.146441
-6.012680
-3.872900
-7.814675
-3.872619
-5.594841
-8.753675
-3.479378
-5.823965
-8.656696
-6.188656
-4.507474
-7.871933
-1.355697
-8.322028
-6.115684
-3.826358
-8.643220
-8.497029
-1.607276
-4.744878
-9.788905
-11.461261
-9.768286
-7.428358
-10.998550
-4.803472
-8.500765
-7.602780
-6.124482
-8.068924
-3.122194
-8.330605
-7.910997
-5.589474
-12.851110
-5.721371
-2.989243
-6.504330
-12.715006
-1.218758
-9.176576
-6.614731
-9.419704
-3.348601
-7.493829
-9.477146
-10.434929
-14.026272
-5.934404
-1.462116
-5.430211
-6.043737
-4.478499
-7.935099
-3.474422
-11.453463
-3.379032
-4.358440
-3.529453
-3.960950
-6.716809
-8.569391
-10.163615
-13.071193
-4.107487
-8.173816
-7.642797
-7.004423
-9.191129
-7.676432
-7.641368
-8.216080
-5.562281
-4.260564
-3.963113
-3.010354
-3.310530
-8.456085
-6.793677
-7.526991
-2.551611
-7.085865
-7.078572
-7.317169
-11.238810
-8.332831
-7.434034
-7.470573
-9.518065
-10.448027
-2.774811
-8.920413
-5.636121
-4.330116
-3.512947
-4.727992
-7.656820
-6.831235
-4.781267
-7.974974
-7.720700
-8.783925
-0.821555
-6.690129
-5.070848
-5.661918
-4.847912
-6.192982
-3.743431
-4.310091
-5.569207
-12.606835
-7.211303
-8.435684
-5.125855
-10.966136
-7.149166
-0.353110
-8.634151
-5.575730
-3.067229
-4.159406
-6.570742
-7.047112
-1.360629
-5.837178
-4.614487
-10.912748
-7.237383
-3.095310
-7.052633
-2.821842
-5.579461
-4.234248
-10.674896
-1.447268
-10.705910
-9.319575
-5.468760
-3.403451
-8.024429
-1.703727
-8.247432
-10.421728
-8.672409
-4.537063
-10.613279
-7.653409
-7.771848
-4.937085
-5.758470
-4.360894
-8.487646
-6.161988
-5.831968
-8.439241
-9.874227
-6.769529
-5.571635
-1.998932
-5.098759
-5.904387
-8.393863
-10.728361
-9.644234
-10.168053
-4.425773
-3.327381
-3.198247
-7.390271
-6.229674
-9.740045
-5.303243
-2.564847
-10.372274
-9.308909
-5.427670
-4.302107
-5.981948
-6.340886
-5.794928
-4.535517
-8.009766
-6.302444
-4.832059
-7.891340
-4.922638
-8.444889
-9.040770
-12.880566
-9.458719
-11.039930
-10.186183
-7.974679
-4.911534
-8.684787
-2.041212
-4.045027
-9.256594
-8.587672
-2.547102
-11.346483
-4.654539
-7.356515
-7.429563
-5.107836
-6.585568
-5.681951
-9.778386
-5.238480
-6.441586
-1.008015
-7.153096
-8.218724
-2.066010
-3.780498
-6.489636
-7.459629
-11.730054
-7.458532
-7.748737
-8.927959
-7.674386
-11.101911
-3.935249
-8.814584
-9.929273
-2.558539
-2.899104
-7.999173
-8.858409
-7.455500
-13.202847
-8.105318
-3.880438
-5.827550
-4.917051
-10.392780
-9.721149
-7.447585
-4.998245
-8.079474
-4.411022
-8.889682
-4.774569
-4.621961
-8.435355
-4.370449
-1.468289
-7.407266
-4.510677
-8.047859
-6.849178
-5.919593
-10.179101
-8.518508
-8.434390
-7.159621
-7.179739
-13.000357
-3.309724
-7.007515
-6.491306
-5.572297
-5.121027
-4.654531
-2.952272
-5.144956
-2.440322
-10.716172
-5.007164
-6.399564
-8.007156
-7.227681
-3.339447
-4.452117
-9.267685
-6.770027
-10.652890
-5.653519
-5.157440
-9.312984
-8.544183
-6.660387
-3.393447
-7.142298
-5.710860
-10.782784
-6.917289
-3.075499
-5.721379
-9.357152
-6.838213
-1.597988
-8.546378
-6.564642
-10.589382
-12.038855
-12.051365
-3.474404
-3.491294
-7.845886
-3.939507
-8.412539
-4.021529
-6.145915
-3.516959
-7.332436
-4.919611
-5.139973
-9.001907
-4.607279
-9.108613
-11.867608
-11.624672
-2.755655
-6.791286
-5.089290
-3.139166
-3.545142
-0.713665
-9.579534
-12.081311
-8.031682
-6.658395
-5.813115
-6.298774
-2.644017
-9.425663
-6.680315
-10.952378
-7.327575
-8.278188
-10.547455
-6.003468
-2.263861
-8.028027
-5.282250
-5.165685
-10.773376
-4.238629
-7.497269
-5.797076
-5.784184
-2.376542
-4.120166
-7.883313
-5.975206
-5.075603
-7.613771
-3.878175
-5.594265
-9.452694
-2.035355
-2.496117
-8.408111
-3.157117
-4.758691
-13.191009
-4.710110
-7.154077
-5.572834
-8.613793
-5.041276
-0.601896
-5.616832
-2.492052
-5.593297
-6.509351
-8.747860
-7.620870
-6.678183
-8.319442
-6.294404
-7.627724
-2.390016
-3.137442
-4.649556
-3.082199
-4.657757
-4.527505
-10.118633
-11.159613
-5.983859
-6.415493
-2.053434
-11.430146
-9.674535
-9.377634
-5.446031
-5.970436
-11.054150
-8.464658
-8.952156
-7.634539
-3.843438
-5.394776
-4.601469
-5.440244
-3.382056
-9.964910
-3.352987
-7.571765
-8.835158
0.034651
-7.862739
-12.575570
-5.792040
-6.705770
-9.605493
-8.970637
-7.466398
-6.853071
-7.106805
-8.658059
-6.682029
-9.835083
-6.791480
-8.126068
-6.298819
-3.545043
-4.097849
-7.598441
-7.675527
-9.265909
-3.668063
-8.827957
-8.718138
-6.820546
-9.390497
-3.949821
-8.051647
-3.825400
-8.179773
-6.515936
-7.867598
-5.920828
-6.684259
-5.782854
-4.026794
-7.557266
-6.663475
-5.208816
-4.243177
-4.591650
-4.709527
-6.449594
-10.077135
-5.382535
-6.759867
-10.544054
-8.821145
-6.241569
-8.690791
-9.483358
-10.644991
-3.414138
-5.468804
-7.626137
-6.659093
-5.802526
-1.735502
-4.842958
-8.576995
-5.931722
-6.535831
-10.584706
-2.997670
-6.250361
-4.014764
-12.369919
-7.986463
-2.769001
-4.138721
-7.929561
-8.336658
-4.940840
-7.755205
-5.096782
-9.167289
-1.151267
-7.991589
-7.545071
-7.651906
-8.792468
-11.211893
-6.874404
-4.812422
-5.183741
-1.605064
-6.761333
-7.890612
-8.298171
-4.840142
-11.572002
-9.858227
-11.117867
-8.865407
-6.327940
-9.784772
-6.329661
-5.806362
-5.210295
-4.507233
-4.271544
-8.269753
-9.872403
-8.672409
-4.337751
-3.720055
-6.913897
-2.786232
-8.828002
-3.895291
-7.159156
-10.164502
-6.165806
-6.608188
-3.941085
-2.814588
-6.917060
-5.860295
-4.445372
-6.915584
-8.582816
-9.837165
-9.137104
-5.335045
-9.108332
-1.302261
-10.506502
-8.214450
-5.887815
-7.481029
-7.231121
-9.951394
-5.643294
-7.035635
-5.862250
-3.114672
-8.684492
-6.716020
-9.656088
-5.806317
-7.418286
-11.432140
-8.883887
-9.222322
-8.457480
-5.430964
-7.396661
-9.261656
-4.759296
-3.724413
-6.757123
-10.187744
-4.637254
-4.774493
-6.992630
-9.670027
-4.843921
-6.759373
-1.903516
-5.680576
-10.255043
-9.431293
-7.663680
-5.598650
-9.781765
-7.684298
-3.768370
-10.110979
-3.226683
-3.340387
-4.203220
-2.016979
-5.765551
-5.688545
-1.686142
-9.687246
-2.425332
-10.584888
-5.202800
-7.020531
-9.572249
-3.039033
-3.457099
-3.292414
-5.282776
-6.255903
-11.370013
-6.180424
-7.105794
-6.698210
-6.009021
-3.678349
-7.806063
-8.672409
-9.467577
-1.703786
-7.255119
-8.910288
-8.117834
-5.563818
-1.676985
-11.880700
-5.311690
-4.659380
-5.701824
-4.561265
-7.936483
-9.436299
-6.816520
-8.754010
-7.899595
-3.716401
-5.330967
-9.586031
-7.890821
-3.282108
-5.294388
-7.748945
-10.829458
-9.555620
-6.360059
-10.163615
-5.259817
-4.974563
-3.691096
-4.287318
-6.400573
-12.910002
-5.106393
-8.939167
-10.035895
-6.484558
-10.296950
-9.183353
-3.795820
-2.354472
-7.552125
-9.679500
-5.881205
-9.886428
-8.037257
-5.635856
-5.478503
-6.131215
-5.185098
-10.249241
-7.903742
-4.918386
-7.010032
-5.178806
-7.748492
-5.534431
-9.712471
-6.729599
-8.745332
-9.025826
-6.684038
-10.451116
-7.684898
-2.586684
-8.148822
-6.385285
-0.904701
-6.349345
-9.538696
-8.556163
-5.236328
-6.805389
-9.042930
-7.066450
-4.573809
-4.996414
-10.235323
-4.559076
-8.663250
-6.090225
-7.477031
-3.923342
-7.646726
-2.207018
-6.525094
-3.995191
-8.643890
-6.111991
-4.490254
-11.505627
-3.128420
-4.098284
-5.421197
-7.361755
-6.257749
-11.002038
-5.398727
-8.672409
-6.011629
-2.425317
-6.724986
-4.073363
-10.152497
-4.986353
-6.158874
-4.508381
-7.915545
-8.308184
-10.038843
-7.915164
-6.663694
-5.857154
-5.524713
-7.310775
-14.720549
-5.644669
-5.688851
-4.936361
-5.946229
-8.508394
-9.070143
-6.319420
-8.162845
-11.675871
-7.239503
-0.357978
-6.911649
-4.949646
-9.905346
-5.671272
-7.891435
-5.228600
-7.663791
-8.249273
-5.353054
-4.446151
-6.398884
-7.015831
-7.727473
-7.342999
-5.471260
-7.351909
-8.898513
-7.368784
-4.665058
-11.725040
-9.436778
-5.964144
-6.560098
-3.588598
-7.027833
-9.640275
-9.217830
-9.004588
-6.486922
-5.283104
-5.684117
-6.682999
-5.580315
-3.199240
-5.010772
-13.970731
-6.948595
-8.908080
-1.664230
-8.101203
-8.669120
-5.161646
-6.906976
-7.312267
-9.923265
-8.310730
-9.407765
-7.734263
-5.746721
-6.169452
-9.244457
-9.099757
-6.318896
-10.614414
-6.512498
-5.767867
-4.458992
-4.074377
-6.540382
-10.333179
-7.011567
-6.670833
-6.166534
-6.354656
-3.772155
-7.810794
-10.809433
-8.935675
-5.573943
-9.614051
-9.217830
-8.334885
-9.446270
-9.262743
-7.038473
-9.022876
-5.340805
-5.678890
-7.517928
-8.663562
-3.275203
-7.802505
-9.702736
-10.272079
-3.012466
-5.507680
-6.202379
-10.835608
-9.487608
-8.114393
-2.109010
-12.526050
-5.015732
-4.958404
-4.565482
-7.612473
-7.191706
-7.325618
-10.126680
-6.670445
-7.329683
-3.601587
-4.747461
-10.213346
-4.700745
-5.281804
-9.619148
-6.710150
-6.139987
-6.746204
-4.751679
-4.414475
-6.298857
-5.459414
-5.973205
-9.704753
-8.254022
-9.938942
-6.428264
-7.964850
-8.009686
-9.574048
-8.178874
-5.523991
-7.115838
-5.068880
-6.971031
-7.053421
-7.362324
-11.020785
-7.295293
-7.702805
-4.623447
-2.684423
-6.398089
-7.980949
-3.467719
-9.464065
-6.572065
-3.535546
-9.802547
-6.762905
-4.588741
-9.296716
-4.022261
-10.046931
-10.009716
-6.515971
-6.278054
-2.891128
-8.091321
-7.814616
-7.643242
-10.162517
-4.279443
-9.584531
-6.571090
-3.354782
-3.225540
-5.319371
-9.330187
-9.293176
-9.662299
-7.333532
-9.379622
-9.803755
-4.479184
-3.984415
-9.035940
-12.052695
-10.762623
-3.571033
-5.238006
-6.214112
-9.084698
-9.130934
-4.355397
-8.397725
-9.344301
-5.853770
-5.648905
-8.316236
-5.821524
-6.384576
-8.011592
-6.609283
-13.812951
-2.991449
-4.713853
-4.344608
-6.721412
-5.002899
-0.417838
-5.070122
-5.481863
-7.791858
-6.088725
-7.829637
-8.828021
-6.227691
-7.118457
-7.585298
-4.739716
-5.947909
-10.532920
-11.492702
-10.986974
-5.885987
-2.710765
-5.825956
-3.042016
-11.106960
-4.914919
-4.026041
-7.624529
-6.063820
-13.012193
-11.437130
-8.169054
-5.357491
-3.590730
-3.512860
-7.002766
-4.441907
-6.729819
-7.010144
-6.926280
-6.927810
-10.428355
-2.561543
-6.417224
-5.303550
-6.057026
-10.173394
-4.998407
-7.709423
-8.823568
-4.726357
-9.278425
-5.359167
-3.582822
-9.046566
-8.819703
-5.224992
-8.581658
-9.644748
-4.420283
-5.268399
-9.171362
-5.897965
-6.980521
-7.942027
-7.669849
-8.085424
-4.406252
-8.882977
-3.294257
-12.607185
-4.488125
-1.374677
-6.757220
-7.963134
-7.221658
-8.383685
-9.491571
-6.224292
-3.977325
-9.446282
-7.798154
-4.810690
-7.646826
-6.118684
-5.104362
-3.563157
-7.838595
-6.960028
-6.303014
-11.948375
-12.824131
-4.310181
-4.743917
-6.240294
-6.928984
-2.650782
-6.889921
-1.362670
-5.581117
-6.751615
-9.284719
-8.912262
-8.212054
-7.925545
-7.590152
-8.893022
-5.882257
-3.390327
-8.218917
-9.431890
-11.154845
-8.850192
-9.666266
-7.723745
-5.516806
-6.436434
-6.484295
-9.915374
-6.145639
-6.801754
-9.496722
-4.651265
-8.746314
-4.265780
-4.037021
-9.869860
-5.080497
-0.849009
-4.904067
-6.222218
-5.083027
-6.638154
-7.378891
-5.733670
-12.883926
-4.370864
-7.658504
-5.630937
-4.436536
-7.230265
-3.955077
-8.648806
-8.339170
-9.825022
-3.852462
-7.919297
-7.211503
-10.220200
-5.089464
-7.156259
-5.096148
-7.703047
-7.991019
-9.020341
-7.925220
-8.086539
-7.809039
-6.294648
-7.804035
-3.684958
-10.818731
-7.357317
-4.389661
-3.771046
-8.851098
-10.715540
-8.701742
-4.460501
-6.369414
-10.448217
-2.328511
-10.849602
-9.637063
-11.602596
-7.539408
-1.783223
-5.252645
-11.814569
-5.904880
-5.705627
-15.979552
-3.340833
-7.460422
-4.207609
-6.536265
-5.887801
-7.601886
-7.811868
-7.055555
-6.356052
-4.707750
-6.312766
-10.343968
-8.815278
-5.997614
-10.510813
-6.695083
-16.082113
-7.254827
-7.245149
-4.440883
-8.896380
-7.036849
-8.766141
-6.241744
-10.185289
-8.528811
-8.297766
-4.762853
-6.903871
-4.667163
-9.269140
-7.417638
-7.356781
-7.469184
-4.981325
-6.406235
-5.045148
-5.861996
-8.504817
-7.185790
-3.349085
-2.868934
-6.519901
-6.298001
-5.926021
-6.316965
-3.534968
-11.918012
-8.509749
-4.360873
-6.787374
-6.651323
-10.018618
-7.244052
-5.699073
-9.690192
-7.550896
-3.573321
-4.090350
-9.281642
-3.452141
-7.851891
-6.676871
-4.033599
-4.240753
-8.468692
-7.923460
-3.320581
-2.971667
-7.397830
-4.355140
-7.375809
-6.839885
-9.528590
-5.828235
-8.658013
-4.360445
-6.753550
-8.139069
-4.308511
-6.489049
-5.503461
-6.007082
-3.946266
-11.145344
-4.867548
-5.923513
-8.170180
-6.038301
-1.909551
-5.485076
-7.123984
-3.022209
-12.405700
-6.535179
-9.926166
-8.695968
-10.163615
-5.492616
-9.714067
-4.317160
-5.729760
-12.280256
-5.769035
-3.259538
-10.980952
-12.052695
-7.079628
-11.801706
-6.892969
-10.693640
-8.739835
-6.943677
-4.876984
-4.787184
-1.343620
-6.505167
-5.492726
-8.937883
-4.641855
-13.012193
-4.280066
-3.104482
-7.883074
-11.420998
-8.162666
-7.524844
-4.760317
-5.461016
-11.560760
-8.651385
-5.135065
-6.424309
-2.957182
-4.991873
-4.499956
-5.454845
-7.126681
-8.122881
-7.398587
-5.018127
-1.666293
-4.758418
-5.420213
-6.015829
-4.348339
-6.645560
-7.297921
-7.790801
-4.868185
-2.721985
-2.890259
-6.991918
-3.928910
-6.620099
-5.050001
-8.112903
-8.734825
-7.823318
-4.079142
-1.278081
-9.133699
-5.188911
-9.946959
-10.640070
-7.645878
-4.513180
-7.270652
-7.206397
-9.259427
-12.108402
-6.688939
-7.207177
-4.148400
-5.870604
-10.828806
-7.128098
-10.533052
-2.844239
-10.896735
-10.202583
-10.716801
-5.013290
-11.825438
-5.361595
-11.492380
-5.069733
-8.718511
-4.354621
-11.132693
-9.633023
-6.238551
-6.634759
-5.357687
-5.500945
-4.660080
-6.026007
-6.793479
-9.029022
-9.020799
-8.619045
-3.312374
-9.172236
-9.797761
-10.214962
-4.282156
-4.101476
-4.086750
-8.751194
-5.192325
-6.305575
-7.328277
-5.804691
-4.642100
-1.991604
-10.503522
-6.969333
-5.198660
-6.813734
-5.360253
-7.705920
-8.195286
-6.482085
-6.536265
-4.887792
-4.558970
-6.753202
-7.010223
-6.627187
-9.124084
-8.867631
-9.911726
-0.510606
-7.367866
-10.269407
-5.705468
-6.607643
-3.444802
-12.241590
-8.415081
-5.542755
-4.896240
-8.275111
-5.965374
-6.967260
-7.581325
-3.949588
-12.978976
-6.632960
-4.173895
-6.241055
-2.537915
-8.010601
-8.024137
-6.898655
-2.265146
-3.068872
-1.819413
-4.203552
-7.711144
-5.075144
-3.935321
-3.571396
-6.064606
-3.859107
-7.173230
-6.119906
-6.054457
-8.700714
-11.374899
-5.598176
-7.546844
-6.455785
-6.006573
-6.142113
-5.689319
-5.354427
-3.390717
-6.207092
-7.119212
-6.798093
-4.507715
-4.953684
-7.691849
-5.134927
-6.751608
-7.897831
-7.081065
-4.934212
-7.770774
-4.470935
-8.872711
-9.659088
-5.537057
-5.771903
-7.159960
-7.439716
-9.809205
-8.042220
-6.682456
-13.106907
-6.282419
-4.897551
-4.885137
-3.126744
-7.000958
-5.861162
-6.104975
-9.572395
-4.610974
-10.567320
-5.110631
-7.650980
-4.629862
-8.345276
-6.164037
-3.328908
-6.359010
-4.889887
-6.069972
-11.035434
-6.145684
-9.047362
-3.339267
-9.103905
-4.077293
-4.704664
-8.254248
-5.225137
-6.143246
-6.344378
-13.320082
-3.366918
-9.829060
-5.689502
-9.534538
-6.455336
-8.895262
-5.290174
-3.874299
-5.904850
-5.436544
-5.517455
-4.061758
-7.952201
-4.084307
-6.667070
-7.127266
-8.810719
-7.490530
-5.126509
-8.014929
-8.228855
-2.768750
-7.609953
-6.291014
-7.464760
-2.726153
-9.048241
-6.544291
-8.735033
-8.464587
-7.435644
-3.653987
-5.098679
-2.274267
-7.834047
-10.646083
-12.025393
-7.506658
-9.362195
-7.450226
-8.804795
-6.620561
-9.291367
-8.248336
-10.565789
-6.441459
-8.100719
-4.974154
-5.072743
-8.075940
-5.831731
-4.648215
-5.886008
-8.491308
-9.050445
-8.578577
-4.760377
-7.643577
-4.504167
-11.374155
-5.999065
-3.328914
-3.391866
-6.154261
-6.356581
-5.286161
-3.543331
-0.956592
-7.820812
-12.218438
-6.080203
-11.005967
-7.718174
-11.162821
-8.589058
-10.141079
-10.040150
-7.520625
-3.455072
-8.361856
-6.539923
-11.515983
-7.078938
-7.068317
-5.252047
-12.496706
-5.211068
-3.400714
-3.323016
-3.432232
-6.072339
-10.793672
-9.603026
-9.345887
-11.238810
-8.717180
-7.734606
-8.701290
-6.581353
-4.154089
-4.254201
-5.423613
-7.941537
-5.332970
-8.496456
-14.515121
-7.723340
-7.590497
-11.545644
-7.392900
-3.952987
-5.193569
-6.752828
-3.804689
-6.182134
-3.612983
-6.164188
-7.199397
-6.614800
-5.779871
-6.627572
-8.714588
-9.068321
-12.943044
-8.876960
-7.011752
-9.044995
-4.465635
-7.224168
-10.707187
-7.558771
-7.661236
-9.562992
-4.483078
-6.076202
-7.844900
-6.261796
-9.348026
-8.840604
-9.054052
-8.122763
-6.062986
-4.799549
-9.344244
-5.820120
-7.940134
-7.770675
-7.485772
-8.799979
-4.915657
-7.673936
-7.906990
-3.555530
-5.527890
-7.233415
-4.080697
-1.978252
-2.834900
-8.545657
-6.035449
-13.012193
-12.367079
-4.247306
-6.935359
-12.081522
-7.708723
-7.510825
-7.472709
-4.627088
-7.384734
-8.492896
-11.054943
-9.807161
-9.792478
-1.572732
-3.366126
-4.199709
-7.715391
-9.776423
-6.804916
-7.383264
-2.376698
-6.187849
-3.548906
-7.429009
-6.540321
-5.106815
-7.287986
-2.593154
-4.454445
-6.568209
-3.698148
-2.104759
-8.661186
-5.229266
-9.083006
-4.501725
-6.824464
-7.530342
-8.715443
-9.458296
-5.872396
-8.861652
-12.519224
-10.882344
-7.884557
-12.058161
-8.156927
-9.353436
-8.803994
-5.235472
-1.487703
-5.947534
-9.985000
-5.017223
-9.896695
-9.812239
-7.864388
-9.771568
-9.900263
-7.851417
-3.025548
-9.807237
-4.582798
-9.361526
-8.855742
-5.070798
-6.036719
-6.150348
-10.163615
-7.241102
-5.675898
-7.500276
-4.121330
-8.300741
-7.822795
-1.075297
-9.974235
-6.221557
-4.028483
-11.406474
-5.556206
-7.714851
-6.799188
-8.894909
-3.501158
-9.464407
-6.323055
-10.631652
-5.738328
-9.915011
-7.329560
-3.878828
-6.033058
-9.675054
-8.335238
-9.078569
-7.963521
-7.104324
-8.672409
-2.512178
-12.301729
-8.634536
-4.554118
-3.232229
-7.436894
-5.309642
-5.831842
-6.159488
-8.325558
-4.914761
-9.024830
-7.338541
-2.695961
-7.424755
-3.723024
-14.681003
-10.108114
-5.455776
-6.491926
-11.874166
-11.011317
-2.886125
-3.473761
-9.474482
-3.096186
-3.188817
-8.882406
-5.136869
-5.752812
-8.236662
-3.889817
-8.925550
-3.309160
-6.719098
-6.925215
-9.123257
-10.679828
-10.163615
-5.533188
-6.500705
-7.035523
-10.802896
-5.677204
-10.919171
-3.810608
-8.696362
-7.280175
-3.565959
-3.674448
-8.822021
-9.119171
-3.959173
-4.321197
-7.332827
-4.693971
-3.449108
-8.480508
-8.356656
-7.518686
-4.198577
-6.746012
-10.163915
-4.153340
-8.286589
-4.783296
-5.238383
-9.793586
-3.700843
-8.167697
-7.666091
-9.013111
-6.735514
-7.535636
-5.718221
-4.898575
-8.666649
-7.229952
-10.070538
-6.216119
-8.039325
-5.424272
-9.699826
-8.020100
-7.850816
-7.884552
-5.281164
-7.257019
-9.309282
-3.306707
-5.871659
-7.076022
-12.230515
-8.952032
-5.722388
-3.897262
-7.244043
-9.461945
-3.648061
-3.024528
-6.746742
-7.849706
-7.782281
-2.985125
-9.019332
-8.467511
-3.025923
-8.624822
-4.846028
-4.605534
-7.260131
-5.784027
-9.869860
-11.076162
-9.651387
-10.616182
-7.603508
-8.808440
-7.137081
-2.999611
-8.038224
-7.250062
-5.889554
-3.550585
-5.459838
-6.808350
-9.048842
-6.960940
-8.878372
-5.815610
-5.605652
-6.520299
-5.272315
-8.693499
-9.106812
-10.514850
-8.069127
-8.415897
-4.709265
-5.250686
-9.291909
-9.733118
-8.672409
-6.636292
-1.703928
-9.314606
-6.808924
-9.615574
-11.078126
-10.451093
-3.522703
-7.619941
-8.813718
-6.051689
-3.706369
-3.779633
-7.166529
-6.332298
-10.696759
-10.302385
-7.375087
-6.536284
-4.473957
-7.800696
-6.520934
-9.314720
-8.485431
-7.647336
-8.809608
-3.123658
-5.759252
-4.310638
-8.881056
-6.621056
-4.654449
-10.735037
-6.009521
-5.644092
-6.363452
-6.552186
-6.425738
-7.571189
-5.778069
-3.735700
-4.410670
-3.155568
-8.583175
-8.204143
-10.084993
-7.455795
-8.147559
-12.167000
-7.309962
-8.672409
-10.228894
-7.933219
-6.108555
-9.662299
-6.192896
-7.525864
-5.761861
-10.596279
-4.131002
-7.633866
-5.505414
-7.213592
-6.386415
-10.915740
-5.385815
-4.616778
-6.418656
-7.132291
-8.664558
-8.311855
-7.333840
-10.422503
-5.388208
-8.276996
-9.161556
-6.220774
-6.641126
-8.139997
-8.554737
-4.867588
-3.868158
-7.986517
-10.373009
-4.885084
-10.163615
-5.268215
-6.795727
-4.570706
-9.314156
-4.659219
-5.742268
-3.971121
-6.507440
-6.831739
-8.022822
-5.216356
-6.075282
-8.046733
-10.163615
-2.261263
-6.159459
-3.954810
-13.151740
-2.676187
-7.837916
-11.242462
-3.917644
-5.740876
-3.304387
-5.538617
-7.389740
-7.594010
-5.075224
-6.988952
-3.156904
-5.835257
-6.090976
-4.632960
-10.171380
-7.907095
-8.528817
-4.785609
-5.336477
-7.551315
-7.342662
-4.752224
-8.917358
-10.264554
-4.192018
-8.491502
-8.341052
-9.242770
-5.287066
-5.567829
-4.255939
-4.662964
-8.522053
-12.730607
-11.749558
-7.693481
-8.992661
-11.189609
-10.212384
-10.573774
-7.620789
-10.160239
-3.674767
-6.188125
-8.406892
-7.303019
-4.960739
-9.345141
-8.871061
-7.918447
-4.953680
-10.078895
-12.555551
-4.815448
-11.656296
-11.035467
-5.117050
-7.183104
-6.538859
-4.547158
-8.324100
-7.563327
-8.735085
-9.517145
-6.994660
-7.929854
-3.906613
-5.757581
-8.260971
-8.657383
-7.623155
-6.018341
-7.939574
-3.627780
-5.276868
-6.234392
-6.728662
-4.796070
-6.436648
-6.835852
-4.875057
-6.882686
-6.172044
-4.744450
-5.471054
-7.425929
-6.623573
-6.362350
-10.328796
-7.834439
-6.441788
-6.016424
-9.455146
-5.738785
-5.401807
-11.022199
-9.965660
-6.898457
-3.584327
-10.278255
-3.862212
-7.504123
-4.973740
-5.377579
-7.769959
-8.506297
-1.541300
-7.168384
-1.789695
-6.676148
-5.851929
-12.836862
-10.606171
-5.329898
-6.369922
-7.555530
-6.131597
-3.097242
-9.031671
-10.251679
-9.481878
-4.703674
-9.738198
-4.392819
-13.624695
-7.943047
-4.807822
-6.322684
-8.629034
-9.396397
-6.220590
-6.298793
-6.208977
-6.658807
-5.055689
-9.172055
-9.628188
-5.617235
-6.412445
-7.398262
-7.103023
-7.622825
-7.915965
-7.389892
-5.965882
-13.154981
-5.690404
-3.186255
-6.399090
-11.051599
-2.032688
-8.330104
-7.581950
-6.638499
-9.365919
-4.523728
-8.148259
-6.834041
-8.199407
-3.935528
-8.337857
-6.263465
-7.482633
-8.672409
-7.689749
-10.012257
-7.138555
-10.194677
-11.693324
-9.297279
-8.732897
-5.190840
-6.632296
-9.595361
-7.080989
-7.956116
-5.638209
-2.661383
-4.496168
-4.419668
-8.116134
-7.092879
-9.727750
-7.198235
-5.694506
-9.942538
-8.478072
-8.345737
-6.721020
-12.014832
-3.881405
-5.255348
-2.957659
-5.006023
-4.596133
-7.701538
-6.627597
-3.032706
-6.670843
-3.152844
-8.688044
-6.116151
-8.167782
-3.451590
-6.407144
-4.075414
-10.164070
-0.210244
-3.376375
-3.932596
-5.707491
-4.444560
-6.107503
-7.869684
-3.599649
-5.765423
-6.306060
-8.520294
-6.504556
-5.896864
-9.318235
-7.621663
-2.885465
-4.842562
-8.041633
-8.244143
-6.926291
-4.745815
-9.091868
-12.782828
-6.976773
-5.481375
-11.192858
-7.110629
-6.379181
-7.916264
-3.541736
-5.268315
-9.605113
-4.152838
-4.739239
-10.488320
-5.908018
-7.577272
-9.134459
-6.240371
-4.728119
-6.083212
-9.721363
-8.578747
-6.133109
-8.268199
-9.081689
-4.758083
-9.135644
-5.206123
-4.389380
-6.919611
-4.632424
-7.027948
-5.643651
-9.071318
-8.399129
-6.587389
-5.844059
-6.598827
-5.342434
-4.431211
-7.188253
-13.775314
-5.775404
-5.321407
-5.969162
-6.858114
-5.310721
-11.281146
-5.937577
-11.962879
-6.837535
-4.604121
-9.203835
-6.903704
-8.294647
-9.316058
-4.639017
-8.181172
-6.382601
-9.244848
-3.804106
-6.486435
-7.880646
-7.097822
-5.781465
-8.293442
-5.804863
-2.164001
-6.356945
-11.287634
-7.256153
-6.144050
-10.808538
-11.954848
-2.887660
-2.744930
-7.689106
-4.547626
-6.483027
-7.574477
-9.654278
-4.340117
-7.501790
-6.533072
-5.484402
-8.541019
-4.714797
-10.331422
-6.808050
-10.717429
-6.269141
-2.827828
-2.942853
-8.666438
-9.497118
-10.698435
-6.125393
-7.436952
-7.309911
-8.865309
-7.707318
-5.517858
-5.241164
-6.723541
-4.113843
-6.001081
-6.558160
-7.070065
-6.808822
-9.387365
-8.089449
-8.741749
-5.573796
-7.951417
-4.761468
-7.186439
-10.302157
-8.730329
-6.645236
-7.977727
-5.509673
-7.204104
-6.595054
-3.891714
-6.986947
-9.671288
-7.000230
-6.605212
-5.864272
-9.210581
-4.536772
-8.086674
-3.203171
-6.936911
-9.319053
-6.325385
-9.251636
-8.964320
-6.577133
-7.719813
-8.024024
-1.465504
-7.185988
-10.582052
-7.486282
-3.401450
-9.017366
-9.761401
-6.118134
-6.374661
-7.479700
-9.445784
-6.943894
-6.555627
-5.399042
-6.133279
-4.979784
-5.699868
-7.009645
-5.598878
-5.946562
-11.238810
-7.632929
-8.763248
-6.333855
-8.257589
-9.183212
-6.421645
-12.004298
-6.063765
-6.743422
-4.521298
-4.632236
-6.684238
-6.658076
-9.158148
-5.683526
-3.674236
-8.847219
-2.392803
-3.734869
-12.579413
-8.780815
-10.065763
-11.479550
-5.368982
-10.279729
-7.399446
-4.029555
-1.662533
-7.211445
-9.265625
-10.551188
-9.455196
-11.143299
-10.232916
-9.048344
-6.544144
-3.621075
-10.681616
-5.751954
-8.557452
-10.461417
-9.584728
-14.026272
-10.513976
-6.491087
-9.862724
-5.201678
-6.445170
-6.202783
-8.346034
-5.128061
-7.936819
-5.587082
-6.987374
-3.959050
-2.788751
-4.770255
-4.755509
-4.547586
-5.279883
-7.258172
-4.687616
-4.340034
-5.702465
-8.311942
-5.401690
-8.672409
-7.827776
-5.577187
-6.033121
-5.551936
-8.404977
-4.907181
-5.141501
-6.248122
-10.366965
-6.161127
-5.521269
-7.148345
-4.357316
-9.799283
-7.463659
-8.552928
-5.250124
-9.889765
-9.961208
-8.331251
-6.605917
-7.744715
-8.334198
-6.324216
-10.085342
-4.520971
-7.195966
-7.425037
-6.759463
-12.549394
-8.132941
-6.662786
-9.396088
-7.400909
-7.629374
-6.036192
-6.599608
-5.287421
-10.712885
-7.723357
-6.336566
-5.140928
-4.787747
-3.909274
-8.180175
-5.077542
-9.001364
-5.472295
-8.091821
-6.056087
-7.061123
-7.166911
-9.760403
-6.896270
-4.639089
-13.435401
-7.680516
-7.533504
-8.381831
-5.974870
-7.409578
-8.271422
-7.396677
-2.552590
-8.893759
-7.021499
-11.779939
-7.477147
-6.640987
-5.619617
-7.248143
-8.688715
-5.219720
-10.662908
-6.071548
-7.372177
-9.364559
-9.005195
-9.017773
-10.196078
-6.938332
-3.543919
-10.817500
-7.842764
-6.282796
-7.613930
-8.171336
-3.924894
-9.867299
-5.749714
-9.434742
-9.122509
-6.920338
-6.233843
-7.842298
-3.137699
-9.272245
-5.563908
-2.607813
-7.404963
-6.008453
-8.205981
-6.209440
-3.265828
-4.979981
-8.206033
-8.482185
-8.335903
-5.162117
-8.486583
-7.803501
-8.672409
-6.517520
-9.599101
-7.590120
-5.065050
-7.792600
-3.264175
-8.657657
-12.366613
-5.314620
-8.765873
-4.270391
-10.392479
-7.513369
-10.501101
-9.959090
-8.184822
-7.519440
-2.984515
-8.859823
-7.280085
-7.031483
-5.967615
-4.099202
-8.557213
-6.882234
-7.094837
-8.740747
-5.837073
-4.692008
-5.155949
-5.583240
-5.597116
-6.308969
-8.772639
-7.466548
-10.541254
-10.231952
-7.066545
-5.869423
-9.315933
-8.495433
-5.584379
-10.898672
-7.019384
-10.771734
-7.607254
-5.267691
-12.117990
-6.699565
-9.195893
-6.835347
-8.562913
-9.009115
-2.125073
-6.842317
-8.183684
-6.972204
-4.883729
-9.133915
-10.791979
-6.935531
-4.613972
-10.017222
-8.061375
-11.298299
-8.069155
-8.080297
-6.016174
-11.966686
-7.409157
-8.447884
-7.312040
-9.177752
-5.597840
-6.092775
-9.550985
-9.977027
-7.766939
-10.377725
-7.579494
-5.302129
-6.646916
-6.780459
-8.023062
-5.828109
-3.607909
-7.725398
-8.077072
-4.845325
-7.235669
-5.864851
-6.518649
-8.474221
-8.972881
-9.630005
-8.713447
-5.587477
-9.289234
-11.207926
-5.684094
-5.576617
-5.841376
-7.875740
-9.215961
-9.145571
-7.655441
-4.204061
-6.198547
-9.939692
-6.352881
-6.406841
-9.504054
-8.157516
-8.060900
-7.739591
-9.622551
-8.013316
-10.553071
-5.699748
-6.095424
-7.533105
-7.816061
-8.788172
-6.922956
-4.987066
-7.976418
-4.957330
-4.772264
-3.742160
-7.505502
-7.712547
-8.672409
-3.797509
-7.386355
-12.915417
-4.052045
-4.040330
-9.247836
-12.724783
-2.984536
-6.701752
-4.425689
-9.144733
-4.460950
-5.288250
-4.717032
-8.001586
-8.055819
-7.718939
-6.445961
-3.362636
-7.814199
-9.135787
-8.672409
-7.838983
-8.448708
-4.534566
-4.487308
-8.236732
-6.016040
-7.278800
-5.713501
-11.145971
-3.446363
-9.550344
-5.216105
-7.184640
-14.020555
-10.689885
-3.915656
-12.761690
-6.491711
-12.599699
-5.282218
-10.290443
-7.831821
-10.010021
-7.411642
-5.111739
-9.655066
-8.792260
-6.081667
-10.155138
-3.056619
-9.123403
-5.890400
-7.991869
-8.713696
-6.023243
-6.053234
-4.765595
-4.505003
-10.137337
-5.809139
-6.293478
-8.903357
-3.900218
-3.359412
-11.761824
-3.015541
-6.246972
-7.639015
-8.209181
-5.172729
-7.119348
-7.068913
-7.415421
-5.575822
-8.466892
-10.829257
-4.852066
-7.027219
-5.993581
-7.994051
-6.216372
-4.949004
-9.247291
-6.150682
-3.774334
-6.150466
-10.974629
-3.993084
-6.857553
-7.117283
-10.152707
-9.907710
-6.916118
-7.666445
-7.526556
-8.767343
-9.522551
-13.424238
-6.553608
-11.619974
-8.008769
-6.700384
-5.813390
-10.551428
-4.521605
-7.960689
-4.684538
-4.312809
-6.274700
-7.582853
-9.095797
-12.389498
-9.482296
-3.046253
-6.123276
-7.979399
-8.886928
-3.543517
-4.891649
-4.359551
-10.024864
-7.378548
-8.884314
-6.034046
-4.243102
-9.507082
-4.582811
-3.799526
-1.916119
-7.501196
-4.587286
-9.217830
-3.933665
-4.563272
-7.734283
-7.961146
-6.599816
-5.770973
-7.693663
-5.594696
-9.217830
-11.207881
-7.664917
-6.448325
-7.182467
-7.340365
-6.582898
-11.541026
-8.438651
-5.101481
-7.470819
-7.418520
-5.705095
-0.603348
-8.253275
-3.415379
-9.532266
-8.445290
-11.238810
-8.722841
-6.069530
-8.403013
-9.407247
-5.040762
-11.409909
-4.388777
-7.864452
-4.142194
-10.608377
-4.064230
-8.037421
-3.480179
-5.294933
-8.813994
-7.836402
-10.879163
-5.359482
-4.287932
-6.960929
-6.828254
-7.710732
-12.334852
-7.839362
-4.321057
-1.717730
-9.722892
-6.103725
-7.399778
-5.016482
-6.779200
-6.872912
-4.908412
-9.805822
-7.665684
-5.779693
-8.150668
-6.572667
-4.638729
-7.305349
-5.319850
-5.288137
-3.806199
-5.664241
-5.622068
-9.367416
-7.657002
-6.813102
-5.206396
-11.518744
-6.173756
-11.068715
-4.872319
-10.542972
-8.125578
-7.681689
-8.263606
-8.641209
-6.821929
-5.078155
-8.566043
-8.979259
-10.595650
-8.754267
-6.868433
-7.905425
-11.977363
-11.596406
-10.891564
-9.880336
-6.003594
-3.206109
-4.832082
-6.096995
-8.007407
-9.415878
-10.947415
-7.088038
-6.978140
-4.778053
-13.959967
-7.095630
-3.976182
-4.849912
-7.106205
-3.310929
-6.579135
-9.754071
-5.541780
-8.191146
-7.423207
-11.050643
-7.642721
-6.782394
-8.514260
-5.203818
-10.209567
-8.540093
-3.712961
-8.782060
-9.297936
-4.539509
-7.253842
-5.049242
-9.160811
-6.082481
-6.823578
-6.827145
-5.815222
-10.822386
-5.330614
-6.791462
-8.082101
-6.022951
-8.584035
-8.552774
-6.751479
-7.764136
-3.052496
-5.202291
-6.869380
-10.333041
-8.989074
-8.442201
-8.945141
-10.932516
-4.523731
-3.831156
-5.805912
-6.060656
-6.386506
-6.989467
-7.250798
-2.516359
-9.391212
-10.538857
-12.932041
-8.804736
-5.424332
-8.430901
-7.598085
-7.347096
-6.634952
-12.120882
-4.429334
-3.347814
-7.277719
-5.377551
-5.147806
-7.064847
-6.824619
-8.601795
-8.819841
-7.145635
-6.606501
-5.602395
-6.227685
-5.651391
-3.966557
-10.607621
-5.650101
-6.304960
-6.614550
-6.866945
-4.084807
-5.768035
-8.599036
-8.074390
-6.715498
-5.237329
-7.970483
-13.726118
-3.390013
-8.204741
-10.316345
-6.270558
-10.163615
-4.696766
-6.350482
-6.374535
-7.544666
-11.795526
-4.416922
-6.392352
-2.579365
-6.108365
-9.706233
-6.236413
-13.952352
-11.921157
-5.897882
-3.811900
-6.677097
-6.866305
-11.154120
-8.631849
-9.220387
-10.306490
-6.742414
-4.861047
-7.328340
-7.737750
-8.582274
-8.891524
-4.007524
-9.805996
-9.184900
-4.401542
-9.672419
-9.946945
-8.885826
-8.468246
-9.388851
-4.099485
-7.390770
-5.633079
-6.701797
-7.738955
-7.516987
-9.516859
-7.894086
-8.642653
-3.804890
-5.421006
-8.697743
-6.089739
-3.271757
-7.795629
-5.649861
-8.267608
-3.849507
-8.094487
-3.892587
-3.462264
-7.669616
-4.513994
-11.045292
-8.826262
-9.675163
-5.590367
-8.831939
-8.900141
-10.584837
-6.346124
-4.211842
-6.040142
-7.736421
-13.312719
-5.144833
-8.191180
-7.201289
-3.430459
-12.875898
-7.789005
-6.597670
-3.010445
-7.482141
-8.765824
-6.736701
-9.973439
-7.334023
-5.565694
-9.172887
-9.463101
-9.297785
-4.234869
-3.822109
-10.625955
-4.376319
-8.471367
-7.673335
-10.770385
-5.721420
-7.543725
-8.185975
-6.194234
-8.145686
-11.340882
-7.418522
-3.890264
-9.160030
-4.498241
-14.669406
-5.699722
-7.092059
-11.598080
-3.280286
-8.694677
-7.082634
-10.832333
-8.353112
-6.051800
-7.385168
-6.298558
-10.150310
-4.981827
-7.301794
-12.616548
-7.881907
-7.128247
-4.290523
-4.479736
-8.820848
-3.000555
-6.496628
-12.500325
-6.335116
0.291144
-6.074696
-5.521182
-12.407842
-10.013740
-7.724826
-5.193667
-6.382215
-6.198938
-6.864812
-4.530781
-7.257326
-8.685097
-3.027772
-6.041765
-9.969091
-6.452043
-2.779457
-6.240780
-6.041022
-3.737666
-8.141232
-7.089228
-5.349333
-9.567219
-2.645565
-6.756808
-5.791808
-4.273844
-10.164917
-9.893158
-6.096379
-11.965834
-4.929002
-4.354892
-6.064551
-7.666784
-7.593041
-7.700758
-9.799990
-4.880352
-11.238810
-9.865770
-6.300465
-6.343653
-5.861563
-6.660004
-5.145180
-7.331582
-7.480438
-9.460365
-8.103079
-2.954690
-10.507287
-7.596190
-11.214240
-9.536536
-6.784841
-5.857999
-5.382933
-6.415960
-6.090125
-9.444859
-9.187938
-6.416400
-12.052695
-5.569579
-9.571381
-10.339749
-4.902166
-10.808796
-6.346324
-7.464144
-6.939942
-4.915972
-6.448915
-7.090556
-4.320393
-7.547706
-9.324971
-9.570157
-9.798064
-6.226727
-6.728902
-9.286477
-9.524996
-8.669955
-6.817178
-6.438582
-5.522240
-6.551972
-6.125097
-8.672409
-4.497733
-6.623100
-5.269024
-7.324862
-8.004139
-7.383486
-5.107977
-8.672409
-6.021017
-12.516423
-7.625109
-7.894737
-5.446323
-4.118502
-8.247587
-3.085846
-6.303691
-5.632173
-7.106693
-4.975319
-5.615755
-7.116847
-7.964047
-6.505152
-9.669312
-7.983063
-5.981941
-7.199897
-11.494587
-7.971306
-8.851978
-7.604092
-10.519845
-5.575201
-7.542988
-5.820768
-7.377268
-8.312487
-6.894108
-10.515189
-8.860633
-4.272375
-7.940286
-3.215852
-8.605794
-11.238810
-7.070530
-10.551868
-6.028260
-9.179812
-5.353302
-5.707748
-5.188904
-6.780426
-9.344559
-6.635571
-7.453206
-5.767520
-8.442315
-12.558190
-8.609284
-8.412121
-6.230805
-6.649937
-4.817272
-5.360392
-5.753073
-8.081842
-8.512848
-5.409571
-6.157948
-5.805163
-11.588362
-6.250731
-8.490416
-2.022714
-5.658822
-10.579876
-1.115738
-4.337205
-5.052397
-5.462250
-7.169227
-5.094202
-6.278759
-7.022364
-11.665526
-4.004027
-4.575177
-9.118542
-6.222136
-5.819011
-8.885248
-8.672409
-8.872282
-8.222647
-9.623386
-9.623160
-7.040760
-12.334578
-3.854427
-7.870433
-5.799971
-7.018065
-10.163615
-0.252699
-4.232897
-4.107397
-10.559018
-9.160195
-5.784235
-8.248421
-7.833476
-9.900626
-5.715595
-8.041012
-7.491477
-5.394268
-7.180917
-11.271930
-4.570091
-3.131853
-3.497293
-6.622320
-8.669112
-8.688746
-11.450130
-11.238810
-6.840236
-6.377347
-4.607665
-8.256743
-6.795764
-6.137852
-5.368132
-4.658058
-8.646894
-5.871966
-6.669424
-3.199073
-3.739075
-2.981643
-7.283523
-0.969934
-5.023892
-3.102671
-7.150158
-5.813524
-10.163615
-4.841991
-11.539470
-6.501219
-5.891542
-6.856413
-0.643656
-5.759205
-5.721504
-4.379932
-7.601196
-7.763658
-7.306803
-7.930003
-8.723804
-1.456122
-7.553398
-7.860734
-2.019811
-6.767464
-7.223744
-7.313342
-9.737478
-8.295854
-7.326698
-6.715322
-9.251108
-5.699526
-8.801889
-2.383974
-8.748981
-9.017525
-8.171057
-9.901882
-2.436849
-6.770923
-9.997267
-4.217443
-6.130310
-8.792443
-6.831017
-3.181980
-10.140640
-2.910541
-7.513491
-7.627410
-10.367618
-9.742602
-11.822705
-6.463452
-11.686413
-7.154444
-7.067059
-6.018931
-17.520662
-7.172875
-7.262927
-7.912580
-3.099557
0.936572
-8.107241
-8.331593
-6.571377
-10.292798
-9.086713
-6.470089
-7.548568
-4.394271
-9.682266
-7.528707
-6.324251
-5.143822
-9.619680
-10.614565
-7.283796
-11.124183
-9.555285
-3.694393
-6.457220
-6.205847
-4.154151
-5.387131
-4.920630
-7.020375
-6.834311
-7.963955
-4.659829
-7.240995
-7.173323
-7.890629
-3.302762
-4.377260
-7.463434
-7.124480
-7.083733
-7.826310
-12.041347
-5.420050
-6.932010
-7.414270
-7.718477
-9.179214
-12.086222
-5.961127
-4.655999
-7.367074
-3.217777
-6.929916
-3.920419
-10.311024
-8.642914
-7.186822
-6.086287
-7.074158
-4.569073
-6.991142
-9.489017
-10.112698
-7.801846
-9.183233
-4.222422
-9.491804
-5.730071
-9.834340
-5.475785
-7.525602
-7.085702
-9.914517
-11.246244
-1.835410
-5.103220
-7.605600
-10.471843
-5.988551
-6.376062
-5.256063
-7.972596
-9.422075
-8.539822
-10.936546
-7.370907
-10.375845
-8.296647
-8.762720
-6.325522
-7.488881
-6.009206
-7.211554
-5.593976
-5.679669
-6.112331
-10.827279
-4.059885
-8.097853
-4.970709
-5.846211
-10.163615
-4.622499
-4.732719
-5.258352
-9.004930
-7.827522
-5.647951
-6.593510
-10.347895
-6.346062
-4.387618
-5.527501
-7.657096
-7.167887
-7.484395
-10.942543
-5.399422
-5.547513
-4.631810
-9.823944
-7.379737
-8.054837
-7.149787
-4.709947
-10.863089
-8.672409
-9.340428
-1.688819
-12.054731
-8.494946
-7.492534
-3.762448
-6.389545
-7.482044
-4.816886
-5.672046
-9.092722
-5.566441
-7.066329
-6.366525
-10.458929
-9.332326
-7.101737
-7.985670
-7.398864
-9.223533
-9.325061
-9.531992
-8.614218
-8.678791
-3.616731
-5.577105
-7.210296
-4.862127
-7.037424
-3.058226
-7.349223
-6.564798
-9.688010
-7.543705
-8.284786
-4.934218
-7.425838
-7.946748
-8.333752
-8.595672
-7.302765
-8.101777
-5.062460
-5.744415
-5.761134
-4.935812
-6.389948
-8.094517
-9.585575
-8.768752
-8.457491
-3.873101
-5.611625
-4.951675
-6.892739
-11.200591
-10.974877
-4.751840
-4.384114
-4.393299
-5.114735
-6.401278
-10.028821
-6.852994
-3.810065
-8.606722
-4.878997
-6.760960
-6.772077
-7.326595
-7.655440
-9.786938
-5.849394
-7.042247
-12.025102
-7.354456
-5.829877
-9.895722
-8.288455
-13.050154
-6.014576
-5.685196
-1.405290
-4.449004
-4.565117
-4.974618
-7.427666
-8.897080
-11.446859
-7.493175
-7.407672
-8.665277
-6.394442
-5.449936
-6.670310
-3.049217
-8.834243
-1.916470
-6.522741
-3.681635
-5.868789
-4.277403
-6.700219
-10.628411
-8.050306
-5.555675
-8.640643
-4.033750
-7.417186
-8.107061
-6.648663
-5.014052
-6.667882
-7.438958
-6.145921
-7.405863
-8.987889
-5.240778
-7.790263
-4.062159
-8.012128
-7.491138
-10.472928
-4.912507
-9.595113
-6.456238
-9.619534
-5.139021
-7.067861
-5.763936
-8.672409
-11.334254
-9.230433
-3.655500
-5.525547
-5.745209
-7.547355
-4.519786
-5.775732
-5.412155
-5.082707
-3.826886
-10.291581
-7.440579
-8.497631
-4.809133
-10.135056
-9.207277
-3.113496
-8.003399
-8.782189
-4.291699
-5.773396
-8.369342
-3.716744
-8.672409
-7.758882
-7.066430
-7.317678
-6.875214
-7.694524
-5.939450
-10.707367
-9.470337
-9.059800
-5.693314
-5.069504
-7.820061
-8.420306
-5.458147
-8.909116
-5.255895
-6.814871
-4.513810
-8.086701
-8.484902
-5.204758
-8.416336
-4.470442
-8.673464
-6.122067
-6.273680
-7.347291
-3.977615
-10.878325
-7.698893
-7.372848
-9.613998
-4.807973
-7.776040
-4.813397
-5.150101
-9.386579
-8.426860
-7.502276
-3.092669
-5.286682
-8.152346
-7.801192
-4.318896
-6.982937
-6.905267
-6.731134
-4.293165
-7.263604
-12.052695
-5.840702
-6.885455
-9.237260
-2.680278
-2.592601
-4.695903
-8.809357
-3.982065
-5.416236
-8.900858
-5.515619
-10.300404
-5.881522
-7.353388
-6.717507
-11.283539
-3.060299
-7.962717
-10.120764
-5.835781
-5.595997
-9.802810
-9.879853
-7.488148
-6.741433
-5.277425
-5.744516
-6.184384
-11.882477
-7.586166
-8.926278
-7.068324
-5.712754
-8.167129
-9.754033
-8.089879
-5.105877
-10.401637
-11.546212
-10.450103
-9.686703
-3.595483
-9.396492
-3.794697
-2.641550
-7.075949
-4.270733
-6.356287
-10.602131
-8.055042
-7.099529
-8.592683
-6.773124
-10.062812
-2.743028
-8.787736
-10.491314
-6.787510
-3.390660
-4.975122
-7.004936
-8.404243
-8.975959
-10.358365
-9.353466
-4.471883
-9.949402
-10.429200
-13.786533
-4.941964
-8.108224
-4.627843
-5.717318
-8.531928
-6.612132
-8.215927
-7.654145
-5.429764
-8.167347
-3.185947
-6.534935
-4.793724
-10.812545
-7.281544
-4.352492
-6.574359
-6.451167
-13.967626
-3.311604
-10.952883
-7.979974
-9.540657
-6.758502
-8.787946
-7.408996
-3.676216
-5.088706
-3.504434
-8.462871
-9.261233
-5.964059
-5.080716
-8.429158
-3.590735
-12.438715
-11.006982
-6.247279
-7.754433
-5.451404
-8.392607
-5.460941
-5.712449
-7.319131
-6.952574
-8.827902
-2.835515
-5.517492
-9.690183
-7.688190
-5.949165
-8.672409
-7.938453
-10.427684
-7.341825
-8.901909
-2.536486
-7.000070
-5.285464
-5.113457
-8.319930
-12.517517
-4.846420
-6.732738
-3.787233
-5.879396
-8.890847
-8.940719
-9.104900
-5.429206
-8.635272
-7.535508
-5.663222
-6.564947
-8.920860
-8.398973
-3.876489
-8.029429
-8.514284
-7.323954
-3.679652
-7.468335
-7.294537
-5.710641
-11.504659
-6.292410
-6.468669
-12.152810
-10.948923
-5.665187
-8.200656
-8.075928
-5.580434
-7.514442
-8.259394
-7.961811
-12.556272
-10.445290
-1.715893
-9.886209
-5.354795
-6.023468
-7.347026
-5.275159
-4.240851
-7.829846
-13.356120
-8.183503
-8.277978
-8.093073
-7.938398
-9.495530
-2.637228
-4.697319
-5.337988
-4.519144
-4.892035
-8.341124
-5.258914
-1.988033
-6.311613
-5.862827
-5.884889
-8.740183
-8.766562
-7.479035
-12.161310
-11.400013
-9.461141
-6.124365
-4.946847
-7.711400
-2.328042
-5.236739
-10.499909
-7.186801
-8.058675
-8.938222
-5.273845
-7.653691
-7.900844
-6.608268
-9.076399
-7.903141
-5.967039
-6.768765
-4.584003
-7.637490
-5.357544
-4.061240
-5.142049
-4.015489
-8.600365
-7.004134
-4.924671
-8.094851
-5.776888
-6.353591
-6.558440
-6.702699
-5.945186
-8.267493
-6.626927
-9.155246
-9.885156
-5.197052
-8.948089
-14.863959
-7.690462
-10.048966
-6.429153
-3.941100
-7.881928
-8.137059
-8.372487
-9.652225
-5.158622
-4.575113
-9.428182
-8.285614
-7.253723
-6.001815
-8.775302
-4.621556
-8.492223
-6.843296
-3.470340
-6.627163
-5.695237
-5.183146
-11.155750
-9.782704
-5.676466
-5.523533
-7.195716
-2.480381
-8.141043
-9.726987
-9.664974
-9.150199
-4.686611
-9.657935
-6.686544
-10.846986
-6.810022
-5.115910
-0.814435
-4.648896
-6.440570
-5.697381
-9.670511
-5.466450
-12.932041
-5.350078
-7.284565
-6.504425
-8.694654
-3.296481
-6.738728
-5.537158
-9.804127
-9.766887
-9.093532
-1.892718
-10.564065
-8.173209
-5.631526
-8.251441
-6.072481
-9.269030
-4.906454
-7.024645
-13.089539
-10.300590
-6.493633
-7.395649
0.798914
-5.211258
-3.936145
-8.239184
-1.331365
-6.859322
-6.658707
-6.582347
-9.226903
-9.853745
-10.607566
-4.673735
-10.712345
-7.581118
-10.883142
-6.766119
-8.125399
-9.488393
-9.819667
-8.840324
-8.766302
-9.916279
-9.812078
-4.961901
-4.343490
-7.924604
-8.003591
-2.995161
-8.891690
-6.372308
-6.839687
-5.377156
-8.568883
-12.461500
-11.281415
-6.440044
-7.934514
-4.137759
-3.292181
-2.107719
-7.423810
-6.010592
-9.371024
-6.665636
-7.546573
-2.618632
-7.116069
-11.518220
-4.974018
-11.148708
-7.388487
-5.318232
-8.611718
-7.447767
-4.744839
-8.119609
-7.743391
-8.665598
-9.983288
-10.541862
-7.841183
-10.578305
-5.278253
-4.354252
-6.416395
-5.646621
-10.260987
-5.076410
-8.852368
-5.254892
-10.008794
-11.849103
-3.691003
-7.327497
-8.605032
-9.549080
-11.018886
-9.730532
-7.826404
-10.585116
-9.628430
-2.550753
-10.459029
-4.997930
-6.064768
-9.192827
-6.891656
-8.995057
-6.921884
-7.775350
-9.900965
-7.746767
-4.549319
-4.674109
-6.154158
-4.081216
-4.631576
-10.814955
-7.276825
-5.504887
-5.025858
-5.266202
-8.928138
-8.668143
-15.192962
-11.378180
-6.403589
-11.626971
-8.599975
-8.575924
-10.540055
-9.072132
-7.064681
-6.722250
-7.473814
-9.153952
-5.013840
-4.661342
-5.229515
-5.421904
-8.222448
-14.244619
-5.806072
-3.971691
-5.149863
-10.965245
-7.522902
-7.811253
-7.149670
-5.548739
-5.516626
-14.410935
-7.725798
-5.147633
-8.416924
-5.984999
-12.113347
-9.208305
-5.152122
-2.022595
-5.028530
-6.524502
-10.907162
-3.706037
-6.109245
-9.742327
-9.217980
-11.467770
-6.646527
-6.264620
-7.888566
-7.516541
-5.479737
-6.232671
-6.577901
-5.763154
-7.251627
-12.442879
-5.044040
-5.987084
-5.797512
-4.779756
-6.403900
-5.272853
-5.686357
-8.648572
-8.537648
-4.484116
-3.226650
-7.199824
-6.861261
-7.308573
-11.996790
-7.516203
-4.536562
-5.160399
-4.081101
-6.755093
-5.113495
-6.308589
-8.758860
-9.051096
-3.775372
-7.919992
-12.130502
-6.796702
-8.097625
-10.337686
-8.502892
-5.884488
-6.701343
-4.138557
-8.408898
-10.499323
-6.167102
-7.594367
-8.985433
-6.061210
-5.244336
-7.163089
-4.824885
-8.568001
-4.745188
-3.320711
-4.565042
-9.422157
-13.251265
-8.079336
-8.981147
-7.333366
-5.843108
-12.550102
-8.906414
-5.254267
-6.968181
-6.333043
-9.050383
-7.985455
-5.201215
-7.722011
-3.167093
-6.420346
-2.548682
-7.635091
-9.156930
-4.386025
-3.391929
-7.615561
-6.912854
-9.971988
-7.489640
-5.299254
-8.275054
-8.451688
-6.988987
-5.376871
-7.577826
-7.968584
-5.600039
-9.148247
-4.703321
-3.017988
-6.263774
-9.050245
-5.621391
-4.861522
-6.282711
-10.072313
-5.637843
-9.115992
-3.861149
-4.856895
-2.224190
-7.890396
-8.831481
-10.812799
-7.770828
-4.815996
-4.641480
-5.524431
-5.384293
-7.067886
-6.018098
-7.985010
-9.308245
-5.548246
-7.255878
-5.968707
-5.792786
-8.495750
-6.004714
-3.451787
-7.167381
-6.332199
-8.644362
-5.611423
-6.450476
-9.606489
-10.290534
-9.766917
-7.765213
-4.577597
-10.381412
-12.157654
-14.166833
-9.768307
-7.876124
-9.268935
-6.187745
-9.160571
-5.457106
-4.459358
-6.798161
-6.790771
-5.635089
-7.994382
-8.412875
-7.547787
-10.225358
-6.566665
-7.932247
-6.224069
-3.218669
-3.902990
-5.940664
-8.196655
-3.688375
-7.461119
-9.775632
-7.234757
-7.452207
-6.158597
-5.089715
-8.753741
-2.861247
-10.719698
-6.630774
-7.000449
-5.803241
-7.325036
-4.348850
-10.816981
-9.316249
-6.322960
-6.292860
-6.958961
-7.197812
-5.745592
-8.465484
-7.842096
-8.494621
-8.204104
-6.763568
-11.054520
-7.105247
-3.798794
-5.695092
-5.910661
-5.325268
-4.852568
-7.589585
-7.236944
-5.203986
-5.526099
-7.065523
-7.102414
-9.162153
-7.870504
-3.765427
-8.888818
-10.413437
-4.228182
-9.131002
-8.533230
-3.826978
-6.554471
-5.864904
-6.858388
-6.157185
-7.547873
-9.325230
-6.760551
-4.845256
-12.351195
-8.110103
-6.162241
-9.646357
-7.180260
-7.848379
-7.812989
-7.798118
-9.168384
-11.238857
-7.622699
-5.025981
-7.216451
-6.247977
-4.368424
-8.294794
-8.503274
-8.856854
-6.131240
-4.836259
-6.120353
-8.288501
-8.893307
-4.829593
-7.828375
-9.273061
-7.976161
-5.862761
-7.874494
-5.821293
-6.118628
-9.569074
-5.297422
-6.850052
-6.840642
-8.926835
-6.340710
-5.166092
-6.966908
-4.810162
-4.468665
-7.451887
-9.585188
-8.521345
-6.201728
-9.515077
-6.443869
-6.356453
-5.450588
-8.352985
-11.159588
-6.687975
-10.877700
-6.781283
-6.213938
-4.505413
-3.626349
-4.044559
-8.355719
-7.998771
-6.909250
-3.123839
-8.604863
-5.771216
-7.982667
-5.465785
-6.569317
-8.390396
-6.545058
-8.201469
-6.543920
-7.544593
-8.630836
-6.760529
-6.013156
-8.399133
-7.491828
-8.769079
-11.151856
-11.398789
-4.371480
-8.185978
-7.462533
-6.188125
-9.842093
-7.615111
-4.269053
-9.229207
-5.041630
-4.551358
-6.889529
-5.854314
-4.832698
-3.724156
-7.991517
-4.974061
-7.378455
-10.777880
-8.509286
-4.676146
-7.753412
-11.608214
-8.033627
-9.819300
-5.943697
-4.339900
-6.741705
-4.285784
-7.865842
-5.717726
-4.659415
-8.508051
-9.669109
-4.487688
-4.097000
-7.914485
-6.134794
-6.343526
-5.026326
-10.135898
-7.981665
-10.647223
-9.278113
-11.438368
-7.849699
-6.514294
-7.886023
-7.984349
-7.797278
-3.428907
-9.576248
-9.772544
-9.488649
-7.627994
-8.791189
-7.357157
-7.115837
-10.288575
-5.438351
-5.060436
0.255115
-5.411803
-6.052105
-12.577373
-12.825752
-6.018846
-7.181559
-1.613080
-6.312125
-7.127863
-6.984909
-8.878252
-7.256682
-11.226293
-6.930818
-10.236043
-8.709287
-9.336608
-9.222318
-7.165733
-5.006145
-9.274361
-9.182833
-4.650839
-4.139555
-7.720485
-8.007935
-5.469644
-6.377612
-9.944570
-7.583915
-4.790394
-10.772473
-8.364283
-9.152800
-4.588675
-8.422599
-9.393729
-6.212151
-9.145010
-11.556358
-6.700390
-6.930563
-6.508588
-7.940292
-4.713730
-5.048408
-9.040010
-9.091760
-5.335408
-10.208047
-10.297769
-5.658717
-6.808162
-7.321558
-8.921048
-5.622638
-5.411804
-8.393795
-8.319583
-7.023335
-3.469650
-10.494920
-5.318751
-8.155022
-6.085248
-7.019902
-10.213896
-4.802289
-6.791388
-6.433397
-7.676740
-8.996907
-7.421238
-6.221751
-3.969272
-3.263322
-8.939025
-9.825720
-4.592140
-3.933565
-10.927248
-6.524481
-8.178803
-5.486817
-11.136823
-5.503741
-3.642146
-5.265469
-3.347035
-7.142811
-9.361791
-10.024066
-11.761949
-6.764681
-7.600090
-11.630975
-9.802592
-5.573918
-7.495409
-7.812597
-4.387146
-8.291821
-6.349850
-6.155176
-6.348457
-6.431952
-7.960855
-6.810191
-5.795765
-8.728656
-5.189515
-4.763930
-7.409350
-7.232801
-4.016714
-7.202172
-8.826330
-11.448503
-8.876064
-4.105532
-6.414834
-8.886921
-7.576918
-6.079421
-8.128096
-5.439125
-9.604600
-9.268624
-5.578921
-8.359986
-5.752438
-10.170186
-10.225983
-7.515905
-8.846585
-8.637721
-5.620796
-8.463191
-9.688050
-10.443408
-6.193145
-4.030713
-9.898993
-8.635036
-7.367125
-6.485523
-7.795846
-8.757657
-6.254875
-5.626476
-5.203151
-11.238810
-6.570087
-5.397748
-9.091914
-11.026003
-7.828431
-9.865450
-6.348077
-7.930917
-8.476248
-7.105897
-3.914766
-11.207468
-8.490273
-8.138700
-9.642649
-9.854082
-9.732565
-6.068583
-1.578445
-5.911758
-4.501958
-6.457282
-6.852084
-5.960868
-7.025797
-9.149443
-2.326787
-7.730973
-7.354249
-6.517191
-6.411822
-10.113386
-7.606946
-9.955221
-8.949943
-6.706320
-7.243285
-7.523412
-11.920055
-9.361814
-9.277586
-3.636077
-6.938115
-6.123707
-5.737656
-8.153791
-7.836839
-8.445614
-6.861015
-3.900366
-4.725854
-12.152170
-6.291566
-5.052060
-10.228903
-9.147969
-7.806253
-6.988087
-8.983095
-8.386786
-8.669405
-8.625350
-10.690704
-5.985795
-6.665362
-8.545281
-8.637376
-7.111038
-6.606143
-5.864841
-7.107627
-3.688174
-6.059968
-5.202258
-8.715045
-7.787416
-7.672025
-5.572750
-8.546282
-7.294043
-4.339422
-6.894390
-8.072925
-5.489810
-8.876075
-8.256471
-10.458322
-6.008467
-13.947921
-8.981856
-6.860417
-8.105685
-8.159001
-10.032681
-7.647996
-10.715805
-6.372034
-9.639021
-6.282275
-3.710772
-7.307994
-7.794806
-5.851186
-4.944082
-5.449817
-4.324798
-5.473116
-8.293695
-5.017476
-3.777703
-6.269251
-5.041348
-7.212800
-8.067698
-8.602760
-9.684600
-5.492236
-6.895289
-4.940324
-9.608925
-6.595840
-9.038479
-5.101161
-4.013471
-8.189945
-8.131598
-2.099868
-7.382745
-5.805065
-11.233253
-11.188013
-6.239427
-9.863731
-7.097619
-4.467066
-8.363337
-9.942039
-4.687100
-11.464524
-5.867846
-4.795742
-5.673039
-8.157880
-5.654686
-6.956055
-4.406311
-9.639418
-8.867762
-5.913619
-7.321383
-10.379971
-7.800385
-6.600533
-9.136065
-7.602934
-9.350378
-4.393602
-9.050488
-9.796525
-8.325941
-5.111946
-9.429372
-8.269895
-6.781155
-11.600691
-12.564427
-11.278597
-6.923871
-7.138758
-11.567307
-7.231340
-12.303410
-12.067244
-6.380041
-2.264981
-6.152263
-6.771395
-3.915223
-6.413443
-7.117552
-4.479648
-8.767172
-14.274922
-6.640515
-10.585172
-6.113671
-6.760935
-7.625514
-9.598836
-7.154325
-9.364590
-7.970440
-10.781782
-10.731787
-12.706557
-7.525875
-8.036573
-8.687266
-8.029174
-7.934212
-10.952618
-6.632004
-5.838080
-8.599264
-7.473415
-10.412062
-6.775837
-7.328419
-7.811340
-7.874314
-8.479158
-5.149377
-7.905244
-8.136807
-7.636976
-8.597890
-8.234365
-7.791148
-9.641889
-7.186252
-11.057644
-7.513902
-6.690169
-8.946518
-8.210678
-6.667334
-6.765609
-6.815693
-4.783005
-6.243370
-6.623847
-8.369198
-8.250226
-6.643486
-12.865371
-6.325207
-10.818239
-7.228952
-11.524877
-6.693478
-6.825562
-7.259419
-10.400183
-8.751078
-10.470023
-7.947791
-6.715014
-7.974757
-6.255229
-7.829562
-6.864904
-7.836405
-7.692248
-6.944492
-7.119536
-7.684688
-2.907528
-5.903429
-6.048804
-8.511443
-6.633466
-10.135110
-5.814993
-6.132695
-8.948970
-3.529198
-10.527001
-10.201846
-7.652596
-7.941536
-9.129151
-4.289988
-5.917957
-5.432264
-7.650583
-12.438557
-2.593515
-5.206711
-12.672701
-4.902311
-7.602091
-9.195279
-7.078275
-13.308992
-8.930664
-8.414184
-7.199096
-6.557118
-7.828478
-9.378940
-7.665359
-9.272381
-7.442267
-6.420430
-7.117850
-11.508963
-7.473870
-11.048530
-8.108723
-9.674911
-4.999191
-9.140554
-8.847818
-7.216521
-8.542405
-7.816112
-10.765943
-7.441185
-8.354816
-9.452705
-8.608377
-10.605793
-6.069191
-9.238238
-7.431813
-5.439314
-7.991881
-5.718600
-6.113285
-7.227779
-7.843231
-9.105849
-11.550636
-8.663575
-5.903641
-12.857691
-9.754033
-2.820061
-3.827584
-4.377361
-8.309435
-5.207169
-8.068690
-11.423993
-4.912590
-7.152631
-7.478502
-4.938231
-5.842412
-10.970448
-12.136451
-8.928875
-3.199030
-6.880357
-7.552485
-4.813450
-6.590970
-5.854325
-5.209280
-6.651359
-7.221354
-6.020318
-5.570019
-7.983397
-7.513983
-5.297709
-6.462537
-4.646761
-8.676588
-6.864969
-10.499531
-4.222418
-6.972039
-5.865072
-5.428181
-8.289821
-7.937485
-8.468524
-8.415962
-6.159156
-9.381416
-4.173364
-6.866687
-8.995738
-6.100692
-8.493689
-8.818094
-7.638105
-5.088735
-9.595951
-10.131622
-4.221271
-5.026949
-10.309072
-8.501626
-6.199145
-7.710046
-10.408712
-4.392461
-13.053829
-9.577835
-8.283244
-5.808840
-7.330767
-5.668888
-3.494862
-4.944779
-6.947322
-7.251430
-7.263536
-7.221215
-3.504201
-9.545248
-3.586858
-9.894804
-9.498686
-12.615458
-9.337603
-9.328451
-5.844325
-4.719710
-8.365894
-6.121169
-3.875501
-5.580585
-5.101686
-6.346516
-5.398756
-7.102042
-3.669698
-10.037468
-8.803885
-9.102606
-11.200543
-9.146577
-4.938849
-8.851267
-7.923190
-4.606365
-7.386788
-7.358745
-10.647641
-8.249968
-7.467845
-5.693254
-10.045482
-5.991362
-4.679673
-13.663422
-7.245825
-6.189974
-8.921063
-5.311647
-3.314781
-5.261932
-7.612050
-6.234568
-5.402050
-9.891961
-7.172140
-9.595886
-6.054191
-6.333190
-11.020494
-6.719051
-7.510384
-9.898213
-6.449335
-6.396216
-7.611038
-11.363764
-8.420632
-5.532320
-4.903983
-9.948279
-9.624713
-10.298199
-4.987150
-7.825377
-1.781230
-12.397110
-7.505704
-6.653172
-8.032256
-8.975182
-7.606371
-10.067082
-8.320286
-4.143522
-7.568811
-8.323314
-6.431619
-8.339860
-7.337155
-8.244390
-7.012011
-10.662476
-8.492565
-7.907653
-8.340278
-6.050351
-9.308037
-7.872422
-6.778388
-7.844358
-4.290607
-6.271967
-4.710217
-7.590144
-7.541871
-6.193205
-4.577856
-8.154337
-7.514141
-9.476636
-6.290684
-4.980299
-7.188164
-9.408449
-8.565005
-4.843834
-9.005397
-3.512976
-4.611548
-5.802420
-4.303153
-9.083349
-8.507706
-2.342620
-7.633687
-5.301978
-5.934158
-6.224588
-5.071491
-6.023063
-3.511285
-8.065748
-6.373428
-8.343101
-6.950605
-9.109153
-9.784594
-12.059175
-3.185804
-8.322180
-4.965780
-9.543999
-9.893404
-12.769323
-4.664485
-4.536500
-6.929349
-6.573327
-5.162509
-10.637019
-8.172407
-5.802847
-7.188596
-5.730939
-8.479734
-8.039123
-9.546062
-7.023011
-8.087976
-3.702896
-8.836329
-5.698727
-7.379143
-8.023918
-5.142417
-9.098891
-7.908781
-6.702529
-5.418748
-14.203023
-2.306909
-5.018067
-10.700702
-7.176507
-6.918775
-7.994058
-6.879825
-8.790471
-8.126296
-9.939404
-5.860375
-10.997352
-7.487151
-8.748138
-7.385846
-8.020025
-7.703315
-4.507459
-9.064960
-5.890584
-9.919452
-5.151194
-8.576420
-7.760084
-7.945454
-9.220114
-4.640466
-6.144024
-6.720710
-8.646305
-5.731193
-6.657637
-7.961326
-7.644715
-8.898211
-7.562315
-6.796686
-10.678518
-5.387115
-9.255385
-7.222981
-6.194779
-7.133512
-4.525827
-5.182961
-6.371159
-9.634549
-6.507439
-4.691189
-8.805991
-7.029953
-6.212768
-7.918982
-13.605444
-6.735409
-9.938730
-6.605576
-11.651523
-8.299533
-10.035105
-6.905486
-5.061643
-11.811858
-7.514200
-9.825672
-9.045245
-3.215235
-8.316280
-5.446027
-7.160931
-5.884921
-7.157973
-10.235933
-8.672774
-9.279531
-8.032928
-7.308905
-7.685613
-7.071599
-8.569211
-14.081094
-8.043348
-8.087436
-9.217830
-6.483520
-13.190687
-7.031872
-5.775501
-6.098242
-3.360993
-9.388250
-7.797770
-6.595941
-6.943477
-10.453042
-8.334934
-5.684516
-4.079257
-4.598014
-5.207404
-7.942898
-4.173014
-7.940443
-8.241310
-7.496720
-4.073161
-11.246511
-6.415888
-3.306172
-7.412427
-9.898553
-6.536504
-8.615710
-6.802649
-6.649468
-6.723258
-5.774168
-7.565570
-10.519839
-8.156819
-5.710216
-6.753956
-6.582177
-7.712126
-8.221570
-6.215878
-8.516236
-3.674715
-8.066442
-11.289074
-8.526361
-7.118483
-9.284491
-10.851417
-5.381541
-9.875788
-8.655959
-9.675956
-8.522190
-9.688043
-6.315856
-8.737749
-6.346106
-6.915253
-4.947586
-5.996791
-8.084421
-7.382139
-5.651982
-6.985308
-7.469393
-10.273574
-9.780813
-4.544285
-11.400716
-7.244156
-10.119379
-9.862138
-4.653858
-11.238810
-7.813397
-3.774575
-4.173967
-8.310692
-6.509911
-3.055667
-7.392990
-7.771339
-5.335798
-7.936004
-4.734137
-4.856602
-6.993894
-3.866422
-5.216249
-6.869957
-8.445930
-2.008230
-9.254760
-7.631619
-6.184781
-8.487627
-7.033825
-6.046957
-8.178210
-9.707600
-11.888278
-10.163615
-5.626126
-11.095604
-5.915145
-5.724432
-8.137230
-5.966229
-8.471432
-8.843770
-8.103903
-9.794827
-6.822319
-8.406285
-8.012078
-6.348566
-4.434763
-6.899135
-6.473904
-9.242737
-4.313179
-8.612286
-9.890204
-8.528891
-5.208535
-4.186274
-7.003280
-6.266383
-4.643198
-6.773997
-5.346252
-6.356307
-7.842058
-8.546353
-12.284862
-11.594823
-5.320478
-10.521973
-3.972959
-7.778139
-6.206658
-8.644593
-9.656849
-7.076278
-6.595440
-5.182230
-4.412679
-5.171077
-6.928646
-6.280836
-3.391603
-7.963395
-10.331018
-7.617794
-14.098145
-4.650271
-15.670811
-6.496135
-6.830884
-9.330007
-6.673776
-9.166069
-3.752212
-9.354960
-7.136330
-2.791253
-4.524855
-6.750891
-7.107624
-6.974122
-8.677871
-8.629163
-6.264250
-9.797757
-10.860839
-10.057175
-8.703995
-8.206629
-9.073034
-8.235666
-10.247079
-7.603916
-12.547526
-9.057464
-12.979284
-8.717412
-4.930009
-8.078981
-4.923776
-6.045272
-5.569281
-3.745758
-5.824619
-8.703311
-8.244704
-4.822110
-7.036397
-9.044565
-7.431649
-5.626948
-8.463114
-5.122208
-3.753721
-5.433505
-5.870232
-7.239582
-8.768134
-8.887662
-10.163615
-7.980576
-9.225106
-9.699628
-5.220746
-8.962503
-8.492487
-5.001018
-4.303549
-8.286525
-5.887628
-4.155962
-1.930420
-7.538818
-7.502221
-8.289874
-6.734240
-10.078224
-9.518245
-10.731220
-6.534416
-4.318092
-6.291550
-6.321451
-4.076637
-7.595958
-5.399837
-7.661783
-6.985780
-7.413802
-7.886287
-9.588056
-6.059738
-5.380249
-7.646122
-6.807630
-11.115588
-9.695406
-7.130864
-9.025980
-5.992608
-8.900555
-8.211455
-8.873201
-2.762972
-5.059416
-2.304432
-6.818582
-5.922011
-4.178712
-4.448641
-4.023076
-10.796584
-7.693858
-6.481153
-7.151289
-10.053540
-12.110748
-5.927662
-4.510581
-6.780725
-12.111124
-10.620098
-5.283316
-6.644767
-7.011242
-4.493859
-6.819896
-7.779209
-9.274050
-7.383948
-7.957064
-4.679675
-7.298655
-5.690416
-6.248179
-5.117172
-5.078648
-8.464654
-7.770993
-9.359181
-10.772383
-3.064643
-4.368703
-5.295212
-6.039036
-8.362464
-3.652333
-7.077959
-7.297559
-10.024473
-7.563535
-9.275344
-8.186026
-4.839194
-5.137042
-9.006247
-10.805465
-5.635026
-8.011712
-7.173192
-7.981363
-4.055236
-5.374408
-5.545410
-11.700921
-8.563774
-9.425075
-5.700224
-8.568685
-7.647907
-6.233958
-9.470185
-9.014825
-4.665835
-10.390928
-6.324099
-9.649524
-8.992713
-5.172998
-10.163615
-6.916860
-4.562933
-6.294857
-11.066543
-5.887378
-6.696718
-7.022255
-2.715296
-6.889003
-4.731381
-11.380974
-14.262804
-8.449982
-11.473924
-5.976867
-5.783965
-1.701987
-8.124386
-7.523936
-10.157617
-6.916154
-9.225120
-9.083628
-8.391907
-14.064240
-7.943728
-7.823363
-8.625126
-9.889610
-2.430926
-8.112365
-11.027422
-7.859983
-5.791342
-8.535446
-5.950189
-6.650386
-3.928871
-7.136201
-6.981142
-6.505944
-7.708396
-5.996259
-8.081000
-8.288834
-8.558354
-7.496661
-7.666614
-7.428646
-7.395466
-9.455010
-10.474848
-4.774043
-6.375959
-8.076899
-11.218395
-3.793859
-8.111257
-5.285552
-7.370523
-4.355279
-8.423998
-5.889558
-10.459217
-9.743590
-6.571181
-4.898868
-7.859906
-5.938598
-2.510390
-4.178216
-9.879704
-3.849335
-7.059350
-8.427495
-8.050704
-4.947176
-5.376473
-9.776287
-7.927039
-8.966720
-7.031502
-6.807526
-6.157310
-7.107149
-4.450984
-11.107725
-6.542876
-10.294935
-10.133809
-4.647580
-8.059768
-8.931345
-5.099461
-14.579398
-6.689917
-10.367169
-9.364711
-7.546635
-3.568171
-7.657696
-7.671896
-7.305050
-11.214800
-10.735778
-8.427725
-6.772894
-8.326314
-7.772089
-9.193027
-10.420710
-13.302365
-9.495053
-8.790121
-12.052695
-12.213649
-6.026714
-9.683888
-4.751527
-4.286308
-4.325789
-5.356756
-8.835233
-7.309501
-12.811018
-9.867183
-6.290976
-6.870664
-4.916464
-9.430195
-5.938468
-4.124088
-6.635916
-3.524248
-8.909115
-4.624440
-6.828218
-8.742520
-10.047008
-4.511776
-9.488830
-8.762481
-7.160364
-10.325838
-7.227296
-6.262561
-7.393275
-4.604794
-8.863839
-4.715820
-7.638551
-7.846941
-9.343294
-6.620800
-12.514599
-12.082281
-11.044150
-7.915146
-7.883949
-5.213991
-10.070832
-4.843801
-10.930566
-5.779339
-6.469324
-5.472733
-7.133949
-8.879257
-6.675056
-6.760591
-6.600102
-6.401361
-6.945340
-4.912039
-5.837389
-8.467547
-6.085727
-7.346997
-9.792970
-6.472889
-10.180582
-8.030951
-6.219769
-6.907474
-8.773123
-10.961057
-8.103251
-8.850295
-5.098141
-7.493546
-7.768268
-6.000814
-5.645943
-8.301057
-9.119259
-5.582917
-7.006925
-8.450841
-8.204532
-7.291603
-7.022135
-6.938834
-6.496585
-6.130446
-8.186473
-7.068402
-7.132206
-11.220881
-8.096468
-6.266336
-4.641841
-6.512441
-9.385117
-11.343716
-13.061713
-9.642892
-6.129230
-7.502416
-7.531623
-7.070764
-11.683699
-6.033242
-13.356120
-5.732477
-8.794540
-12.111212
-5.159091
-5.737408
-6.806507
-9.125140
-7.656065
-4.757596
-8.712544
-7.787612
-6.719081
-9.870427
-4.716792
-6.742658
-8.213316
-10.380522
-13.422650
-7.099939
-6.914515
-5.786199
-6.572626
-5.167947
-7.336699
-9.210550
-9.192866
-4.317601
-9.326909
-4.164685
-6.520083
-6.121981
-7.541661
-11.963448
-5.316565
-5.188429
-6.255133
-10.054334
-5.798977
-5.246301
-11.197064
-8.446827
-6.131043
-6.289406
-7.567822
-10.557312
-7.007165
-8.431325
-9.255083
-7.364954
-6.946713
-9.159917
-9.102622
-8.640870
-9.469238
-7.537908
-6.602341
-6.582781
-8.895549
-8.158186
-6.859148
-7.327517
-7.546628
-7.305892
-8.567279
-7.292744
-4.510054
-5.742622
-8.075584
-10.229778
-1.685253
-7.815045
-11.623269
-14.106238
-9.614347
-8.752690
-7.944180
-5.810509
-7.477729
-6.790264
-5.967487
-8.185068
-10.986635
-6.859175
-9.500126
-7.148842
-6.596549
-9.453900
-8.672409
-8.637669
-9.737197
-9.671261
-10.938863
-7.835462
-6.398686
-6.535318
-8.009925
-6.518818
-10.032308
-8.672291
-6.280649
-7.607508
-4.943765
-5.557436
-6.502882
-10.020911
-8.829503
-7.015112
-6.187155
-11.944624
-9.254678
-7.228596
-8.766747
-6.803909
-11.718097
-7.581189
-11.496562
-14.477727
-7.896920
-8.113834
-5.832098
-5.349319
-7.162230
-7.881281
-6.750037
-6.434813
-4.487684
-4.611484
-4.132045
-7.542152
-5.096929
-9.872005
-5.643008
-9.151721
-7.240587
-6.317196
-9.359456
-7.949618
-4.504052
-4.371707
-11.802862
-6.742234
-8.299996
-9.115507
-7.383004
-6.367086
-8.766114
-11.691569
-6.637648
-9.784145
-9.699662
-7.288264
-7.400163
-4.264134
-7.706243
-8.991660
-7.796776
-2.285927
-6.110406
-5.755009
-7.471829
-4.950482
-9.616715
-8.245674
-6.553842
-8.515413
-8.597922
-7.948423
-6.517237
-3.934171
-5.466461
-7.551517
-8.056877
-9.153500
-5.443897
-6.449834
-6.019942
-7.162985
-7.791418
-12.156609
-8.180242
-10.538175
-9.596438
-3.460798
-9.843550
-6.309419
-7.343296
-3.887629
-6.999132
-5.022496
-8.294993
-4.731905
-11.153747
-6.714650
-3.510834
-9.198712
-2.399352
-5.394594
-7.678570
-9.007468
-5.688032
-10.069902
-8.662765
-6.517385
-5.409458
-4.792282
-8.859000
-6.648609
-7.464397
-9.081731
-6.852766
-10.331821
-10.374512
-8.904982
-7.199571
-5.639048
-7.982642
-8.687853
-5.439132
-7.568635
-8.661122
-8.070989
-11.113291
-7.336859
-6.180501
-8.177766
-7.414441
-7.678517
-9.869676
-6.848011
-9.021732
-8.974092
-8.666077
-8.464805
-11.880635
-11.762598
-5.679128
-5.661815
-8.225734
-5.980300
-4.610849
-3.038055
-5.708674
-7.534272
-6.027425
-5.614863
-6.832994
-8.679428
-8.026676
-5.883637
-4.080051
-6.522746
-9.273655
-2.962752
-10.710989
-6.503189
-9.075056
-9.558222
-6.362760
-4.993062
-5.906090
-9.458416
-6.768021
-13.650230
-11.205922
-7.884441
-5.391459
-9.877855
-9.551147
-5.510353
-8.401866
-7.369458
-12.097679
-10.273614
-8.022106
-4.545402
-8.470874
-6.166402
-10.498075
-8.000257
-7.211003
-3.806106
-8.042548
-6.732881
-3.138748
-13.318324
-8.092097
-7.834468
-7.637392
-8.964624
-7.686509
-9.216702
-8.657577
-4.282225
-7.706224
-11.067015
-6.220102
-10.440361
-7.036595
-6.173017
-5.941700
-7.957337
-2.123156
-6.252771
-7.886472
-6.366433
-9.592855
-5.777380
-6.393742
-9.852907
-6.759516
-5.093367
-10.524580
-10.382735
-6.058196
-9.629108
-9.165718
-9.504568
-9.169401
-9.417225
-6.600546
-7.716315
-10.374254
-9.654158
-4.290350
-6.817204
-8.699009
-6.795131
-5.446343
-6.873697
-5.616643
-6.886361
-10.047341
-7.899924
-8.375789
-7.654248
-5.882401
-8.472197
-6.321191
-3.795208
-8.317639
-8.730546
-7.203068
-4.371625
-4.383027
-10.455756
-7.976077
-6.726126
-5.708053
-3.955613
-6.841899
-7.977684
-4.977643
-11.043837
-8.486796
-10.255135
-4.777192
-3.929968
-4.168381
-9.270703
-9.633732
-8.725419
-8.649116
-7.765490
-3.990952
-5.908709
-4.071874
-5.588170
-6.237236
-9.300269
-10.525813
-4.506473
-5.766568
-8.036015
-5.006372
-9.582345
-4.231042
-11.501525
-9.013513
-5.597057
-13.045290
-8.180879
-8.056479
-8.092358
-10.272543
-9.506328
-5.599929
-6.540675
-6.026252
-9.958570
-8.724607
-13.025634
-2.956374
-8.050048
-7.757608
-7.971224
-4.719053
-4.559008
-7.080265
-5.061862
-7.708264
-7.152486
-6.148526
-5.822562
-11.750884
-7.363713
-7.727324
-8.216153
-11.755445
-8.704107
-7.819729
-7.005703
-11.008292
-8.656159
-7.320827
-8.007562
-7.605424
-8.339762
-5.189913
-5.104610
-10.996520
-4.458375
-7.779069
-5.423440
-5.881812
-12.052695
-6.114289
-2.799803
-8.024781
-5.901058
-7.914944
-3.609167
-8.907697
-8.028253
-7.304279
-10.845763
-6.528311
-9.203859
-11.951823
-7.469135
-8.651385
-7.202271
-7.261562
-9.205362
-6.724229
-8.828114
-9.166327
-5.226000
-5.837523
-8.062596
-8.207474
-7.310544
-8.330705
-7.587764
-7.804794
-5.342269
-10.819080
-5.526650
-5.033902
-11.238884
-10.123977
-8.020817
-8.560575
-11.865976
-8.627114
-7.092273
-8.515594
-4.131615
-7.179463
-7.741040
-7.152071
-7.664185
-7.525310
-5.857451
-8.203728
-10.992033
-8.227971
-4.888683
-6.648118
-4.536287
-6.923548
-6.561734
-7.860497
-6.669559
-7.262436
-7.907744
-6.261321
-5.884872
-6.147696
-9.550614
-8.390765
-6.369956
-8.357703
-9.444548
-8.719499
-4.654911
-9.742615
-9.919526
-1.403764
-10.508052
-13.560120
-6.771911
-14.693434
-8.580482
-9.764153
-6.725441
-3.491450
-4.301293
-6.792450
-10.125871
-5.047635
-7.589729
-4.131266
-8.477936
-7.715166
-10.957629
-7.137836
-6.158074
-7.242675
-6.687315
-8.194302
-7.109487
-8.659806
-4.914520
-9.083137
-8.264892
-6.845837
-6.870206
-13.224132
-7.892534
-7.509853
-4.784488
-8.401487
-8.995913
-7.447986
-7.789022
-3.698275
-7.673272
-4.098521
-5.799560
-7.757213
-6.947311
-11.304491
-6.435887
-10.693021
-5.867397
-8.226594
-2.876686
-7.994215
-5.827196
-14.019100
-8.468416
-8.351760
-11.044085
-3.471284
-6.255915
-9.920875
-6.308752
-3.434031
-10.376621
-9.582067
-5.147815
-6.934206
-7.298945
-5.915983
-7.857072
-6.076603
-7.462565
-5.552376
-9.119161
-8.076925
-5.889192
-6.834627
-5.162585
-8.424780
-9.637255
-12.421009
-9.972457
-5.860232
-5.827349
-8.662405
-8.015282
-6.077402
-8.648563
-5.753736
-4.578868
-13.960254
-3.632267
-9.342670
-10.452450
-9.704134
-5.010083
-6.830662
-9.737279
-6.240475
-8.585639
-4.517148
-4.541267
-8.864925
-7.116035
-7.105685
-8.273100
-7.509835
-7.365372
-9.077368
-9.090750
-6.905652
-14.083948
-10.384819
-7.407197
-7.600711
-6.482766
-5.807288
-7.446712
-7.520401
-13.790889
-8.476364
-2.690075
-6.091063
-9.173314
-5.293216
-5.130843
-10.667694
-2.924394
-7.221716
-9.551513
-6.507233
-6.914605
-9.682587
-6.317071
-8.052156
-8.189165
-10.195111
-7.394376
-8.035307
-7.266210
-11.118714
-1.581252
-4.243618
-12.932041
-5.069668
-9.043453
-5.947885
-11.098149
-8.883775
-4.909608
-8.868288
-3.660032
-6.268945
-4.888784
-4.686037
-4.389123
-4.777543
-9.492712
-8.119920
-4.909934
-4.794693
-5.388139
-8.920847
-6.926692
-12.854299
-8.810773
-8.516211
-7.718135
-8.694036
-5.695437
-5.151345
-4.295715
-10.462706
-10.515882
-6.695242
-8.655331
-6.518007
-6.789914
-5.708085
-9.105420
-5.570597
-11.347645
-5.140300
-6.469578
-7.814280
-3.417794
-6.899348
-7.038832
-6.593968
-7.345964
-9.335647
-9.572032
-9.254710
-9.225229
-5.863921
-8.402205
-5.170410
-6.216804
-5.681155
-13.037363
-9.861715
-11.519908
-8.548171
-7.320261
-6.750731
-8.422159
-15.135383
-8.948336
-11.233203
-8.956055
-7.865809
-9.009592
-9.140436
-4.331843
-4.841840
-7.002989
-5.018637
-3.920455
-8.429187
-7.556216
-8.174743
-8.489896
-6.409551
-6.728126
-9.264767
-6.000379
-5.293871
-6.652081
-8.994350
-3.972464
-8.440422
-3.947290
-4.719531
-6.576087
-11.210540
-8.299993
-7.740333
-8.682723
-8.212311
-4.717301
-6.457918
-6.677043
-5.006489
-6.138964
-7.495081
-10.929011
-8.484875
-10.939725
-8.780366
-8.642593
-8.328498
-7.216647
-7.661537
-6.087109
-5.588648
-7.987558
-8.039402
-6.012276
-7.014071
-8.987874
-10.868224
-6.734519
-7.593127
-8.063736
-8.311848
-6.059359
-3.591014
-9.766097
-7.849621
-9.597120
-12.021420
-6.166717
-7.706319
-3.883797
-6.817849
-3.918020
-5.084024
-7.864377
-7.827816
-5.230652
-7.472740
-4.702511
-8.103539
-5.224028
-8.998326
-5.582719
-10.666949
-5.718039
-9.420790
-7.956077
-8.710928
-7.185156
-8.991130
-8.726230
-4.204082
-5.572978
-7.685784
-10.648659
-4.666227
-8.436134
-7.371562
-4.709199
-8.574401
-7.276949
-10.569768
-7.876968
-10.414069
-8.502787
-6.344903
-8.008635
-8.396357
-7.476262
-4.251953
-4.894429
-5.886039
-4.513452
-6.121501
-9.103278
-9.994038
-10.382224
-7.749938
-9.380404
-9.561683
-6.730792
-10.294144
-7.008295
-8.484638
-4.624941
-5.855811
-3.946299
-7.647418
-5.724107
-4.987166
-9.406413
-6.073179
-6.563484
-6.596067
-8.395864
-8.218198
-7.233368
-5.781633
-4.196465
-9.639682
-9.349916
-4.555608
-12.022445
-6.100749
-3.574854
-6.718742
-8.390357
-8.876208
-9.446410
-10.020660
-5.305779
-11.609284
-7.989854
-9.122965
-10.066442
-7.363448
-7.940146
-6.733746
-8.781978
-8.831179
-5.383491
-4.321391
-8.565437
-6.958173
-8.294339
-10.787017
-5.821561
-8.877854
-10.565210
-4.733959
-6.832040
-10.291396
-5.832273
-7.910599
-7.665158
-8.929188
-7.738457
-6.428117
-9.843647
-7.350755
-7.681396
-9.782042
-9.956652
-9.690751
-6.211723
-4.695582
-6.439507
-8.390000
-4.375386
-3.562514
-8.160583
-7.642624
-9.479239
-7.948940
-8.127604
-5.613224
-6.381042
-12.162365
-4.206829
-7.378410
-5.595629
-6.476790
-8.159903
-4.448744
-9.062929
-5.538071
-6.570612
-8.884911
-8.213097
-8.921410
-12.009701
-6.447176
-9.055954
-6.774160
-9.241297
-7.835896
-6.858538
-5.179168
-7.614480
-6.931416
-10.349030
-4.570854
-8.733125
-6.646445
-7.125086
-13.445800
-9.458654
-5.852227
-5.368595
-8.072295
-6.140904
-9.228490
-7.779778
-6.544756
-8.502615
-5.742455
-7.280628
-11.645100
-9.968996
-4.829672
-5.010157
-3.251420
-7.851909
-6.639539
-10.616572
-11.522662
-16.016428
-6.851208
-7.071381
-5.018322
-8.990036
-6.874797
-11.562305
-10.227356
-5.628141
-6.529806
-8.105752
-6.008969
-7.587339
-4.759239
-6.043015
-5.472568
-8.605901
-7.390501
-7.619342
-6.017385
-8.188030
-8.391808
-10.836862
-7.689584
-9.198334
-8.845627
-7.061518
-4.760766
-6.503946
-6.905189
-8.243159
-9.363070
-7.735615
-9.442243
-3.958087
-9.317766
-10.734046
-5.068055
-8.823376
-9.336469
-5.977967
-8.861609
-7.300358
-5.967978
-4.553787
-10.044483
-7.976708
-3.700336
-9.580441
-4.055237
-10.051442
-8.732194
-4.470771
-4.018901
-8.357754
-9.134665
-4.957942
-6.886799
-7.052766
-10.323834
-6.743733
-4.022229
-5.265466
-7.230607
-7.327221
-4.779221
-6.434051
-8.487372
-8.426283
-10.455999
-7.035876
-5.501588
-8.777154
-8.213484
-9.674270
-13.064907
-7.779613
-7.295376
-7.385907
-10.795164
-9.478528
-6.830448
-7.589878
-5.778162
-8.598015
-10.964687
-8.392196
-8.945328
-7.356369
-7.469219
-8.391601
-8.222443
-5.893257
-6.814287
-10.014753
-4.408580
-6.030155
-5.292223
-4.208257
-9.812427
-7.304434
-9.620752
-5.151522
-9.818186
-3.206296
-7.608607
-5.445313
-7.953174
-8.017194
-6.872096
-6.473003
-8.489168
-8.894355
-8.831972
-5.186469
-7.535598
-7.605731
-8.654608
-6.885027
-10.561195
-7.887727
-4.098788
-10.373721
-9.082818
-8.060081
-7.824893
-6.401276
-3.425703
-6.823590
-9.484998
-9.279155
-13.540383
-12.126947
-9.073848
-7.779618
-6.664520
-7.975473
-4.620610
-8.635243
-6.079104
-7.449003
-12.887577
-8.672409
-5.867392
-8.445308
-9.989522
-11.454948
-9.301970
-5.024399
-10.124119
-4.236895
-5.976281
-5.343186
-8.323750
-7.763829
-9.842070
-5.461751
-8.034519
-5.535832
-6.037719
-8.269059
-5.370701
-11.142029
-5.080229
-7.873321
-4.655191
-9.144412
-8.266718
-10.279876
-6.337655
-5.570085
-13.346803
-7.927642
-8.358084
-9.907419
-6.132438
-5.407282
-6.168159
-6.950866
-5.949877
-6.412171
-5.834617
-6.673611
-8.645840
-8.146581
-8.841900
-7.403286
-8.493920
-7.515382
-6.243051
-8.679327
-3.366944
-7.177362
-9.761744
-7.155982
-8.829606
-6.398541
-5.531161
-8.231050
-10.214313
-6.158994
-9.315727
-7.893751
-6.456654
-6.208811
-8.190079
-8.442787
-5.925530
-8.611605
-5.172706
-8.979103
-5.500109
-1.873525
-6.592980
-6.610956
-5.753361
-8.146341
-5.578440
-9.947006
-7.809310
-6.936748
-6.134548
-3.014329
-11.906113
-6.541839
-7.924767
-11.728506
-9.366156
-4.199368
-12.052695
-9.695822
-8.333938
-8.272610
-8.826073
-13.263305
-4.233628
-9.603284
-4.211587
-6.109152
-11.096874
-7.718363
-6.894678
-7.616131
-7.244324
-4.734494
-2.459794
-5.727765
-7.691217
-8.079210
-6.221360
-7.001949
-10.276951
-5.120404
-9.529173
-4.205489
-7.872955
-10.611821
-11.144095
-6.661115
-9.893751
-7.627779
-4.822056
-6.181091
-8.045784
-8.417984
-6.246454
-3.572435
-9.128643
-7.153730
-8.893662
-8.371856
-6.739067
-8.622300
-5.671463
-7.509657
-4.911006
-5.455293
-6.936488
-6.745383
-6.172898
-9.775367
-10.147424
-10.483530
-9.538399
-8.111814
-9.083505
-8.727739
-7.290260
-5.297715
-8.128281
-9.751818
-9.270045
-6.964320
-2.553156
-4.975814
-9.916656
-10.186083
-9.605312
-9.663416
-7.928099
-6.649189
-6.427345
-7.210607
-7.076728
-4.118717
-7.821699
-11.979861
-8.773856
-4.591681
-5.186671
-12.392597
-8.903419
-6.998388
-9.040901
-10.214767
-5.779617
-5.519663
-9.363764
-6.718730
-7.923706
-8.358120
-6.991423
-7.822407
-9.299248
-6.688930
-8.374765
-6.150782
-7.522175
-9.149548
-10.949850
-5.893353
-6.392422
-11.068417
-7.392171
-14.182910
-10.414605
-8.379418
-10.571512
-10.896471
-7.527895
-7.596393
-8.427606
-7.854194
-6.922467
-7.286324
-7.046110
-12.662467
-6.027254
-9.977976
-6.760061
-8.327988
-5.150192
-7.037699
-11.125370
-10.386288
-2.714065
-4.763122
-8.786136
-7.636073
-6.569270
-7.435704
-9.223927
-5.311844
-8.002620
-7.684665
-7.322462
-8.351451
-5.580848
-8.691326
-6.632408
-5.561131
-11.046041
-8.223983
-7.429121
-6.978100
-9.135243
-10.217839
-7.223133
-9.500108
-4.134799
-8.003854
-5.213893
-10.980540
-7.204150
-6.444509
-11.624403
-9.055087
-7.431440
-8.473278
-8.327328
-8.431686
-8.277087
-9.110652
-9.506421
-5.559140
-7.114915
-8.646927
-9.095724
-5.837028
-7.174646
-5.813566
-6.912300
-7.226324
-7.892259
-9.499899
-7.701427
-6.329726
-5.688875
-8.998814
-10.256407
-7.588698
-11.078930
-9.688903
-9.803143
-11.390680
-5.937315
-8.456533
-2.856422
-3.343779
-5.945057
-10.481829
-7.849245
-9.352012
-7.080623
-3.590325
-5.871385
-8.070830
-13.185114
-8.081077
-8.983289
-6.886287
-5.822852
-8.671246
-9.946493
-8.468579
-10.510715
-9.048512
-4.692809
-9.631358
-7.111782
-8.280902
-7.448718
-8.654972
-5.995680
-8.239509
-6.788491
-6.237216
-5.552910
-9.385785
-6.599955
-8.113547
-8.659513
-8.306501
-9.684788
-8.994669
-9.286555
-7.322991
-7.512969
-8.783763
-10.145820
-7.821659
-8.327744
-7.724628
-5.330037
-6.640962
-9.528090
-8.407602
-9.390780
-6.992964
-6.742015
-7.336600
-8.144437
-7.090438
-4.031960
-7.205740
-7.611263
-3.210292
-6.650003
-7.470269
-7.085337
-6.622021
-8.700773
-5.884076
-8.759862
-3.565635
-9.497545
-3.271340
-3.357223
-6.669244
-7.452892
-9.310417
-8.762432
-8.628533
-9.647842
-8.145885
-8.303525
-9.970705
-8.805393
-2.690256
-6.597776
-10.100737
-5.561991
-4.331545
-9.091000
-8.668337
-6.202588
-6.889507
-9.009041
-4.440598
-8.609526
-12.903090
-5.779006
-8.831045
-10.469159
-7.918104
-6.653399
-7.586421
-7.410861
-10.926805
-7.981589
-7.800740
-6.565677
-7.538442
-4.863144
-6.075292
-6.172384
-10.697050
-7.539327
-10.863633
-9.715157
-7.709196
-7.014302
-13.336164
-7.123011
-6.638887
-7.556453
-5.058310
-7.438127
-7.200297
-5.071064
-9.810100
-8.430094
-8.092452
-4.566748
-7.569288
-7.689959
-6.024815
-8.711232
-10.938042
-3.520224
-9.872355
-6.861531
-6.039034
-9.307530
-8.102807
-8.281109
-8.638888
-5.773109
-9.133938
-7.259307
-10.983826
-4.852889
-7.695320
-4.021492
-8.311584
-5.190829
-5.881398
-5.173983
-6.794740
-8.840817
-7.308840
-7.956714
-9.252104
-8.690878
-2.946957
-2.173924
-9.050093
-4.838288
-7.618752
-7.417943
-8.942487
-8.876277
-8.143462
-6.700095
-7.200973
-7.617348
-10.827777
-8.588532
-8.627213
-7.058920
-3.897106
-8.272137
-10.915351
-7.440263
-9.274179
-8.328365
-7.903941
-10.285354
-6.100622
-9.136764
-7.625199
-7.816060
-9.217830
-7.075682
-10.762208
-10.247315
-8.907333
-10.475739
-12.173721
-6.333559
-6.831632
-8.737513
-8.897745
-8.876951
-10.595890
-9.378949
-10.273996
-7.918286
-3.487043
-7.743557
-5.303218
-7.318465
-9.450750
-9.122988
-8.795976
-6.209192
-7.922313
-6.836587
-7.969082
-7.268946
-8.205625
-6.010978
-13.777377
-7.661522
-7.079216
-4.056521
-5.103571
-9.726753
-9.473647
-5.511648
-8.633146
-7.856845
-6.578598
-9.052460
-7.195291
-3.289849
-7.576555
-9.023244
-7.329056
-9.567244
-8.233294
-4.309123
-10.026358
-6.393698
-3.699474
-10.272394
-4.172293
-4.202934
-7.970419
-6.759808
-10.148445
-6.204829
-6.645779
-5.485520
-9.370748
-5.772915
-8.546179
-8.241245
-5.615344
-8.253602
-8.719572
-6.584884
-6.126269
-6.261870
-6.951891
-7.171461
-4.959130
-6.748651
-9.482496
-8.837941
-10.637950
-5.683587
-6.286408
-9.532226
-13.640051
-10.703712
-9.713587
-8.978333
-11.250790
-7.148200
-7.875929
-5.676745
-8.833638
-7.957729
-10.605693
-5.521649
-9.744269
-8.072050
-8.668720
-7.938288
-5.572897
-6.995454
-7.164742
-10.445189
-6.915439
-6.283461
-9.515273
-7.052550
-7.989998
-6.560895
-10.242746
-9.543575
-8.715092
-4.898427
-5.813540
-5.586770
-8.516141
-8.960798
-11.647579
-9.351494
-9.204865
-10.298400
-9.310651
-11.747941
-9.445000
-5.274704
-5.801606
-8.935534
-6.258219
-6.704083
-8.490098
-6.881982
-2.645714
-10.033042
-7.357410
-6.912253
-8.462017
-5.870408
-4.896947
-7.784151
-10.134521
-4.388887
-8.414357
-6.623204
-5.899389
-8.961719
-6.980927
-6.290450
-7.086459
-7.663865
-10.920785
-10.427304
-10.087283
-9.544059
-8.184778
-10.027749
-6.941186
-7.325669
-4.766489
-5.613129
-9.777960
-8.326127
-9.880322
-9.289923
-6.099349
-5.263195
-7.462480
-7.870290
-9.222804
-6.138812
-9.618516
-10.311311
-7.280280
-8.149183
-8.469506
-5.911345
-7.078148
-6.462914
-7.167072
-9.707664
-8.046746
-9.329106
-8.695887
-9.381721
-11.984487
-8.108356
-8.684960
-7.205013
-6.330750
-6.899602
-5.443858
-6.266082
-5.877779
-9.827886
-7.034426
-4.749103
-9.785135
-8.847718
-7.107821
-8.434649
-8.240273
-8.354143
-6.634893
-6.610383
-8.460241
-10.393390
-6.752500
-9.985050
-7.326758
-10.415785
-5.031697
-4.675522
-8.465247
-8.457222
-8.271479
-7.517598
-9.850309
-4.855218
-11.611369
-11.037952
-7.987526
-8.784354
-11.748999
-6.286132
-7.422535
-10.849271
-3.607843
-7.172300
-8.076189
-4.460136
-8.952597
-7.344531
-6.197762
-9.583559
-7.790780
-9.625385
-8.611766
-6.691842
-5.669931
-8.052339
-7.605883
-8.479090
-7.973285
-9.312057
-9.413033
-7.693204
-9.416921
-10.287530
-11.123931
-8.742694
-7.455900
-10.079229
-6.004140
-11.296506
-5.632787
-6.413331
-7.813634
-7.910975
-7.842649
-9.691479
-8.640446
-9.677991
-6.057182
-7.483610
-7.543717
-10.701827
-7.724657
-5.829775
-8.484652
-3.715401
-4.540658
-8.569674
-9.861567
-7.395908
-8.213985
-9.750179
-6.095967
-7.212148
-8.885929
-6.313802
-11.636485
-9.920768
-4.608095
-9.373660
-7.231312
-4.226698
-5.754575
-6.364454
-8.832887
-12.533360
-8.883552
-6.714176
-6.528955
-6.253458
-7.736413
-6.049308
-10.806155
-2.000360
-4.054851
-9.233109
-3.949334
-7.291832
-11.515806
-7.693321
-7.843330
-5.160548
-11.106588
-11.063096
-8.552680
-7.611423
-1.698952
-8.163552
-11.133496
-9.953150
-5.551955
-6.205010
-7.818458
-8.478324
-6.998658
-5.640168
-7.679679
-7.972227
-8.921391
-1.846580
-8.418302
-6.108667
-6.144856
-8.500796
-5.114061
-11.238810
-5.865007
-9.836781
-10.278696
-6.469331
-5.143469
-5.647135
-9.253772
-9.008589
-8.800874
-4.417575
-7.140387
-8.924308
-6.874598
-5.459312
-6.391970
-9.009694
-12.767147
-9.081989
-4.981436
-7.813125
-9.811424
-6.652126
-5.384930
-7.069788
-4.456714
-4.732763
-7.384415
-7.315742
-6.281063
-7.299816
-6.231821
-6.795866
-7.295481
-7.706047
-8.529953
-9.346493
-7.165111
-10.629756
-6.730184
-4.782088
-9.836604
-10.095291
-9.100592
-13.404865
-10.230989
-3.733573
-9.088329
-9.666943
-9.885454
-10.082288
-10.331894
-4.316180
-9.607644
-10.335434
-8.453963
-4.696493
-5.189573
-6.176525
-7.722463
-9.103978
-9.705586
-7.840878
-10.733446
-7.166355
-7.751709
-6.270965
-7.268904
-2.470619
-4.536688
-7.719544
-7.163231
-8.111924
-8.227890
-7.701123
-5.681780
-6.769753
-11.084027
-9.666745
-11.256302
-8.815722
-5.819616
-10.322968
-7.221267
-8.189328
-12.860584
-8.244889
-8.335141
-10.905799
-5.314547
-8.369500
-9.458719
-3.892618
-5.995293
-2.404351
-9.219341
-8.645837
-6.289181
-4.972397
-8.169201
-6.213489
-4.512901
-10.222498
-9.229475
-7.570264
-10.187095
-4.543763
-7.682056
-7.725907
-7.542948
-9.396101
-3.098922
-8.735574
-11.227770
-6.947214
-10.855916
-9.035131
-6.351007
-7.912334
-6.933038
-7.617945
-8.778322
-11.265982
-7.111903
-6.406781
-8.826396
-7.272429
-8.855130
-6.683926
-5.650811
-7.940561
-8.007983
-4.468794
-4.968109
-4.245379
-9.598754
-9.008739
-7.060391
-6.517251
-5.511229
-10.207423
-6.312452
-12.040582
-9.505442
-8.794224
-6.023434
-6.952953
-8.678453
-9.274765
-5.938867
-8.458686
-7.113862
-8.049489
-9.845364
-8.664183
-6.567946
-6.135160
-6.483352
-7.226781
-8.649219
-5.125025
-5.535466
-8.588120
-6.675461
-9.521320
-9.607676
-10.162459
-9.249140
-11.278426
-9.734553
-5.238205
-5.718425
-8.433290
-7.660248
-5.531705
-10.838606
-6.941367
-10.931408
-6.668989
-7.262125
-2.686336
-8.545033
-5.947626
-6.535204
-7.636788
-5.869718
-5.685459
-7.134937
-7.778138
-8.616405
-5.581459
-7.012584
-5.940871
-5.103470
-11.035381
-7.859188
-7.200678
-11.134098
-5.597845
-4.818649
-5.898842
-4.346434
-9.934466
-7.256127
-14.822021
-7.934359
-5.886534
-12.894814
-7.214580
-6.571687
-9.562132
-3.912215
-5.767530
-7.644223
-7.233896
-7.625579
-8.019520
-9.181231
-5.981699
-5.789135
-6.650720
-5.334548
-7.495350
-7.208650
-11.832991
-8.150247
-2.162699
-9.480953
-11.179911
-7.694128
-9.705588
-8.000649
-7.001530
-7.914039
-6.634874
-4.319885
-8.151952
-8.426988
-4.986901
-8.732603
-6.872768
-5.091291
-10.188922
-8.981545
-6.133032
-4.680350
-7.754818
-7.140408
-7.260713
-6.861836
-11.152239
-10.744199
-6.756977
-7.538647
-8.546387
-10.809622
-9.555218
-9.273324
-8.870486
-6.969982
-6.783406
-6.283258
-7.601105
-4.390045
-8.126502
-4.464239
-5.220233
-9.441683
-6.420446
-4.265803
-5.295674
-8.211646
-7.666430
-7.908755
-6.591070
-8.478885
-7.832456
-7.893070
-7.924118
-9.813795
-7.536278
-4.622102
-5.499515
-6.678965
-9.091672
-6.556952
-9.071987
-8.966846
-6.153679
-5.241900
-9.204604
-7.277398
-9.399688
-12.310680
-4.275117
-4.062115
-3.946423
-9.229810
-9.886666
-8.056847
-5.266622
-6.769707
-13.684020
-7.856162
-4.156244
-7.415239
-6.652598
-8.484318
-5.731349
-6.985989
-9.327559
-6.680672
-8.201285
-8.048371
-6.439742
-12.116643
-7.214421
-7.788229
-4.701692
-10.045733
-6.880612
-12.242512
-6.365663
-7.013622
-6.212759
-4.341261
-5.858868
-10.803566
-6.813204
-5.287928
-8.430610
-6.291387
-5.641168
-9.442285
-9.452003
-7.475821
-10.753891
-9.767062
-12.452940
-6.499375
-9.019033
-9.355185
-11.876779
-8.533605
-8.766728
-6.459442
-5.417085
-5.785727
-5.014124
-6.008591
-7.828208
-9.026549
-8.630407
-6.344583
-11.148845
-12.580743
-6.266284
-4.695191
-7.582752
-7.228325
-10.012336
-7.655716
-8.070922
-9.467191
-4.835190
-8.144975
-6.422709
-8.516696
-7.255222
-4.128726
-8.380447
-9.947740
-8.810406
-7.197014
-6.819887
-5.969010
-8.016659
-6.876942
-6.719227
-9.784995
-8.047946
-2.975473
-11.015034
-6.411041
-5.437293
-9.050120
-7.979774
-4.091919
-12.963293
-11.633029
-4.572345
-9.851040
-10.820024
-9.362885
-9.953496
-8.276950
-5.161527
-3.947376
-9.912021
-6.783389
-3.416052
-8.782435
-4.414469
-9.049087
-13.033731
-8.703883
-10.078328
-9.481706
-5.315337
-8.582306
-13.149250
-10.361835
-9.113292
-10.026055
-5.293477
-5.435883
-5.981539
-5.664846
-9.797215
-5.803342
-8.174926
-10.611923
-5.813830
-7.933789
-6.809988
-8.164330
-5.637166
-9.137032
-9.249831
-7.654164
-14.310440
-4.875051
-5.245811
-8.769621
-7.828318
-6.691160
-5.590935
-7.928450
-7.338440
-8.274149
-8.556653
-10.361252
-10.245431
-8.607166
-8.721539
-8.806439
-7.529780
-7.842092
-7.584542
-10.899955
-7.355411
-7.821591
-7.203509
-8.831038
-8.324743
-7.728423
-6.643579
-8.451303
-7.671688
-7.927016
-7.459698
-8.351736
-5.748351
-7.155324
-10.549172
-6.379441
-7.546914
-5.389713
-6.611658
-5.751032
-6.733518
-6.686514
-10.627239
-8.905948
-8.391951
-6.257419
-9.862705
-3.918916
-7.535787
-4.450159
-7.987684
-7.292069
-9.320775
-7.365047
-10.221509
-6.223515
-12.135312
-7.964902
-7.447134
-10.040585
-8.724035
-11.213279
-8.851041
-12.737285
-6.661167
-8.430717
-8.369931
-6.914927
-7.860234
-9.190868
-3.680731
-3.517784
-14.345345
-6.924439
-7.475595
-7.553414
-5.945919
-11.626493
-4.625811
-7.506765
-6.995864
-6.302276
-8.683433
-5.429732
-9.465164
-11.384070
-9.717960
-8.808357
-6.715693
-9.717422
-10.787345
-7.223354
-4.532921
-6.638731
-7.195930
-7.547184
-5.579608
-7.392255
-11.077103
-10.753034
-6.600826
-7.799802
-10.481476
-10.256966
-6.018760
-7.144560
-9.051767
-11.469186
-7.547473
-6.276878
-8.938475
-7.994624
-4.168274
-6.933017
-7.219491
-6.708635
-3.276173
-6.651991
-10.635565
-6.056916
-7.874486
-6.914114
-4.570281
-9.188231
-11.244370
-4.593615
-7.928741
-8.228245
-5.984447
-9.084216
-4.994799
-6.348203
-7.082975
-7.583132
-6.689058
-7.705004
-3.132074
-7.056083
-4.841908
-6.432436
-5.321812
-8.283674
-10.203522
-10.090773
-7.689415
-6.431904
-6.264030
-10.320754
-6.606375
-6.446645
-7.030751
-10.842514
-9.526757
-6.374541
-7.719493
-4.021413
-6.536036
-6.258835
-7.780832
-8.575576
-4.961854
-7.537008
-10.095033
-9.000599
-9.053654
-4.528612
-7.221049
-9.925531
-12.053944
-7.855489
-11.998143
-7.254561
-6.541537
-7.525632
-8.834950
-11.170271
-6.360180
-10.377656
-6.154595
-7.004992
-9.241099
-4.570513
-9.586302
-5.995191
-7.520289
-8.422112
-4.901890
-9.004373
-9.994386
-8.049450
-3.840477
-4.118991
-6.969277
-3.922807
-10.288575
-6.529911
-5.576095
-8.521505
-7.240339
-6.616937
-10.177123
-7.289341
-10.335087
-4.608059
-9.156959
-6.216871
-8.135369
-7.434827
-6.743051
-6.028654
-10.559323
-4.875727
-6.599149
-6.957611
-8.697663
-6.256612
-6.841732
-8.763430
-6.904265
-10.322077
-10.130366
-10.586891
-7.615586
-10.202400
-6.201931
-6.582738
-11.280388
-6.794118
-7.905248
-9.425455
-6.520656
-13.395738
-8.338960
-7.791845
-8.028218
-11.439646
-7.427506
-7.992818
-9.840366
-8.073913
-6.047329
-8.761628
-5.313250
-16.931417
-6.099395
-6.324877
-7.401534
-5.619203
-6.809829
-4.894896
-6.739202
-9.790413
-8.410089
-4.368515
-9.036545
-6.574027
-8.540748
-4.226838
-9.086200
-10.198193
-8.423191
-5.207615
-7.600681
-7.600814
-10.614724
-11.093328
-7.780519
-4.876510
-6.585879
-13.394733
-5.291140
-7.339468
-11.481943
-11.628097
-13.087652
-6.028661
-7.330658
-8.613153
-8.069452
-9.143182
-3.724465
-8.715267
-8.112278
-5.046108
-10.695156
-11.184504
-6.330723
-6.658861
-13.733385
-4.676443
-5.173045
-9.220073
-6.313826
-7.636298
-11.195435
-10.910463
-9.150447
-4.770121
-9.590315
-7.172086
-7.682310
-6.424058
-5.969357
-11.616561
-7.492867
-9.411711
-6.087932
-9.881658
-9.182439
-7.759366
-7.414520
-13.012458
-6.032932
-8.402949
-8.334513
-9.157167
-8.924679
-7.521805
-9.862436
-9.765637
-10.451482
-10.843482
-8.380377
-8.908510
-8.672409
-8.391311
-6.493834
-6.873577
-5.985561
-7.138780
-6.987260
-10.912592
-10.402998
-12.293742
-5.670738
-8.326059
-6.982894
-3.981558
-8.978791
-6.894282
-6.357539
-5.648538
-8.750740
-6.260766
-6.474063
-8.634198
-9.504940
-8.505461
-7.583188
-9.170446
-8.194746
-10.602077
-8.843179
-5.607160
-6.374471
-4.640216
-6.316564
-3.976362
-7.746946
-6.578700
-5.300579
-6.288108
-8.605975
-4.952080
-7.122854
-4.628004
-7.871556
-7.890054
-6.502756
-7.633137
-10.762208
-7.148758
-10.508983
-8.451060
-4.353439
-7.163921
-7.551723
-7.037711
-8.561402
-8.419014
-11.716798
-9.255337
-7.770525
-7.476599
-8.092059
-7.500537
-6.007614
-7.116421
-5.120037
-11.129379
-9.981805
-8.567932
-7.650537
-9.680209
-3.719753
-6.740973
-5.849120
-5.170198
-8.570623
-6.327142
-9.692696
-5.667210
-5.810463
-8.409184
-10.835461
-8.070272
-7.131063
-10.000962
-13.862122
-7.592228
-4.967161
-5.256323
-9.255914
-9.396744
-7.464619
-5.176312
-8.825093
-7.551113
-7.949615
-9.281434
-8.353462
-6.584300
-9.973254
-7.626000
-8.146482
-7.447659
-6.838128
-9.591205
-6.907043
-3.234823
-6.605217
-5.358337
-12.257440
-9.083581
-9.056907
-7.429843
-4.754662
-11.849738
-6.087648
-8.882296
-9.815974
-10.211237
-8.813404
-9.195765
-7.351757
-9.435423
-8.704205
-6.195199
-8.537195
-3.291846
-9.006494
-8.401435
-6.513192
-8.929876
-6.377375
-6.496786
-11.158751
-6.531915
-10.484658
-4.745155
-6.613441
-8.564504
-4.747179
-8.296436
-6.448808
-7.630562
-8.319379
-8.580585
-8.690900
-7.697025
-10.645849
-6.647233
-7.168549
-6.731991
-8.191985
-11.970471
-9.787494
-7.250011
-7.440922
-7.566077
-6.116106
-9.301123
-8.536741
-12.404488
-9.846348
-10.900992
-8.120930
-9.163008
-7.290727
-9.119195
-10.062072
-10.520205
-5.083206
-7.120797
-8.301478
-6.456614
-9.446623
-7.332922
-7.653256
-11.732531
-7.739941
-8.351817
-8.129145
-9.389565
-10.523902
-5.424020
-6.048852
-6.111928
-11.364635
-5.241027
-8.678058
-8.520581
-6.273314
-7.686259
-7.101451
-6.282431
-7.130529
-8.438504
-12.735214
-9.758525
-7.661337
-6.948257
-6.922021
-7.220736
-6.750823
-4.531400
-6.775580
-11.262372
-8.727095
-10.949400
-6.754914
-6.632502
-9.107473
-9.328226
-4.120212
-9.003621
-5.566796
-10.857188
-4.284782
-5.321405
-7.941868
-4.325314
-8.013276
-7.957226
-10.353553
-3.196347
-8.788793
-5.273706
-8.900028
-8.802660
-8.286315
-8.188499
-3.440746
-13.347365
-7.553655
-10.132719
-6.567579
-7.774407
-8.176193
-6.522159
-5.670739
-6.148332
-7.123542
-10.524391
-6.121954
-6.033362
-5.113234
-5.180957
-9.286788
-6.467984
-5.639811
-6.693125
-11.403207
-11.127674
-11.071656
-6.185346
-7.083605
-6.452919
-7.036183
-6.975618
-7.429463
-6.207249
-6.758845
-4.911830
-7.100271
-7.869769
-9.101834
-8.341471
-6.247993
-7.200424
-8.136180
-9.465564
-11.639455
-6.092669
-6.959093
-8.092149
-4.054080
-11.618779
-4.676668
-8.086559
-8.799809
-10.666725
-9.640784
-10.040889
-6.298334
-5.032765
-8.550413
-7.199172
-7.845462
-8.624966
-7.568806
-10.150599
-9.449885
-8.753209
-6.039707
-8.797383
-5.984812
-8.259898
-6.602943
-12.630652
-13.214848
-6.727051
-9.259162
-5.869818
-10.395495
-7.497903
-6.102840
-12.920261
-5.074525
-6.837329
-10.552098
-7.988169
-7.836603
-2.793805
-11.938353
-6.973168
-3.686243
-5.174179
-9.340072
-9.389800
-11.154196
-9.895008
-9.499028
-11.729372
-8.212696
-5.992517
-8.271994
-6.349036
-8.045492
-6.862590
-10.821640
-9.679326
-10.910631
-8.866884
-7.805388
-3.539801
-9.342046
-7.970060
-5.845949
-5.412706
-10.612524
-7.339094
-7.642031
-6.567008
-7.495423
-8.002147
-9.453918
-5.092887
-5.948132
-12.382448
-5.801536
-7.193728
-9.761700
-8.672409
-7.285735
-12.308929
-8.083818
-9.393094
-9.321900
-6.970995
-4.388254
-4.051446
-7.730865
-8.104348
-10.131354
-6.930027
-9.586787
-8.291568
-6.489767
-7.198153
-7.007865
-8.174287
-6.269545
-5.443818
-5.772370
-7.569137
-5.312420
-9.254830
-5.592802
-10.508697
-8.866778
-5.551105
-8.207346
-7.415975
-7.540974
-10.721275
-9.938890
-6.706381
-7.326481
-8.580805
-7.677669
-8.258250
-8.223569
-9.836055
-7.817209
-7.670094
-11.575973
-7.143131
-6.914535
-7.457971
-4.139235
-7.034527
-7.675987
-6.153047
-8.650415
-5.949062
-5.284160
-8.633090
-14.399130
-7.348041
-8.563600
-5.257450
-8.948212
-7.504356
-9.605768
-6.557662
-8.437922
-6.902673
-4.973726
-6.889271
-6.073221
-7.633301
-4.161878
-5.541598
-7.118665
-11.375978
-6.677331
-6.251523
-9.060223
-9.558519
-4.603947
-5.923584
-10.614828
-8.469504
-8.446407
-11.825776
-6.321017
-5.072751
-7.814138
-9.689610
-10.167327
-9.544582
-8.184340
-7.519167
-12.448151
-8.927402
-5.487077
-6.528424
-6.208654
-8.540488
-5.544992
-11.104797
-4.373310
-7.010045
-6.496585
-6.980152
-8.851207
-10.911345
-3.531022
-7.213527
-7.904261
-7.369198
-8.643837
-10.557838
-4.856116
-8.768698
-8.125401
-5.508992
-10.816267
-7.744781
-8.601138
-9.725249
-10.674022
-12.095578
-7.076242
-8.367346
-6.660975
-7.691841
-10.779098
-7.145474
-7.282574
-6.108471
-10.200799
-10.367673
-8.790593
-8.631720
-7.312528
-7.152663
-5.173857
-7.878208
-8.546471
-10.276456
-6.681515
-8.653921
-6.226975
-12.914065
-7.327867
-5.821464
-7.141934
-6.128331
-5.651766
-8.711364
-5.058453
-6.629086
-7.055829
-7.035331
-10.210896
-7.036732
-7.867075
-6.505844
-7.678170
-6.247685
-5.705055
-6.377456
-4.619319
-7.345427
-6.608437
-7.062898
-7.063893
-8.389389
-9.020127
-9.011452
-14.031217
-9.895901
-10.604899
-7.050778
-10.784243
-9.361417
-7.698423
-7.193260
-7.243437
-6.364485
-7.435689
-8.563745
-8.659321
-12.724332
-7.738298
-8.384359
-9.071234
-7.089063
-5.265834
-5.594608
-9.650381
-11.758143
-9.990561
-8.138022
-8.085832
-9.192723
-5.800662
-6.528689
-7.136934
-7.020118
-6.254322
-9.550288
-12.155666
-10.338962
-7.146718
-7.028121
-7.716313
-6.830152
-4.520640
-9.511957
-6.556261
-7.283914
-2.910286
-7.550695
-8.260672
-5.833271
-7.523098
-6.595054
-8.085296
-5.169217
-7.189497
-5.047304
-5.818878
-6.566522
-7.275042
-7.869271
-9.718709
-5.085337
-8.704119
-5.058447
-6.742851
-7.645692
-9.260358
-8.452367
-9.630033
-3.757603
-10.087622
-8.931579
-7.122046
-6.313725
-7.193289
-7.816875
-9.527392
-6.226851
-10.648540
-6.849258
-8.519003
-9.358784
-11.181915
-8.358126
-5.157319
-7.920065
-8.977803
-11.364863
-9.243491
-8.437540
-6.027251
-6.434715
-10.264831
-5.154601
-8.351247
-8.794084
-6.195932
-12.353126
-9.026387
-8.624032
-9.936244
-11.250167
-8.824996
-6.343611
-10.119340
-6.932226
-11.744945
-8.316072
-8.790541
-6.142429
-9.430388
-8.093319
-8.518159
-7.103888
-13.560203
-9.399883
-12.271787
-8.132684
-7.222419
-10.241408
-7.284068
-8.625962
-6.576524
-10.130635
-4.644546
-6.597390
-6.810188
-10.810893
-5.805722
-8.045376
-10.002932
-7.895283
-7.157744
-9.734422
-4.538254
-7.456354
-3.184968
-5.108765
-7.385670
-7.470347
-7.557953
-6.650121
-5.018716
-6.240283
-7.354243
-8.495449
-6.311989
-11.545250
-8.296896
-6.341694
-7.407558
-8.763224
-12.265512
-7.852952
-12.333741
-5.452552
-11.387900
-9.978039
-11.180964
-6.734765
-6.831614
-11.977992
-5.274235
-8.124437
-8.712636
-7.188732
-9.614400
-10.400462
-5.957111
-7.926233
-10.941593
-8.022459
-9.027519
-8.492394
-8.809195
-2.636238
-6.389705
-3.421862
-5.416756
-7.678723
-4.833188
-7.944345
-7.793794
-6.751687
-5.665764
-11.272707
-8.756735
-7.134901
-5.984287
-10.970391
-11.683916
-6.656777
-4.659877
-6.983386
-7.589457
-7.677967
-8.371610
-3.413237
-9.803311
-8.970321
-10.667035
-8.136510
-9.096957
-8.287032
-9.492231
-5.951102
-7.012484
-7.389945
-8.608529
-8.461976
-7.097732
-9.095307
-5.792982
-8.298817
-7.874159
-6.898451
-7.443758
-7.239322
-10.739285
-7.263691
-6.265430
-8.623436
-8.199252
-13.846757
-1.931542
-8.483161
-11.701104
-3.206464
-10.641027
-11.417775
-8.546479
-8.303379
-7.701330
-5.338579
-6.804468
-11.238810
-6.327178
-6.699691
-6.854967
-7.194793
-5.908353
-7.934051
-8.806421
-6.141509
-7.816719
-9.667300
-6.965358
-10.686170
-5.645249
-7.893035
-7.606710
-8.585160
-6.868025
-6.664018
-7.107880
-10.573320
-8.721337
-7.119511
-10.337430
-6.312683
-7.142325
-9.097181
-7.615241
-8.703186
-5.649274
-7.481736
-5.443984
-4.508676
-10.513575
-4.931306
-8.925050
-6.832524
-10.493234
-6.180200
-2.661107
-10.810164
-5.379846
-8.493773
-6.336454
-4.347188
-9.229207
-8.137465
-7.683777
-6.517938
-9.912487
-9.540618
-10.677857
-13.549012
-4.825723
-4.688489
-10.188888
-9.123118
-6.460489
-6.244733
-11.973725
-6.969409
-6.166258
-8.939580
-7.998888
-8.403693
-7.339271
-7.379327
-8.871000
-9.053609
-8.165568
-9.861736
-8.462769
-7.294390
-6.890604
-6.852985
-9.602073
-7.587917
-5.646148
-5.701808
-5.820054
-8.712366
-7.002890
-7.738943
-7.525546
-4.934792
-7.193097
-6.558172
-7.275270
-9.620654
-9.198201
-7.156862
-8.714693
-7.839735
-10.361017
-6.422769
-8.780394
-9.058192
-8.491251
-12.377066
-10.699182
-7.808833
-5.211887
-6.716142
-8.724779
-10.460021
-5.841860
-7.003288
-8.297381
-7.080637
-8.861546
-6.798475
-8.107711
-6.723823
-6.183091
-10.469175
-8.246718
-11.114214
-7.566060
-6.791035
-9.833886
-12.452596
-9.217169
-5.730122
-7.012743
-6.805193
-9.403881
-6.176471
-10.125811
-11.256076
-6.534380
-12.318186
-8.879423
-8.860930
-10.215093
-11.144691
-7.610882
-5.509195
-10.130988
-8.457045
-9.468302
-6.145703
-7.325632
-8.087879
-7.340086
-6.684040
-4.746525
-9.917833
-8.005587
-8.712869
-3.662526
-6.484339
-5.023426
-7.097280
-7.231225
-10.605337
-9.510952
-8.681229
-6.760661
-4.790252
-5.138831
-9.131166
-8.814896
-9.503107
-6.005531
-9.403520
-10.276866
-8.207924
-4.501987
-7.698104
-5.263529
-8.529357
-7.716261
-9.820372
-7.533684
-5.039853
-7.752291
-7.683342
-8.438405
-5.819200
-6.519348
-8.486670
-8.155031
-10.278869
-2.585658
-2.605668
-9.019754
-9.745823
-7.541892
-9.052630
-7.530703
-5.890481
-5.551276
-4.226820
-11.820321
-6.845010
-10.132984
-13.810057
-11.900971
-6.015027
-9.765496
-7.041806
-8.545896
-9.575132
-4.341140
-7.848727
-9.446835
-9.366104
-10.582130
-8.019893
-4.689880
-10.024217
-6.614306
-6.777663
-7.938072
-10.761163
-6.950210
-8.154977
-6.714309
-9.791283
-5.707010
-10.667694
-8.291856
-6.740077
-12.744207
-8.642033
-7.996138
-9.364389
-5.581511
-6.501297
-7.537944
-9.730361
-6.285915
-7.587217
-7.662067
-5.546668
-8.753285
-4.350890
-12.532310
-9.196495
-7.201717
-8.190857
-10.805587
-6.906077
-3.743524
-8.741422
-9.477911
-4.645914
-6.186121
-5.430036
-10.046496
-11.411534
-9.379587
-10.410054
-13.085464
-5.861833
-8.921312
-7.876303
-13.339850
-8.379421
-7.962702
-6.600195
-8.312365
-9.070022
-9.064219
-11.570248
-7.027306
-9.335102
-9.745641
-11.241982
-6.429791
-7.170787
-7.910093
-7.732155
-7.144803
-8.074456
-8.291492
-8.155670
-8.274574
-7.946922
-9.051267
-4.220011
-8.131310
-10.631870
-10.269288
-7.233401
-7.427218
-8.347123
-9.300126
-7.323637
-9.377726
-6.387981
-9.092056
-6.261971
-7.936193
-11.757958
-7.896294
-6.723685
-9.858567
-6.427752
-7.914566
-11.052619
-8.566113
-10.631607
-7.761466
-7.106741
-8.418139
-7.403719
-8.659934
-8.811896
-11.607491
-4.641956
-7.690259
-8.435459
-11.006912
-10.289185
-6.333926
-6.349756
-4.853870
-9.391209
-5.138980
-9.090208
-8.506286
-8.088576
-8.088759
-3.501278
-14.750471
-10.570484
-9.045081
-10.381224
-6.933521
-12.643492
-6.437515
-10.777641
-6.596414
-9.401094
-9.988676
-6.375450
-5.399223
-8.374719
-10.237704
-5.867362
-7.871343
-4.681756
-8.187008
-9.124640
-6.306049
-7.856986
-8.481008
-8.598796
-7.492231
-8.242657
-7.038052
-6.061259
-9.709485
-7.699697
-11.201073
-5.612764
-5.975302
-10.306153
-7.664708
-6.993909
-6.237319
-4.541505
-6.330395
-7.233105
-8.268359
-10.458678
-10.160704
-8.072493
-10.998845
-12.035168
-7.636289
-7.235454
-7.215755
-6.243382
-10.182786
-7.501252
-7.611804
-7.659243
-7.133973
-11.017733
-8.761744
-7.734024
-4.624697
-10.519359
-8.350214
-9.753215
-6.661683
-7.916815
-6.732339
-8.206687
-7.174501
-6.364957
-7.509706
-10.761147
-8.458215
-9.177090
-9.917830
-8.060248
-8.552673
-7.821737
-8.409443
-7.677217
-5.256806
-8.660045
-9.835344
-5.622660
-5.511924
-8.983963
-5.331107
-5.881254
-7.633904
-7.728682
-6.806500
-6.886020
-9.425349
-7.207768
-9.261669
-7.552527
-9.600593
-9.898767
-7.725553
-6.593030
-6.282128
-5.938373
-7.068146
-7.627018
-8.710512
-5.265090
-8.379591
-7.355443
-5.546924
-9.111301
-7.482343
-6.891233
-5.612076
-6.386129
-6.091142
-7.564223
-4.457407
-8.758677
-7.912161
-6.166330
-14.063425
-5.495160
-5.902380
-9.094046
-8.300158
-8.001969
-10.307170
-9.870770
-8.306153
-8.288617
-9.108948
-5.640240
-8.955004
-8.672409
-11.842443
-8.055354
-8.892611
-7.137999
-5.784235
-5.519489
-7.001296
-7.605031
-8.192568
-8.954597
-8.749646
-6.070412
-9.993215
-7.414443
-6.702754
-4.565076
-5.383676
-7.530222
-6.274555
-6.490291
-6.997480
-7.895608
-7.586604
-6.356873
-6.956491
-2.780457
-7.628778
-9.406383
-11.336360
-7.553677
-10.219085
-9.194339
-8.380783
-8.053128
-9.010945
-7.726445
-9.503934
-8.642406
-10.855593
-9.348060
-9.237756
-10.849410
-8.147128
-5.382550
-10.319193
-6.043090
-12.021276
-9.371435
-6.458204
-12.470953
-7.858293
-6.229458
-7.393539
-7.021669
-6.997054
-7.153785
-7.318423
-8.650793
-9.161674
-5.687531
-5.583909
-8.622126
-7.017565
-6.213305
-8.539557
-8.498739
-8.189552
-7.893604
-8.847119
-8.784517
-9.019950
-10.170710
-10.896598
-6.081981
-7.987295
-6.347124
-6.695819
-10.432958
-10.835842
-11.951829
-11.067342
-10.618501
-8.153101
-7.982660
-7.028634
-4.809934
-7.733179
-7.215125
-5.097347
-9.102217
-11.437615
-10.614509
-6.841892
-8.335454
-5.707304
-6.547022
-9.404014
-4.772594
-11.080308
-9.374555
-5.286070
-7.770533
-8.264577
-9.538230
-14.325037
-9.067570
-7.384956
-9.389083
-7.234522
-12.982206
-6.165771
-5.865175
-10.361582
-7.039192
-6.201161
-9.552528
-5.299921
-9.617763
-6.089681
-5.407890
-7.706645
-6.958179
-6.598957
-12.039690
-8.817678
-5.160863
-6.632864
-9.512912
-5.610971
-10.365292
-5.565941
-6.805018
-5.441206
-7.822292
-7.242611
-9.785629
-10.199918
-6.667809
-7.924095
-6.872552
-10.920265
-6.012575
-7.575162
-6.890038
-7.538645
-4.006866
-7.571646
-9.195724
-5.208870
-7.760090
-11.711325
-7.612862
-8.254720
-10.380133
-9.225660
-7.845916
-14.115446
-9.708220
-11.190038
-12.161750
-6.001558
-10.048203
-11.154266
-9.525584
-7.362059
-6.148117
-2.354348
-7.228780
-8.140244
-11.824856
-10.080733
-10.070611
-8.299065
-8.382928
-10.651505
-9.062646
-9.326271
-9.094451
-7.126161
-10.165186
-7.989011
-7.314075
-8.255608
-6.510735
-7.189847
-8.101462
-5.937572
-10.165310
-5.482822
-7.508579
-8.647760
-8.951214
-3.538097
-7.491526
-6.710883
-8.490694
-5.918375
-5.790717
-8.995217
-9.975739
-6.583696
-5.876348
-7.703572
-6.946885
-7.553747
-8.761528
-3.438514
-5.046257
-12.920511
-7.588059
-8.048863
-8.669692
-5.244663
-10.418072
-8.868435
-4.965784
-8.956574
-10.163491
-5.835877
-9.772418
-6.029852
-6.677327
-7.422791
-8.836012
-6.775940
-8.913001
-9.223413
-10.241339
-8.897681
-7.240410
-6.520722
-7.611740
-3.942722
-4.201190
-8.179769
-6.652653
-6.770731
-6.641251
-10.695554
-8.602721
-7.484999
-8.266988
-11.777558
-5.819479
-7.315964
-11.140141
-7.767509
-11.497642
-10.797079
-6.122205
-7.177515
-4.427171
-9.098824
-7.469254
-11.604231
-10.208240
-6.391263
-8.890314
-6.976805
-9.217830
-6.024266
-8.179982
-5.873531
-11.307841
-6.348073
-5.297909
-7.264655
-6.638852
-5.858880
-8.184789
-9.730227
-6.798048
-5.973128
-5.089994
-10.053147
-8.137259
-7.006464
-7.583209
-6.342136
-6.199072
-5.757041
-11.388079
-9.448618
-7.836191
-7.594488
-8.628201
-9.600570
-11.398819
-6.434224
-7.092031
-6.713006
-6.198838
-10.600370
-8.614923
-5.888888
-6.476184
-6.981877
-9.452087
-6.756924
-10.014294
-13.244297
-2.726190
-13.658806
-8.813078
-3.483487
-9.333587
-9.056095
-6.309523
-6.324555
-11.740951
-6.410668
-3.235829
-6.637917
-11.673877
-7.664018
-4.027002
-10.688691
-10.176300
-12.409631
-5.909518
-7.144259
-6.546154
-7.669780
-7.598726
-8.593661
-7.380893
-11.909208
-6.468099
-7.926383
-4.360079
-11.457284
-11.848727
-5.634600
-7.852439
-6.618847
-6.733080
-7.355659
-8.344315
-5.929174
-9.466032
-7.915146
-6.216168
-10.074923
-7.298266
-3.992792
-6.492266
-8.241013
-7.448717
-9.627386
-7.423660
-8.613630
-9.646363
-3.223210
-7.568288
-6.999399
-9.889123
-9.953876
-5.407875
-8.402647
-10.727990
-11.009327
-10.299459
-8.334674
-8.138659
-6.062171
-12.591366
-6.466385
-7.564513
-7.612309
-8.654394
-10.768021
-7.600597
-13.871336
-8.323258
-9.966988
-2.717612
-11.623935
-6.732358
-7.745130
-12.156025
-8.781745
-8.877839
-8.548434
-6.274019
-8.103551
-6.165607
-10.349833
-10.330199
-10.212032
-10.779579
-7.825602
-9.956974
-6.175305
-6.003561
-9.774157
-11.191407
-10.482811
-9.801044
-10.570509
-8.922559
-9.306958
-10.904138
-3.653505
-8.494930
-6.751987
-8.795146
-9.913579
-13.012193
-6.593752
-7.344983
-7.201065
-8.035789
-7.452930
-3.557029
-10.451247
-5.609274
-7.885911
-10.294837
-8.355532
-7.971133
-7.091599
-10.425640
-8.951321
-11.408010
-8.796838
-6.438964
-5.530265
-9.220876
-10.925670
-7.790190
-6.441400
-7.215248
-8.190923
-8.998311
-5.946410
-4.672809
-10.855948
-10.605995
-7.239167
-6.632856
-12.382385
-9.011553
-7.902621
-6.679090
-4.889442
-10.444227
-8.871532
-9.862796
-11.725513
-8.831093
-9.568254
-11.409696
-10.484297
-8.411813
-4.223231
-7.817428
-7.196244
-6.427973
-9.650879
-7.405686
-10.599339
-11.334285
-8.916093
-12.584062
-9.335975
-7.630052
-6.829539
-7.846920
-9.957875
-6.888369
-7.242698
-8.067927
-9.824730
-7.007117
-6.799542
-8.857764
-11.825885
-11.630827
-8.119098
-9.895056
-5.375211
-8.484321
-3.665144
-11.311972
-11.912436
-10.928019
-5.596900
-8.058789
-9.056903
-7.028343
-8.496655
-8.342885
-7.144352
-5.961916
-5.396125
-6.495371
-9.378707
-7.673434
-10.792879
-7.366102
-11.171309
-14.300768
-7.879495
-7.689698
-6.141748
-5.114361
-11.203746
-8.385409
-6.278909
-7.285343
-7.173015
-8.804323
-10.977202
-7.992125
-9.095100
-7.783265
-8.491204
-9.978541
-8.195840
-8.331214
-10.699538
-6.749340
-9.172189
-7.021115
-7.441863
-7.129975
-10.747268
-11.699666
-9.135000
-7.251569
-8.140046
-5.421640
-8.006409
-9.342851
-10.687304
-6.261272
-10.543140
-6.044619
-9.381800
-11.764239
-7.418032
-8.847841
-9.735349
-9.594189
-4.177718
-9.388039
-7.936918
-13.415931
-7.113167
-9.721157
-9.680848
-8.383420
-5.632015
-7.573342
-5.092854
-5.775590
-5.576707
-8.629348
-8.152721
-8.658275
-7.536647
-8.184941
-3.179773
-7.361623
-9.641541
-8.558235
-5.302250
-8.422727
-9.881768
-6.926466
-6.388680
-6.930701
-8.721745
-7.301239
-6.831487
-8.662760
-7.315767
-4.794833
-12.289518
-11.394629
-8.358395
-6.466212
-7.724811
-11.012563
-10.086007
-9.596310
-7.057015
-8.785997
-9.159063
-11.846746
-12.794055
-8.100007
-7.383237
-10.665872
-10.207928
-6.653127
-6.330924
-11.008604
-7.065108
-5.390810
-9.312394
-11.687473
-10.547178
-8.067965
-8.630438
-7.302798
-2.125979
-12.103538
-11.313064
-8.787636
-9.684345
-9.109549
-6.839009
-10.938676
-6.986051
-8.747035
-7.946875
-9.658226
-7.988466
-4.256999
-7.266014
-8.728721
-11.241302
-6.924337
-6.858843
-8.414174
-8.209478
-7.804955
-4.280831
-8.292773
-11.279284
-6.753270
-8.153609
-12.539022
-9.466645
-10.812614
-8.901307
-10.334091
-10.489063
-6.857418
-9.314510
-11.013817
-5.104024
-6.752735
-6.824118
-6.705115
-8.444958
-3.937156
-5.777921
-8.241205
-8.789913
-7.889642
-8.393503
-7.948144
-8.281387
-9.784655
-10.118751
-9.775228
-9.166415
-7.990050
-5.144104
-6.397264
-9.638011
-5.149014
-8.495956
-8.299453
-9.085657
-8.360774
-9.750607
-8.379861
-7.012022
-5.994762
-6.557833
-10.954639
-9.750001
-7.412137
-4.881204
-8.090174
-7.394943
-7.565438
-5.327041
-7.415400
-7.514938
-6.509974
-7.846457
-4.815350
-6.868095
-15.620522
-5.659881
-7.623629
-7.749134
-9.113176
-8.062768
-6.029524
-8.987461
-6.908912
-3.384490
-10.840780
-7.058245
-9.629477
-7.765711
-7.424592
-8.792599
-10.138316
-9.237881
-7.818747
-6.332435
-8.974289
-11.429170
-6.432559
-8.661507
-9.319364
-10.157277
-9.646682
-8.160891
-11.091928
-8.125564
-11.282947
-13.615333
-10.546805
-5.518958
-9.702242
-10.487991
-8.281658
-10.587924
-6.931750
-5.821365
-8.153839
-9.441792
-10.482931
-11.104663
-10.776923
-11.194698
-10.109127
-5.265175
-9.246918
-10.042110
-4.656506
-4.843592
-10.351769
-8.217617
-9.684630
-8.879599
-6.643165
-8.843727
-7.830378
-12.389033
-6.553418
-8.500119
-8.230616
-7.486242
-10.577821
-9.073069
-7.316135
-7.817481
-12.352902
-7.438712
-3.069546
-8.168157
-10.125100
-6.801954
-6.853989
-10.566307
-7.188254
-8.599555
-8.135966
-9.725141
-6.092300
-10.607913
-10.568556
-7.208198
-7.268636
-7.392948
-8.490937
-10.104551
-10.042559
-11.752330
-13.728192
-7.666606
-9.185188
-8.104495
-5.082069
-7.457886
-5.837924
-8.290397
-12.142834
-4.452517
-10.202834
-6.104377
-9.762516
-10.027843
-7.386220
-8.822058
-9.538493
-4.429148
-7.127456
-8.797800
-7.677071
-8.385534
-9.756551
-10.155498
-11.332560
-7.371761
-7.219728
-10.851583
-9.977059
-8.361532
-10.466751
-7.149785
-6.796579
-9.156729
-8.820952
-9.139359
-7.620149
-7.654594
-6.693147
-9.948806
-6.995471
-8.138809
-4.815444
-8.106468
-9.059256
-6.935371
-8.934540
-10.590961
-10.111453
-4.593186
-7.421794
-7.309295
-7.327619
-5.818530
-4.946710
-7.407595
-9.688575
-10.617579
-7.782634
-9.675779
-6.330818
-6.525760
-10.019848
-5.194473
-10.013040
-15.712598
-7.805045
-9.290543
-11.059222
-5.473138
-5.731273
-2.935317
-7.258161
-8.153175
-10.045541
-8.632387
-4.856560
-8.722899
-9.436255
-8.277908
-4.859941
-9.000024
-6.383888
-6.013088
-8.976738
-7.886150
-9.459096
-5.602283
-7.581800
-7.365539
-6.872095
-9.922265
-6.041876
-7.403535
-7.632538
-13.274008
-11.452308
-5.844743
-7.585545
-5.367874
-11.166576
-12.172606
-7.213006
-10.667899
-8.030255
-8.359072
-6.986896
-7.486210
-7.337755
-8.800957
-12.628017
-11.241409
-7.649805
-5.127344
-8.102615
-8.887566
-8.684602
-11.363889
-10.068865
-8.457667
-7.547363
-10.031425
-13.383705
-7.776091
-7.093250
-3.494671
-11.177271
-8.316097
-6.710426
-6.132140
-9.932478
-9.191708
-8.294188
-8.042970
-8.538765
-9.110380
-7.523492
-12.008780
-9.018398
-6.617675
-3.317721
-9.591084
-4.483798
-8.273095
-6.410997
-7.550645
-4.452507
-6.454011
-5.547206
-6.460572
-6.963114
-0.870213
-9.165298
-3.906716
-8.480742
-9.110873
-7.233830
-6.436302
-8.096005
-4.926116
-10.844904
-11.054380
-9.714267
-7.756447
-6.470342
-6.796264
-7.370846
-9.226248
-8.460232
-8.087780
-8.387375
-5.913672
-7.978870
-6.384070
-9.557860
-8.592916
-8.854921
-8.698101
-7.386168
-7.817237
-5.721068
-10.302998
-9.831082
-9.329726
-7.374776
-8.081396
-8.414003
-6.868231
-10.824980
-10.018807
-6.351813
-7.295269
-9.217801
-8.676372
-13.165258
-7.911519
-8.303330
-10.564728
-8.342446
-4.613068
-6.206697
-8.571321
-6.904428
-12.500287
-9.399177
-5.919891
-7.614731
-11.233326
-8.596751
-9.572497
-6.305090
-7.691074
-11.024518
-9.415441
-9.970306
-11.173919
-8.431855
-10.984433
-10.780485
-8.161798
-8.634370
-11.361302
-7.580299
-8.409762
-7.124418
-4.760065
-11.500753
-7.922432
-7.701213
-6.379193
-8.835630
-9.227491
-8.376425
-4.479611
-7.806311
-11.919214
-6.362836
-9.441210
-8.610951
-10.840083
-10.539538
-8.308831
-10.195214
-7.781023
-4.912689
-7.759426
-8.728828
-8.389883
-8.602371
-5.495903
-7.720944
-10.340952
-5.066039
-6.622551
-10.719549
-10.161953
-4.793839
-8.148327
-7.322447
-9.221144
-10.947659
-9.324584
-7.637378
-10.089272
-9.044956
-8.946576
-10.283634
-7.147648
-8.701883
-12.671350
-7.686517
-10.561073
-6.226143
-9.815988
-6.677749
-5.405249
-5.265679
-7.097761
-7.030659
-6.654749
-8.046822
-10.360968
-9.789282
-10.779829
-12.715571
-9.668633
-9.603127
-10.290354
-9.006318
-7.878743
-9.992260
-7.468541
-11.285263
-7.727220
-9.261020
-8.880550
-11.049935
-9.688880
-5.125886
-6.889341
-5.753408
-8.641776
-12.862609
-9.104423
-8.580616
-8.012288
-6.923457
-9.965920
-6.285490
-8.172503
-7.195521
-8.965366
-10.693877
-6.833379
-5.120789
-5.843614
-8.433569
-6.177739
-10.679643
-7.391819
-7.111137
-10.062304
-8.307358
-6.940091
-10.177292
-9.686970
-5.731936
-7.235234
-9.668980
-3.842589
-10.809361
-4.760805
-11.478280
-5.634547
-8.425508
-4.776947
-8.363338
-7.894875
-8.095281
-8.758385
-5.638345
-6.182165
-7.927760
-10.993508
-9.892699
-8.887650
-5.407397
-7.282452
-7.812167
-8.119438
-6.687160
-8.543649
-9.709991
-10.316006
-7.210444
-7.199227
-8.727616
-4.826563
-11.483377
-8.662634
-6.677621
-8.030147
-11.067138
-7.784167
-7.257967
-10.395715
-7.272959
-11.953650
-8.426348
-7.677054
-6.363940
-5.824329
-10.375221
-8.231753
-9.331250
-7.846086
-8.659340
-8.001238
-2.526204
-9.352581
-8.515492
-12.251106
-4.173460
-10.073494
-5.547226
-6.677911
-6.008980
-11.409278
-9.620976
-7.115071
-9.969308
-9.070075
-11.534101
-7.249069
-9.266575
-7.797031
-6.041481
-7.575655
-11.127032
-8.860276
-8.602455
-8.339165
-6.321408
-6.891065
-8.117899
-8.285795
-5.250913
-5.993692
-8.577882
-10.480937
-5.785799
-6.602195
-6.166752
-8.518195
-8.243087
-7.926404
-5.445347
-4.504250
-10.692731
-9.103383
-8.896955
-7.029862
-8.805585
-7.504057
-11.881157
-5.636406
-8.924744
-7.294634
-9.042296
-8.292061
-9.717994
-5.096977
-7.911295
-10.806874
-4.750897
-6.707761
-6.961693
-8.732091
-8.189194
-6.403334
-7.057456
-8.473870
-3.484018
-8.460150
-6.136696
-5.262897
-9.936823
-7.923764
-7.952501
-11.361451
-4.387160
-10.876076
-8.601325
-7.323029
-5.926516
-8.127642
-9.850410
-8.860920
-6.781675
-8.626867
-7.507660
-6.728451
-5.017920
-7.335274
-10.110407
-10.798993
-10.662771
-9.758145
-8.936513
-6.030342
-9.749123
-6.415490
-2.769112
-10.662139
-8.397816
-8.189187
-6.195742
-10.236196
-9.238948
-6.417369
-8.227015
-7.318715
-11.189368
-8.314368
-10.102824
-5.701754
-8.185571
-9.422395
-8.845482
-9.654332
-10.034445
-10.539345
-9.531662
-11.009093
-8.533331
-13.461884
-7.093578
-10.439756
-8.093023
-6.490416
-6.248519
-6.043118
-6.846018
-12.688401
-4.919333
-8.663482
-8.938893
-8.976311
-6.915795
-9.240727
-10.944569
-9.868348
-8.391745
-6.598081
-9.822559
-5.292728
-11.504844
-4.065038
-9.391210
-9.067048
-9.152034
-7.777784
-5.022375
-5.931753
-9.875286
-8.217601
-9.176716
-6.720606
-8.201128
-6.062366
-6.768475
-5.956669
-8.815834
-6.865670
-8.865931
-9.033375
-6.997987
-6.204773
-5.477953
-9.283289
-9.335250
-8.618223
-8.392811
-9.452709
-7.229519
-10.780281
-6.947567
-11.027966
-6.804266
-8.983195
-7.052416
-3.700512
-11.879624
-9.442980
-9.534062
-8.369268
-6.406674
-5.694743
-8.060601
-8.589420
-8.253093
-6.273542
-13.219501
-9.478720
-7.598446
-9.805911
-6.453701
-8.852516
-9.828265
-6.393361
-7.117049
-10.959758
-6.228519
-7.179410
-9.757864
-6.934436
-11.631242
-11.325952
-6.703923
-9.336777
-11.603621
-7.312844
-11.039767
-8.921192
-8.518753
-6.281552
-8.704589
-9.938584
-7.323217
-8.203506
-5.385917
-6.185407
-12.230974
-10.746279
-10.371011
-5.426645
-8.541104
-9.762024
-8.289084
-9.490873
-12.511889
-7.724617
-5.515916
-7.193836
-7.988793
-6.571564
-10.640829
-9.173642
-8.082542
-7.250328
-5.303811
-10.225462
-7.684672
-9.932419
-5.986225
-6.820274
-11.189805
-5.965014
-11.228925
-9.153171
-7.668948
-4.460819
-10.869332
-5.895964
-8.618402
-8.470535
-5.985274
-7.408712
-6.871187
-7.281006
-7.978629
-7.888924
-8.608369
-7.420514
-10.291581
-10.136421
-5.699542
-5.859794
-10.313869
-7.114724
-7.676119
-9.391275
-12.818693
-8.370646
-3.973199
-6.157300
-6.470650
-7.180224
-6.171822
-8.847851
-3.723239
-7.181775
-6.838113
-8.322275
-7.624872
-7.700902
-10.196359
-7.986919
-7.779642
-12.985339
-12.487335
-6.313330
-8.265326
-7.578948
-4.119975
-6.968468
-8.047714
-8.781881
-11.206114
-8.597466
-6.302969
-10.270416
-9.215634
-8.251610
-6.032656
-6.001416
-6.268362
-5.601114
-10.187290
-9.119593
-6.065895
-7.490844
-8.548686
-12.018064
-9.152621
-11.117354
-10.640144
-11.377249
-8.479762
-6.619747
-7.932342
-9.597462
-10.876153
-8.241307
-9.002248
-8.941170
-7.362399
-11.566383
-7.764021
-10.286897
-6.971413
-8.841027
-10.777340
-9.997941
-5.558222
-8.761853
-8.831419
-8.848918
-6.789915
-8.496531
-8.717287
-7.227357
-7.571202
-7.153141
-10.994781
-8.857732
-6.394827
-6.627760
-8.492537
-8.341273
-8.128343
-11.099083
-8.509905
-5.790577
-5.273919
-8.823708
-7.141301
-9.285364
-8.051714
-7.783239
-9.822079
-8.764162
-10.543330
-5.730340
-5.905132
-9.911576
-9.096372
-7.847058
-8.131102
-5.973123
-6.995775
-6.321548
-5.372528
-7.476341
-4.009192
-6.210786
-8.286994
-7.442132
-7.921301
-5.473147
-9.529654
-6.507455
-7.773303
-8.951290
-6.022286
-11.954937
-5.199769
-5.285512
-6.426701
-7.601639
-6.670464
-10.938274
-6.652039
-6.628664
-11.665781
-7.771204
-7.228137
-10.295031
-8.954573
-6.854134
-10.469629
-8.469554
-8.032193
-6.917776
-11.216230
-3.450760
-8.571256
-8.633854
-5.845921
-6.142866
-9.022080
-6.626409
-9.866682
-13.855585
-10.154099
-10.959748
-6.256377
-5.055301
-9.962220
-9.970445
-9.676769
-9.480090
-9.179284
-6.609545
-9.306495
-7.777652
-9.216245
-9.037437
-7.942008
-5.906119
-9.133963
-4.614403
-6.001202
-7.283764
-7.514451
-5.159483
-7.289997
-8.141878
-10.506481
-5.565056
-8.182565
-6.909662
-6.989760
-5.259082
-10.725096
-8.472507
-11.108206
-10.436917
-7.513243
-9.271402
-6.442863
-7.382936
-8.906594
-8.337937
-10.500568
-7.503897
-9.680568
-9.923951
-7.680291
-2.599454
-9.613729
-6.959171
-8.404466
-14.834177
-7.471651
-6.968854
-7.201997
-5.484539
-8.201970
-7.615799
-11.100404
-4.633193
-7.700731
-3.919047
-5.304700
-8.557136
-9.409925
-6.321323
-6.603984
-9.678340
-8.999002
-7.509916
-8.863250
-7.779619
-6.935935
-4.885526
-5.861713
-10.364456
-5.033966
-7.978642
-9.679001
-8.578537
-6.095994
-6.037015
-11.861513
-11.646782
-9.525322
-8.366810
-4.535879
-6.655603
-11.844403
-6.602267
-4.827084
-7.857733
-11.417149
-10.166297
-8.383824
-9.165564
-5.236142
-10.902785
-6.623913
-7.519339
-9.565631
-9.407951
-11.331595
-9.912505
-7.279541
-5.016907
-5.553826
-10.625813
-8.572778
-5.873948
-9.344257
-7.260590
-10.670518
-6.014544
-6.573466
-4.920667
-7.132232
-4.814697
-9.140980
-9.117940
-7.369422
-5.539070
-8.870060
-13.345106
-7.921086
-6.267946
-10.163615
-6.312780
-6.439513
-11.052075
-10.483005
-7.687026
-7.557936
-8.005314
-8.345058
-6.611578
-7.663574
-8.307326
-6.633604
-7.917117
-9.501127
-6.298104
-5.554177
-8.538114
-9.723547
-10.205673
-10.747347
-7.061106
-6.153944
-8.557964
-9.048279
-10.219302
-9.233051
-9.645846
-7.146694
-5.105545
-12.333472
-5.516467
-10.501457
-9.963332
-10.308113
-8.206646
-5.666102
-5.661251
-10.259161
-7.058055
-9.428503
-8.790142
-5.828703
-8.736359
-11.034865
-13.230788
-9.731705
-4.634350
-7.448108
-10.297441
-5.719663
-7.042932
-10.840237
-8.026839
-8.062512
-7.372026
-5.506213
-8.859756
-7.496033
-7.115845
-9.504382
-8.865219
-7.697060
-6.656543
-7.030756
-6.848735
-6.763862
-8.506736
-10.974154
-11.296387
-7.591950
-6.539841
-7.953953
-8.397925
-9.089953
-7.707350
-5.395776
-12.417884
-8.604822
-8.558204
-6.269357
-5.878155
-8.849181
-10.329520
-7.047970
-14.029407
-8.475487
-6.972417
-7.077824
-5.875436
-5.803484
-8.545283
-7.146203
-4.394841
-11.211106
-7.566504
-10.311333
-9.300206
-7.976587
-10.490291
-6.565272
-4.739448
-6.680987
-10.685807
-8.855641
-8.572799
-9.524364
-10.214357
-10.243526
-11.592743
-9.397567
-10.713651
-8.028985
-10.565118
-8.764670
-10.471915
-10.002811
-10.758177
-6.019067
-7.262038
-6.162761
-8.672409
-9.869463
-12.639047
-9.445273
-7.333380
-6.416794
-7.487323
-6.511938
-5.587541
-7.511316
-6.785577
-9.057697
-10.357982
-10.045382
-6.917938
-4.831390
-10.366055
-7.967617
-10.051055
-8.359910
-7.051396
-6.468243
-7.938449
-9.437363
-7.165134
-10.694859
-10.063884
-9.967435
-10.200558
-10.456023
-7.261419
-5.455602
-8.009974
-7.706903
-8.146242
-8.794031
-7.003640
-7.858079
-7.108057
-10.506233
-8.687074
-8.217669
-5.937424
-9.792777
-7.752533
-8.250951
-6.558944
-9.989598
-5.292480
-9.468728
-9.377428
-10.890998
-4.290490
-7.080530
-14.505991
-8.306830
-10.737215
-8.775901
-9.058747
-8.573246
-8.981452
-7.067312
-8.358435
-7.561069
-8.263618
-6.159940
-10.087391
-8.132600
-7.637421
-12.436173
-8.284681
-5.870935
-5.191316
-6.233264
-7.808403
-7.290118
-8.936069
-12.349415
-8.069454
-5.594367
-10.188780
-6.892681
-9.167223
-6.227800
-6.712433
-7.206555
-5.866841
-10.171283
-7.067123
-7.875139
-10.208160
-4.599014
-7.595218
-10.968225
-5.909264
-8.836398
-12.148385
-3.464549
-12.141359
-9.616809
-6.871218
-11.448626
-9.007524
-6.940764
-10.737552
-9.369128
-8.603416
-10.375950
-10.498220
-7.288205
-6.932829
-8.857609
-8.968344
-8.257790
-8.639328
-8.414450
-9.333234
-9.076528
-7.810526
-6.775527
-11.729177
-9.734583
-8.430785
-6.776903
-10.351203
-7.841989
-7.837079
-9.859628
-6.406056
-8.250909
-7.043825
-11.238810
-7.583982
-8.484616
-10.589632
-7.311485
-8.153604
-8.884227
-10.967573
-5.253808
-9.358913
-5.807775
-11.079926
-6.131226
-8.202307
-9.919596
-7.365930
-8.247933
-8.190265
-7.158064
-7.753592
-8.297826
-8.922073
-6.142112
-9.190983
-8.163059
-9.598323
-7.290484
-8.641316
-8.134599
-5.775976
-9.136233
-8.294070
-11.053443
-10.953037
-12.933921
-7.139335
-10.509071
-7.848547
-7.238307
-8.587218
-6.727260
-8.620961
-9.155011
-8.138432
-6.001205
-4.866307
-5.877360
-9.225831
-5.059971
-5.831853
-7.058703
-9.678288
-9.191973
-8.358977
-6.957077
-9.216370
-8.210997
-7.582536
-6.667252
-5.832361
-6.994338
-10.535174
-11.302032
-7.391008
-6.706406
-9.131840
-7.276313
-6.998314
-7.294384
-7.433386
-5.744208
-7.291868
-8.568294
-8.323804
-8.479527
-7.262044
-7.565823
-7.445976
-7.599144
-8.934991
-10.148102
-10.876485
-8.594220
-10.037785
-6.591152
-7.585630
-7.361376
-4.963396
-11.234756
-6.036438
-6.643044
-9.403150
-5.885515
-8.314228
-8.626486
-10.604184
-10.675771
-6.509963
-7.304671
-5.998712
-7.166872
-9.262493
-9.215471
-10.758526
-6.417936
-12.649295
-9.217304
-10.024651
-8.185641
-8.668502
-8.767580
-7.978713
-9.705673
-8.386855
-10.867097
-9.409261
-9.262012
-10.266568
-7.910773
-5.655351
-7.509068
-5.733150
-9.936445
-9.724339
-13.147285
-7.013333
-7.532403
-5.511676
-5.052596
-8.120186
-8.266462
-9.584456
-7.822122
-7.605979
-5.177909
-6.716251
-8.325490
-6.833093
-9.394022
-6.798744
-5.944077
-8.024436
-5.809339
-5.460269
-10.155127
-8.037673
-7.314982
-8.111408
-6.656757
-7.673374
-9.653252
-9.053533
-9.088751
-10.878899
-9.108602
-7.552038
-5.818479
-8.072836
-11.003781
-9.832138
-9.556067
-7.872616
-8.622298
-10.230124
-5.616043
-9.334245
-7.500191
-5.726602
-5.313874
-6.725961
-10.902712
-9.427489
-12.022634
-7.695897
-6.036738
-7.701391
-4.878976
-8.507913
-8.206077
-13.618115
-8.223863
-10.068862
-7.360885
-9.843486
-9.488605
-11.335505
-9.980289
-9.149793
-4.593666
-4.633219
-5.561580
-8.569544
-7.968175
-9.289737
-6.576294
-4.938785
-7.602596
-7.770335
-12.518847
-10.191955
-6.586915
-4.257170
-10.424564
-9.153391
-9.472468
-14.613374
-8.732296
-10.220843
-9.781257
-8.672409
-11.896305
-9.488235
-8.243120
-5.260633
-8.052428
-7.085732
-8.787210
-9.706873
-6.453694
-9.736588
-10.277678
-8.389963
-10.750492
-6.367219
-8.501262
-11.444037
-9.774333
-9.023913
-9.391564
-10.554581
-10.823633
-12.075409
-8.029021
-5.906136
-6.515025
-9.183485
-9.841881
-8.354016
-7.006585
-8.782140
-10.226327
-8.532619
-10.371089
-10.206295
-10.146548
-8.751446
-11.672052
-4.245277
-7.903310
-10.861644
-9.646442
-6.907998
-7.517486
-10.360862
-10.055464
-7.225852
-9.245527
-7.436830
-7.942464
-10.796187
-8.517135
-7.023374
-6.414805
-9.347862
-5.241647
-7.843819
-5.740372
-9.633872
-9.919408
-12.554444
-7.932250
-7.894341
-10.833374
-8.886826
-9.543680
-8.256702
-5.565802
-8.454788
-8.175504
-9.345733
-8.349793
-5.627365
-6.519850
-8.635354
-8.949430
-6.099041
-11.202036
-6.683175
-8.327916
-11.246861
-11.835742
-7.662047
-7.995890
-12.555781
-8.229916
-12.500198
-8.699979
-10.377361
-8.139782
-6.067032
-6.594150
-8.966297
-6.628899
-9.092652
-9.509822
-6.818395
-4.955015
-7.032320
-5.984176
-11.310974
-7.758072
-9.145365
-12.871916
-10.160836
-7.436223
-7.725242
-8.610782
-9.953603
-10.325217
-8.956898
-13.393131
-10.212767
-9.183186
-4.542319
-10.007163
-7.310843
-7.597789
-8.645133
-10.701874
-6.837127
-6.149491
-12.176554
-11.449499
-6.580738
-11.141315
-12.137543
-9.567733
-10.724239
-12.342772
-4.430335
-10.224214
-9.200130
-6.909545
-11.055468
-8.346554
-9.227795
-7.741044
-7.559067
-8.669087
-10.386745
-5.449078
-9.102067
-6.919380
-7.687730
-8.108657
-10.480728
-9.512589
-6.109168
-6.772518
-8.398889
-8.631948
-7.936452
-8.621141
-8.358155
-5.210940
-6.231091
-10.619452
-7.141817
-7.647870
-3.797867
-9.412895
-9.979692
-11.446150
-7.708763
-7.892595
-5.705352
-10.619620
-7.338871
-10.609440
-10.057652
-10.190751
-7.104284
-8.560364
-8.838666
-6.798990
-7.978502
-6.733496
-5.706140
-10.256071
-7.028291
-8.523050
-13.133021
-10.865676
-7.631300
-9.851683
-9.352521
-9.974168
-10.308003
-8.449379
-8.872894
-8.148818
-7.922046
-8.602653
-7.605291
-4.878045
-10.381305
-5.057748
-9.445635
-8.249701
-8.803973
-6.760746
-7.304865
-6.751811
-8.877883
-9.742348
-6.198902
-8.645717
-8.433539
-8.160959
-11.391841
-6.841589
-8.365810
-11.804159
-10.567661
-10.774598
-8.858253
-8.054322
-7.231416
-9.424761
-7.138305
-6.706035
-6.989430
-5.403294
-7.497195
-8.609499
-6.553009
-7.638321
-7.870965
-9.186945
-8.853990
-10.924134
-7.284167
-9.129903
-11.874182
-8.875068
-11.070428
-6.244531
-9.302430
-8.014158
-7.043975
-13.066994
-5.752664
-5.645295
-7.357668
-9.379672
-14.253760
-6.189227
-6.363801
-5.928195
-7.287915
-11.218806
-8.848839
-9.402914
-5.605968
-9.271927
-7.812508
-9.759831
-11.310608
-6.438127
-8.030702
-6.284832
-6.694808
-7.987669
-9.611268
-7.700920
-12.041585
-10.227920
-7.969179
-11.621617
-10.816459
-7.791643
-9.447319
-9.607391
-5.153791
-7.771045
-7.008699
-6.276710
-9.483400
-7.812626
-10.057795
-8.245482
-8.249859
-5.286329
-9.047749
-4.939351
-9.158161
-6.692168
-9.378306
-8.484200
-10.480803
-6.816763
-9.713672
-10.918209
-9.475707
-11.923858
-9.769173
-8.148176
-5.926970
-8.594280
-9.427299
-4.661647
-8.595371
-9.193280
-10.087309
-10.201763
-5.693334
-6.016688
-7.728570
-7.990164
-9.864590
-4.770273
-9.170725
-8.574626
-6.029433
-7.944722
-7.651979
-8.787693
-6.170945
-11.450817
-7.662518
-7.517458
-9.433722
-7.366847
-10.194045
-8.966837
-6.062077
-11.170662
-7.881555
-12.331676
-7.116848
-6.149374
-7.980872
-9.082798
-11.073858
-9.224607
-7.291018
-9.200418
-7.355248
-7.889243
-5.931195
-7.655075
-9.769409
-9.181441
-7.608296
-11.154658
-10.029654
-9.171708
-6.885418
-9.458093
-9.484416
-9.512833
-9.789922
-8.066224
-6.985688
-7.674576
-11.268318
-8.900658
-7.384194
-4.242053
-9.403327
-7.117750
-10.051132
-11.108491
-8.689012
-12.289865
-6.941486
-5.284901
-8.537573
-10.768923
-5.991267
-8.570680
-10.909378
-10.639627
-12.429362
-10.162259
-4.729870
-9.095287
-10.584891
-12.740006
-6.556314
-8.781471
-5.252671
-11.951512
-10.298592
-12.512648
-11.254858
-6.057415
-7.439717
-6.757329
-7.374432
-5.948397
-9.855659
-6.029330
-6.702834
-8.507780
-6.002241
-7.879674
-10.874546
-9.473215
-11.493025
-13.257886
-8.325125
-7.776344
-8.377353
-6.766016
-9.498219
-6.603574
-8.671685
-9.444098
-10.825645
-9.920134
-10.036681
-7.213223
-6.620288
-5.128652
-7.396372
-9.245532
-7.558005
-9.630463
-4.296962
-11.070978
-10.369580
-8.002769
-5.639372
-10.603063
-7.493563
-3.867874
-8.095931
-5.586328
-7.941100
-5.612214
-5.917775
-7.580015
-10.581709
-12.001349
-11.764321
-6.929019
-6.878294
-8.559312
-8.099057
-3.752288
-8.449509
-5.216108
-9.048060
-11.432387
-7.954480
-5.986606
-12.947240
-6.353343
-11.556350
-10.856057
-7.711849
-7.574988
-9.639268
-5.939524
-8.435978
-7.371250
-8.283565
-9.486507
-10.068368
-6.986014
-10.020002
-11.846069
-9.403325
-8.159873
-7.466871
-7.313425
-11.156237
-8.338090
-10.362796
-9.957419
-5.848159
-5.618698
-9.149111
-6.801335
-9.165346
-6.514493
-8.192698
-10.413659
-9.720134
-11.220770
-8.221978
-8.081694
-7.325019
-9.998768
-8.734474
-8.240921
-9.078364
-9.733867
-6.067994
-8.761565
-7.302141
-4.889864
-6.325530
-7.876523
-7.036524
-7.741001
-8.158141
-10.541974
-10.285893
-10.185998
-10.538514
-6.350328
-5.308712
-7.959458
-12.877792
-8.915557
-6.760318
-10.479660
-8.690167
-8.462797
-7.792487
-11.967950
-9.188717
-10.339193
-8.265071
-9.113154
-9.273643
-11.302072
-7.131829
-8.553658
-5.893282
-8.953941
-10.300968
-7.590248
-8.808410
-11.536535
-6.579282
-9.715117
-11.442783
-5.508462
-6.417581
-5.895034
-10.339433
-7.268322
-7.335782
-10.797894
-8.125612
-11.435822
-7.706731
-10.049601
-7.261543
-6.994686
-5.358935
-9.382404
-7.385341
-10.635016
-8.607829
-10.450068
-9.998636
-10.661628
-6.786635
-8.986325
-5.927951
-10.324704
-7.926194
-7.620662
-6.981822
-9.947718
-10.570168
-9.116346
-10.902290
-3.664095
-10.698400
-8.996770
-12.731010
-9.141016
-8.509621
-6.875380
-5.065858
-5.479384
-5.205575
-11.001808
-5.661315
-11.371456
-9.620012
-6.635546
-6.528852
-10.570425
-4.775274
-10.392635
-8.596914
-7.188139
-11.458189
-10.057365
-6.912127
-8.771188
-10.119975
-15.210193
-9.397038
-9.810802
-10.944133
-9.147522
-7.909600
-10.664618
-7.253788
-6.186639
-5.859746
-8.603485
-8.212762
-10.288788
-10.960734
-7.225247
-8.500669
-8.228592
-4.356013
-8.735532
-8.917090
-10.162655
-9.057287
-10.423870
-10.906545
-8.389040
-6.523530
-6.763572
-11.021148
-8.840668
-7.134555
-8.265283
-6.899037
-10.672272
-6.284001
-10.896497
-9.883428
-9.179343
-6.645089
-8.961747
-6.704340
-11.559302
-10.162969
-7.384543
-7.888047
-8.289060
-9.566266
-11.676941
-10.995508
-9.796247
-12.877534
-8.409853
-8.421633
-7.578744
-10.437619
-5.191101
-6.168506
-7.495831
-9.160868
-5.777723
-7.470824
-9.943766
-7.941545
-7.963660
-12.049017
-6.146892
-10.308155
-7.139335
-5.367634
-8.702727
-6.398372
-7.938141
-11.462153
-9.338655
-7.308746
-13.102133
-10.359301
-7.296873
-10.678358
-7.286481
-9.059683
-6.841004
-8.254182
-7.508852
-6.706649
-9.907578
-9.521214
-11.002884
-8.685876
-10.795477
-7.657049
-7.115766
-5.312082
-6.725810
-6.759637
-10.103881
-7.363658
-7.635012
-9.564425
-10.890278
-8.523410
-4.414977
-7.550678
-8.725864
-7.135897
-7.561392
-8.882750
-9.130735
-6.770298
-9.729771
-4.244274
-11.388871
-10.124946
-8.335091
-10.305648
-7.855833
-8.058693
-10.169850
-12.192660
-4.911567
-9.130766
-9.352410
-5.804925
-8.003633
-8.353405
-5.215084
-8.454578
-9.617140
-9.060654
-8.160115
-8.061387
-10.026690
-9.402900
-11.307869
-9.916915
-11.216658
-6.941349
-12.732903
-8.761279
-7.072063
-9.663590
-7.414250
-8.796102
-6.636271
-11.786491
-6.898678
-12.726468
-8.983158
-3.159718
-8.217504
-5.822888
-7.104956
-11.726888
-8.066475
-5.952068
-8.038109
-4.985055
-12.290168
-6.890748
-9.733848
-11.014323
-10.656253
-11.805212
-7.962607
-10.127502
-11.922301
-11.177634
-10.699659
-6.531220
-8.421268
-7.179283
-8.265685
-9.036163
-10.577590
-9.410294
-7.918719
-8.761544
-7.670868
-8.652061
-10.563444
-6.800587
-7.784863
-9.555700
-7.011786
-8.742806
-11.107469
-10.311949
-4.413494
-11.908775
-9.869470
-8.721636
-7.000926
-4.461958
-4.775583
-8.422576
-7.071415
-7.112916
-9.318307
-10.141524
-6.927225
-12.105308
-7.802513
-7.041347
-8.867269
-8.643646
-5.305398
-7.620878
-6.808686
-11.932995
-11.608902
-9.526824
-7.173001
-12.903102
-9.238494
-7.972467
-10.574864
-11.288950
-7.484017
-7.471241
-8.990564
-13.242121
-7.939146
-11.213160
-5.538951
-7.963885
-5.378549
-8.013509
-6.660112
-4.938654
-5.979918
-9.092532
-6.772529
-11.618649
-10.817068
-9.085570
-9.477047
-9.046864
-8.269884
-9.687007
-9.294026
-7.968915
-10.553798
-4.107432
-6.467435
-8.141175
-7.149172
-9.799408
-9.606183
-8.891139
-10.057579
-9.706055
-5.168904
-7.443957
-7.303492
-6.931186
-9.214326
-6.956161
-7.216975
-6.496262
-8.711570
-3.748053
-9.821151
-8.427680
-9.045682
-10.198319
-9.094015
-9.593852
-9.005853
-11.944560
-12.083715
-12.175730
-8.033304
-11.918410
-9.593785
-7.406290
-8.233770
-9.753720
-8.720851
-6.995606
-7.483945
-8.560074
-9.194503
-8.222763
-11.954589
-6.554915
-8.048974
-8.582413
-9.695259
-12.578775
-7.270058
-10.203543
-7.117579
-7.741910
-5.704133
-6.611969
-5.016760
-8.988755
-7.125800
-8.730006
-8.537563
-7.642710
-12.293808
-7.959447
-9.776678
-6.083152
-11.106218
-9.217830
-7.117860
-6.548647
-11.262959
-11.415628
-9.308579
-7.678599
-6.031041
-10.314293
-7.974462
-9.382894
-9.686703
-9.970707
-7.591663
-10.835665
-11.863694
-6.672496
-8.881779
-10.487187
-11.024426
-8.742107
-8.159451
-8.014393
-5.749254
-9.026077
-9.233691
-9.457708
-8.402993
-8.913695
-9.429055
-10.299479
-13.650532
-7.804316
-12.022887
-9.145921
-6.850663
-12.026079
-9.796574
-6.928712
-10.650884
-8.616053
-8.343945
-6.294619
-7.661725
-9.318145
-8.436702
-12.190512
-9.573255
-7.917196
-8.808606
-7.525206
-6.231956
-7.035193
-7.504337
-9.452828
-5.397462
-6.252147
-7.136292
-7.270446
-7.807895
-10.026601
-8.717422
-8.109297
-11.986566
-9.443602
-12.370723
-8.544574
-4.944379
-8.826829
-7.682689
-6.079539
-10.700156
-6.440679
-5.732402
-6.158386
-7.654685
-12.893628
-9.223941
-9.224064
-7.382450
-8.123450
-8.702773
-10.496281
-8.121305
-9.992519
-10.715449
-9.167885
-6.759325
-8.111049
-12.324087
-7.526708
-8.275143
-8.886508
-9.246263
-6.286302
-9.243953
-8.447909
-10.963290
-6.303584
-8.696996
-12.687651
-13.076096
-8.272409
-8.947224
-7.228724
-11.672072
-8.762009
-10.124083
-9.730458
-7.788655
-9.685632
-9.691841
-6.934676
-9.869217
-3.886133
-11.876884
-7.081848
-7.266864
-9.687123
-8.491961
-11.171766
-8.981012
-6.020567
-7.572960
-7.855772
-7.167346
-10.373392
-5.999405
-10.288707
-10.000919
-5.469803
-8.703181
-11.797414
-11.804817
-6.849310
-11.112835
-9.044275
-6.923295
-8.715616
-8.053233
-9.461632
-11.238810
-8.958617
-12.105662
-6.639401
-5.231895
-10.823996
-11.577744
-7.170578
-9.268518
-10.279752
-11.146816
-7.173851
-8.752893
-8.689947
-11.334556
-9.717052
-7.158406
-10.307786
-7.136293
-10.398551
-6.946025
-8.510539
-6.801429
-10.376002
-10.151274
-7.433733
-9.555115
-8.371661
-8.756901
-10.762252
-7.606730
-10.115424
-4.246027
-8.527825
-4.496871
-5.794116
-8.709182
-5.418019
-9.572890
-8.544745
-10.965226
-10.247969
-7.866044
-9.348428
-6.506647
-5.743387
-6.534340
-9.636110
-8.652258
-9.841913
-7.647274
-7.570977
-10.406508
-8.023295
-8.002281
-9.532809
-8.638150
-10.715241
-7.701766
-7.553811
-6.715916
-6.273754
-8.374541
-10.134403
-7.968444
-7.984679
-10.205851
-7.572873
-6.648920
-8.786149
-9.564674
-6.871558
-6.893852
-9.999347
-7.394219
-9.331410
-6.924536
-11.264725
-7.864409
-10.488483
-8.154562
-8.894312
-8.969172
-8.158628
-7.660402
-9.103525
-11.769019
-8.294605
-10.263796
-4.028638
-10.819541
-7.595503
-9.419048
-8.948442
-7.552095
-14.009181
-10.857198
-7.129456
-10.271375
-7.748381
-6.958706
-11.043442
-7.878039
-8.617285
-8.117694
-5.911430
-9.435085
-6.726058
-7.369030
-10.115641
-9.798006
-13.451159
-8.539815
-9.330226
-8.745978
-8.600388
-8.715756
-7.577360
-9.238850
-10.407703
-14.999934
-7.482117
-8.819542
-8.908643
-8.021511
-5.641890
-11.045546
-11.581706
-6.105516
-10.746420
-10.595689
-13.472217
-10.012245
-7.057541
-8.515226
-4.899174
-9.927175
-11.649846
-11.110336
-11.709384
-5.593669
-7.498128
-11.141946
-8.539563
-7.008358
-9.209876
-7.655849
-9.691471
-9.048407
-8.998203
-8.174459
-12.535728
-9.715754
-11.028439
-4.831950
-9.634588
-8.898574
-9.033259
-5.107870
-4.230999
-6.885476
-7.774335
-11.834487
-9.218023
-5.283637
-10.318060
-6.530783
-4.258753
-9.471088
-7.971084
-7.140837
-10.259719
-8.343865
-6.924286
-7.797712
-12.499712
-9.551875
-8.674394
-10.368725
-9.378809
-8.763469
-8.471172
-7.080356
-8.033212
-8.942949
-10.231150
-8.285985
-9.337710
-11.697506
-2.737740
-6.531424
-7.706456
-5.626100
-7.563214
-9.850407
-8.470231
-10.805262
-10.563154
-9.176222
-10.560519
-6.615403
-7.219281
-12.102983
-6.018625
-9.606788
-8.333854
-6.258057
-10.721105
-9.750437
-8.401625
-7.684628
-7.056609
-6.977114
-8.680205
-7.615534
-7.832741
-9.397472
-8.520381
-12.859856
-4.289021
-6.538165
-7.662233
-7.301193
-9.884014
-7.557783
-7.620475
-9.030937
-6.846565
-6.937359
-6.334269
-8.569113
-7.064571
-6.133436
-8.262324
-10.658451
-8.301393
-9.698499
-8.400537
-10.796498
-9.656852
-9.503066
-6.993385
-8.590104
-9.370000
-8.207266
-13.723178
-10.199177
-8.489887
-6.389078
-7.996120
-6.006922
-11.660900
-9.366043
-10.324510
-7.895064
-7.004724
-12.415329
-10.929760
-5.580288
-10.159092
-8.096001
-9.439075
-9.128298
-9.764954
-7.709992
-8.950959
-6.961351
-6.159164
-9.189858
-12.356945
-6.333631
-11.397531
-10.479581
-7.405833
-9.298820
-7.016246
-8.561481
-5.449049
-7.375758
-9.313775
-5.678846
-9.565946
-10.505108
-7.929266
-9.464136
-9.355225
-8.155175
-12.326166
-9.116338
-7.349010
-7.320845
-6.956853
-8.412411
-6.680509
-11.468366
-4.472575
-9.367408
-8.509376
-6.406890
-7.066404
-11.828404
-9.101646
-9.013243
-9.378134
-6.420710
-11.636401
-9.101390
-10.186522
-10.972735
-6.877095
-9.619974
-8.604691
-6.958225
-10.677582
-13.179083
-8.916553
-10.738886
-5.082414
-5.565054
-8.672409
-13.324559
-7.707677
-9.020074
-8.149662
-10.818297
-9.410187
-9.611225
-8.221934
-8.037688
-7.875978
-7.633270
-8.397868
-5.491614
-11.295014
-6.595861
-8.355862
-10.450338
-7.040077
-10.258030
-7.919750
-7.019166
-11.960056
-8.366062
-8.004887
-6.760130
-7.717364
-10.227613
-8.103995
-10.589396
-8.703907
-7.526758
-6.000437
-8.331369
-9.376216
-9.738510
-11.705021
-7.706221
-8.088733
-10.288892
-9.727491
-11.475309
-9.598876
-9.774414
-9.578272
-10.117513
-8.683234
-11.994190
-13.677190
-8.705816
-8.311671
-9.210949
-8.284371
-7.144112
-9.134422
-12.617570
-8.612235
-13.055707
-10.868844
-8.138716
-10.303107
-7.640073
-6.006610
-10.681087
-7.185647
-5.216095
-10.323019
-9.107539
-8.770351
-7.983726
-8.347555
-8.771124
-4.476793
-11.469198
-12.166393
-7.913984
-6.779747
-12.839088
-9.528897
-13.438142
-7.987273
-9.491059
-7.866195
-7.538826
-5.394548
-8.952679
-11.549122
-10.533612
-11.243255
-9.602057
-7.802464
-9.628420
-9.058163
-9.534664
-7.294245
-9.416991
-6.698791
-7.671934
-10.827358
-6.297114
-6.209250
-8.016692
-8.717101
-6.782518
-7.322766
-7.074468
-6.965908
-5.669709
-9.150235
-7.471125
-8.770848
-6.141916
-4.836448
-8.925084
-8.596823
-5.695656
-9.647077
-6.616849
-6.198030
-2.813353
-11.071239
-7.017291
-6.233926
-12.098400
-5.156392
-11.378688
-10.857706
-7.075863
-9.316217
-9.028172
-7.715656
-8.851622
-8.766296
-6.883533
-7.460070
-7.732230
-6.244158
-7.087963
-9.884422
-9.360316
-11.757081
-6.691624
-6.213983
-10.697486
-7.052033
-7.737993
-10.479945
-8.753464
-7.775172
-6.054217
-11.646906
-9.739035
-8.293398
-9.211465
-6.759120
-11.170382
-8.672409
-12.158191
-10.081081
-10.913572
-9.817748
-9.113555
-5.506726
-7.998719
-9.547777
-7.093456
-7.740597
-4.847754
-7.327767
-8.601613
-9.770889
-6.926016
-8.939194
-10.326537
-8.313761
-11.129342
-9.423882
-6.220443
-9.368488
-6.603808
-6.967822
-8.488374
-4.646925
-9.705606
-8.453234
-10.771050
-9.380879
-14.783204
-9.301652
-6.837856
-9.793575
-10.073412
-10.927661
-9.476836
-11.281190
-8.885920
-7.715540
-8.037781
-9.100548
-7.861793
-6.456413
-8.208892
-8.555528
-12.096801
-7.969440
-9.166154
-7.156098
-6.714315
-14.485378
-8.146960
-6.806870
-11.267837
-11.827013
-11.197120
-9.477367
-8.769436
-6.944459
-9.765263
-8.255702
-6.190407
-5.009530
-10.437236
-6.897306
-6.784979
-9.555837
-11.001653
-10.978177
-7.125753
-6.843804
-12.791121
-7.497697
-7.371876
-8.077066
-5.889190
-10.075879
-7.746167
-6.024480
-8.293849
-10.636190
-5.832295
-10.905814
-10.604589
-9.691956
-10.096315
-8.418154
-8.262341
-8.514232
-7.795223
-7.465473
-9.126751
-11.510775
-10.074676
-9.611313
-9.575438
-7.741554
-10.076056
-7.008661
-10.213594
-6.418271
-7.879810
-9.171317
-8.332404
-8.463149
-9.628992
-8.729794
-8.113726
-8.220579
-5.818194
-9.175026
-7.278838
-6.375246
-11.652054
-7.431748
-6.743022
-11.615702
-9.429722
-11.492610
-10.766628
-12.034890
-7.003644
-9.990388
-4.693031
-7.859797
-7.869822
-8.093136
-10.777226
-5.768390
-7.612939
-8.682943
-7.754632
-8.554080
-9.523763
-8.060910
-7.466068
-7.773145
-9.918755
-5.918530
-12.413052
-7.511883
-12.186624
-8.823867
-7.610368
-9.948722
-9.766107
-6.610548
-6.302923
-12.411802
-7.876858
-7.553837
-12.329100
-9.007236
-9.198729
-8.172883
-10.101042
-10.557426
-10.374435
-11.930355
-12.932041
-8.455289
-7.923565
-7.070426
-5.814659
-7.486790
-10.126439
-11.149563
-8.750722
-12.152251
-9.254177
-9.053733
-6.107367
-9.267160
-12.231802
-9.813913
-5.625895
-12.841462
-7.212497
-10.901473
-11.687840
-9.074793
-7.246004
-8.636520
-6.416374
-9.701759
-8.142335
-12.517084
-7.466660
-8.063797
-9.648582
-8.614846
-13.515945
-8.077220
-6.834779
-8.519639
-5.982077
-9.468114
-10.857269
-8.760289
-10.977176
-9.993554
-7.907801
-9.050010
-10.076912
-10.425713
-8.374775
-6.501941
-10.889672
-13.112626
-11.815720
-8.425086
-7.443543
-11.047061
-9.300668
-9.595860
-9.270941
-7.783986
-7.551701
-8.510509
-8.243951
-11.433883
-5.215371
-10.190998
-8.129496
-8.450416
-8.968234
-8.269304
-9.081597
-9.915378
-7.739946
-9.570155
-11.082901
-11.143175
-9.213709
-7.927856
-11.889817
-10.755482
-8.372669
-6.739337
-4.983181
-10.609402
-9.789353
-9.417638
-7.748339
-9.830196
-6.324934
-7.664254
-8.392222
-7.594784
-6.250412
-7.841566
-6.511318
-11.563787
-11.671056
-12.332479
-9.447100
-7.999485
-9.137605
-9.767899
-9.787120
-6.463258
-11.789524
-7.604545
-3.807532
-7.937864
-9.922801
-8.630299
-9.598034
-7.505713
-9.043918
-5.815204
-7.623797
-8.634370
-8.123926
-9.872869
-4.024701
-8.370995
-12.367807
-8.680317
-10.498378
-8.667657
-8.954821
-7.405578
-12.567934
-10.893236
-11.504614
-9.864913
-8.246107
-8.969419
-10.892414
-4.472716
-11.798523
-10.241625
-10.799863
-9.983847
-5.668224
-9.145275
-11.071037
-7.528858
-4.004089
-7.636372
-12.572680
-6.866394
-8.296638
-8.846580
-7.033045
-9.126306
-7.855778
-9.611016
-10.298931
-8.473924
-10.911732
-5.539836
-5.939925
-7.963016
-11.251262
-10.136287
-10.243924
-7.438898
-7.090260
-6.673908
-5.366792
-9.472292
-10.093267
-8.409295
-11.148165
-10.073147
-10.149107
-9.325856
-9.312537
-6.636734
-11.825855
-7.658949
-9.083851
-4.834485
-8.084301
-8.169989
-7.471471
-9.239668
-9.788406
-11.659903
-7.744730
-10.659085
-12.108103
-6.797903
-7.802325
-6.600539
-5.422880
-9.123108
-9.566882
-11.064198
-6.170861
-6.430931
-7.580781
-8.533415
-6.894715
-7.453069
-6.186492
-7.469944
-6.173168
-7.574213
-7.907327
-8.842408
-9.075887
-8.895913
-12.220258
-9.530283
-9.793735
-8.698870
-7.791646
-9.276940
-7.461827
-8.588220
-8.694791
-11.161386
-10.340108
-9.903129
-9.908937
-9.992568
-6.986205
-7.523970
-10.938967
-10.707886
-7.597557
-12.973291
-8.048231
-8.375112
-7.343801
-9.016002
-9.400315
-7.210733
-10.124492
-9.609017
-8.117555
-7.890069
-5.164832
-9.709302
-10.279864
-6.724147
-7.892689
-8.314582
-7.583937
-11.918493
-7.081986
-7.771714
-8.437090
-8.028867
-6.636477
-10.176626
-13.916582
-11.065996
-2.268122
-6.921721
-11.636103
-12.366179
-10.224591
-8.988784
-9.246801
-7.354760
-7.593389
-10.227978
-11.932847
-8.266298
-7.938881
-8.203321
-8.804264
-8.033800
-9.868484
-11.103697
-7.854586
-8.274131
-9.878613
-5.918044
-9.222519
-9.864189
-9.957290
-10.246904
-9.005740
-8.839052
-8.525858
-10.898369
-9.460145
-9.871675
-7.832949
-7.197381
-10.362946
-12.711597
-10.206358
-7.245987
-10.469087
-15.697189
-7.013135
-8.243726
-7.996047
-9.324541
-8.085334
-10.954668
-7.298376
-12.273208
-9.352844
-11.798903
-10.472916
-9.544745
-6.987318
-6.753996
-6.642939
-11.105558
-8.137367
-6.822818
-8.507052
-8.169162
-7.723508
-7.765768
-3.284685
-6.431218
-11.154206
-11.459008
-10.628622
-10.284366
-10.264557
-7.430127
-9.332023
-4.205010
-9.745768
-10.849293
-12.272823
-9.435056
-9.199841
-12.336967
-5.904839
-4.641482
-10.078661
-7.077428
-7.502796
-6.947248
-12.090808
-8.370358
-7.037319
-10.006046
-6.289075
-5.656388
-14.095596
-8.502618
-11.278432
-9.601301
-6.860721
-9.610042
-7.810260
-11.090915
-8.584939
-8.818162
-7.158459
-10.085975
-5.597709
-8.378722
-7.052317
-8.398576
-9.996748
-10.533777
-9.112918
-11.202008
-9.603291
-11.485660
-10.849231
-10.780361
-8.401110
-8.102070
-7.852467
-7.161091
-8.744143
-5.873254
-8.844460
-7.167840
-8.606701
-10.929138
-10.422844
-9.896061
-13.784515
-4.917439
-6.537609
-6.271110
-8.129299
-8.665299
-7.538816
-7.350457
-12.242303
-10.175640
-4.908419
-9.400023
-10.542996
-9.201461
-9.140485
-8.651385
-7.826195
-11.026543
-12.477162
-8.650601
-7.106884
-9.720033
-8.179650
-13.599074
-7.902946
-6.832695
-10.447597
-10.470100
-5.768274
-8.087267
-5.981250
-7.614630
-10.412070
-8.401949
-5.513940
-8.403227
-10.053986
-10.036918
-9.836758
-9.334468
-7.039320
-4.384281
-6.699264
-7.943892
-9.216565
-4.760447
-7.476332
-8.803517
-8.378564
-7.055370
-5.408160
-11.295779
-7.871653
-10.402480
-6.566511
-10.502446
-8.297453
-10.555137
-5.671558
-9.352238
-9.157557
-10.256330
-5.864767
-8.296417
-4.477133
-5.836920
-9.558224
-5.667500
-4.232210
-8.061375
-5.981145
-10.834140
-13.275681
-9.188074
-8.948855
-10.439884
-7.697173
-7.133454
-7.843162
-8.549969
-6.603479
-7.399343
-9.991158
-7.655610
-11.314788
-8.313028
-6.780360
-10.647856
-8.604846
-3.082997
-11.468917
-7.200509
-7.521949
-9.368906
-7.271705
-9.278291
-9.638927
-7.151160
-9.342627
-11.137910
-7.624200
-10.715914
-9.226066
-10.971163
-6.121404
-4.469510
-4.144071
-9.074854
-11.711465
-11.637808
-8.226967
-6.876807
-8.957295
-10.166131
-9.266069
-11.507431
-6.988071
-8.118897
-7.118301
-9.266431
-7.151464
-5.605858
-11.241803
-11.154202
-7.680929
-7.722853
-7.065526
-11.448301
-9.228342
-9.505146
-10.127434
-11.432796
-7.353920
-6.699530
-6.703667
-14.334008
-10.424353
-9.989876
-7.651085
-9.804066
-12.460727
-10.410688
-10.281582
-11.065318
-10.127737
-7.325258
-10.167732
-10.136983
-12.024784
-9.922037
-7.915723
-8.838664
-8.403578
-9.824921
-7.911933
-9.393265
-10.099604
-8.225948
-8.653062
-7.410890
-11.821500
-6.940844
-7.615065
-11.215463
-10.618713
-11.031743
-7.857922
-9.633936
-8.201931
-7.838241
-8.338737
-7.481543
-10.529851
-7.082285
-10.157910
-9.131639
-8.298616
-10.447326
-7.120121
-10.958164
-8.622242
-6.765221
-8.566178
-8.819580
-8.971838
-8.060749
-9.530208
-7.421243
-7.584350
-8.928588
-8.287076
-8.915807
-6.954615
-8.995095
-8.493403
-9.772902
-8.489454
-12.653485
-9.822733
-9.420806
-10.639896
-10.457232
-6.719281
-8.834372
-13.251429
-7.447604
-11.272840
-9.497074
-12.633553
-10.903815
-7.625537
-9.478069
-8.710196
-9.010444
-9.499465
-6.493013
-6.188815
-11.615723
-8.499079
-9.981150
-8.481583
-7.987352
-7.680085
-10.564136
-9.955742
-10.595325
-8.515874
-9.274022
-7.828847
-9.342962
-9.851992
-12.251163
-12.269311
-7.934664
-9.691003
-12.614777
-11.418872
-8.294173
-6.580202
-6.711243
-11.081829
-9.676471
-6.230107
-8.347075
-7.761224
-7.169266
-10.958570
-8.430341
-11.678708
-7.314880
-10.372093
-8.516919
-4.029425
-5.707028
-8.482343
-6.602001
-8.201757
-6.990374
-7.812431
-9.419794
-9.630580
-7.515444
-13.259223
-6.448562
-7.160008
-8.599214
-7.744023
-9.477084
-5.884604
-9.441079
-5.752428
-9.929938
-6.775574
-10.838562
-10.885558
-7.362396
-10.104792
-8.547963
-9.079533
-5.978009
-11.167050
-9.241867
-9.069159
-9.369485
-6.379959
-8.641232
-7.491073
-11.106212
-6.424531
-7.746646
-6.811978
-8.498408
-14.113403
-11.170654
-7.574898
-6.060692
-14.563401
-10.165064
-7.207480
-7.091288
-10.754448
-10.719931
-7.096182
-10.998933
-9.070535
-6.684644
-5.934570
-6.731158
-9.132164
-7.873054
-7.837332
-10.793371
-9.594707
-7.899177
-10.600053
-10.026131
-5.487153
-8.860987
-7.963675
-8.730355
-12.162361
-9.675022
-7.375589
-10.656726
-7.735414
-7.162425
-11.609293
-10.112161
-7.849270
-8.537160
-10.380482
-7.562271
-8.578962
-9.399938
-10.025964
-10.437352
-9.063133
-9.566026
-7.730901
-7.543880
-5.951946
-8.277498
-4.772775
-9.877527
-6.512309
-9.159378
-6.959429
-7.837110
-9.704259
-6.224380
-12.424830
-8.304682
-10.314568
-8.791867
-9.598519
-9.171367
-10.877240
-5.740925
-12.748216
-8.575294
-9.511415
-10.696541
-5.447582
-10.227464
-8.940536
-10.720412
-10.660996
-8.201178
-8.878244
-9.496530
-9.646486
-8.127983
-7.923032
-7.144262
-7.409286
-9.784633
-9.660522
-8.424973
-7.459589
-12.185715
-9.029452
-7.959680
-8.821969
-10.293605
-10.505318
-7.447327
-7.431022
-10.640450
-8.514775
-7.922020
-9.895316
-7.964451
-8.147314
-8.460247
-9.055406
-6.224155
-11.465531
-11.336020
-11.465109
-6.959131
-10.060987
-10.729685
-7.475042
-8.902563
-11.226021
-7.665895
-10.500191
-9.805922
-9.963405
-8.844311
-10.083761
-8.462476
-9.168212
-7.768389
-7.645511
-5.785332
-4.902740
-11.726037
-7.004480
-11.752355
-8.365656
-9.894095
-8.189383
-9.876584
-10.987054
-5.815729
-8.357536
-8.128240
-8.770224
-8.763822
-6.582207
-8.431801
-7.742334
-8.238964
-9.663861
-5.911959
-10.174569
-5.903275
-6.224212
-6.468570
-10.488351
-7.591553
-6.984403
-6.764851
-11.070918
-10.288776
-9.470849
-3.571765
-10.054941
-10.007638
-7.858069
-5.911883
-8.980415
-10.444970
-11.762158
-5.885957
-10.108114
-9.174279
-8.329722
-12.534258
-6.777192
-12.039042
-10.117554
-8.471644
-9.348975
-10.310420
-9.125145
-9.682545
-7.720068
-9.303988
-7.537604
-9.741158
-10.055528
-8.007524
-8.707559
-8.520431
-5.583997
-9.661752
-8.482903
-11.790137
-10.567184
-12.345729
-4.141680
-10.011069
-10.211861
-9.242156
-9.177313
-8.269895
-8.539116
-7.173428
-7.194764
-11.512751
-9.704800
-6.458668
-5.832671
-9.052213
-7.843202
-8.787710
-7.996144
-3.583247
-13.510413
-5.242394
-6.700033
-11.520228
-9.674777
-12.556288
-6.505308
-5.138574
-9.987354
-9.845055
-10.985672
-10.098558
-9.299891
-10.547085
-9.506552
-10.006580
-8.736296
-10.793413
-7.085082
-7.478585
-14.131120
-8.823728
-7.452952
-8.712068
-8.277762
-8.654037
-12.904906
-10.461155
-10.558037
-7.333455
-8.372944
-9.195210
-7.653879
-12.258327
-8.301680
-8.361451
-8.391189
-10.951837
-6.550171
-13.571626
-7.874709
-8.346203
-9.330708
-4.495901
-11.642521
-5.513840
-8.369141
-5.591338
-10.308151
-8.759165
-8.776278
-11.713186
-12.594214
-12.121125
-7.665427
-5.919895
-9.521405
-7.637561
-8.998313
-7.698769
-7.730267
-6.786882
-10.983857
-9.537175
-8.789406
-7.757937
-8.770819
-8.986718
-10.145468
-11.002546
-10.370650
-9.207639
-9.680775
-12.550439
-4.431936
-7.496926
-9.786748
-8.747791
-4.830452
-10.348715
-12.749446
-13.680020
-8.881072
-9.185897
-8.624670
-9.323118
-10.089679
-7.305369
-9.317669
-6.685363
-11.339308
-9.688391
-8.877157
-9.260838
-7.966293
-9.972072
-10.074729
-8.471494
-8.466616
-5.112556
-9.620096
-11.664382
-8.590544
-9.363118
-11.619964
-10.559296
-7.036276
-10.764011
-12.593851
-8.732982
-6.545557
-7.310377
-11.405429
-3.867487
-8.602242
-10.120612
-8.348465
-9.523089
-10.072060
-9.159543
-8.531775
-9.366006
-9.308363
-12.145430
-11.112154
-6.754277
-10.997749
-7.729498
-10.781153
-9.538079
-7.936781
-7.787433
-9.655145
-8.962160
-12.142886
-8.500620
-9.187447
-9.764797
-7.927922
-8.408142
-9.037629
-10.065797
-8.993831
-11.179321
-9.811457
-8.571762
-5.469635
-8.935672
-6.664287
-12.332108
-10.085229
-9.077530
-8.601480
-7.868398
