8
1 500 1000 200 42 777 13 99
-2.443508
7.968576
1.699076
-1.432496
-2.192655
-3.206540
-1.066944
6.815260
-3.185565
3.180446
-4.308917
-2.061340
6.097972
2.717981
5.129307
-3.901733
0.571330
-5.256630
-5.851624
-7.250378
-6.112272
-1.190474
-4.900958
-2.290854
-2.399744
1.463489
-3.568370
-1.945405
-2.787414
-4.283608
-2.192655
-1.495398
-3.428681
-3.891427
-3.138262
-3.194318
-4.079345
-4.118166
-6.157117
-7.129487
-0.195654
-0.516679
-3.822231
-6.252293
-2.761192
-6.689655
-4.223628
-0.512015
-4.212877
-0.148396
-1.941572
-0.996661
-4.528368
-8.275068
-1.061512
-3.092413
-5.114611
0.576815
-4.109303
-2.517263
-1.549106
1.107508
-0.670435
1.107508
1.107508
-1.287948
-0.924952
4.143086
1.279348
-0.173907
-1.982545
-1.296449
3.279177
1.977408
-0.032010
2.400909
3.079118
0.335941
1.748605
-2.704078
7.701334
0.345933
6.266522
4.623687
1.538527
-2.297221
1.555982
-0.324511
0.071730
2.290361
5.511335
1.107508
-4.151897
-2.517263
-2.940972
-4.256978
-4.310862
-3.967455
-6.197119
1.107508
-1.432496
0.094199
1.107508
1.107508
-1.646382
1.107508
-3.967455
-3.968215
-1.432496
-1.914121
-4.797738
-1.943314
-3.405077
-0.817158
-0.938802
-0.938802
-1.432496
-2.518911
-1.432496
-1.818586
-3.737540
-1.432496
-0.367797
-4.008648
-0.984362
1.107508
-3.009626
-4.328305
-3.630627
-2.285575
-1.357718
-3.967455
-3.967455
-0.059022
-0.645447
-3.009626
-7.519013
-2.729733
-7.140947
-4.310862
-0.817158
-1.555943
-3.098365
-2.574146
-3.967455
1.107508
-3.967455
2.488126
1.107508
2.488126
2.488126
-3.967455
-2.517263
-1.432496
-1.752439
-3.009626
-1.549106
-4.310862
-3.988506
-0.790553
1.107508
-3.967455
-8.024515
-1.432496
-2.394929
0.324719
-1.752439
-1.357718
-1.432496
-0.625578
1.107508
-3.986888
-0.443912
2.488126
1.107508
-1.432496
-7.140947
1.107508
-4.310862
1.107508
1.107508
2.488126
-0.783871
-3.967455
-1.432496
-0.383464
-1.410225
-1.752439
-5.349551
-2.856301
-2.074841
1.107508
-2.517263
-5.319569
-0.938802
-3.009626
-2.517263
-2.517263
1.107508
-2.604108
-1.432496
-3.967455
-1.549106
1.107508
-1.432496
-3.967455
-0.633873
-3.967455
-0.938802
1.107508
-1.796184
-0.817158
-3.159465
-1.752439
-2.517263
-1.432496
1.107508
-1.432496
-1.432496
1.107508
-1.432496
1.632265
-2.058776
-1.218102
-3.793610
2.488126
-5.238184
-2.708988
-4.310862
-0.383550
-1.743814
1.107508
2.762987
-1.796184
-3.500875
-1.796184
-3.967455
-7.127515
-1.851316
-1.432496
2.488126
-1.432496
-1.800008
-0.817158
-4.746099
-4.316957
1.107508
-6.230173
-8.889238
1.107508
-2.394929
-1.432496
-5.438469
-2.446380
2.488126
0.044567
-1.179698
-0.619670
-3.081299
0.953137
-1.539164
0.468874
1.529026
-0.645635
1.224205
2.167578
-3.553006
2.527655
3.460470
-0.261771
1.258376
4.727751
-1.451920
2.280111
0.621799
1.912164
-1.585968
-1.526287
0.597690
-1.407174
-0.855895
-5.245757
-0.316370
-0.050933
2.936631
3.074597
0.543983
-0.353079
-0.963612
-2.575553
5.276980
3.784697
-3.753954
-1.266778
-7.219367
-1.870419
-0.587981
-2.419477
-0.409531
4.541841
-2.746592
-5.395904
2.903524
-5.806501
-1.162332
-0.213766
1.090395
2.663738
-0.710931
-2.978544
0.441113
-1.465012
1.319453
-1.239135
0.155289
-0.195910
-0.396314
0.883552
-1.293324
-2.879162
-1.319555
-1.571836
-5.538859
0.087584
-1.847883
-1.231074
-0.986005
-1.112944
-0.868944
-3.277824
-3.806097
-2.504181
1.132509
-0.239511
-2.385246
-7.685607
0.878389
-5.328247
-2.027406
-2.838406
-3.157412
0.773048
-7.490848
1.860580
-3.717492
1.364943
2.696431
-0.282569
-1.720135
-1.624328
-3.852787
-7.930542
7.065874
-2.019405
1.227942
0.753645
-4.257445
-0.266034
-4.276158
-5.589510
-1.549106
-3.967455
-1.752439
-1.825617
-2.255852
4.362690
-1.961272
-3.449111
-1.176269
-5.088257
0.306992
-3.829053
2.069304
3.552064
-0.694025
-2.824245
-3.454871
3.991790
0.162614
-1.752439
-5.551897
-3.039222
-4.335534
5.776059
5.864044
0.585428
-1.679205
-1.523791
-3.565341
-2.808654
-5.016362
-1.023553
1.310016
-6.628522
-1.503355
-6.739099
-0.835920
1.127203
-1.867011
-2.238578
-1.068120
-5.069561
-4.564978
-4.673009
-2.019627
-0.098551
-1.511773
0.298092
-0.490313
-0.751298
-4.289756
-2.269403
1.618489
-6.704902
-1.878467
-5.056384
-0.689417
-6.443208
-1.597537
0.295369
-2.713004
-0.738882
-2.528725
-3.164923
-0.005161
4.059707
-7.294189
-0.648983
-0.234522
-6.368881
-1.221915
-3.695157
0.531581
-0.730002
1.462594
-0.606107
0.628970
4.229749
-1.802805
-2.660153
1.476094
-6.833206
-3.140960
-1.505904
-3.187366
-4.591979
-2.729982
0.663617
-2.329548
-8.155214
-5.805740
-0.820384
-3.840085
-5.615944
-1.191028
0.979821
0.626503
-2.273194
-6.175516
-7.297227
0.716383
-0.489991
-5.651114
-2.622305
-4.539893
-5.125857
-1.377774
-5.914124
-0.329894
-7.943417
1.251666
-2.284920
-0.917213
-6.119905
1.858758
-0.291609
-8.150384
-2.597056
-1.944999
-3.972340
1.434774
-4.620408
1.048940
-8.252550
-2.461197
0.260133
-0.622892
-2.282902
-4.139644
0.410427
-6.078616
-4.145700
-6.594648
-0.720726
-3.670887
-0.196262
-3.048476
-5.477641
-4.314657
-0.477859
-6.427016
-1.238658
1.284587
-0.289299
-3.155920
-6.172579
-2.835366
-2.033867
2.526362
0.793520
-5.724822
-3.066086
-3.374180
2.726164
-8.060263
-0.383129
-2.262842
-5.895542
-1.657512
-4.113014
-1.874427
-4.757286
-5.131346
0.330337
-5.942956
-0.952043
-1.318092
-6.815067
-2.438316
-3.879261
-2.188886
-0.606985
-0.159600
0.958788
-2.867054
-1.042130
-5.015857
-1.273531
1.895531
-5.393229
-1.772826
-2.077304
-6.262921
-3.967455
-7.970788
-3.501061
-1.971376
3.695220
-3.948450
-4.106478
-2.638686
-0.851366
-0.461820
-3.347155
-3.266535
-0.891035
-2.581727
-0.198085
-0.930203
-1.562547
-0.903495
0.370631
-2.389175
0.348090
0.608966
0.213733
-2.830040
-4.564754
-3.535401
-2.309616
-2.609983
-3.688013
-1.725603
0.682703
-0.304781
-5.217017
-2.085718
-6.505583
-0.402246
-5.671273
-4.181592
-6.324508
-0.963434
-2.286605
-0.665652
-4.164832
1.331961
-5.397741
-2.704922
-2.901691
-9.216754
-4.278230
-3.046052
-2.960631
-4.500201
0.674812
0.198793
-2.408399
-1.690537
-3.135569
1.610113
-4.639352
-4.029986
-0.989415
-1.706047
-1.438492
-5.142548
1.316758
-6.159035
0.335380
-0.975107
-3.256664
-0.073379
-2.762795
-3.513549
-3.533374
0.578516
-2.476931
-0.087709
-0.033088
-4.580347
-4.963399
-3.834550
-3.018524
3.096678
-5.973195
-3.563156
-5.657121
0.069888
2.452348
-1.760108
-7.360793
-3.935603
1.026375
0.306502
-2.697523
-3.475653
-4.299616
-0.656343
-1.179457
-9.031325
5.553001
-3.073029
-2.131442
-5.021555
-2.487884
-2.939669
-2.419795
-2.840145
-4.931980
-2.300169
-3.584234
-3.284646
-0.746789
-6.364561
-5.378288
-2.608693
-1.626159
-2.581030
-1.477588
-7.650983
-2.478550
-3.682576
0.211301
1.070145
-3.098815
-2.306604
-2.447215
-0.044156
-4.378193
-5.325514
-4.049881
-7.480280
-3.826868
-0.866956
-3.615476
-3.142521
-3.959620
-8.281171
-4.425189
-6.787799
-4.526616
-4.161603
-2.254865
-4.897661
-1.565798
2.391687
-4.896826
-3.721121
-0.762896
-2.874594
2.191386
-2.983369
-3.311358
-3.931300
0.371958
-0.789661
-7.414758
0.277459
-2.940972
0.151796
-5.183931
-4.792849
1.250462
-2.805302
-3.138287
-4.505139
-2.319270
-8.562751
1.610057
-6.372701
-6.926522
-9.370806
0.028015
-4.193556
0.500585
-1.753830
2.272493
-2.533957
-7.672942
-2.635918
-4.144412
-1.506500
-1.681446
-4.072540
-8.834401
-3.634283
-3.898512
-1.790390
-4.484132
-2.605947
-0.171308
-2.221894
-1.493964
1.010865
-3.704264
-2.969802
-3.990322
0.519053
-1.962377
-1.471724
-3.151958
-3.091593
-1.029449
0.839786
-1.546069
-2.935361
-4.393011
-3.575395
-8.115422
-0.359161
2.831772
-6.126728
-6.364058
-1.663802
-1.648835
-0.600872
-5.581242
-3.385787
-1.803118
-7.943048
-2.460593
1.625804
-9.106487
-2.384422
-0.398019
-1.243436
-6.024258
-2.920324
0.944361
-0.440977
-3.523767
-2.885533
-4.919530
2.024253
-1.793926
-1.667299
-4.131981
3.796550
1.388182
-5.134567
-6.047998
-2.200410
1.260189
4.274343
-1.367592
-5.150815
-6.279173
-5.439154
-2.129428
-7.097490
-7.082050
0.762515
1.587562
-5.117763
-3.735004
-0.287105
-4.070718
-0.542992
-6.499175
3.685131
-2.103575
-2.100466
-4.246511
-6.404445
-1.706892
-1.314743
-2.550063
-0.341433
-5.488296
-2.223004
-2.299099
4.056280
-1.965736
-0.117994
0.012541
2.624850
-3.703064
-6.330157
-5.617907
-5.581558
-2.999967
-5.474768
0.445893
-8.224950
-0.287230
-0.806282
-5.904142
-2.604079
0.502466
-3.657384
-4.107467
-3.048234
-4.333416
-3.704154
-1.177439
-1.655715
-1.721993
-4.637469
-0.184492
0.251442
-3.289818
-3.416183
-5.920097
2.488295
0.512774
-7.149026
-3.958921
-1.422713
-2.691672
0.090438
-6.380968
-4.072998
-3.550856
-7.331475
-1.721906
-3.716339
1.194732
-3.431551
-4.916866
-5.025683
-0.996299
-0.385698
1.118320
-0.219544
-8.071056
-1.486216
-7.346598
-5.707814
-1.831978
-6.142144
-1.338237
-2.330047
-0.007409
2.653923
-2.316622
0.284438
-2.582817
-3.595606
0.188575
-1.444395
-3.153398
-0.742189
-4.239097
-2.117084
-2.650162
-3.069027
0.211349
-2.589030
-3.721867
-2.159039
2.897011
-7.185535
-7.067289
-2.072959
-8.752522
0.382971
-7.574329
-6.753917
-0.530378
-0.186267
-1.447773
-4.873220
-6.463238
-2.202519
-6.224059
-3.787310
-3.874533
-4.939137
4.735705
-2.636305
-1.179278
1.020073
-5.552183
-4.597228
-4.393827
-3.284455
-5.683682
-1.786678
-3.865989
-6.283354
-2.932586
1.107508
-2.066751
-1.378199
-3.982539
-5.203138
-0.911568
-0.487739
-8.522647
-4.424744
-7.460907
-2.553871
-3.813422
-2.396607
-0.995743
-1.050334
-1.924859
-3.018260
-2.544705
-4.380124
-2.645943
-1.382858
-6.868038
-5.588167
-1.296102
-2.665016
-0.262421
-1.039688
-2.962486
-4.197340
-1.990801
0.724658
-4.177499
0.301291
-6.112428
-6.384329
-0.988299
0.958545
-2.034299
-3.351640
0.441341
-4.820566
-2.343980
-3.235826
-0.724433
-5.366531
-5.036661
1.159518
4.340944
-2.953625
-4.057727
-1.915001
-7.365552
-3.492017
-2.434036
-5.915092
-9.796354
-5.613301
-1.801927
-4.664202
0.696568
-2.999824
-3.791408
-2.920407
0.967388
-4.729075
2.016444
-5.679785
0.544310
-4.127441
-6.324182
-0.787304
-4.351145
3.669732
1.203263
-1.329364
-6.368021
-4.691841
-4.274815
-5.712602
-0.937765
-2.525871
-6.478498
-3.011953
-1.717969
-4.210896
-2.823976
0.416765
-0.007974
-0.526267
-6.956856
-3.307285
-1.654803
-3.002311
-1.599953
-6.805759
1.053840
2.250062
-0.651817
-2.112259
1.194530
-4.560719
-2.055654
-2.422497
0.007296
-2.956886
-0.491680
-2.004954
-1.804587
-3.188592
0.139643
0.454447
-0.885930
1.107508
-2.859943
-4.355270
-4.515397
-1.042513
-2.200265
-2.888719
-1.588688
0.005847
-2.157835
-6.654023
-0.895745
-3.837491
0.443494
-4.815823
-0.250768
-4.814636
-2.447182
-0.054573
-5.203587
2.660206
-0.664824
-8.011058
-0.518831
0.923875
-5.889713
-0.609820
-1.432496
-4.034617
0.560697
-5.657092
-2.632221
-1.414923
-9.647831
-1.224599
-1.191224
-6.113214
-2.438517
-3.840848
-2.622975
-0.518992
-7.704362
-3.737884
-5.939356
-2.745449
-2.190867
1.107508
-7.243243
-9.345736
-2.742257
-0.674692
-2.946265
-4.481264
-3.860928
-5.221109
-7.471487
-2.158372
0.095613
-1.644970
-1.685207
0.421366
-6.024592
-3.970412
-4.150983
-4.676644
-0.144858
-3.400451
-6.010512
-8.862023
-4.513323
-6.372326
4.417858
-2.858837
-8.796945
-6.131154
-0.161167
-2.588539
-2.762628
-1.893121
-3.919780
-0.290086
-6.283953
-1.603044
0.641679
-3.530516
1.353913
-5.425941
-2.622302
-2.549434
-9.107259
-1.613690
-0.720188
-5.144404
-8.456634
-5.604950
-0.075198
0.307771
-5.776583
-8.959683
-8.924631
-3.482263
-3.429627
-4.491393
-1.690029
-0.193988
-2.683174
-0.325233
-3.873055
-2.934278
-5.653665
-1.620927
-2.987107
-1.357718
2.488126
-4.349425
-6.410942
0.939707
-7.423156
-3.350911
-2.992884
-1.512980
-1.765605
-0.799079
1.495503
-3.066075
-2.506983
-4.794018
-1.987493
-1.594063
-5.845176
-1.782311
-1.891199
-3.901008
-4.304861
-3.287420
-2.061358
-2.144838
-2.967782
-6.374804
-0.536094
-6.604294
-5.497994
-2.942360
-0.501065
-3.359027
1.312524
-1.253701
-2.177973
-6.545934
-7.011432
-2.736005
1.356523
-4.185756
-2.642603
-1.864466
-3.510375
-3.192775
-4.230149
-6.273600
-2.706382
-5.735920
0.827460
0.773390
-2.084306
-3.498199
-5.058112
-2.552176
-1.588324
-1.026289
-4.286461
-3.483395
-5.282874
0.777352
-0.917657
-5.649739
3.124619
-1.817775
-3.090423
-4.239109
-6.151967
-2.883091
-0.869016
-3.463326
-6.900886
-6.195714
-4.326080
-5.336853
-4.395596
-2.735881
-2.552660
-4.292904
0.039515
-0.579479
-1.117117
-0.485100
-3.512121
-2.490761
-8.841411
-3.194882
-2.410246
-5.553914
-0.608992
-2.688228
-3.009626
-0.217969
-7.545358
-5.821604
-2.679520
-2.153897
-2.558930
-6.002595
-4.471809
-1.824740
-3.827714
-2.307346
-2.063730
-0.870150
-1.752439
-4.724876
-2.461389
-1.852246
-6.256024
-4.983975
-5.123446
-0.464110
-1.164412
-6.452286
-4.551824
-6.970203
-3.995698
-2.759528
-1.929441
-1.159369
-1.531578
-2.723504
-1.838917
3.599825
-4.278099
-2.214722
-2.194251
-3.618494
-2.469847
-6.091403
-6.407099
-1.135378
-8.139716
-5.446042
-2.238526
-4.568227
-2.387984
1.536338
-1.287774
-3.483463
-0.342700
0.962487
-0.097076
1.119580
-1.960621
-0.733866
-5.342701
-1.903327
3.083992
-5.894412
0.344841
0.472193
-7.457957
-3.966267
-1.393635
-1.026959
-3.746396
-0.188304
-1.772335
3.692223
0.082021
-4.550695
-5.475791
1.307256
-3.858714
-1.003079
-3.024481
0.481379
0.216776
-2.315039
-4.148952
-4.898726
-4.274215
-1.619564
-3.657219
1.107570
-3.443033
-6.079908
-4.092075
-7.902257
-0.870565
0.174384
-2.468057
-2.058134
-1.590916
-7.754709
-1.749786
-1.432496
0.943670
-3.419801
-4.503362
-2.043211
4.122838
-1.009090
-2.469658
-2.511997
-0.462819
-2.398501
1.282160
-1.422294
-0.355551
-4.601788
-2.783077
-5.344973
-6.389172
-4.348577
-3.434026
-4.584805
-4.455705
-1.523297
4.436211
-6.241441
2.633433
-5.505764
-3.207206
-4.925176
-2.345361
-3.712274
-7.757227
-0.740091
-2.888931
-3.404708
0.449856
-0.046808
2.400372
1.131761
-1.750809
-2.491750
-6.059341
-2.870707
-3.030566
-0.906527
-8.153036
-4.819837
-3.287679
1.025728
-0.581022
-3.278919
-1.065745
-4.651187
-2.998148
-6.135664
-4.198681
-6.283293
-4.979543
-1.404523
-3.540466
-4.235893
-3.677811
-7.193234
-3.228744
-3.136217
-3.097914
4.433859
-1.632279
-2.831940
-5.025526
-3.403928
-4.661862
-6.194798
-4.851817
-1.819932
0.957645
1.416646
-5.261898
-5.923591
-2.598877
-6.016446
-3.205557
-2.576172
-1.368863
-1.049394
-2.708598
-5.875694
-3.542409
-4.747720
-3.752444
-2.302129
-1.220650
-0.620749
-3.774323
-3.771214
-1.426958
-0.901023
-1.893010
-3.533526
-3.052457
-2.763722
-1.946489
0.102064
-1.704855
-2.746148
-2.734845
-1.827753
-6.875130
-0.256740
-5.941377
-3.478980
-0.923649
-4.405272
-2.471787
-2.839056
-2.127084
-4.373405
-4.759335
-6.349539
-4.271334
-3.676262
2.750355
-1.726048
-0.544053
-4.840423
-3.967455
-3.358467
-1.375347
-1.065047
1.044076
-2.160449
-1.443360
-0.170327
-7.049551
-2.867811
2.142607
-2.793396
-1.037087
-5.474692
-9.387207
-0.672425
-2.450786
-4.556002
0.532018
-3.057388
-5.017111
-6.825138
-1.214468
-2.672580
-5.776278
-1.478611
-6.683043
0.241591
-4.147320
-7.216587
-5.913252
-0.567331
-3.307031
-7.077578
-2.996417
-6.253419
-4.218357
-2.190024
-3.321392
-1.311812
-4.589733
1.823161
-2.507392
-3.642213
-1.055989
-2.733003
1.313745
-5.730026
-1.244554
-6.304188
-3.849804
-3.133990
-5.653643
-0.816460
2.874091
-0.887470
-0.407960
-0.483110
-5.378694
-1.385710
-7.845744
-8.652645
1.141310
-4.235236
-3.259068
-1.866541
-0.645606
-2.193412
-7.814913
1.946472
-4.212519
-1.075676
2.426780
-3.226432
0.124321
-3.769227
-5.362864
-0.646391
-0.764178
0.844460
-5.522039
-3.657480
-2.661259
1.538774
-0.650314
-1.112770
-1.258606
-3.356883
-1.976443
-1.529073
-5.230236
-3.041521
-3.234736
4.048686
-1.629469
-1.298132
2.552231
0.810139
4.141864
-2.372629
-3.252113
2.149864
0.149977
-4.703708
-1.617017
-1.979239
-6.596902
-2.677381
-3.273116
-7.914253
-2.233586
-5.779708
-4.544687
-5.605419
-3.974023
0.383844
-2.750055
-0.452543
-5.648874
-2.825535
-3.086460
-5.369516
-3.766236
-1.526638
-1.902637
0.187631
-1.097682
-1.638838
-1.205474
-0.565961
-4.040962
-4.463764
-4.580202
-0.453577
2.762365
-3.115432
-2.624553
-7.201579
-3.757504
-1.737118
-1.882913
-2.598177
-3.323200
-5.240990
-3.676229
-4.101367
-9.907447
-4.772457
-5.517111
-1.359436
-1.101789
0.774660
-4.368132
0.998919
-6.673354
-7.386405
-2.977291
-1.762378
-2.514030
0.551987
-5.250183
-3.137871
-0.327103
-4.315050
-5.603668
-3.290379
-5.396648
-0.938802
-3.845827
-1.415878
-3.071648
-4.814880
-1.916380
-4.248811
-2.857296
-6.669825
-3.002970
-3.309475
-4.656877
-5.889760
-0.662331
-2.429657
-3.002803
-2.438308
-4.064261
-3.331127
-4.393974
-0.616746
-6.504087
-3.423324
-5.501366
-2.260119
-7.372162
-1.866925
-3.423681
-5.357988
-5.978890
-4.909142
3.386064
0.622019
-2.259904
0.483582
-3.383159
-6.534515
-7.487104
-3.522055
-4.280558
1.107508
-0.749338
-8.177699
-6.303869
-1.869591
-7.896422
-2.932760
-4.878161
-2.781724
-5.108137
-1.730071
-5.852367
0.545765
-3.317593
-2.388522
-0.675230
-3.457636
-6.043511
-7.403788
-4.830653
-3.864897
-2.266315
-0.865044
-6.180511
-3.355775
-3.967455
-2.582428
-4.075273
-3.329679
-1.577370
-5.706429
-6.009075
-7.082852
-0.330664
-0.106997
-8.473410
-2.121932
-2.716423
-5.271482
1.380538
-1.846897
-2.393902
-0.777088
-3.488668
-4.418961
-1.800972
-6.703112
2.752339
1.393775
-4.712420
-3.774299
-1.929550
-5.743452
-6.054565
1.374809
-4.404637
-3.600282
-5.857114
-0.764408
-2.215006
-2.994531
-0.989840
-7.253222
-3.270051
-1.497194
2.987541
-6.127179
5.206439
-1.296721
-2.850973
0.419107
-5.152500
-2.196352
-3.329929
-4.070429
-4.905426
0.453146
-2.229539
-2.390550
-5.511105
-5.701348
0.342355
-0.825064
-4.617987
-0.491160
1.530640
-0.831070
-1.935845
-6.671307
0.235117
-0.877754
-1.729422
-1.835558
-4.623038
-4.565514
-2.043273
-1.501915
-1.303808
-2.891985
-6.666327
1.124557
-4.596020
-4.319980
-5.436177
-0.759225
-0.989614
-0.077939
-1.552917
-3.556287
-3.293217
-6.976406
-6.088999
-2.947154
-2.890941
-11.606743
2.693562
-4.130372
-2.247007
-5.684972
-4.498559
-1.332687
-3.194628
-8.186773
-5.319255
-0.623216
-1.106239
-3.019180
-8.891421
-2.894053
-2.991957
-1.548815
-3.844210
-4.415518
-0.599008
-6.067115
-2.811821
-4.164664
-1.432496
-5.014328
1.990497
-7.765612
-0.657027
-7.377749
-2.578669
-3.636859
-3.559649
-8.522646
-1.578749
1.657173
-2.157158
-0.796134
1.555913
-0.099017
-5.422823
-3.709512
-1.483232
-8.224234
-3.622737
-2.103677
-1.842164
-4.600415
0.327023
-6.845720
-1.075462
-3.803874
-3.071627
0.062408
-2.342992
-3.963940
-7.532943
0.930423
-3.795145
-3.857223
1.460504
-3.039950
-3.310571
-3.314261
1.666311
-0.664561
-2.207723
-6.914820
-4.383471
-3.649125
-6.662642
-0.807950
-3.681479
-7.282721
-6.176853
2.061488
-4.326264
-6.494680
-3.842707
-2.364889
-1.867091
-3.496396
-6.917749
0.424680
-1.373316
-1.282993
-1.878132
-0.206657
1.107508
-1.967042
-6.366775
-5.131546
-0.648816
-9.249950
-0.374782
-3.153122
-4.963921
-2.977421
-1.103167
-7.047718
-1.908599
-2.709924
-2.862477
-3.161516
-4.404569
-1.102789
-1.013209
-1.874314
-4.321697
-6.889927
2.488126
-1.696119
-0.202128
0.218652
2.623051
-1.390599
-6.398246
-3.411399
-0.255385
-2.812542
-4.678205
-6.386230
-1.802460
-2.910037
-1.987843
-4.142756
-3.144610
-2.287664
0.444026
-2.562085
-1.050492
-5.134535
-5.660323
-4.025490
-2.403399
0.154859
-0.324448
2.047760
-1.944510
-4.078810
-1.600687
-1.146769
0.077693
-4.673172
-0.613842
-5.833450
-2.689725
-4.484521
-2.315423
-3.468910
-4.676334
-1.731373
0.561431
-7.721685
-2.407562
-5.529233
-3.067223
-4.832079
-2.990705
0.996692
-2.732669
-2.902575
-0.953430
-3.645401
-5.300226
-1.590821
-2.260859
-2.681026
-3.151999
-0.921420
-1.432496
-1.430827
-3.609953
-3.357665
0.912477
-1.729090
-2.986736
-4.445392
-1.000121
-3.911800
-0.328169
-0.760502
1.953893
0.476022
-3.746159
-6.113532
-6.758268
-0.912688
-6.326775
-3.115494
-2.392271
-0.550550
-3.915910
-0.025831
-2.827744
-0.119691
-5.309617
-2.743304
-6.137424
-4.030620
-2.571565
-1.007564
-4.931742
2.153440
-0.525334
-3.070587
2.112557
-4.759729
-2.937116
-3.008734
0.200065
-3.316871
-1.461542
-3.763264
-2.755215
-3.283910
-8.134155
-4.036582
-6.627997
-6.807343
-4.504995
-5.964095
-0.963371
-4.333010
-1.335111
-3.478904
1.470310
-2.047966
-0.434942
-1.382022
1.374766
-1.712830
1.405663
-4.290853
-2.475603
0.157262
1.119587
-5.044433
-1.664119
-3.826967
-1.126607
-8.352270
-2.483093
-3.420633
-0.786010
-3.743687
-6.355034
-3.489513
-4.859746
-4.316170
-0.463130
-1.327618
-1.091481
-6.359799
-4.510477
-6.363062
-2.807879
-0.258044
-4.545987
-4.606309
0.835337
-8.770451
0.457509
-5.639922
-0.283877
-7.668526
-2.961872
-1.394674
-1.021186
-2.025639
-3.052246
-5.337134
-4.764035
0.064836
-1.661796
-1.107425
-9.016177
-3.960824
-0.093700
-5.624918
-0.664175
-3.818201
-2.340935
-4.262879
-5.565509
-2.044584
1.237452
-4.241252
-3.814898
2.028335
-2.633005
-7.072254
-2.251442
-6.963819
1.419573
-3.784947
-7.205709
-4.044898
-5.306383
-1.969877
-4.262507
-5.865534
-0.093039
-6.602180
-2.997716
-0.250265
-1.465614
-2.043486
0.452714
-8.913701
-1.741339
-4.546311
-5.826588
-5.939173
-1.805129
-6.662392
-3.773313
-4.094002
1.089084
-2.324498
-8.217896
-2.506111
-2.108815
-2.478751
-3.027915
-2.590810
0.058230
-5.047522
-3.965126
4.002824
-2.015485
-1.517540
-4.243587
-2.848693
-2.639909
-5.048841
-3.750821
-2.682378
2.296046
-3.290485
-1.862251
-3.595029
-1.082918
-5.288249
-5.539134
-5.423759
-0.481533
-6.234066
-6.779580
1.786569
-6.331687
-7.401686
-7.347879
-1.701393
-4.696938
-0.585695
-1.049874
1.617718
-0.807006
-5.375821
-3.027161
-0.608893
-1.388813
-10.191805
-1.813453
0.388734
-4.754446
-6.573324
-0.693642
-5.400824
-0.392026
-3.361688
-6.392040
-0.437505
-3.311181
-2.390397
0.457840
0.391082
-1.134461
0.134447
-8.462619
-3.750538
-4.176764
-3.547801
-5.343286
-6.043829
-3.248213
-0.619844
-2.937708
-4.062217
0.503931
-1.286426
-5.536222
-2.814995
-3.768858
-3.468318
-6.719013
-1.562760
-2.954336
-9.087083
0.436651
-1.535522
-1.856207
-4.970058
-2.301313
-2.735927
-1.138107
-2.752506
0.336496
-3.653332
-4.757479
-3.886518
-5.361951
-8.446875
-3.611654
-3.061875
-1.275947
-3.857470
-7.781650
-4.596510
-7.536831
-2.622768
-6.293498
-0.901145
1.040274
-0.902334
-0.258505
-3.551589
-2.890081
-6.145445
-4.944114
-6.396935
0.018202
-4.616093
-3.591415
-3.171335
-6.252604
-3.216543
-3.957426
-2.490424
-0.795367
-2.139901
-2.617304
-3.513114
3.478033
-5.771288
-2.767599
-3.231564
0.185374
-2.854577
0.262903
-0.959326
-2.560458
-3.278251
-1.295969
2.337681
-5.728475
-8.878062
-7.172699
-7.965925
-4.275680
-1.165324
-2.433861
-3.574301
-0.838040
1.263134
-4.170934
-5.483358
-5.257640
1.142622
-2.091244
-3.310063
-4.916963
-5.273901
-5.742986
-5.389683
-3.544530
-3.734415
0.734455
0.779459
-2.372012
-5.193131
-7.419270
-1.744135
-1.296490
-0.770932
-6.015208
0.190490
-3.887405
-0.614946
-4.037967
-1.530358
-2.605996
-5.479485
-2.184839
-4.191211
2.522466
-1.485423
-2.406348
-3.819746
-1.682304
-5.596825
-3.584294
-3.479500
-4.048617
-0.992206
-3.338986
-2.320945
1.244618
-6.898654
-2.587010
-9.282070
-3.661677
-3.324350
-0.498281
-2.602712
-5.335814
-7.016955
-1.993398
-4.733393
-3.994304
-2.084379
-1.886789
-1.369805
-1.447125
-2.522052
-2.176266
-3.376782
-6.502958
1.175788
-6.057921
2.002775
-3.148742
-6.724652
-3.194194
-0.634246
-3.650839
-2.361443
-1.610878
-1.603465
-2.721477
-6.526351
-1.366484
-2.341053
-1.385422
-3.385239
-7.309511
-0.229623
-5.117907
-4.596336
-3.019535
-0.107203
-3.960187
0.186179
-2.783494
-2.503743
-8.145239
-3.348893
-3.110929
-2.421578
-5.033183
-4.018098
-6.434553
-6.393035
-4.421405
-3.267190
-0.030464
-4.161331
-0.105180
-5.070762
-2.751675
-7.198522
-5.440986
-1.612301
-4.670931
-0.304971
0.557297
-2.506129
0.294160
-2.584310
-4.368529
-7.415779
-2.260422
-2.285132
-7.855578
-3.159825
0.918187
3.839530
-0.595477
-4.449216
-3.837045
-1.441925
-6.436224
-6.458528
-1.703951
-5.716872
-7.547234
0.833642
-1.791517
-1.128856
-6.462422
-7.013061
-5.423458
-1.986276
-6.668317
-6.982009
-2.175096
-3.137889
-3.635925
-7.510299
-2.192655
-3.765831
-3.322805
-4.855795
-4.447442
-2.907990
-3.645446
-8.318374
-0.449343
-4.130355
-5.009619
-4.267726
-2.464427
-3.494305
-1.131023
-5.952474
-0.470475
-1.674935
-6.832099
-8.671140
-5.998477
2.148323
-3.228456
-6.947464
-1.042652
-2.642939
-3.248935
-7.967378
0.452469
-3.068325
-0.529960
-2.460012
-2.284426
-1.062895
-2.304169
-7.450325
-5.034400
-6.099051
-5.768176
-0.395361
-2.003345
-3.967455
-2.750035
-2.506269
-2.808826
-3.404613
1.515521
-4.859962
-5.467755
-3.085415
-2.323717
-3.893395
-5.557216
-4.506656
-1.338273
-3.511822
-1.845682
-0.666761
-3.279771
-4.827538
-2.347678
-1.620209
-4.279633
0.582582
-3.768672
-3.746916
-7.479905
-4.768457
-5.356284
-2.531557
-4.312180
-4.962278
-2.695899
-3.366615
-4.679790
1.036103
-6.100604
-1.303393
-3.530051
-3.675431
-3.812657
0.725554
-0.764974
0.572415
0.771074
-0.828670
-4.868063
0.736238
-6.785241
-8.070669
-3.831717
-3.059590
-7.367058
-2.833560
-4.832510
-6.627666
1.138585
-6.299994
0.180487
-4.765881
-6.803737
-4.341446
-2.476811
-4.252271
-1.326712
-5.960606
-0.738560
-1.951041
-0.207399
0.854220
0.606809
-2.212812
-0.967003
-1.432496
-3.821900
2.635297
-7.212681
-2.565229
-6.493656
-2.940481
-3.909336
-4.553313
-3.785482
-3.264739
-4.009834
-5.034329
1.661967
-11.158527
-1.637045
-7.209843
-3.867842
-5.384187
-0.729795
-4.739985
-1.863300
-2.554165
-6.820606
-3.180210
-2.191646
-6.571726
-1.115137
-4.994279
-5.581666
-4.019179
-3.076263
-3.031007
-1.468559
0.100034
-0.704625
-2.557801
-4.380666
-1.207539
-2.858808
-0.398065
-4.217942
-3.762438
-3.353885
-3.844221
-3.299436
-2.689395
-5.466599
-5.885251
-4.747050
-2.761250
-4.436083
-6.125891
-6.366177
-2.853437
-0.963434
-1.337553
-7.002465
-3.053750
-7.293815
-2.803820
-4.006118
-2.314355
-3.298317
-0.862439
-1.566263
-3.982076
-0.085680
-3.287680
-2.117213
-4.225632
-4.448211
-4.514822
0.174044
-7.809681
-4.025534
-0.721015
-1.570796
-2.737323
-5.700274
-2.890210
1.815513
-4.800451
-5.475062
-5.762451
-4.561516
-0.003405
-1.304866
-3.952590
-4.461795
-4.882989
-4.222498
1.568621
-3.067557
-8.928598
-3.468665
-7.925585
-3.854786
0.854059
-0.938802
-6.154792
-5.322829
-3.764285
-2.350930
-1.992219
-2.709296
-1.264534
-2.585408
-0.010422
-6.842146
-1.974862
-5.509844
-6.171246
-3.397463
-5.529865
-4.374487
-0.742734
-4.617744
0.154330
-1.514983
-2.692907
-3.549175
-2.688327
-3.955392
-2.405174
-3.072591
-4.818419
-8.608440
-1.133493
1.441097
-2.569436
-3.972934
-6.734934
-2.481866
-6.865239
-6.773176
2.576117
-1.618694
-0.535330
-3.117156
0.066642
-1.001328
-3.588994
-0.820091
-1.386344
-3.476265
-8.877008
1.305823
-7.070004
-5.739758
-2.298649
-0.802780
-5.481478
-0.179442
-2.964513
-7.539342
-4.533518
-1.303181
-1.731886
-7.273481
-6.309036
-5.104241
-6.202296
-8.235704
4.264132
0.846130
-4.531620
-2.629134
-2.226455
-2.746322
-9.022736
-4.884853
-3.898564
-3.244594
-11.261312
-4.454576
-2.510350
-6.488423
-1.670485
-5.208262
-6.570024
-6.452377
0.208149
-2.035597
-1.587244
-7.106874
-2.518912
-2.008778
-5.482342
-7.852489
-1.108125
-1.432496
-2.724303
-3.020520
-4.716965
-2.561668
-3.226123
-0.700746
-0.817158
-5.288670
-1.472016
-5.934558
-1.781938
-5.785148
-0.502360
-4.557882
-4.332057
-3.298644
-3.482100
-3.929087
-11.098166
-2.731227
-1.035089
-4.262104
-0.624717
-0.750831
-3.546580
-6.556296
-2.725319
-4.757594
-4.763468
-2.270982
-1.567058
-6.583206
-5.574770
0.400411
-1.396013
1.547202
-4.131915
-1.577622
-1.900805
-5.815263
-1.722011
-3.031780
-5.910413
-0.131702
-8.112697
-6.488479
-3.561947
-0.036266
1.100042
-6.932139
-2.916103
-2.209101
-5.835058
-2.787414
-0.491929
-7.018676
-3.482622
-4.758426
0.750605
-4.709457
-1.672118
-4.595782
-5.171175
-4.706901
-4.274026
-0.627830
1.459335
-8.333790
-9.707846
-3.276997
-0.024631
-7.796089
-3.775158
-2.483260
-8.446277
-2.615351
4.647473
-4.099430
0.950714
-2.904289
-2.339617
-3.235248
-3.103242
-7.423653
-5.440028
-1.090056
-4.064939
-6.309425
-0.742314
-4.600591
-6.307098
-4.213071
0.231122
2.135463
-6.431137
0.811652
-5.335618
-2.079524
-3.508575
-2.250542
-9.611649
1.208909
1.456159
0.953866
-5.260338
-3.172716
-6.827430
-7.321683
-2.685992
1.555812
-3.859625
-2.528025
-7.903718
-3.473717
-1.977157
0.528122
-4.698005
-5.165085
-2.586922
-1.347901
-8.079559
-5.275140
-0.542823
1.403564
-5.566187
-6.001652
-1.798278
-2.309148
-0.719039
-4.314950
-3.818628
-5.296329
2.496789
-1.847722
-6.785855
-2.194011
-1.709018
-0.127912
-3.488834
-0.966123
-1.204752
-3.431328
-5.917008
-3.985539
-5.279410
-4.763784
-3.224880
-3.448047
-1.352019
-0.323514
1.107508
-6.005313
-2.139947
-4.041390
-3.952355
2.152748
-5.966219
-4.484579
-6.562426
-4.637608
-4.214664
-6.940485
-1.306969
-1.201465
-6.500656
-4.709564
-3.726636
-8.515074
-2.434184
-4.103729
-3.086267
-0.365159
-1.259576
-5.937192
-2.723612
-4.061790
-4.521591
0.098230
2.391837
-4.918705
-3.889596
-1.795421
-1.284200
-5.555223
-2.391448
-4.880530
-0.358015
-2.891850
-2.172346
-2.677980
-3.838552
-2.157390
-1.653331
-6.148483
-0.729312
-8.173937
-6.484159
-2.953979
-1.059546
-8.217882
-1.875779
0.146063
0.798224
0.206649
-6.375768
-3.670556
-3.758515
-2.229709
-8.294350
-5.333776
-5.472481
-2.596510
-1.876618
0.502983
0.263948
-2.321125
-4.664650
-1.295103
-0.716918
-2.604183
-0.796957
-1.457707
-4.053018
-4.337668
-0.398952
-2.312464
-5.095765
-3.848016
-6.407151
-4.722841
-2.755404
-4.295972
-2.710741
-6.472779
-2.076456
-3.065772
-7.219746
-2.999621
-3.727113
-2.113459
-0.729120
3.833786
-5.956540
-1.862137
-4.590825
-1.662024
-3.906434
-0.021208
-3.496561
-3.797145
-0.046597
-2.365716
-1.013286
-8.979424
-0.252666
-3.890034
-2.146971
-2.610828
-2.718824
0.287815
-0.889344
-1.318901
-11.543066
-5.948331
-1.536733
-2.590525
-1.741568
-2.519591
-5.911058
0.550483
-2.812466
-2.245325
-1.636851
-3.894928
-0.487839
-4.170955
2.335907
-4.034029
-4.507452
-6.494174
-1.995333
-4.317516
-4.845340
-4.068657
-5.170946
-3.504693
-3.024093
-2.539583
-8.783962
-2.831968
-5.078293
-8.102040
-6.572522
-0.252864
-3.620325
0.547310
-4.449688
-6.574656
-3.288366
-6.033546
-3.171217
-0.758639
-6.615377
-1.501152
-3.024331
-4.593426
-6.226908
-4.526032
-1.712036
-3.069275
-1.541753
1.867490
-1.432496
-2.996880
-3.979110
-4.997568
-6.411529
-2.672426
-2.773852
-5.138471
-5.047770
-2.813903
-1.461358
-1.710331
-0.880511
-3.704677
-7.140947
-1.320829
-6.498902
-3.181520
-5.031226
-4.644217
-1.159677
-3.069586
-1.399692
-4.750685
-5.001827
-0.629218
-1.053730
-5.376856
-2.238594
-2.524705
-4.836496
-2.266293
-6.333335
-2.595239
-3.757034
0.595053
-4.498904
-4.913275
-4.700649
-2.784937
1.602756
-4.022725
-1.727116
-3.571683
-4.426890
-1.077492
-2.476345
0.885835
-1.301585
-3.267434
-0.887236
-5.471740
-5.251679
-3.018337
0.136169
-5.826834
-5.875475
-1.291414
-3.626856
-7.930609
-1.080449
-4.476804
-1.269328
-2.213832
0.928347
2.270335
-0.189630
-2.135056
-7.641416
-4.328260
-4.132460
-0.538831
-4.722569
-2.412446
-3.058807
-2.697180
-6.166211
-3.975457
1.189447
-4.053849
-5.919551
0.334408
-3.905695
-3.264253
-6.699421
-4.321233
-3.487817
-6.597327
-2.378902
-4.310125
-5.868917
-1.703877
0.162474
-4.828867
-5.078541
-0.182954
-4.765416
-1.694007
-0.222646
-4.996677
-5.160064
-1.279004
-1.386648
-0.464033
-2.099130
-2.067326
-1.217688
-4.199533
-4.045716
-0.426368
-1.184520
-6.096572
-0.847870
-3.806352
-3.222469
-4.144956
-1.832264
-2.662931
0.908151
-4.310884
-1.006640
-2.835376
1.664156
-3.543827
-2.548869
-4.310862
-3.042146
-3.425458
-3.728858
-3.931286
-4.564698
-2.696366
-0.247870
-3.992651
-2.293495
-2.290123
-3.412819
-2.228264
-6.125904
-6.436348
-2.821189
-1.297659
-3.284476
-4.147083
-4.470071
-1.354005
-3.273503
-0.842956
-1.609428
-5.707842
-4.312874
-2.587317
-4.368434
-1.318669
-2.161366
-0.089571
-6.901904
-2.105654
-2.127679
-5.546246
-5.880968
-3.348819
-1.523482
-0.008168
-3.203497
-5.307701
-4.794704
-2.533608
0.534494
-3.531355
-4.227948
-2.444779
-4.167902
-4.420737
-3.490945
-2.752887
-1.364624
-5.263961
-5.447374
-4.697308
-5.152858
-1.802421
-4.940288
-5.991199
-2.805138
-2.052573
-1.071419
-1.426228
-5.433421
-2.536574
-4.112555
-1.852552
-2.481359
-6.905450
-3.577570
-4.466839
-2.933920
-5.681379
-2.564090
-0.558494
-1.608878
-4.174484
-4.959598
-2.866615
-1.286518
-2.558591
-5.813027
-4.232373
-6.265488
-4.410230
-3.393084
-2.874712
-1.363193
0.581229
-4.039803
-6.636492
-2.838604
-3.153587
-3.157526
-3.848206
-1.972541
-2.400394
-5.786654
-2.305203
-7.163030
-3.105542
-4.043386
-4.894521
0.125837
-2.207742
-1.337742
-5.768343
-7.080926
-4.609107
-2.134805
-0.868157
-1.246751
-5.600176
-6.223211
-1.789403
-2.210433
-6.097425
-4.230535
-2.166083
-7.531648
-8.166057
-4.475054
1.130935
-1.555972
-5.298988
-1.883016
-1.962469
-2.979939
-0.229520
-1.380469
-4.046107
1.134241
-2.870992
-4.491776
-3.611895
-3.825106
-1.210047
-5.787438
-5.664885
-1.841528
-1.297273
-6.617655
-6.441259
-5.115798
-1.691283
-3.967609
-5.332625
-3.770862
-1.338506
-3.210824
-5.417636
-1.655738
-2.233978
-3.183350
0.175163
-8.951336
-1.842393
-2.947588
-5.306695
-3.428114
-2.942091
-7.506597
-7.712069
-0.467661
-5.223745
-1.994631
-4.967276
-0.578604
-1.667561
-3.104630
-5.798500
-6.347237
-4.501914
1.286932
-0.693364
-3.384849
-5.917380
-8.021948
-6.015146
-1.267235
-2.452925
-5.156132
-0.661252
-5.913918
0.065238
-5.442587
-2.864766
-6.074138
-3.678406
-1.779297
-4.759332
-3.266560
-3.096830
-3.162530
-4.400911
-4.310862
-4.399930
-4.583358
-10.119451
-3.535805
-1.866347
-4.088875
-4.952689
-1.690122
-1.094523
-3.796636
-0.220993
1.424221
-8.415804
-1.892124
-5.995461
-2.639261
-4.845051
-3.794971
-7.477636
-3.238685
-5.614689
-2.505073
-2.215442
-2.176592
-0.430146
-4.318423
-1.144781
-0.905271
-3.890054
-4.694085
-7.903726
-5.716177
-3.947405
-4.692493
-2.690757
-2.166070
0.531716
-0.386592
-2.856893
-3.404466
-4.446611
-10.144631
-2.073373
-5.039961
-2.737811
-2.335493
-4.437663
-0.660994
-3.681488
-3.197097
-5.646306
-5.369122
-5.091731
-4.642086
-4.712192
-2.622862
-3.786955
-3.213504
-4.733866
-0.369729
-0.292513
-1.774114
-4.343875
-1.214978
-0.975188
-0.817158
-3.415067
-2.953153
-4.280404
-1.915305
-1.754875
-8.276036
-4.569561
-5.123214
-2.326029
-4.914004
-2.105110
-5.572807
-4.313244
0.658904
-3.441396
-3.290463
-6.523463
-1.157449
-1.166658
-2.563775
-1.724781
-5.447889
-2.318704
-6.455582
-1.171334
-10.053581
-7.578416
-0.491500
-8.939881
-1.518482
-8.276691
-3.609412
-7.187054
1.861742
-0.021635
-4.016396
-4.207990
-3.076131
-1.880818
-1.507123
-1.875926
-4.228729
-5.558180
1.965801
-6.889635
-5.495506
-7.358641
-0.211330
-5.282892
-4.089666
0.545575
-0.706945
-3.094095
-4.001229
-6.760092
-7.951966
-7.286614
-5.474569
-2.897120
-2.615472
-1.868440
-3.755716
-8.338710
-6.766630
-4.157378
-7.438278
-3.768343
-1.289011
1.230961
-2.716681
-2.859062
-5.013527
-3.518322
1.580921
-5.905619
-1.746402
-7.865798
-2.094915
-4.958953
-1.211034
-4.574377
-4.103079
-4.017727
-4.771283
0.729592
-5.965423
-1.080651
-1.796835
-2.575637
-4.869395
-7.382900
-0.406174
-4.801870
-4.620086
-6.945928
-5.626161
-3.234051
-1.810473
-0.963434
-5.795945
-1.393656
-3.082700
-6.736087
-2.758105
-7.783644
-7.276624
-3.115379
-4.651493
-1.320866
-2.805403
-0.227760
-0.510304
-2.265211
-5.407588
-3.745206
-1.719907
-4.783029
-5.437757
-6.136202
-6.875360
-2.151525
-4.888374
-7.305690
-4.693710
0.182726
-2.588509
-5.989079
-6.838135
-5.624649
-1.254229
0.807597
-3.210197
-0.566688
-1.922680
-7.323489
-4.322870
-6.224125
-1.752439
-4.379420
-2.132976
-6.774784
-4.786563
-5.081260
-3.594333
1.290798
-1.412029
-6.114100
-3.302247
-1.977183
0.163636
-0.487687
-4.371354
-1.234659
-3.873412
-10.638699
-7.656715
-6.808859
-3.154386
-5.621955
-0.735226
-0.572872
-2.086858
-1.842859
-2.604337
-3.153467
-2.595461
-7.748464
-6.232521
-3.807775
-0.669298
1.244385
-2.263685
0.003625
-0.385531
-1.406580
-1.310796
-4.659243
-4.369468
-2.232107
1.065731
-3.604323
-7.641605
-4.221992
-5.056992
-1.546115
-2.988833
-5.286592
0.625409
-2.297676
-0.851892
-5.500546
-0.657103
0.745929
-1.725267
-4.258223
-5.091560
-6.290779
-3.552477
-6.190661
-3.855065
-2.522095
-2.438741
-2.171386
-3.715564
2.758080
-5.771834
-1.778515
-3.314020
-9.521862
-1.616807
-6.923348
-1.432496
-1.767807
-1.872600
-3.650582
-5.766959
-5.383304
-0.623201
-6.707305
-3.740625
-7.588694
-6.268684
-1.954204
-3.349226
-3.565865
-4.236077
-4.918040
-6.510661
-3.712105
-4.065508
-4.590518
-5.854124
-5.199795
-2.250438
-3.688532
-3.829041
-4.027722
-6.888433
-4.029122
-1.902160
0.134562
-3.967455
-1.441856
-2.682111
-1.182131
-5.987869
-4.599281
-1.172805
-1.906687
3.900599
-5.111621
-6.436854
-5.528622
-0.601168
-0.550341
-6.714940
-1.837381
4.214177
-5.999384
-6.692689
1.092627
1.662328
-8.809348
-1.042919
-2.469200
-5.875957
-3.280942
-4.435972
-1.629563
-2.340734
-6.190711
-1.506880
-2.369114
-0.046103
-4.702085
-10.115945
-0.820456
-4.004171
-3.663985
-0.861517
-1.834486
-5.515419
-1.448737
-1.226973
-3.283096
-3.922064
-5.648781
-2.383226
-1.277104
-2.195199
-3.706312
-6.100382
2.488126
-6.682096
0.888893
-0.256359
-1.549106
-4.023216
-4.451790
-0.485586
-5.521541
2.286921
-6.134302
-3.013420
0.359975
-4.297322
-8.070704
-0.976019
-1.313026
-3.626757
-4.138747
-0.011819
-3.713997
-3.812017
-2.968397
-6.077083
-2.089944
-7.602536
-4.700882
-2.971268
-3.482832
-4.644919
-3.972771
-2.751695
-6.276369
-4.168574
-3.351960
-6.045087
-3.123976
-3.206591
-2.973004
-6.798131
-2.964216
-2.450710
0.189376
-4.498569
0.089414
-5.374777
-4.028896
-6.389828
-5.235502
-2.205311
-0.269073
-5.522763
-3.434037
-2.606239
-2.971484
-6.876563
-1.536030
-2.826648
-3.598122
-1.613984
-5.496858
0.505963
-6.486098
-2.593070
-1.419154
-2.429817
-8.672167
-5.478827
-4.170937
-4.242716
-5.001225
-0.622617
-4.777006
-1.675099
-1.497118
4.038103
-1.090825
-2.095121
-0.986533
0.034498
-3.491620
-0.050794
0.574097
-5.503302
-2.284889
-1.290308
-1.205334
-6.433080
-3.388701
2.385301
-5.665856
-4.709950
-5.223361
-4.492111
-3.560881
-1.811138
-3.490961
-0.815318
-4.774844
-2.104035
-4.122760
-5.049736
-1.839076
-2.760726
-1.364142
-2.259502
-2.277744
-7.441294
-3.078278
-3.720651
-4.400491
-4.761265
-1.866051
-4.372013
-2.513741
-3.782838
-1.993568
-6.249376
-0.421086
-1.950629
-3.168491
-1.718271
-4.161075
-5.975425
-4.305654
-7.125811
-2.235363
-4.851928
-0.865793
1.278796
-0.695388
-0.779690
-1.879460
-5.365568
0.326136
-0.150289
-2.800937
-7.495104
-3.784954
-3.140458
-4.489572
-5.580883
-2.333838
-0.809064
-3.648199
-3.634001
-3.376986
-2.952005
-8.053966
-3.379753
-4.579423
-0.110715
1.709314
-2.938757
-1.003959
-1.636336
-2.763047
1.054920
-3.174919
-6.044758
-1.255267
1.192112
-0.665825
-5.633841
-5.646705
-5.268713
-3.059645
-3.156015
-6.300275
-1.030139
-3.048961
-1.124946
0.118936
-3.437328
-4.526881
-1.932274
-1.331949
-0.766363
-3.622720
0.485060
-4.832923
-7.973115
0.775168
-5.268704
-1.830247
-5.566154
-2.196945
-4.458889
-4.504517
-3.785254
-1.346085
0.766569
-2.274454
-5.356136
1.288972
-1.732658
-5.363628
-4.672086
-2.765642
-4.645852
-1.745321
1.282317
-2.447123
-6.068208
-3.905643
-2.533867
0.072712
-2.849937
-3.245208
-7.743434
-0.668285
3.540378
-5.589122
-5.121744
-9.774442
-1.672518
-5.059253
-3.223946
2.488126
-5.799225
-9.237246
-0.675008
-2.905646
-1.109182
-3.120480
-5.145990
-5.544025
-4.055202
-5.701618
-3.970039
-2.781478
-3.179605
0.180293
-2.433374
-5.771067
-8.111714
-1.998581
-1.135177
-2.186834
1.314461
-4.227345
-4.534190
-4.351401
-1.251275
-3.272581
-0.514993
-3.181660
-2.202141
-7.347839
-1.842915
-3.481837
-4.483427
1.837974
-0.174227
-3.739080
-3.936892
-3.526375
-8.016942
0.287044
-1.808439
0.088069
-3.829594
-2.576910
-1.588776
-5.180389
-3.929656
-3.105093
-2.129164
-6.711736
-3.049278
-3.314017
-1.279766
-3.867751
-2.302515
-5.470669
-0.518310
-1.831764
-4.264092
-7.156369
-2.506604
-2.122496
-5.279791
1.951638
-0.809758
-0.401610
-4.993040
-1.177613
-2.710331
-3.373860
-1.876866
-6.743270
0.482092
-1.351365
-5.733860
-1.897305
-1.348297
-1.350728
-4.131251
-3.586944
-3.484303
-6.067153
-1.751437
-3.720358
-4.201812
-4.430340
-4.056539
-6.910694
-3.229391
-2.689121
0.389332
-2.092876
-12.675871
-2.206073
-0.567318
-4.719629
-5.509704
-0.167146
-1.883492
-3.027353
-6.721547
-2.173282
-5.437858
-6.895782
-0.238856
-2.043826
-1.758792
-1.737210
-1.763905
-7.001773
-3.560215
-4.560388
-0.998951
-2.601020
-5.420108
-3.525480
-2.463564
-3.322271
0.738520
-5.196466
-2.077322
-6.957604
-4.266572
-4.750014
-4.700523
-1.629574
0.282726
1.272996
-3.325548
0.372869
-2.863730
-6.971715
0.432241
-4.882859
-5.164638
-3.442487
-2.280508
-1.788161
-2.379455
-7.279285
-2.400590
-9.190197
-2.143718
-3.420640
-0.029920
-4.869099
-6.162454
1.403592
-4.748778
-2.716749
-4.564625
-2.760906
-8.713728
-0.674565
-1.499826
-0.315641
-8.915770
-6.240184
1.317182
1.144432
-5.458583
-2.341920
-4.952903
-6.487641
-7.996750
-1.945833
-5.303417
-4.346745
-1.801108
-3.381766
-2.943254
-7.469604
-0.649226
-0.380834
-6.685348
-6.237334
-9.017490
-2.875196
-4.140966
-3.074632
-4.350148
-7.152878
-4.038688
-4.216358
-2.805795
-1.797392
-4.036130
-0.879761
-1.566974
-0.481871
0.007801
-0.058951
0.332539
-0.543705
-6.150436
-0.752549
-2.522676
-4.914546
0.130386
-2.440961
-6.537256
-1.357741
-2.087526
-6.504240
-2.464094
-1.818905
-4.173713
-2.711832
-3.211086
-4.902977
-4.273516
-3.984114
-2.854181
-2.805826
-5.017023
-4.507280
0.112709
0.715997
-7.765324
-2.406580
-4.528314
-4.755270
-3.511225
-0.192032
-3.291799
-1.357718
-4.578757
-3.339086
-6.469246
0.395960
-6.005787
-3.050380
-3.009790
-6.941360
-7.073838
-5.379103
-4.106317
-3.474124
-2.549088
-4.275254
-1.757348
-2.648041
0.619417
-3.649198
-5.902909
-3.489319
-2.539833
-6.940865
-1.333706
-2.536011
-2.897018
-6.113947
-3.870962
-3.675399
-4.821827
-5.077946
-3.981744
-2.979982
-1.021027
-4.364331
-0.947045
-4.654664
-6.680198
-3.719274
-3.130897
-6.600069
-0.574390
-1.860444
-3.967455
0.246015
-2.793785
1.098781
1.414644
-4.897795
-4.107483
-1.758487
-5.358263
-3.089413
-4.054061
-1.909840
-1.351088
-4.903118
-2.210110
-4.724025
0.082597
-1.262043
-2.056229
-3.826749
-1.530922
-5.011380
-6.365912
-1.774083
-2.622226
-4.179436
-2.715281
-0.983141
-1.703738
-4.707120
-4.341749
-0.309536
-0.191695
-1.035827
-2.747540
-3.038425
-4.626732
-0.651104
-2.208322
-2.844982
0.712300
-4.169302
-2.242781
2.750625
-2.682397
-6.453209
-6.047056
-1.430185
-3.961596
-2.325840
-0.966836
-7.880987
-3.067843
-11.770097
-1.345264
-3.413927
-8.186997
-1.782770
-3.763304
-2.405679
-1.347485
-7.897562
-3.381062
-7.043801
-5.494489
1.384149
-2.167803
-3.402746
-1.356600
-6.818199
-2.847513
-8.853025
0.280549
-4.110415
-5.210024
-3.161633
-3.522633
-8.491390
-3.003599
-2.469236
-5.423775
-1.596128
0.105286
-4.341961
-5.469138
-2.691463
-7.512158
-4.445491
-5.333448
-3.930698
-3.016858
-3.621561
2.030243
-3.653922
0.797219
-1.340162
-1.417142
-3.306658
-0.968139
-7.406065
-1.592864
-5.402023
-4.574976
-5.766147
-1.756293
-3.121267
-3.381797
-5.077426
-3.803816
-5.434212
-5.282433
0.165108
-1.608080
-1.691098
-5.730881
-1.099087
-3.125197
-6.459945
-8.479264
-3.005934
-2.568960
-3.757696
-2.015350
-3.776277
-1.155034
-5.842741
-0.918577
-5.808360
-3.092639
-3.119319
0.105494
-3.724131
0.575012
-6.627539
-5.500726
-2.130396
-1.432496
-4.956134
-6.882883
-5.559278
-3.563546
-1.606629
-4.624588
-2.663770
-3.275864
-1.237928
-1.036832
-2.862645
-1.673307
1.086329
-4.950071
0.023052
1.431139
-3.839956
-1.727851
-4.059918
-6.407372
-1.944196
-5.109801
-5.748061
-0.883917
-0.604982
-8.707995
-1.059309
-5.124390
-6.406859
-6.679410
-7.700421
-1.167827
-2.438588
-4.737722
-4.641109
-2.770957
2.116611
-3.653774
-7.654370
-2.885635
-8.320538
-2.392980
0.267360
-4.252571
-3.309463
0.452956
-1.408275
-3.343531
-5.683389
1.981944
-1.806635
-0.835305
-3.218259
-2.481993
-6.510873
-3.395121
-3.103416
0.827416
-4.667808
-3.561730
-3.339297
-3.121595
-3.564413
-1.569786
-4.843583
-5.000077
-1.876197
-5.714587
-2.099213
-2.266266
-6.598044
-3.329670
-7.762032
-4.617127
-2.567553
-4.174436
-6.091253
-5.334908
-4.313107
-3.619318
-2.174964
-0.538100
-8.048859
-3.417972
-2.560309
0.718088
-3.789995
-4.131971
0.598567
-2.424265
-2.663299
-2.181307
-5.872718
-2.460939
1.970342
-0.296704
-1.109369
-3.592607
-2.715200
-5.056902
-4.073859
-2.023865
-3.632850
-0.488183
-4.867842
-3.886196
-0.438699
-3.360867
-6.874758
-6.080474
-1.568800
-2.674900
-3.376802
-3.485677
-1.664048
-1.828147
-5.590085
-1.034361
-4.142390
-4.479391
-3.426830
-3.364831
-2.037777
-5.303020
-5.895739
-0.343187
-0.787042
-4.255236
-5.054794
-5.584825
-6.187333
-1.549106
-2.879270
-5.539828
-3.053152
-0.209958
-4.068921
-5.504332
-1.169253
-5.908504
-9.744860
-1.629025
-3.638674
-3.722558
-3.041677
-4.417703
-0.261659
-4.026072
-1.389178
-5.004347
-4.177519
-2.064170
1.895922
-3.967455
-2.363972
-2.211055
-5.229450
1.311849
-6.486775
-1.925465
-0.372852
-0.458451
-1.370426
-7.502004
-2.704134
-1.715796
-1.517206
-4.377600
-6.889601
-6.675315
-0.966499
-5.686752
0.553326
-7.881922
3.124112
-4.830253
-3.152267
-3.481627
-1.072639
-7.090071
-3.965017
-2.564831
0.903065
-1.954284
-4.318262
-4.440929
-2.415684
-5.383009
-2.858947
-5.060510
-3.901902
-4.572088
-5.011555
-5.710653
-2.950374
-3.412833
-0.532402
-10.868659
-7.018124
-0.280208
-0.389381
-3.746060
-2.698019
-6.285326
-3.496714
-4.334630
-6.251815
-2.009364
-5.476969
-1.048062
-3.282755
-2.819704
-6.886789
-3.660756
-6.515023
-6.693231
-5.817155
-3.258259
-2.451936
-1.108009
-4.758601
-8.146342
-5.502914
-5.992802
-2.702527
-1.675616
-7.158716
-2.962956
-5.711207
-6.713473
-2.431822
-2.806821
-4.372535
0.084348
-3.588779
-0.438606
-3.832354
-0.942673
-2.019237
-2.853470
-1.531669
-2.111377
-8.397574
-3.771798
-1.810988
-1.533504
-2.489014
-3.251440
-1.195723
-7.512699
-0.118264
0.753819
-2.080473
-2.752996
-1.073491
-0.886205
-7.357785
-2.671939
-5.345892
-3.848037
-2.241263
-2.878427
-2.896115
0.041080
-1.865161
0.086778
-3.336121
0.139714
-3.314391
-4.910266
-0.323630
0.179704
-5.238112
-3.382076
-2.058776
-5.105508
-2.117294
-3.189309
-4.223038
-4.136751
0.948920
-0.172241
-4.755902
-3.259628
-3.398588
-5.775237
-2.667524
-8.131931
-0.785155
-2.922501
-3.541566
-7.040126
1.107508
-4.714495
-3.209555
-4.391809
-4.623337
-5.894600
-3.384073
-3.002379
-7.610987
-6.845433
-3.488681
-4.789393
-5.911282
-8.971507
-4.491586
-7.103140
-8.836248
-3.307567
2.637790
-3.888650
-4.931696
-5.861021
-1.530918
-7.157157
-4.300109
-3.121256
1.288685
-4.163547
-8.936236
1.914704
-7.568120
-3.584442
-4.646910
-3.463128
-3.200885
-3.059379
-4.859531
-5.597937
-2.958467
-1.984683
-4.678757
-9.715868
-2.280015
-3.399722
2.170269
-4.624498
-5.486264
-3.520953
-2.455223
-2.414117
-6.197845
-2.781938
0.643787
-6.524274
-1.515926
-3.530452
-1.012279
-5.318501
0.467562
-6.483130
-1.210228
-5.873049
-0.173424
-2.614348
-5.580231
-4.136576
-3.507261
-2.976525
-4.598428
-3.941679
-2.686699
-1.142072
-2.008959
2.699922
-5.958688
-7.547181
-3.531020
-4.003417
0.954170
-4.405483
0.391871
-1.261539
0.684727
0.475187
-1.041597
-4.027073
-3.351457
-1.423200
-1.731627
2.107706
-3.808871
-3.199358
-5.148677
-2.912165
-3.088204
-3.889352
-1.938500
-2.218519
-3.744122
-7.431296
-0.174844
-4.662055
3.593373
2.587589
-6.890498
-1.620697
-6.672924
-1.378488
-4.902630
-1.511738
-2.426945
-4.631208
-6.662035
0.592591
-1.327347
-1.916242
-4.616789
-8.149483
-6.933159
-4.775078
0.815244
-1.649863
-4.444355
-5.755948
-3.844921
-2.612431
-3.015043
-5.682388
-3.926668
-4.452819
-4.168825
-3.739760
-4.635014
-2.785989
-3.138124
-6.526181
-5.839244
-1.134902
-6.004811
-9.059149
-4.570009
-5.447129
-6.226525
-3.295333
-2.120354
-0.538189
-4.864888
-2.025428
-0.034820
-4.453632
-2.211889
-4.644460
-3.806135
-2.768701
-2.687860
-4.564794
-2.689865
-3.885145
-6.706131
-4.731887
-1.610023
-1.025937
-3.212147
-1.276798
-8.090860
-3.228370
-0.385663
-3.337920
-5.507409
-9.649573
0.942929
-2.905461
-0.518404
-0.696142
-8.948614
-3.195050
-3.299742
2.488126
-5.477543
-2.775710
-5.577632
0.920712
-4.194382
-2.688365
-4.792428
-2.569273
-4.094241
-1.493865
-0.485391
-4.124399
-5.614389
-3.659479
-7.617445
-2.505980
-0.944568
-5.628094
-7.253661
-4.936522
-8.978926
-5.123798
-3.092060
-7.145452
-4.259710
-3.857810
-3.067638
-1.435781
-3.411388
-2.332461
-5.159845
-4.802420
-3.465736
-7.594772
-3.156368
-3.988961
-1.524867
-0.709680
-5.639147
-2.391723
-4.277480
-5.330884
-2.061783
-0.452122
-2.446814
-7.989916
-3.706773
-1.937140
-2.850215
-4.503396
-8.729610
1.102422
-3.462358
0.372264
-2.013340
-3.226830
-3.355169
-1.954439
-0.835699
-5.260615
-3.054108
-5.576205
-1.147758
-8.706765
-6.980012
-2.780303
-1.570482
-3.849009
-6.309094
-3.506368
-2.078592
-3.574047
-5.501627
-2.490344
-0.043294
-1.487461
-4.397163
-2.895102
-5.906872
-2.219900
-5.882598
-4.040838
-5.244826
-0.639644
-2.574790
-3.675826
-3.486487
-1.211009
-1.736050
-2.190245
-3.733918
-3.690044
-4.023963
-4.314092
-4.112679
-4.583847
-3.586214
-5.413897
-4.176441
-4.592403
-3.353767
-4.374416
-4.861288
-5.371825
0.435744
-1.091619
-1.778901
-4.061059
-0.902381
0.356378
-2.394221
-5.211610
-3.360254
-4.557398
-2.935742
-0.073340
-7.989808
-1.354177
-2.483998
-3.763080
-4.615733
-2.332198
-4.102463
-3.660030
-1.720545
-2.567182
-8.179119
-0.004882
2.331839
0.485280
-5.994858
-6.430835
-3.765600
-2.147788
-5.098081
-2.244877
-4.331216
-6.831149
-1.241826
-5.543953
-3.262770
-3.959314
-6.005176
-1.522191
-4.553590
-4.477178
0.571485
-0.780898
-1.940703
-4.377078
-5.168898
-7.826153
-4.751080
-3.282350
-2.412533
-1.927373
-6.621056
-4.091522
-5.147491
-2.773385
-2.073421
-1.351016
1.682692
-2.326803
-2.742070
-7.581908
-4.062850
-5.441641
-2.179428
-3.520408
0.252839
1.107508
-1.713751
-5.576863
-0.329880
-4.884925
-1.786037
-2.693096
-3.793406
-3.196483
-1.615814
-4.635962
2.662677
-3.198184
-1.811997
-3.365099
-2.710267
-4.192999
-4.032945
-4.069016
-9.234799
-7.024579
-7.043376
-3.471249
-7.141099
-3.967455
-0.138658
-8.462027
-5.526585
-5.261146
-0.616119
-4.904205
-4.033920
-1.771478
-4.572245
-2.062400
-2.359842
0.181159
1.314667
-1.263744
-2.543851
-5.741251
-5.044504
-5.371494
-3.910055
0.649940
-5.017469
-2.435881
-6.603535
-3.236251
-3.380901
-2.264888
-1.752439
-1.264814
2.307191
-1.812722
-5.299853
-4.412387
-4.379128
-4.610569
-2.622226
0.070706
-0.796831
-0.611942
-1.605073
-4.196097
-5.434146
-5.058808
-3.819610
-0.504813
-1.373462
-4.453292
0.460659
-4.905338
-0.733202
-4.696710
-4.564723
-2.575037
-2.359030
-4.572618
-4.555177
-5.224944
-1.802032
-3.341839
-6.714065
-9.959072
1.068712
-4.842825
-4.769886
-2.702193
-1.141309
-2.386812
-2.278755
-5.490282
-7.136886
-0.351710
-1.919371
-4.765767
-5.001827
-2.428874
-3.650362
-2.602752
-2.443284
-4.758865
-7.890640
0.030567
-2.423408
-3.618961
-4.810780
-3.184821
-3.551206
-1.443693
-3.803131
-2.961187
-2.577183
-5.507808
-4.272421
-3.756091
-2.317708
-1.519738
-5.149350
-1.502398
-7.039031
0.722045
-0.166890
-3.126061
-4.162701
-3.214384
-7.939955
-4.011866
-3.338378
-1.144156
-4.730402
-4.078535
-5.608198
-6.469667
-4.452538
-3.608185
-4.905045
-4.317461
-6.705429
-4.917501
-2.603922
-1.086904
-4.370090
-5.703938
-1.357718
1.479768
-3.679837
-7.422876
-7.274444
-1.615796
-3.910833
-2.231604
-5.384050
-0.181103
-2.789210
2.488126
-6.095698
-0.362557
-0.473217
-3.158590
-5.237487
-2.631182
-5.899114
-3.492548
-5.540448
-2.448926
1.962670
-2.213688
-2.923969
-5.083774
-5.137760
-2.774580
-0.388881
-4.486254
-4.028959
-6.876076
-9.225040
-5.361225
-2.205311
-1.902538
-2.875565
-1.346946
-5.896860
-0.025546
-6.355688
-4.887695
-4.788735
-1.403974
-4.846819
-6.680614
-2.299059
-4.259862
-2.190130
-2.419440
-2.373735
-3.872598
-6.375517
-6.212669
-5.415594
-2.940972
-5.706687
-4.091909
-3.477863
-2.627568
-4.788044
-3.641013
-3.336616
-4.910295
-5.145754
-1.236790
-2.825610
-4.514551
-4.096461
-3.517758
-4.395802
-5.512666
-1.605146
-3.811043
-3.976658
-3.591524
-5.721934
0.013489
-6.569194
-1.413165
-2.645852
-3.198330
-2.082091
-0.925758
2.510118
-4.103086
-2.370536
-9.245123
-5.217649
-3.421790
1.913479
-4.031388
-8.072266
-3.138060
-4.355220
-2.976402
0.357118
-7.435386
-3.564214
-4.706958
-0.672914
-5.271556
-1.970052
-4.222817
-1.787538
-5.659602
-4.083704
-2.646908
-7.606109
-0.245566
-5.828589
-2.598672
-3.963044
-3.813608
-0.926201
-8.363884
-2.557992
-1.712852
-3.880354
-5.560538
-1.739212
-5.218039
-0.398346
-1.668252
-6.028390
-1.199903
-1.395749
-2.006212
-4.012074
-3.902678
-0.221847
-3.419649
-3.884564
-5.324617
-0.961779
-5.452647
-5.261971
-2.573359
-4.101580
-3.256428
-3.532085
-2.274368
-0.970709
-3.057696
-1.550828
-3.116794
-4.169636
-3.953923
-2.016161
-1.088044
-5.512985
-5.198227
0.757162
-6.630083
-5.719939
-4.610276
-2.955994
-5.737979
-1.742035
-6.038188
-5.166095
-4.418190
-3.142055
-5.370423
-8.455837
-4.955436
-4.388238
-7.380782
-2.889192
-1.153104
-3.823521
-6.004494
-2.501438
-4.414317
-6.632244
-3.221498
-1.516496
-2.039373
-3.946017
-6.341174
-3.716987
-4.489292
-4.370374
-1.285578
-6.085032
-6.325450
-6.280715
0.590437
-3.434910
-4.976521
-6.797456
-1.869858
-3.085811
-4.736019
-5.801822
-1.402984
-4.130483
0.923023
-3.494764
0.817510
-4.021801
-9.864746
-4.748677
-2.924506
-5.124243
2.030924
-2.883288
-3.934238
-5.746613
-5.430295
-3.643370
-2.940972
-2.372718
-6.809130
-2.329589
-2.688022
-4.349064
1.137627
-4.170128
-0.412964
-2.070342
-9.177424
-4.307804
-1.230822
-3.160483
-0.974284
-4.693314
-0.953318
-5.798240
-3.851475
0.264683
-2.644112
-4.203983
-2.824449
-4.264763
-5.177335
-3.967455
-3.549967
-3.609428
0.313575
-3.379142
-2.526435
-4.575523
-2.548949
-1.186626
-5.743292
-1.334906
-6.078804
-3.739463
-6.523627
-5.882455
0.485651
-2.871507
-2.480164
-6.278431
-6.549340
-1.577752
-5.830824
-1.669545
-4.145147
0.786587
-4.948344
-2.525917
-5.345049
-3.965450
0.178584
-1.477110
-0.438432
-6.158622
-3.888320
-7.480902
0.006072
0.654728
-5.217728
-0.281569
-2.448256
-3.456539
-4.493285
-8.241336
-1.500529
-3.705267
-5.486344
-5.335514
-4.462410
-1.701953
-1.900831
-5.124631
-6.752506
-8.443527
-3.541243
-3.728868
-4.470545
0.352099
-2.424235
-4.131209
-1.690777
-2.337743
-2.525117
-3.135207
-1.566730
-2.651209
-6.090314
-3.135818
-2.265423
-2.645598
-6.625469
-7.345841
-2.402190
-3.789663
-0.245216
-3.959660
-7.438370
-3.607441
-1.161203
-1.568429
-4.492569
-1.885303
-0.431037
-1.075018
-2.391882
-1.808484
-3.135001
-2.734120
-1.483867
0.553582
-4.014596
-3.161329
-4.000201
-5.148866
-2.808755
-2.036537
-4.022062
-0.377284
-1.782067
-3.016950
-4.838413
-8.144411
-2.894851
-3.352164
-1.770865
-3.892447
-4.767243
-4.180817
-3.769187
-1.128076
-6.034999
-1.301902
0.962922
-0.733232
-2.537163
3.201739
-2.784798
1.980467
-1.100182
-2.584412
-7.478122
-4.620106
-7.498389
-3.442000
-2.627342
-7.528954
-0.815811
-3.484685
-0.657194
-2.719498
-2.876116
-4.954476
-2.870707
-3.336206
3.382834
-10.613207
-3.497604
1.449288
-1.785594
-1.908831
-1.171062
-1.095133
-0.286738
-3.224474
-2.058776
-5.900803
-0.761113
-1.365610
-1.664335
-3.193856
-5.105958
-6.334752
-1.401875
-2.807708
-1.145823
-5.161139
-7.841414
-1.432496
-3.657284
-3.034396
-4.912043
-4.014745
-3.102764
-3.006430
-5.027253
-4.831946
-1.506056
0.694938
-4.374539
-5.252565
-2.418814
-5.940894
-1.100915
-7.932840
-5.551260
-5.580000
-1.998761
-7.403155
-2.691957
-4.762820
-4.598410
-6.698593
-3.314657
-5.361435
-2.487965
0.376516
-3.477419
-0.707284
-3.809149
-5.446792
-2.078343
-2.948533
-7.084812
-0.563669
-0.784200
-5.641130
-3.634726
-1.091088
-3.313528
-4.247274
-3.117853
-3.918467
-4.554319
-0.783691
-8.117409
-4.692622
-0.699667
-1.432496
-5.225710
-3.829622
-5.233474
-1.848025
-5.653264
0.971767
-8.908393
-4.901648
-4.660921
-5.722057
-3.110123
-5.401962
0.516907
-3.084152
-2.580173
0.538677
-2.298927
-0.018353
-6.402107
-5.586566
-6.655530
0.222200
-6.169463
-4.590981
-4.950215
-3.058066
-5.957009
-4.412777
-2.081890
-4.394787
-3.087290
-5.008410
-2.742113
-4.884254
-5.162066
-2.306162
-3.546681
-0.689342
-4.012414
-3.621712
-1.432496
-5.558814
-4.188675
-5.334867
-7.236717
-2.059135
-4.327774
-0.826883
-5.202731
-3.492342
-6.076076
-3.593478
-1.028569
0.186837
-3.712741
-3.557344
-3.211879
-2.391561
-5.138988
-0.703805
-1.154466
-3.595490
-4.521325
-2.574331
-5.550794
-3.192542
-4.174557
-1.998210
-1.375585
-3.902759
-3.000008
-3.489680
-5.501937
-1.690228
-5.895205
-2.149755
-3.219694
-4.488079
-6.563063
-1.773655
-2.833710
-2.112280
-4.631680
-4.949769
-0.654404
-1.559033
-5.425946
-2.130241
-2.968932
-4.791934
-1.590349
-5.324951
-3.118953
-5.230117
-3.674417
-0.810876
-3.882353
-3.484993
-1.819129
-3.038805
-2.935107
-2.158194
-2.086494
-2.526350
0.200020
-3.792536
-2.176816
-2.938655
-2.597041
-3.329834
-4.616579
-5.430032
0.136814
-2.525879
-2.833071
-6.103569
-2.071598
-5.140100
-5.641837
-3.497068
-1.432496
-7.261113
-2.801198
-1.478907
-5.159487
-5.934357
-2.194269
-3.518759
-4.790236
-2.587204
-5.303477
-2.283629
0.099677
-0.580520
-3.853432
-4.615372
-0.426366
-2.784278
-1.676523
-4.756622
-1.421292
-0.529001
-3.117810
-3.362878
-6.050717
-3.427829
-7.075911
0.257685
-2.872180
-3.968066
-3.746063
-2.437199
-2.162601
-3.998868
-2.883792
-7.686810
-0.449299
0.483737
-4.672382
-2.231821
-4.236511
-5.496756
-0.596044
-2.772675
-1.501736
-4.839123
-2.194781
-4.631800
-0.161420
-2.295611
-5.619309
-5.940460
-7.434578
-6.694509
-0.332572
-1.432496
-6.564554
-0.103924
-2.569660
-7.832453
-2.838240
-8.901511
-5.492357
-3.449529
3.599071
-1.317361
-5.279624
2.856158
1.316662
-3.372962
-4.132837
0.061235
1.827345
-5.404872
-7.934374
-0.547051
-1.409688
-0.716451
-3.585855
-2.964317
-7.003912
-3.570923
-3.117040
-6.070045
-4.360193
-5.996616
-5.363214
0.971260
-5.210096
-3.439382
-2.875233
-4.870659
-7.998066
-4.131385
-0.409601
-5.862622
-1.493090
1.512467
2.607492
1.261631
-5.815927
-5.313806
-4.627285
-0.859619
-5.992662
-0.497510
-0.912142
-0.311167
0.725169
-2.107018
-0.855632
-3.009027
-6.940426
-5.113455
0.376735
-2.965871
-0.186277
-4.224536
1.439185
-2.512541
-0.362104
-4.561499
-0.559564
-2.161025
1.067016
-0.378433
-2.937633
-2.635247
-7.141014
-3.693310
2.851429
-8.132918
-7.757710
-0.530083
1.711767
-0.970012
-2.582812
-7.848985
-5.402738
-2.629222
-4.570902
0.945053
-4.446458
-8.115066
-5.204019
-4.694056
-1.527817
0.194000
-9.059965
-2.378197
-3.315986
-2.270067
-3.792373
-5.214166
-3.812540
-1.461652
-2.336320
-10.874894
-4.423223
-2.438279
-6.812998
0.324719
-4.726929
-9.008660
-0.053392
-3.766114
4.346998
-3.624896
-6.871235
-1.195627
-2.420134
-1.855394
0.136026
-2.431150
-3.027729
-0.273314
-0.298226
-1.007274
-6.613163
-3.748542
-3.446320
-0.749403
-1.326776
-2.158265
0.942389
0.002536
-4.030854
-1.663309
-0.569819
-3.525360
-5.033464
-8.055774
-3.907035
-0.717889
-3.970169
-4.518699
-1.866350
-3.157772
-1.809056
-4.207966
-9.065209
-7.624619
-2.408841
-3.395743
-0.594130
-2.108216
-3.293921
-4.814927
-2.092701
-3.914996
0.068414
-2.490960
-6.854632
-5.755986
-6.914875
-2.346269
-3.969632
0.404414
-6.197706
-2.792237
-3.036879
-2.334583
-3.771708
-6.100799
-0.770707
-4.154320
-4.580785
-1.390998
-2.673597
1.107508
-5.613297
-2.378001
-2.263403
2.312636
-3.553738
-3.217231
1.138832
-5.952695
-2.192322
-3.249864
-1.215717
-2.323896
-5.000003
-6.752078
-3.531184
-3.590872
-0.656928
-3.567363
-7.254930
-4.813686
-7.123117
-2.499136
-4.248508
-0.797905
-4.385117
-2.704675
-6.896631
-3.359907
-4.102668
-5.044233
-3.372581
-0.510720
-0.933098
-0.770537
-6.298192
-3.918704
-6.549108
-4.361296
-5.544706
-6.284382
2.462005
-4.918912
-3.242887
-3.102583
-3.691995
0.599674
-1.117777
-1.597927
-2.806848
-3.166704
-3.777773
-3.227000
-2.298245
-6.104056
-4.560128
-2.817585
-2.353037
-4.106178
-5.307944
2.488126
-3.514148
-8.185177
-0.190519
-5.986017
-5.174592
-1.989295
-5.507905
-3.555874
-10.757565
-0.015183
-4.127844
-4.065577
-5.307775
-0.776513
-2.886547
-1.348744
0.995192
-4.813049
-1.942320
-8.761648
-2.933292
-6.618794
-4.311539
-8.283348
-2.793050
1.129866
-1.550417
-4.174994
-2.869558
-7.504654
-4.083234
0.039815
-0.684753
-3.929960
0.103090
-4.588818
-2.849256
-6.898943
-4.667281
-2.328829
2.827578
-0.193921
-6.117926
-2.268160
-3.934696
-3.685668
-0.686517
-3.911177
-3.149222
-4.919038
-5.110639
-5.154204
-3.817093
-1.310412
-5.224510
-4.057145
-3.155597
-5.073758
-3.727493
-6.713106
-5.686693
-9.928743
-5.181270
-3.756197
-0.533395
-3.611237
-6.430432
-4.811257
-8.249405
-4.020330
-4.045263
-4.387788
-4.617028
-5.331245
-2.732090
-2.982406
-6.685904
-5.944914
-0.214799
-0.197365
-5.618923
-3.584321
-2.274466
-6.365140
-9.563419
-0.622383
-2.370656
-3.771900
0.026182
-2.791885
-7.635557
-5.154334
-7.828328
-7.264353
-2.727239
-5.691644
1.037852
-2.077142
-3.538322
-4.146220
-0.529049
-2.094530
-3.713633
0.494188
-3.270116
-8.278547
2.129765
-7.629852
0.709513
-1.242448
-1.560653
-4.376093
-3.412371
-3.360607
-1.826867
-6.707987
2.969792
-6.307824
-5.916606
-6.430224
-6.708034
-5.244235
-4.880714
-2.103485
-4.867784
-5.335512
-3.297209
1.072837
-1.652853
-3.606191
-3.662303
-2.507188
-3.101524
-3.157805
-3.995683
-2.317411
-1.136712
-5.333897
-0.374846
-4.556767
-6.583991
-2.563264
-4.502419
-5.686973
-4.166045
-1.546600
-3.136197
-2.488597
-6.101092
-1.261930
-4.794974
-3.723627
-2.754574
-6.081056
-4.360165
-5.253939
-9.142658
-3.062506
-2.458637
0.349935
-6.281383
-0.176949
-0.601234
-7.623595
-3.532927
-1.764504
-7.818467
0.922125
-3.670047
-3.691950
-3.294400
1.261343
-6.402863
-4.181813
-2.562750
-1.910801
-2.649088
-4.812432
-1.771618
-2.493023
-2.575558
-1.536892
-4.503400
-4.974258
-2.402724
-8.419417
-4.433885
-8.003885
-1.857708
-4.980003
1.573091
-3.376586
-4.397317
-2.212922
-2.444119
-1.774865
-3.265203
-1.921911
-6.571359
-2.879922
-7.846756
2.239833
-5.141907
-5.805328
-5.395643
1.244853
-0.840190
-3.616260
-2.076991
2.204144
-1.689711
-0.356301
-2.794562
-3.917026
-3.003451
-0.754409
-1.948850
-4.730886
-1.826710
-5.323565
-5.176555
-1.995275
-4.794013
-4.232365
-6.115769
-6.506112
-1.360863
-4.303995
-2.441576
-6.992394
-3.752088
-5.782827
0.803634
-2.116153
-2.115544
-4.129160
-1.909938
-2.902611
-2.788293
-2.876640
-4.937584
-7.131413
-6.341744
-3.352381
-0.981687
-2.093734
-0.947213
-5.882907
-5.672347
-1.765718
-1.606973
-3.496647
-5.029956
-5.550322
-3.329401
-0.120165
-0.121816
-3.037098
-2.372921
-7.537035
-4.322423
-6.498023
-4.183342
1.021812
-1.603878
0.268410
-4.097112
-3.159362
-3.411849
-1.932192
-1.375598
-3.990984
-1.026798
-4.337025
-0.980520
-6.199549
1.471322
-5.404908
-7.241887
-5.721338
-4.705919
-0.412479
-5.553797
-1.763242
-3.919734
-3.701627
-6.047579
-4.520890
-3.029220
-0.372734
-1.531270
-0.627690
-4.968198
-2.600821
-3.726813
0.442945
-2.077669
-4.380569
-1.562595
-4.613760
-5.950695
-5.497961
-4.848930
-1.440436
-2.065946
-4.155600
-5.495206
-2.775320
-4.397382
-2.972092
0.266702
-3.504399
-3.444462
-0.191752
-0.544426
-6.364236
-4.653947
-6.172199
-3.505275
-0.630359
-0.067939
-1.576809
-3.025091
-3.767503
-0.625421
-2.908470
-4.118642
-5.558091
-1.155049
-1.821329
-4.018221
-1.357186
-6.478795
-5.706658
-4.481380
-2.907996
-4.820606
-0.523313
-3.619993
-4.651145
-6.189717
-0.815952
-6.702229
-0.157394
-6.291353
-6.572225
-3.587658
-3.565742
-4.938876
-1.814163
-4.018621
-5.193347
-4.144324
-4.243949
-0.822750
-2.214363
-0.143555
-0.510299
-3.383516
-6.003715
-4.857220
-4.514015
-2.310632
-1.303473
-8.810874
0.395393
-1.949729
-2.572985
-3.378708
-5.606250
-4.267742
-5.624641
-4.661217
-0.608266
-3.366259
-5.248971
-1.017441
-2.971208
-5.516726
-4.628315
-4.344133
-4.221660
-6.176966
-0.496657
-4.053668
-5.536898
2.412577
-0.294691
-0.686304
1.889669
-2.892159
-5.016665
-3.362387
-7.029115
-3.057564
2.488126
-5.697156
-6.012630
-9.977189
-1.543447
-3.788171
-4.819197
-2.337389
-4.191175
-3.561260
-3.793974
-3.186330
-3.389961
0.882818
-0.485177
-7.011886
-1.747853
-0.658728
-2.218951
-0.337623
-7.563045
-3.914971
-4.331834
-6.615585
-4.787490
-3.655236
-4.339965
-0.615872
0.417969
-0.415803
-5.436572
-3.570961
-2.558239
0.678503
-4.477867
-0.563561
-0.123946
-1.626457
-4.012109
-2.003360
-3.184137
-1.030370
-4.092010
-5.836132
-0.027007
-2.056144
-3.982137
-7.879615
-5.659305
-1.287477
-2.427491
-3.319932
-5.489513
-5.598783
-0.703714
-6.487931
-5.438035
-2.408991
-7.248780
-5.212784
-6.999983
-2.073177
-2.260158
-1.381168
-7.054009
-4.914064
-2.809760
-3.630492
-1.172369
-2.976261
-1.756201
0.032197
-4.382719
-2.979454
-0.681685
-0.127301
-6.081511
-2.957146
-2.581001
-4.820740
-3.373110
-6.352729
-2.132166
-6.290718
-2.782079
-5.305673
1.377339
-2.162786
-1.318006
-2.199813
-3.488457
-3.778213
-2.156332
-0.902015
-1.323853
-1.468354
-3.013168
-5.727714
-5.125098
0.404051
-8.244228
-5.729979
-0.831815
-3.582131
-0.492783
-3.122802
-1.621038
-5.915987
0.666228
-6.458850
1.952223
-3.077372
-5.489176
-4.601357
-0.917720
-5.859086
-2.452084
-3.936261
-2.355053
-5.047455
-5.064875
0.645472
-3.955467
-3.912474
-5.328948
-5.935521
-5.340779
-0.934886
-2.452531
-2.410090
-5.702569
-0.686445
-1.967106
-4.716177
-1.542924
-2.967023
-10.343322
-4.231826
-3.861343
-6.130009
-5.472927
-2.102013
-3.063930
-2.897697
-2.164797
-3.394698
-3.966843
-4.485384
-0.997056
-6.896207
-4.120437
-2.311192
-0.985123
-3.875805
-8.808247
2.488126
-6.765022
-0.227462
-4.995100
-0.657154
1.427820
-2.903169
-7.257028
-0.278702
-2.264440
-4.553523
-3.773216
-7.540559
-2.679869
-0.436852
1.771144
-3.355814
-5.713933
-0.698818
4.762036
-3.690211
-6.895374
-3.013604
-2.915470
-0.664511
-3.461454
-6.345534
-3.973608
-1.634940
-5.618996
-9.399700
-7.513587
-5.598240
-6.345128
-3.499813
-5.874511
-0.646244
-3.535491
-1.663004
-2.296428
-2.125445
-5.720245
-7.197248
-5.551476
-1.385727
-6.082854
-0.206320
0.811623
-3.163274
0.248755
-1.556873
2.768575
-2.853175
-1.433647
-5.195495
-3.554736
-5.008564
2.935484
-7.383269
-0.104053
-5.060894
-4.291453
-4.413274
-3.957891
-1.874270
-6.109183
-3.470542
-2.131761
-4.890329
-2.349628
2.630409
-3.241253
-3.349094
0.144392
-1.052682
-4.289235
-5.403484
-9.497405
-0.997368
-5.094363
-3.075038
0.094192
-4.438057
-1.562429
-0.800923
-1.499303
-2.241933
-2.317301
-1.304629
-9.037353
-6.432853
-5.069035
-0.909239
-1.958469
-1.231865
-2.633387
-2.183139
-1.225337
-2.834298
-0.788220
-1.572957
-3.098000
-5.089781
-3.043026
-5.058111
-2.928956
-5.137220
-1.058259
-6.991693
-3.857512
-1.292408
-3.150136
-5.347579
-4.646199
-5.386697
-7.823100
-4.584754
-6.805503
-4.214510
-8.861403
1.694376
-3.246331
-3.053736
-3.994059
-6.190556
-2.452166
-3.985376
-5.249819
-6.180170
-4.481765
-3.129736
-7.129840
-2.757688
-3.529468
-6.805926
-2.640279
-2.182891
-2.413689
-0.721050
-3.651090
-8.002445
-2.019843
-7.359755
1.018307
-5.638653
-5.112044
-4.413289
-1.404173
-4.364737
-1.177025
-2.387589
-2.569502
-0.240964
-3.877763
-2.578422
-3.866632
0.167164
-3.666337
-5.386117
-3.483305
-5.747481
-3.363942
-0.019294
-3.043741
-1.531131
-1.011815
-5.583363
-5.380454
-3.487906
-1.985677
-4.789189
-5.986246
-3.363338
-3.740024
-5.346588
-3.363476
-4.133275
-6.154369
-2.053716
-5.073652
-0.120275
-0.963504
-4.319561
-4.759652
-3.708239
-6.942176
-1.211572
-1.866632
0.647428
-3.494103
-8.159414
-2.951474
-4.234084
-3.694678
-4.826128
-0.903797
-7.132943
-2.622020
-0.840887
-3.799168
0.416448
-2.824259
-8.275872
-1.308660
-0.967014
-2.091158
-5.291003
-4.538983
-4.115456
-1.845893
-2.797071
-1.677362
-3.762510
-4.178025
-1.321568
-2.973117
-0.410445
0.381019
-4.401350
-1.475214
-3.381388
-0.058045
-0.733819
-6.962838
-0.115767
-2.714750
1.354756
-3.594179
-3.176956
-2.954230
-5.464255
-1.566596
-1.568855
-1.842851
-0.055214
-2.936045
0.775343
2.245598
-1.297868
-4.036476
0.130358
-4.255670
-1.813124
-3.837618
-2.395235
-1.083346
-2.085619
-4.292293
-0.683581
-2.996131
-2.211001
-7.316295
-6.407287
1.343877
-2.214621
-1.700038
-2.066887
-3.223122
0.086691
-3.212748
-3.950219
3.277154
-5.391197
-2.669869
-0.600423
-8.968029
-0.794557
4.906463
-3.733692
-3.834096
2.285038
-4.017259
-4.324041
-4.479876
-8.651267
-5.591117
-1.369417
-3.526766
-3.014899
-1.378493
-1.318169
-1.902136
-3.881512
-3.473301
0.407862
-5.249185
-4.558599
-7.533648
-4.653521
-4.287117
-2.063116
-5.158750
-1.505110
-3.515348
-1.635258
-5.856068
4.143446
1.774746
-4.326320
-0.212425
-1.389976
-3.390986
-7.307370
-3.465445
-1.195318
-1.326151
-4.402037
-5.720468
-2.686399
-4.917870
-7.758959
1.930593
-1.500574
-4.769016
-4.414914
-1.271360
-4.027483
-6.603442
-6.581530
-4.225780
-8.671033
-0.896294
-6.510588
-3.002986
-2.008843
-3.867975
-2.765282
0.258341
-6.482530
-2.299428
-5.819370
-6.864762
-3.594628
-3.727365
-2.491191
-2.599294
-5.087894
-4.832313
-4.118879
-4.006935
-3.017420
-7.428401
-4.122398
-1.379552
-2.981252
1.133495
-3.717525
2.091232
-2.088920
-0.448793
-1.329975
-3.930547
-3.954273
-5.045703
-2.066597
-2.995728
-5.584429
-0.147387
-7.177082
0.264135
-4.488808
-4.853613
-5.253454
-4.828040
-3.121949
-4.289121
-1.998266
-0.443995
-3.797773
-3.083858
-5.040640
-5.591096
-2.025460
-3.496490
0.045739
-7.535373
-3.952019
-5.780737
-1.487687
-3.000458
-5.955293
-1.882992
-3.512036
-6.060787
-4.537805
-3.646236
-8.354507
-3.838175
-3.432484
-8.881559
-5.784132
-1.154183
-6.771047
-1.941445
0.060705
-3.344809
-3.795556
-8.551496
-3.082993
-1.149646
-1.679574
-1.735700
-3.613985
-4.343927
-1.568684
-2.066950
-3.908616
-1.134366
-5.248355
-2.567713
-11.059408
-5.280946
-4.419519
-2.175256
-2.915876
1.119762
-4.919548
-4.615054
-3.012855
-3.592039
-0.159961
-2.864783
-1.155658
-2.789543
-6.296781
-4.046646
-2.879335
-4.871673
-3.914148
0.394537
-5.955879
-2.317902
-2.886235
-4.819754
-6.571757
-6.011513
-2.813814
-6.791729
-2.854740
-3.088856
-5.332656
-4.018268
-4.278258
-6.816831
-5.353731
-2.716364
-3.638164
-7.427536
-2.786050
-5.007321
-0.935604
1.347557
1.354259
-5.179236
-3.008577
-1.382418
-6.949329
-5.980896
-1.182910
-2.867357
-2.370382
-10.462016
-2.209394
-2.949702
1.491746
-5.255889
-4.667612
-7.086185
-8.836034
-3.982378
-2.430930
1.215155
-2.489113
-2.955812
-2.867731
0.080299
-3.893036
-4.543922
-3.654831
-3.165124
-4.939425
-2.093867
-5.127852
-5.098579
-3.562213
0.543240
-6.332605
-3.415406
-6.738648
-4.974855
-4.644546
-3.536471
-4.793577
-0.509643
-2.732088
-2.707714
-4.267797
-3.325556
0.564934
-6.870309
-3.801419
0.638961
-5.270022
-4.123555
-5.000602
-2.698351
-3.762747
-1.426806
-6.930975
-1.364126
-5.500668
-2.399182
-3.991636
-4.617479
-5.684712
-4.997191
1.262681
-3.519939
-5.509305
-2.793407
-3.465460
-5.219533
-1.504157
-2.340382
-4.001049
-4.701909
-3.346544
-4.846992
-5.564239
-1.952903
-6.942667
-6.364418
-7.541047
-4.841758
-6.185371
-5.586275
-4.914197
-8.174948
-10.044552
-2.923738
-5.924645
-6.165295
-3.111866
-7.592989
-2.579175
-3.006914
-5.377852
-4.781728
-5.024424
-3.950171
-2.272299
-3.579847
4.213722
-6.510317
-0.800272
-5.461473
-7.908167
0.072981
-4.530591
-3.387289
-2.834459
-2.413348
-4.513824
-1.041854
-4.932914
-1.333117
-4.568420
-1.735355
-2.286982
-3.097493
-5.549940
-6.388067
-5.873988
-0.882345
-4.999279
-8.285023
-3.635599
-5.224514
-3.112821
-6.151322
-3.200231
-1.609850
-0.937604
-2.458901
-1.964585
-6.339446
3.145988
-3.793713
-4.246172
-6.471749
-5.140350
-7.420709
-2.440694
-0.563666
-1.488953
0.205263
-3.699429
-7.228126
-3.253642
-1.615497
-9.148528
0.045846
-10.517661
-2.012353
-2.958615
-1.917694
-4.514297
-0.698984
-4.791546
-4.263891
-5.917833
0.188930
-2.716617
-1.851892
-5.309456
-2.202421
-5.661220
-3.924483
-1.933491
-1.784441
-4.091709
-8.524050
-9.966993
-2.668743
-3.335986
-4.727834
-0.963570
-2.887080
-2.803010
-0.690681
-3.767599
-4.497113
-3.259526
-3.828856
-0.199758
-4.652641
-5.160644
-1.745008
-2.843734
0.173180
-2.309176
-0.698664
-7.259135
-4.345137
-0.598151
-2.692977
1.688375
-1.178834
-5.926251
-0.817158
-3.570401
-3.905561
-1.624422
-5.568516
-3.898279
-2.924941
-4.889719
-5.761440
-4.230032
-4.856914
-3.008756
-4.083772
-2.445844
-1.129208
-2.434826
-3.811723
-4.598302
-4.421483
-2.514941
-4.084533
-3.279445
-4.955420
-5.206490
-2.625877
-4.493736
-3.923607
-4.595603
-3.210580
-2.621900
0.158649
-4.140894
-3.799135
-3.108696
0.716933
-2.303028
-3.632246
-3.350245
-6.062000
-2.991113
-6.867257
-5.304684
-3.555509
-1.312253
-0.851279
-0.058375
-3.054559
-4.308272
-5.123744
-4.662262
-4.312900
-4.884177
-3.904193
-4.716372
-6.072925
-3.081423
-4.147846
-4.210647
-4.661607
-5.267358
-3.606930
-4.612499
-4.167074
-0.177711
-3.621699
-4.548255
-3.072104
-5.356118
-1.009609
-2.463388
-4.592893
-4.947844
-7.475569
-0.633950
-8.787455
-6.237229
2.488126
-4.711391
-2.367790
-2.523897
0.955813
-5.102638
-5.244554
-1.066260
-3.151828
-2.671601
-3.752871
-4.684303
-4.902114
-8.507072
-4.583329
-4.030610
-2.658164
-8.187531
-2.802648
-5.392334
-6.167851
-4.981477
-3.198920
-7.732584
-2.152513
-1.314908
-3.206762
1.517541
2.488126
-9.276433
-5.261940
-3.015095
-3.330627
-7.537543
-5.522326
-2.820609
-5.676555
-2.024704
-2.967298
-1.105998
-1.455450
-4.833484
-7.889877
-2.056839
-5.681847
-2.224481
-0.024080
-4.649838
-6.713270
0.473254
-3.779980
-3.401999
0.992143
-5.326681
-5.627369
-4.885835
-7.046916
-2.550122
-1.830282
-6.750259
-0.136085
-5.735247
-8.192878
-6.980486
-3.985271
-2.036194
-0.293932
-3.317562
-4.259962
-5.723071
-0.742352
-0.598520
-5.575391
-2.730984
-2.707175
-4.559645
-2.815707
-5.467349
-0.060640
-1.463377
-4.757164
-0.845729
-3.738639
-0.664603
-1.831076
-2.393167
-7.621735
-4.171163
-3.668596
-0.712625
-3.467028
-2.867790
0.475985
0.040916
-3.167326
-1.917714
-3.341310
-5.837398
-0.144686
-1.812983
-4.394261
-2.443228
-1.284953
-7.095182
-3.411853
-1.982714
-0.438226
-2.246637
-1.485827
-4.461271
-7.125827
-3.016450
-3.354976
-2.422597
-6.781540
-2.788188
-8.450702
-6.527990
-3.036332
-4.335298
-3.413525
-2.705796
-5.626735
-1.922431
-4.068934
-3.768305
-1.159312
-1.018258
-3.482024
-4.117002
-2.302926
-1.792297
-0.823686
-1.387712
-6.468064
-1.549106
-3.467761
-5.482612
-6.798506
0.681318
-4.784962
-3.084440
-2.174118
0.979273
-3.829777
-5.239242
-3.786135
-3.228441
-3.092025
-2.972885
-3.439726
-2.884882
-3.168571
-8.042359
-7.572618
-7.722826
-0.217190
-0.738636
-4.434675
-3.872130
-5.256770
-2.704073
0.365402
-2.536480
-2.842347
-3.338857
-2.554307
-4.631612
2.220360
-4.012602
-3.108262
-3.302531
-3.315367
-2.662088
-2.164650
-4.613708
-5.510975
-4.116449
-2.823745
-1.242448
-5.011878
-2.178129
-2.860306
-2.938426
-1.355366
-6.955104
-3.368422
-1.134248
-2.837524
-3.404881
-1.679361
-0.794970
-2.085693
0.839369
0.982644
-4.217356
-2.443059
-2.375085
-2.700854
-7.237721
-3.368897
-5.911274
-4.163054
-2.686360
-2.621583
-3.202721
-4.382110
-2.847745
-0.893550
-4.808895
-6.810785
-0.952599
-0.465796
-0.884667
-3.694645
-1.305358
0.073477
-5.154885
-3.447814
-3.843145
-5.812720
-8.063050
-3.729241
-2.071150
-0.670260
-2.458633
-3.025936
-4.978693
-5.514574
-4.593935
-3.336108
-8.068762
-2.135647
-5.034044
-1.098071
-5.081080
-1.572061
-2.649148
-5.333344
-4.103929
-6.215664
-5.936791
-1.449958
-5.424898
-6.934920
-1.741926
-1.018948
-4.151011
-5.401364
-4.117759
-3.141735
-4.286806
-3.764528
-5.586765
-6.682099
-1.432496
-3.599882
-5.668704
0.727133
-2.900525
-1.760694
-5.581450
-4.699960
-1.646716
-3.404604
-3.884292
-3.138112
-3.375715
-3.781579
-4.324087
-0.895524
-0.636361
-8.778708
-6.060364
-4.842159
0.800596
-5.048847
-6.023288
-5.788660
-5.178864
-5.173367
-3.797223
-0.325187
-2.235168
1.957303
-6.878956
-2.274267
-3.238496
-3.761717
-1.946894
-4.888874
-4.380569
-2.655260
-5.500703
-4.224154
-5.117246
-4.249570
-4.817506
-8.489658
-6.038278
-7.454866
-5.559134
-4.791828
-3.957323
-8.092684
-2.670626
-0.122146
-0.872112
-4.888068
-4.346684
-2.573208
-4.357810
-5.215010
-5.685518
-4.134123
-2.575007
-2.124599
-5.524531
-2.643134
-4.939710
-2.942016
-6.163913
-2.018153
0.397734
-4.063813
0.487158
-2.300108
-3.200607
-2.227709
2.077034
5.003150
-3.563425
-1.603909
-4.604978
-9.088878
-1.484564
-4.008666
-1.793097
-1.847496
-6.398387
-2.255212
-7.167532
-4.904513
-5.698751
-4.094399
-1.968322
-3.077703
-2.292984
-3.106392
-2.965963
-2.673542
-0.187299
-5.104211
-1.900432
-3.806763
-6.386707
1.524830
-3.989506
-5.420816
-1.627268
-2.575432
-1.548874
-6.375686
-4.068913
-5.615996
-1.821054
-6.071642
-2.946567
-6.303567
-2.772548
-4.131784
-1.871583
-5.059347
-0.723274
-2.550274
-4.219357
-6.054662
-5.157366
-6.007484
-4.439327
-1.868263
-6.551554
-5.511221
-4.545140
-3.185838
-1.028901
-5.010162
-2.175387
1.610939
-5.073760
-4.382756
-0.975940
-1.580463
-4.771433
-2.710157
-5.851624
-2.941062
-2.762915
-7.949682
-0.407023
1.280704
-4.329434
0.012865
-0.722518
-2.993447
-3.381317
-6.102755
-0.515417
-3.637583
-6.981009
-2.470255
-4.353801
-5.474621
0.148343
-4.382911
-5.090950
-1.353987
-7.613758
-0.967780
-3.601321
-5.073861
-4.174947
-4.386831
-3.253440
-3.474995
-6.462418
-3.153526
-2.811360
-3.198503
1.637810
-3.096603
-7.037000
-2.236507
-6.458743
-5.528448
-2.275448
-5.023390
-3.232196
-4.627721
-4.738549
-5.263312
-1.650554
-1.466210
-3.374928
-6.265282
-4.090104
-2.435248
2.687768
-3.393188
-3.383398
-6.966801
-3.216808
-5.656534
-0.214857
-6.894911
-0.136735
-5.300224
-3.950319
-6.521962
-7.605856
-4.838579
-7.506385
-3.604988
-2.833405
-4.117241
-1.338673
-1.252414
-3.932635
-4.420848
-2.880832
-2.394212
-1.867377
-4.184103
-3.349349
-6.748043
-6.500278
-4.447650
-4.771505
-2.870707
-3.227140
-9.774385
-5.394567
-9.313593
-7.558648
-1.676101
-4.397325
-2.345920
-4.150306
-2.847671
-1.803926
-2.055020
-3.688488
-2.371438
-0.261853
-2.779347
-4.417859
-3.422318
-0.787188
-5.329196
-0.573543
-0.820510
-6.097889
0.140458
-2.708752
-0.201994
-8.950592
-2.393892
-3.633758
-7.286590
-1.446541
-5.227566
-9.697276
-3.635310
-6.990146
-4.727712
-5.826395
-1.140819
-8.181616
-4.125713
1.916159
-0.018942
-4.634768
-2.963745
-5.046564
-5.761990
-5.464458
0.490069
-3.380218
-3.918582
-4.306294
-1.768697
-5.936071
-5.738310
-1.510033
-2.485821
-3.704070
-3.926168
-2.806340
-1.860492
-5.375529
-4.562989
-4.759786
-0.958697
-6.067037
-6.428583
-7.691678
-5.394241
-1.878469
-0.006994
2.430884
-2.879997
-4.970961
-1.636799
-1.377927
-1.558260
-2.853935
-3.417439
-5.362590
-2.315300
-2.112164
-5.401574
2.730507
-1.960931
-3.515061
-1.881375
1.107508
-2.605560
-5.747286
-5.596738
0.815078
-3.617522
-6.173631
-5.530472
-4.555026
-0.661306
-0.532177
-2.637005
-5.243767
-2.388079
-4.135899
-8.386992
-7.813182
0.169821
-5.157422
-0.636757
-6.437276
0.148798
-5.586775
-4.589887
-3.475708
-5.203721
-5.170119
-2.957729
-4.470876
-2.898805
-1.936133
-0.697924
-3.221151
-4.467741
-3.972567
-6.601346
-2.110409
-0.204206
-7.711745
-1.393806
-3.199184
-5.148893
-9.289692
-3.861318
-6.815184
-6.778502
-3.272294
-3.441065
-5.294617
-5.767877
-5.022730
-5.500586
-4.903944
-5.294661
-5.221702
-7.133390
-0.076292
-1.082073
0.288383
-3.478324
-2.096338
-4.629194
-4.413929
-7.133506
-2.232735
-0.955177
-2.775031
-1.673360
-0.033355
2.650807
-6.297401
-5.140019
-0.591018
-3.176156
-3.584272
-3.631924
-3.172475
-0.197801
-4.342131
-2.775468
-2.887639
-4.333240
-2.019743
-1.461047
-4.651009
-4.487380
-5.400213
-3.562141
-2.885640
-2.768503
-5.089331
-6.383147
-2.972696
0.116238
-1.198620
-2.466129
3.512019
-0.612672
-0.222186
-3.794838
-5.779517
-8.759555
-1.333413
-2.443506
-3.379713
-4.511876
-7.359769
-3.043541
-4.668483
-7.121597
-3.925702
0.280415
-4.749987
-4.819286
-1.158705
-4.953149
-3.885616
-8.733266
-0.493515
-7.923345
-3.042192
-3.006050
-4.017735
-3.275810
-3.678729
-1.620198
-4.535067
2.195370
0.194863
-1.962033
-5.457232
-5.870807
-0.713052
-7.606495
-4.115701
-3.221331
-4.725119
-2.542583
-1.624410
-2.518870
-2.996092
-4.075036
-0.120771
-6.614408
-3.727267
-1.775825
-1.477839
-2.865135
-1.508485
-4.669659
-4.677692
-3.728305
-4.300747
-5.689464
-2.284059
-7.301648
-2.508088
-0.871304
0.007725
-2.822147
-1.907322
-5.899405
-0.932054
-5.632369
-4.607701
-7.472909
-3.698409
-5.514980
-5.190769
-6.947732
-5.299468
-4.058491
-5.713096
-1.090531
-4.093691
-0.992218
-4.461971
-3.651785
0.815157
-4.479551
1.650409
-5.092903
-2.277052
-6.737477
-5.766525
-4.399158
-2.552253
-3.898677
-1.041545
0.877926
-8.954682
-4.848825
-5.696548
-4.385629
-9.063999
-4.696706
-3.518264
-5.155470
-0.595874
-4.039860
-4.154562
-1.350906
-4.354681
-2.631152
-2.444573
-5.668315
-4.209956
-1.036317
-5.210339
-0.010401
-9.432572
-5.861266
-0.418913
-1.674390
-5.802513
-2.545928
-5.127067
-0.127630
-7.172302
-5.543341
-3.181163
-1.165893
-3.905930
-4.412559
-2.831248
-0.999730
-2.253690
1.732818
-4.968927
-3.364808
-5.531449
-3.644180
-2.764423
2.397585
-0.625537
-0.614749
-4.083416
-0.146576
-1.929140
-0.510649
-4.044553
-1.272625
-3.727185
-3.467705
-2.050879
-7.324348
-0.795639
-3.419190
-4.800802
-3.450597
-5.272293
-5.962721
-2.102339
-0.284599
-0.884216
-7.546337
-2.346974
-4.670941
-4.909948
-3.306160
-3.244698
-6.722691
-2.124340
-3.815467
-3.930358
-4.428220
-0.299052
-5.353913
-2.007667
-3.318629
-3.038619
-3.631577
-4.656284
-2.632814
-4.778711
-1.159070
-1.798322
-4.320522
-1.220757
-1.568727
-1.836960
-4.754157
-5.773661
-3.897320
-5.872752
-3.470298
-2.848229
-5.302739
-1.154553
-2.493684
-5.207032
-2.526431
-2.764589
-6.208528
-3.657612
-2.332160
-0.369734
-1.397485
-3.137647
-5.209880
-5.936330
-2.871822
1.310617
0.727422
0.468624
-1.553783
-5.883629
-1.373556
-5.223285
-7.400658
-5.445947
-8.749737
-7.165170
-3.987180
-0.757903
-6.765924
-4.770594
-6.782716
-3.045329
-0.554031
-3.316196
-2.749632
-3.107848
-1.057520
-5.929018
1.098891
0.825054
-4.508441
-3.703375
-0.314594
-2.977062
-7.953639
-2.195007
-6.636127
-3.409263
-1.113183
-6.099351
-1.806660
-1.432496
-9.681297
-4.145347
-2.852999
-7.677732
-5.410543
-2.871390
-1.659844
-2.562642
-6.351787
-2.312519
-5.771456
-0.959370
-3.311242
-5.011002
2.488126
-1.779675
-3.475143
-1.852578
-5.589849
-5.560689
-4.380394
-7.021667
-2.379260
-5.946706
-5.681226
-3.604057
-4.603390
-0.694959
-3.126298
-1.175396
-4.051503
-4.425304
-4.877758
-6.275218
-4.511867
-0.617831
-5.389887
2.146276
-2.112400
-5.926277
-1.259891
-3.004674
-1.870716
-0.474215
-1.060133
-2.458629
-2.604687
-6.055617
-6.402781
-3.135380
-2.890597
-2.737973
-2.805783
-3.300733
-5.186371
-5.563622
-2.118235
0.691786
-4.594559
-3.026781
-3.344795
-1.809054
-3.543683
0.315970
-1.754811
-4.733466
-4.263417
1.587767
-4.705229
3.629422
-6.259995
-1.131881
-2.711598
-4.086736
-0.303734
-2.539574
-4.493422
-3.473293
-2.586608
-5.229901
1.665601
-8.347464
-4.646947
-5.216174
-1.707205
-2.895319
-2.883985
-0.282113
-0.671418
-1.768557
-1.151347
-2.609157
-3.556152
-5.835923
-3.908149
1.053515
-1.090084
-1.486294
-1.164200
-1.052479
-4.466204
-7.433846
-2.051391
-0.109753
-6.557381
-4.981670
-2.947139
-0.659880
0.827049
-3.599858
-1.647436
-1.938745
-1.955270
-1.354996
-1.451461
-1.629078
-1.129719
-6.943457
-3.638212
-3.106041
-1.293099
7.436803
-4.919187
-2.855899
-1.739577
-4.204715
-3.043629
-0.743958
-3.300455
-2.772077
-3.479900
-9.174826
-5.183443
-2.964822
-3.633285
-3.396159
-3.263898
-4.380327
-1.929923
-2.052197
-0.185027
-3.671572
-8.335642
-7.409858
-0.875131
-4.494526
0.615491
-5.155825
0.372687
-0.078035
-5.547875
-1.453522
-2.992725
0.936101
-1.537484
-3.518931
-1.255687
-5.826166
-4.493342
-5.680600
1.915055
-6.635390
-5.520018
-5.354395
-5.975553
-1.643591
-3.549950
-5.923285
-9.306417
-5.868701
-3.759767
-1.444488
-3.441169
-7.168289
-6.907291
-4.527529
-1.918518
-2.616584
-4.199706
-5.389384
-5.015728
-1.356074
-6.600703
-5.389301
-2.201808
-5.746302
-0.730428
-0.967957
-5.882889
-4.793118
-4.448917
-3.046223
-3.029743
-4.959426
0.601805
-3.143851
-5.646535
-4.495909
-3.312017
-3.645772
-5.982516
-0.556404
-5.029786
-3.389417
-1.572666
-6.183637
-4.081292
-2.962914
-0.703841
-2.440004
-1.187619
-3.909844
-3.232814
-5.001827
-4.383553
-3.765371
-3.594251
-1.537575
-0.534131
-6.482802
-4.862760
2.511704
-2.266956
0.234742
-4.194360
-3.059587
-3.561143
-3.998771
-0.860567
-3.982956
-2.147237
-1.350950
-5.329452
-4.697934
-2.436311
-0.318289
0.235301
-3.397091
-0.141347
-2.735354
-5.459802
-6.898345
-2.745725
2.448903
-7.561652
-1.105886
-1.797615
-4.823802
-4.755686
-3.437264
-5.475140
-4.894897
-1.405411
-2.117047
-6.054357
-3.544552
-1.457263
-1.514524
-5.152866
-2.395268
-4.430882
-1.401623
-4.348976
-2.584169
-3.116957
-4.912045
-0.697484
0.944111
-1.700017
-2.187267
-6.335327
-2.175970
-1.877519
-4.223399
-1.266316
-0.605497
-0.723315
-2.674732
-4.078946
-8.250703
-4.302182
-1.850121
1.994832
-8.006161
-4.599227
-6.558147
-3.975348
-6.668003
-5.126700
0.434691
-1.202850
-4.462533
-4.497085
-6.633999
-2.830953
-3.215307
-3.602025
-3.697314
-1.528961
-2.618233
-2.324871
-4.859989
-2.201334
-0.216689
-6.888978
-1.588403
0.139160
-1.247820
-3.252833
-4.559663
2.448956
-2.299042
-1.759890
0.397014
-0.868408
0.515805
-3.604677
-4.173253
-3.598876
-2.984722
-3.508463
-4.062974
-3.286772
-5.371404
-3.969538
-1.948087
-2.067135
-0.795913
-4.494549
-2.938248
-4.455827
-1.236217
-5.420089
-3.582500
0.193616
-7.029386
-4.298087
-1.631365
-2.270880
-4.319983
-2.688096
0.625817
-4.621884
-6.987985
-2.400711
-3.389746
-6.450123
-4.462505
-4.732850
-1.960926
-4.987378
-2.279616
-1.898187
-3.568583
-6.844843
-8.647690
-4.060201
-1.764056
-3.520754
-0.561037
-1.659183
-4.183805
0.355415
-3.908806
-3.267303
-0.061121
-4.663710
-7.533084
-3.913348
-2.928648
-2.473802
-4.982118
-4.195156
-3.089710
-3.137980
-3.540735
-3.541355
-0.694600
-3.389060
-4.575046
-5.499790
0.050017
-2.241723
-3.271808
-8.210041
-3.115325
-2.533720
-4.823787
-3.611098
-9.853849
-5.524711
-7.566562
-3.450328
-5.684865
-2.683743
-5.636024
-3.355627
-5.292772
-6.144702
-2.368746
-3.863551
-0.951168
-4.440457
-3.280602
-2.275109
-5.529382
-3.101925
-1.958093
-3.293064
-3.396369
2.669899
-3.943391
-7.430909
-4.352561
-3.289503
-3.133763
-1.874891
-0.014874
-4.083936
-0.698390
-2.986495
-5.613622
-3.144163
-4.296503
-3.410918
0.212668
1.726182
0.349535
-4.276943
-2.712873
-1.127025
-4.036164
-5.677528
-8.087217
-5.439708
-1.823513
-4.000006
-5.227995
-10.576195
-5.804637
1.355999
-8.183159
-5.277748
-5.621521
-3.923001
-3.348795
-1.485353
-2.485909
-4.606973
-6.321529
-0.971858
-5.336278
-4.763180
-5.357213
-2.203321
-1.458931
-3.583453
-1.458526
-5.100714
-5.512837
-6.016863
-3.492181
-6.039163
0.086964
-3.555946
-3.485397
-3.967721
-1.465218
-3.584369
0.506026
-1.421817
-1.124803
-2.202097
-3.148829
-2.315813
-5.305357
-4.300414
-1.885980
-4.528059
-1.944222
-4.043615
-1.581920
-1.791120
-3.715239
-4.284982
-2.891067
-3.186285
-4.361339
-3.622363
-2.891825
-2.963424
-3.944437
-3.011352
-3.737041
-8.324860
-3.902759
-2.645960
-2.241969
-0.109415
-9.009183
-2.733347
-4.237567
-1.876140
-1.482680
-1.459898
-5.636002
-5.548727
-0.718238
-3.724669
-5.864377
-0.893673
-1.709815
-2.774166
-5.959285
-1.501824
-4.080849
-4.320999
1.017639
-7.313549
-2.246166
-3.080336
-6.207367
-2.521484
-1.854916
-0.726603
-2.534904
-0.927959
-3.933251
-1.535231
-2.194259
-7.113724
-0.903261
-5.904399
-2.903973
-3.300348
0.191505
-3.563421
-4.815773
-4.284508
-2.629940
-1.430256
-3.032723
-0.988757
-4.638143
-3.766951
-6.300300
-3.789783
-4.053437
-4.520707
-5.017645
-1.278800
1.161711
-2.458132
-2.643788
-1.621054
-2.169588
-4.245536
0.538405
-1.078589
-5.677425
-5.120403
-4.080267
-3.022871
-1.560599
-3.516889
-1.455082
-5.239403
-6.375856
-4.569357
-3.107964
-4.224442
-7.183156
-1.491125
-8.928402
-0.737226
-5.390843
-3.288382
-6.715882
-9.289262
-6.336987
-3.859496
-3.585415
-5.000463
-1.628476
0.257156
-3.425092
-7.274923
-5.958465
-1.685985
-6.623664
-5.371984
-4.338024
1.338421
-1.509303
-3.984453
-4.956275
-6.614203
-5.006264
-1.578882
-4.716576
0.476010
-3.590858
-1.618975
-3.687610
-3.441138
-6.084727
-1.108353
-4.756050
-3.227968
-0.836909
-2.773844
0.100612
0.440955
-3.714836
-0.957944
-4.612753
-0.460077
-1.573278
-2.618787
-1.419063
-6.831041
-1.635144
-3.506750
-6.369923
-3.014205
-0.785437
-0.693425
-4.340786
-5.089309
-1.663425
0.399196
-1.729910
-0.122355
-3.955721
-4.993528
-2.403010
-3.285321
-7.094704
-5.016089
0.771720
-1.935134
-3.001575
-2.241703
-4.262700
-1.109638
-4.364645
-4.362366
-0.804652
1.457851
-2.902746
2.629202
-6.324209
-6.550251
-2.956228
-2.253495
-1.679625
-5.199905
-2.939045
-3.368379
-1.634967
1.900671
2.488126
0.127277
-4.726647
-3.289075
-0.728806
0.176046
-2.894566
-1.398237
-2.987583
-5.780288
-5.886909
-3.174171
-7.325108
2.321599
-1.132557
-3.886012
-4.356059
-4.207471
-5.082881
-5.400819
-4.458250
-2.930227
-3.196983
-2.147744
-4.213164
-1.562632
-5.399894
-2.106798
-4.446653
-5.218828
-3.008573
-2.612843
-4.980695
-5.540298
-3.129950
-4.661711
-6.552783
-4.461127
-4.301351
-4.596521
-0.546543
-5.080092
-1.191913
-4.497430
-1.589265
-1.147319
-6.243467
1.881420
-4.385068
-6.517072
-6.563005
-0.514019
-1.706184
-4.184813
-2.907495
-1.704230
-0.419216
-4.060774
-4.792947
-3.170541
-6.288600
-2.788262
-1.438974
-3.028479
-1.619535
-5.281960
-2.798667
-2.582196
-2.281071
-7.026952
-6.497517
-7.230591
-3.337192
-0.974579
-2.212680
-4.823390
-5.518957
-4.849898
-6.504966
-2.410710
-6.428552
-1.692146
-2.246453
-1.815868
-3.286602
-2.734275
-4.414240
-2.394929
-7.643889
0.161268
-8.357853
-2.348506
0.356140
-5.404936
0.092690
-3.783248
-1.859005
1.046469
-7.119509
-6.463284
-4.972600
-5.488498
-3.928633
-1.868083
-3.535697
0.712513
-2.405056
-5.090488
-1.875696
-2.123552
-2.462794
-7.939647
-0.890308
-3.629251
-1.160713
-5.037203
-3.995663
-1.114511
-0.601830
-3.380886
-2.214286
-2.579168
-3.937396
-1.819729
-6.214167
-3.651037
-6.997431
-2.229337
6.401051
-5.903693
-5.089160
-7.980033
-4.297070
-4.999213
-6.849544
-3.874748
-0.717082
-0.197407
-0.341696
-6.216338
-7.401757
-1.917114
-2.524616
-3.055731
-1.759897
-3.268778
-4.604910
-0.532208
0.829261
-4.042173
-0.694163
-1.548420
1.223126
1.075468
-2.870707
-5.762785
-0.103943
-4.354636
-4.097635
-2.917974
-3.943825
-5.456571
-1.636906
3.230116
-2.079371
-3.187500
-5.296329
-7.108390
-4.349358
-5.951398
-4.562946
-8.351612
-4.121725
-2.471573
-5.770232
-1.363443
-2.437541
-4.086363
-6.528778
-7.919662
-5.207707
-6.823370
-0.060457
-5.056844
-2.747324
-5.775756
2.328692
-3.872844
-3.380579
-1.207676
-1.549232
-7.073225
-5.121317
-3.885952
-2.537784
-0.231740
-1.125822
0.393338
-6.458472
-1.299652
-0.673505
-0.786770
-2.942132
-6.233703
-0.285720
-4.038806
-3.746150
-1.456192
-3.626730
-1.313489
-1.911624
-2.809081
-6.961094
-4.675373
-4.989605
-7.107664
-0.654211
-4.052231
-0.057934
-3.165647
-1.066087
-1.898655
0.325293
-1.409418
-6.750630
-5.754690
-4.764935
-4.615615
-5.891086
-4.565976
-5.984933
-2.733773
-3.764196
0.785329
-1.247740
-4.577044
-2.092293
1.254294
0.581258
-2.175537
-2.344512
-4.793303
-2.179300
-8.498537
-1.857583
-4.497707
-3.034267
-2.050705
-1.082031
-0.462237
1.748505
-6.908776
-3.846038
-3.811669
-4.703278
-4.022196
-4.407457
-1.821102
-1.956298
-1.660069
-5.619566
-3.292450
-5.715381
0.779630
-4.965700
-3.817287
-2.338279
-5.178969
-2.791401
-4.179693
-3.557879
-4.608471
-1.624039
1.425451
-4.357135
-0.240066
-2.284037
-2.698372
-8.391375
-4.445971
-5.242694
-1.694485
-1.497117
-6.655095
0.921299
-1.296868
-3.633021
2.127025
-3.320160
-2.237247
-2.412235
-5.396049
-2.425495
-2.392251
-2.691114
-3.428526
-0.139211
-1.268391
-4.022277
-0.871865
-5.833758
-0.435754
-4.608529
-0.636978
-5.957917
-5.577921
-4.076826
-2.082845
0.284820
-3.434612
-7.426686
-1.785411
-4.673271
-6.961889
-7.788407
-0.544174
-0.092971
0.119789
-2.419208
-3.680126
-4.355069
-3.364401
2.267871
-2.188599
-0.462756
-2.560555
-7.125223
-3.971965
-2.825678
-0.673933
-8.113592
-7.071463
-1.517322
-5.948294
-3.242796
-7.907006
0.947953
-0.657311
-4.520926
-4.136688
-5.472164
-6.309066
-2.025393
-7.439103
-4.488484
-0.677506
-7.482222
-4.789178
-1.461019
-2.963171
-1.076548
-6.638673
-2.524121
-5.245681
-1.136406
-4.972725
-6.436675
-0.333862
-6.257617
-5.329083
-1.534605
-1.709104
-1.707237
-6.892352
-8.101598
-7.124945
-4.332987
0.569989
-2.298946
-5.054474
-1.623070
-1.685113
0.188791
-7.739879
-7.096225
-2.861718
-5.621525
-4.282667
-2.364320
-5.683140
-1.947332
-0.983001
-1.253285
-6.409492
-2.909349
-3.925336
-3.911973
-2.489217
-1.552680
-4.043100
-2.786322
-3.398040
-7.054409
-2.608368
-6.930614
3.721603
-3.273348
0.491134
-5.832064
-4.275784
-0.719076
-8.175467
-1.237663
-2.847043
-5.797154
-6.116652
-5.126702
-3.620337
-2.339718
-2.639488
-3.928164
-2.460686
-4.658876
-3.484110
-4.810970
-5.484865
-3.817542
-6.239738
-0.507223
-2.569379
-5.124892
-2.738000
-7.197594
-3.075537
0.513331
1.223861
-6.514150
-3.591143
-2.715145
-5.374090
-0.687412
-3.521186
-1.716811
0.964762
-1.040704
-5.394791
-1.982421
1.185716
-3.232778
-3.668952
-5.365195
-3.715076
-3.480314
-5.759808
-5.263097
-3.164872
-6.986346
0.012110
-3.537480
-1.875812
-1.946046
-0.694561
-2.212836
-5.966522
-2.424553
-1.761639
-2.101843
-1.830889
0.304636
-3.693955
-0.633873
-5.976445
-4.923236
-5.416063
-7.552645
-1.938403
-1.940856
-6.399391
-7.068572
-2.555608
-4.089549
-6.028728
-1.144847
-2.312819
-2.052062
0.534113
-1.700243
-2.039117
-5.738519
-2.626585
-6.507633
-4.366801
-0.621538
-5.212390
-7.455388
-4.875728
-2.611715
-3.050994
-3.474210
-4.325324
-1.894439
-1.007962
-3.108350
-1.455526
-3.318531
-3.686146
-2.468236
-4.596298
-2.758435
-6.711740
-0.687007
2.797046
-3.904924
-2.576390
-2.750525
-4.531615
-1.073268
-1.569968
-3.608613
-1.923013
-3.622626
-2.456173
-3.387670
-1.008563
-4.430623
-5.284213
-1.152024
-5.818720
-5.021462
-3.385745
-3.472881
-6.114555
-4.925467
-5.506341
-3.668612
-6.824930
-5.178786
-3.523064
-3.177194
-1.189063
-5.791937
-4.161225
-2.133484
-4.875211
-1.604452
-2.078938
-6.712511
-2.859457
-2.141559
-4.378196
-3.334113
-4.154523
-5.452741
-2.575491
-1.857736
2.285704
-2.643868
-0.255920
-2.958891
-3.479283
-1.339464
-1.663191
-1.252853
-3.216065
-7.012756
-4.010552
-3.360285
-4.819436
-2.642379
-5.654423
-6.742145
-3.773038
-0.106922
-3.855114
-1.685107
-2.491544
-5.454419
-5.041627
1.708031
-5.306930
-1.872036
-4.869348
-3.581458
-5.070047
-3.829661
-2.959207
-2.733171
-1.853812
-6.879403
-0.962230
-2.445961
-0.712922
-2.127610
-3.101513
-8.045679
-1.959146
-0.186610
-3.836234
-8.000856
-6.002185
-4.045587
-1.419525
-7.769855
0.408960
-1.591359
2.784229
-1.602364
-5.494807
-2.615426
-5.645685
-7.284690
-2.094992
-0.044087
-5.903358
-2.966057
-4.040999
-3.241497
-2.980787
-2.635617
-2.680069
-2.287500
-4.319582
-3.744867
-7.250907
-3.932261
-2.998390
-4.036058
-5.084851
-4.839165
-1.827068
-5.062712
-6.221372
-1.420578
-1.526734
-1.667202
-3.356958
-2.889898
-2.937730
0.584969
-7.231285
-6.829499
-3.301304
-7.151106
-4.107178
-2.970444
-4.733502
0.388166
-4.448922
-1.682836
0.055963
-4.926401
-6.111023
-0.795352
-3.086724
0.189873
0.979043
-3.064722
-6.116786
-3.417411
-4.671233
-4.206301
-7.664413
-0.588905
-2.431922
0.493897
0.374048
-4.256616
-3.509944
-2.596698
-5.128335
-2.089725
-3.123287
-4.053023
-4.464582
-7.098870
-6.698239
-1.243162
-2.942635
-4.524526
-0.287361
-0.543830
-8.322138
0.283664
-6.488056
-1.999888
1.156528
-1.755855
-3.219853
-0.939712
-2.519518
-3.319863
-4.968024
-4.454186
-0.472735
-6.465760
0.847157
-4.530866
-3.167449
-2.043541
-5.075644
-3.561389
-4.130906
-4.606483
-2.309729
-3.745914
-1.353570
-3.183082
-2.539994
-1.258363
-3.162869
-3.931998
-0.471789
-2.707803
-1.427779
-4.450768
-2.131738
-3.362885
-1.291520
-2.778700
-3.533682
-1.609705
4.016831
-4.475695
-9.639580
-3.430353
-9.586928
-6.934719
-1.260345
-4.483586
-3.756472
-3.481368
-0.151962
-4.019880
-1.199605
-4.567074
-2.321724
-3.221801
-10.427753
-8.019114
-4.370993
-6.287528
-1.117439
-1.398813
-3.340188
-4.133976
-4.069655
-3.430055
-2.283755
-0.366723
2.088043
-3.056343
-8.158107
-3.432991
0.354108
-2.272943
-7.036198
-1.456888
-5.758940
-0.811822
-6.765597
-5.826708
2.816952
-7.670668
-6.100083
-3.238431
-1.566401
-3.566485
-4.164250
-8.259161
-1.675902
-8.523022
-4.220682
-3.495914
-6.579958
-3.712501
0.513011
-5.290984
-2.263222
-1.040943
-3.456344
-2.549142
-2.486587
-1.230066
-4.149736
-1.114535
-3.259478
-1.620223
-2.159674
-3.140353
-4.003364
1.602408
-6.488131
-0.289565
-4.387708
-4.319460
-3.036924
-2.068363
-1.752439
-2.008919
-5.719174
-3.205715
-2.248075
-3.982834
-4.007689
-2.996984
0.110497
-2.603295
-0.464682
-4.056699
-4.578297
-2.142652
-7.240788
-1.542775
-0.004007
-1.070986
-3.055323
-2.016105
-2.547922
-2.536641
-1.786398
1.299546
-6.166152
-2.223111
-7.495089
-2.076200
-5.567688
-0.985592
-5.371007
-6.373893
-4.031908
-6.182003
-6.388465
-2.838687
-4.825058
0.771456
-1.662409
-1.959702
-1.200169
-1.961936
-1.974255
-3.428490
-6.737226
-1.587535
-0.348817
-4.627954
-5.571335
-0.246833
-3.935820
-0.508931
-2.059554
0.414161
-5.212988
-5.637491
1.826413
-8.549416
-4.300169
-2.977601
-2.666498
-7.468645
-4.233457
-1.525994
-2.782260
-4.492272
-4.804880
-0.812467
-8.192374
-6.494186
-4.420345
-1.779096
-8.676981
-4.362626
-1.009158
-3.795037
-5.153114
-3.809447
-5.942609
-2.394644
-5.297738
-4.197291
-1.887133
-3.495190
-3.185327
-6.193051
-3.114271
-9.582109
-5.196491
-7.640301
-3.094588
-1.957859
-2.361233
-2.029138
-4.426788
-2.231730
-3.066419
-1.124626
-4.632331
0.003459
-1.861728
-1.569458
-0.103610
-0.955998
-2.799618
-5.115242
-4.746172
-0.639286
-3.367566
-2.447789
-3.862168
-2.138620
-5.652320
-5.003551
-4.529910
-5.517806
-4.416866
-6.182087
-4.240522
-2.718171
-3.974446
-4.480016
-6.367321
-3.940763
-7.267649
-2.942864
-7.045051
-2.632843
-4.245921
-2.735347
-3.428646
-4.229733
-3.989654
-2.909331
-5.797281
-2.480531
-3.256368
-1.846873
-6.449558
-3.978090
-3.123100
-5.418618
-3.764214
-2.464833
-6.075976
0.898031
0.914073
0.930467
-4.120349
-5.242393
-4.857119
-4.268350
-2.990704
-3.208285
-1.005149
-3.109298
-3.777702
0.081721
-2.720039
-3.748528
-4.948621
-0.110833
-1.488705
-2.826009
0.625035
-6.101712
-4.471457
-2.903986
1.453288
-1.822727
-6.845107
-2.743221
-4.495210
-0.126098
-5.428566
-3.595775
-3.154743
-0.509572
1.185173
-1.833101
-6.256198
-3.757717
-6.059793
0.622456
-2.494845
-4.976579
-2.432567
-0.515750
-5.128900
-1.984627
-6.991252
-0.539910
-6.375923
-2.381951
-4.108644
-4.717363
-3.816939
-4.166690
0.080403
-4.898204
-2.549761
-7.031793
-1.002598
-3.601810
-1.455925
-2.476625
-3.966847
-2.945033
-2.971611
-3.767663
1.187398
-1.389852
-1.560354
-4.754047
-4.099856
-3.328670
-1.802451
-0.109058
-4.750315
-5.671553
-0.997682
-2.601105
-5.072089
-3.548127
-9.861937
-0.322333
-4.714919
-3.681338
-0.116929
-3.613632
-0.939744
-5.698226
-2.066487
-5.754546
-2.014087
-7.333170
-5.231502
0.204115
-4.124956
-2.219660
-2.502773
-0.474723
-1.600641
-2.876220
-3.363832
-10.802064
-6.283028
-4.351716
-2.227028
-1.837954
-4.283396
-3.140122
-6.067169
-3.111183
-2.021552
-4.716914
-6.071987
-0.710705
0.109447
-1.093463
0.714097
-3.051112
-7.290037
-2.698841
-6.696553
-2.571444
-2.943071
-1.177085
-4.113678
1.277599
-2.378717
-3.075466
-3.526480
1.223093
-3.304827
-3.262383
-6.039698
-2.377072
-3.636781
-2.687922
-2.571888
-6.180841
-5.724346
-4.003101
0.308942
-0.902005
-6.583291
-5.394783
-0.483925
-2.358770
-4.379817
-6.341177
-3.734317
-2.617699
-3.051176
-0.476928
-0.804588
-0.989002
-4.548523
-3.135124
-2.538637
0.833557
2.202259
-6.090596
-5.895355
-5.530920
-0.928188
0.359824
-2.806784
-0.507301
-1.292925
-0.165314
-6.212298
-3.449055
-5.871946
-2.510994
-5.879714
-5.893518
-4.963388
0.195580
0.691733
-5.152268
-7.485305
-1.107064
-1.488988
-3.774206
-0.489811
-3.697061
-4.734990
-4.885548
-4.748759
-1.231341
-1.139390
-0.023200
-5.026143
-4.695926
0.965259
-1.656742
-2.567780
-5.554468
-0.663670
-5.392067
-5.861559
-1.727221
-3.102910
-4.062630
-5.440462
-3.641503
-6.513981
1.562473
-5.684653
-0.624659
-8.827941
-2.880073
-6.970437
-0.176119
-4.669086
-3.518660
-3.305208
-5.062809
-5.172516
-5.036860
-5.055907
-2.008256
-6.645823
-1.341483
-3.095101
-6.282883
-4.349350
-3.266716
-1.432560
-7.003887
-1.332831
-4.560089
-5.086480
-5.085671
-0.889866
-5.183480
-1.818511
-5.557563
-3.439523
-5.509892
-2.977038
-2.307294
-6.938249
-3.954297
-2.135653
-5.383286
-6.715185
-0.446227
-2.908779
-6.840578
-4.200788
-1.262452
-6.464541
-2.612824
-3.359770
-1.758958
-2.420006
-2.334309
-2.648627
-5.939029
-0.238402
-3.292215
-1.486159
-4.869435
-0.813221
-7.251252
-2.472079
-6.647128
-2.167939
-5.612118
-4.133544
-2.338712
-2.300915
-2.223364
-2.930690
-4.710124
-5.332049
-6.610549
-4.225180
-2.394011
0.711067
-1.675349
0.335813
-3.911990
-2.889266
-6.006570
-4.220152
-1.047568
-5.336201
-2.133214
-4.362267
-5.193589
-5.884057
-3.850855
-3.870657
-7.038322
-3.337610
-6.087765
-1.571589
-3.718840
-1.697680
-2.946456
-4.309927
-6.460847
-4.283833
-4.054162
0.526415
-5.395772
-3.198412
-1.185376
-6.843736
-1.452459
-1.640653
-7.160660
-1.561723
-2.540010
-1.369437
-4.601247
-5.263910
-3.375532
-5.953260
-6.696020
-0.752135
-3.985663
-3.180710
-1.862115
-8.222933
0.839254
-3.688125
-6.568593
-4.970220
-6.965809
-4.205041
-3.496449
-3.076513
-4.344328
-4.006854
-0.165898
-6.317111
-1.549152
-5.634168
0.999449
-3.463854
-7.237247
-2.616682
-2.581253
-6.451724
-6.811375
-4.158197
-1.904019
-0.454367
-4.677830
-4.415133
-2.052807
-5.489655
-5.418819
0.501521
-2.442985
-5.020130
-3.487256
-2.793935
-3.326927
-3.591114
-3.595241
-5.823838
-6.328733
-4.711113
-3.548641
-6.904775
-5.104216
-5.220671
-0.864208
-1.954173
-0.994392
-3.458789
-5.543711
-6.365515
-1.435152
-4.695380
-2.601676
-3.834685
-3.145984
-7.810949
-2.997819
-3.467468
-3.579767
-0.502036
-5.460773
-0.307781
-3.520513
-4.372248
-0.147396
3.538604
-5.238967
-5.380107
-2.618499
0.325197
-3.730420
-0.245841
-6.296021
-4.389225
-5.917694
0.263002
-4.292766
-8.153797
-6.305673
-6.059495
-1.130517
-5.894297
-4.680737
-3.618657
-1.659972
-2.993805
-4.271410
-2.693364
-5.224469
-5.659219
2.488782
-1.831868
-4.759804
-2.199692
-5.792247
-4.389191
-1.349779
1.469871
-6.151357
-4.391375
-1.903695
-3.717844
-2.969493
-2.837190
-6.422180
-3.887338
-2.920716
-5.452717
-0.101954
-5.791816
-4.557359
-1.313778
-8.033468
-5.699281
-2.479341
-3.272848
-5.448492
-1.347723
-2.558871
-5.015345
-0.437866
-2.233320
-4.713270
-1.558001
-6.206618
-0.291795
-4.944479
-2.815295
-1.257662
0.708321
-4.221559
-5.101366
-0.786092
-2.513326
-2.774446
-3.625734
-0.239759
-3.347124
-3.934247
-6.261662
-1.888775
-4.803596
-5.467334
-5.685551
-6.863485
-2.704387
-3.703939
-1.829828
-4.233777
-6.174898
-2.647444
-2.319005
-0.348765
-6.209961
-5.823364
-3.967455
-4.007159
-0.297592
-5.218063
-0.696393
-1.880620
-2.239717
-4.722942
-3.205590
-8.105458
-6.961682
-1.899862
-6.503659
-2.386057
-6.161809
-2.254038
-5.045964
-0.083150
-3.452640
-2.627378
-5.643141
-3.703527
-7.199944
-0.467764
-1.984252
-0.608802
-4.937138
-4.441854
-5.560963
-4.877433
-4.422952
-3.650146
-3.736857
-0.579825
-3.908522
-2.509467
-5.780019
-3.403101
-1.979575
-4.394854
-3.488107
-2.834897
-3.224210
0.096095
-2.439382
-0.530751
-0.941953
-3.934910
-0.247809
-2.117300
-7.533024
-2.297852
-4.543379
-8.109261
-1.840758
-2.907263
-3.569935
-6.575966
-7.924553
-3.972612
-0.939712
-4.739897
-7.515794
-5.922631
-4.799690
-2.822546
-0.689196
-2.559604
-2.828331
-6.081693
-0.686090
-2.724404
-2.515026
0.116872
-3.192611
-2.386152
-2.287870
-5.077140
-2.668161
-7.719066
-5.140346
0.889488
-2.972083
0.850100
-1.836784
-3.950807
-1.954612
-5.457447
-2.525714
-4.357309
-2.216029
-1.424378
-3.713541
-1.677487
-5.660962
-8.763351
-5.045318
-1.637248
-0.985440
-1.321397
-5.498830
-3.241116
-1.256097
-0.552126
-0.455218
-6.921916
0.278539
-2.480923
-4.317493
-2.986465
-5.893317
-6.542370
-3.921469
-4.321818
-2.871544
-5.153009
0.790910
-5.488853
-1.885968
-5.045360
-0.900203
-1.510153
-5.611466
-2.221925
-1.290407
-0.701571
-4.493236
-5.542277
-4.831783
0.270763
-3.967455
-1.064413
-3.176393
-1.286977
-3.473317
-2.624834
-2.229336
-5.263190
-2.629116
-1.019087
-2.934218
-3.699721
-0.342894
-5.553151
-5.894682
-2.993620
-6.644403
-3.344416
-4.132532
-8.202940
-1.668086
-2.604915
-4.598000
-2.168395
-4.002648
-2.678752
-1.392087
1.051407
-3.689322
0.542130
-4.929821
-3.699306
-3.973217
-3.276647
-6.122457
-2.772346
-8.121424
-2.907732
-2.029695
-2.085624
-6.302052
-2.605893
-0.664762
-6.874957
-8.798782
-3.840155
-6.238449
-6.040303
-1.047867
-4.864294
-3.443132
3.902536
-4.811399
-1.973753
-5.366443
-1.248816
-1.265471
-3.715962
-1.643362
-2.817386
-4.438935
-3.153075
-3.084927
-4.348734
-2.455240
-1.486133
-1.945364
-1.490849
-0.338890
-0.712023
-4.274057
-6.551729
-2.766299
-5.239100
-1.928136
-6.674247
0.212146
-7.964234
-5.488541
-5.144619
-5.417707
1.212912
0.991554
-2.630159
-6.282572
-3.861699
-3.518383
-3.604789
-0.716282
-9.718033
-5.360670
0.411984
-6.956122
-3.317181
-1.400692
-7.067066
-3.977791
-4.382154
-6.773180
-1.500240
-4.818471
-5.084060
-2.277845
-3.065081
-6.891097
-3.925342
-3.634406
-0.065057
-2.206083
-0.862443
-7.955036
-3.186459
-1.683195
-2.590498
-5.283953
-2.048025
-0.216682
-4.009412
-3.065182
-2.329979
-2.723164
-3.531778
-3.032646
-2.233967
-2.132934
-4.112324
-1.594555
-3.140769
-1.501074
-1.511512
-3.520457
-3.382116
-2.141897
-2.101801
-5.143241
-3.751162
-3.518767
-4.944648
-6.616060
-4.793849
-2.459223
-3.586441
-1.912560
0.008373
-3.456652
-2.109744
-3.170908
-5.630900
-3.194082
-1.945235
-5.167133
-0.686267
1.099765
0.042777
-9.036700
-4.547227
-5.355761
-7.091356
-2.619146
-3.883689
-3.726596
-1.663862
-3.519583
-4.180794
-2.909678
-3.972417
-2.289117
0.112675
-2.409216
-7.126154
-6.237400
-0.190548
-0.669763
-6.194527
-6.125620
-3.488132
-0.001595
-1.232683
-5.453199
-4.717897
-5.781060
-7.717323
-7.248632
-3.652681
2.131155
1.507612
-8.286493
0.799801
-2.918227
-3.154662
-4.142292
1.554082
-4.745356
-2.132651
-5.165742
-5.317871
-1.993730
-3.205288
-4.951904
-1.696928
-1.583570
-8.692484
0.017574
-2.545026
-5.006524
-6.802890
-3.863632
-2.782914
-2.055112
-4.324928
-5.380727
-4.260853
-0.474347
-3.422008
0.138342
-3.755114
-3.318000
-0.385289
-5.919149
-4.786772
-2.595314
-2.088008
-5.056270
-4.405989
-2.653772
-2.779749
-4.825182
-5.978203
-9.744122
-1.747259
-2.313538
-5.336481
-5.752739
-3.736804
-0.765342
-0.575517
-3.521962
-4.977539
-0.700489
-6.306586
-0.385951
3.143454
-0.133158
-5.728120
-2.416667
-3.340784
-5.950502
-3.029724
-5.599379
-2.871777
-5.345510
-3.845912
-3.159155
-4.263460
-2.511328
-3.341003
-7.084824
-4.657351
-6.104361
-4.436118
-2.346137
-4.189539
-1.482319
-6.276600
-4.987884
-2.182501
-3.772892
-5.761047
-4.398901
-1.467553
-2.727774
-2.905279
-8.850584
-5.493079
-2.266110
-5.963639
-6.356255
-3.343789
-2.777615
-7.494070
0.920575
-2.866587
-4.590046
-2.850946
1.035434
-3.790370
-4.146818
-5.606770
-4.582167
-5.875515
-4.822368
-0.260203
-0.806319
-3.499081
-7.442736
-2.839370
-4.997128
-5.445406
-4.648214
-4.488609
3.769577
-2.478889
-0.420558
-2.371909
-2.921851
-2.542600
-1.497993
-3.016066
-2.928967
-3.111974
-3.013476
-6.976204
-3.490663
1.873694
-3.625475
-2.893638
-4.798730
-3.906893
-0.284444
1.977016
-1.023109
-5.448316
-5.432699
-1.382330
-8.322078
-4.785072
-4.708159
1.962184
-3.441721
-5.913871
-1.711950
-4.023787
-1.362348
-0.625291
-2.752076
-8.062243
-3.818339
-5.374339
-3.550548
-1.845396
-1.127308
-5.559506
-4.506054
-0.468544
-2.911017
-4.647440
-5.649330
-3.632716
-3.441287
-2.586676
-2.810652
-3.715915
-1.117344
-4.025144
3.807574
0.974772
-6.868085
0.862585
-8.295727
-4.881347
-0.195712
-7.088936
-3.409799
-4.760975
-2.871585
-4.880644
-4.845356
-4.456534
-5.742057
0.386331
-4.067203
-2.941321
-2.552284
-2.607284
-6.172848
-5.144518
-1.309103
-2.619566
-3.021194
1.967069
-3.787012
-4.023067
-2.353484
-3.595896
-3.282351
-3.330724
-4.504692
-6.724764
-6.390813
-1.533098
-5.708158
-0.318570
-5.872708
0.062218
-0.900274
-5.055683
-2.549973
-0.965872
-5.436878
-4.279914
-2.099205
-9.450858
-5.375708
1.868160
-1.838769
2.942733
-1.730166
-1.241179
-2.926820
0.689203
-4.309616
-5.877956
-6.095497
-3.584385
-1.952928
-2.738660
-7.808621
-8.807162
-4.710142
-0.262585
-3.028957
-1.166450
-5.159742
-3.962090
-4.322202
-4.806119
-7.182487
-5.053795
-1.320691
-4.115305
-2.283728
-4.728850
-4.276163
-1.123147
-4.311018
-3.966094
-3.307406
-5.098204
-4.597957
-6.547523
-0.900803
-3.665651
-0.521894
-6.754151
-4.639390
-5.004448
-2.363355
-6.665623
-4.794378
0.717556
-7.606663
-5.190899
-1.526580
-3.210364
-6.232806
-0.187501
-5.541786
-2.674088
-6.896380
-2.003957
-3.448292
-4.380951
-3.375857
-4.474910
-5.892148
-5.199925
-0.206976
-3.382990
-3.043438
-3.718344
-5.643250
-7.699978
-3.817916
0.767808
-3.176775
0.215117
-3.667851
0.064983
0.915546
-2.602463
1.955354
-0.397417
-3.593007
-2.912242
-1.815270
-6.822147
-5.568583
1.816233
-1.416675
-4.415067
-5.983825
-7.781564
-2.795609
-6.392049
-9.643763
-3.552288
-1.121364
-1.897164
-0.931351
-3.940711
-2.371325
-2.105763
-1.237376
-4.122577
-2.139278
-5.221259
-6.173001
-5.670759
-5.384093
-4.978719
0.064683
-2.554438
-2.977153
-3.021538
-7.842542
-1.869381
-3.996658
-0.753486
-7.368512
-3.997765
0.112866
3.812000
-2.056095
-2.478916
-3.038399
-6.642499
-1.983031
-3.739816
-1.286491
-3.211222
-4.302467
-4.386333
-8.244915
-2.593760
-1.523764
0.213616
-0.874577
-1.054079
-4.348863
-1.598783
-3.878008
-0.167995
-4.168839
-1.044172
-4.179413
-2.703164
-1.672756
-5.361408
-4.826492
-2.911205
1.520243
-1.566714
-5.421408
-3.130873
-3.362728
-5.448481
-6.274531
-6.658800
-4.302516
-3.651150
-2.931316
-6.739551
-3.275611
-3.589818
-3.966728
-6.077796
-4.745591
-5.972498
-1.551173
3.585122
1.692619
-3.334304
-1.827957
-4.259597
0.517130
-0.729031
-2.324317
-5.600421
-4.291048
-0.389164
-6.853704
-1.498682
-6.351856
-5.755416
-5.382826
-5.365571
-5.616212
-7.203448
-2.376593
-4.631688
-3.884575
-6.365800
-5.191856
-6.578223
-4.827904
-3.532046
-5.830468
3.483459
-5.394653
-1.837526
-1.115418
-1.123031
-5.684244
-1.423177
-1.240254
-3.103848
-2.906726
-2.004516
-1.425109
-5.818060
-4.501609
-0.898551
-0.077923
-1.707636
-3.394159
-8.846180
-5.366610
-0.115020
-4.189751
-1.635277
-4.230689
-6.751364
-2.148979
-2.485925
-4.734229
-2.247266
-4.807051
-1.148287
-2.693825
-5.716474
-5.382732
-5.421109
0.345570
0.764137
-5.215476
-4.675019
-4.983790
-4.444998
-5.763197
-7.874847
-5.475179
-6.649815
-0.638800
-6.059695
-3.824183
-4.219366
-6.465804
-1.690045
-3.919380
-3.705840
-3.194115
-0.211524
-6.323658
-1.107179
-1.691873
-2.382524
-1.684059
-4.991175
-3.232482
-3.453443
-3.741369
-0.586501
-6.531729
1.170606
-4.427965
-2.222720
-8.586127
-3.628320
-2.245020
-1.580461
-4.960711
0.601117
-4.413611
-1.487133
-2.462525
-2.635477
-3.435792
-2.057008
-4.354475
-0.110100
-4.572556
-0.501514
-2.292138
-1.185520
-2.209409
-2.018046
-3.689282
-6.285841
-2.371289
-1.236814
-0.093537
-7.478101
-2.070731
-2.800905
-5.737981
-3.379285
-5.449571
-5.068957
-2.051560
-4.654940
0.439628
-6.670948
-5.710997
-4.324168
-1.402105
-5.096370
-3.558500
-5.573400
-1.579359
-6.765766
1.394004
-4.476117
-2.523749
-3.592945
-4.807698
-2.799912
-3.528338
-1.064831
-0.685730
-7.070820
-2.402322
-4.204898
-3.216489
0.900338
-1.556659
-2.723305
-5.126132
-4.603747
-4.380493
0.469597
-5.333631
-2.254165
-0.921721
-0.503137
-5.093994
-1.772067
-5.059744
-1.762846
-7.602415
-2.174690
-3.351030
-5.114751
0.727586
-3.799139
-4.747653
-3.521450
-7.391323
-5.304194
-3.469494
-1.549106
-2.969736
-4.438906
-1.383760
-3.304009
-7.603663
-4.210543
-6.434381
-1.545865
-7.020261
-4.467098
-4.301311
0.409609
-1.620646
-2.614062
-4.380978
-5.384742
-5.865340
-5.186296
-0.168223
-3.857345
-1.339402
-2.680340
-3.254293
-2.062963
-2.189494
-6.396912
-4.849792
-3.333950
-3.229787
-3.448916
-3.530901
0.083943
-3.413132
-6.991223
0.533225
-2.540465
-4.385520
-1.873256
-9.615164
1.207206
-1.899287
-2.548589
-1.890409
-6.423759
-6.103505
-3.942774
-4.026949
-1.901409
-3.637002
-1.379152
-2.134794
-6.088334
-1.034611
-4.980131
-0.592433
-1.295578
-3.855864
-3.924398
-2.910113
-2.302489
0.088811
-3.781695
-4.769958
-4.483900
-3.932878
-1.288908
-3.442709
-3.181188
-4.950665
-5.521758
-3.800013
-3.902396
-4.720297
-5.533757
-2.521991
-1.654568
-2.767873
-5.491163
-2.868035
-5.341624
-6.231478
-3.106034
-2.405016
-4.425498
-4.494375
-3.209431
-4.780458
-1.796307
-3.011627
-0.685952
-1.001373
-3.765727
-4.099405
0.924117
-4.558052
-1.582110
-0.166543
-5.020918
-2.019870
-3.600186
-1.084899
-7.831421
-2.184772
-6.288584
-5.913608
-2.562240
0.272235
-4.046702
1.902632
-1.201363
-2.332521
-7.353096
-4.052189
-6.026841
-5.379982
-1.033880
-3.889446
-4.235999
-3.081377
-3.961823
-2.887824
-3.150229
-5.867790
0.536634
0.207766
-2.006203
-0.095957
-0.672300
-4.062440
-6.210311
-6.817281
-4.685209
-3.247190
-2.582056
0.798168
-1.677109
-7.450201
-3.741489
0.800453
0.508342
-4.565057
-8.917474
-2.513830
-2.174051
-2.790045
0.573505
-4.261044
-5.618516
-5.850022
-5.299582
-5.778292
-2.038683
-3.062403
-5.836877
-5.243024
-1.859681
-4.491295
-4.828126
-1.181533
0.127085
-1.881167
1.747987
-2.249365
-4.521821
-5.589146
-5.550783
-2.147984
-3.577951
-3.140239
-6.633551
-4.341332
-0.016039
-1.174067
-6.822440
-5.513344
-1.496694
-5.026738
1.510931
-3.216082
-7.839014
-1.713293
-4.431481
-0.588741
-2.351466
-2.225802
-4.595153
-1.970655
-0.660007
-6.826553
-3.428261
-3.579863
-2.311229
-3.283092
-6.259022
-1.847290
-2.409388
-5.447512
-1.968606
-8.096938
-2.156125
-2.046839
-0.534778
-3.473781
-2.285770
-5.758911
-2.403027
-3.545752
-2.734887
-5.535728
-1.180070
-0.326459
-4.367333
-4.145458
-4.229401
-5.222612
-1.430585
-2.894464
-5.436484
-4.206707
1.569471
-5.707156
-2.723596
-6.165674
-2.161238
-1.471067
-3.515972
-3.846720
-6.734732
-7.096857
-2.347922
-3.606765
-3.590455
-2.428363
-7.054615
-4.840791
-0.303958
-1.018227
-3.896522
-2.738909
-5.689822
-3.964009
-4.917545
-3.587214
-0.222738
-6.159720
-5.862842
-3.949564
-2.926228
-0.602449
-8.225339
-2.354133
-6.388931
-2.135471
-3.747616
-3.085300
-2.841048
-0.124760
-1.417846
-3.911032
-6.069712
-3.742421
-2.551191
-4.746286
-3.470217
0.000757
-1.501952
-3.288700
0.591172
-2.012406
-0.313075
-2.639309
-3.661242
-3.879906
-2.448639
-6.151987
-4.267348
-3.397779
-0.951072
-2.621644
-2.526845
-7.472008
-6.063869
-1.902403
-5.266957
-5.392916
-3.357827
-1.239604
-6.040614
-2.228947
-3.960867
-2.181684
-6.846757
-6.205399
-4.251455
1.379524
-3.575617
-0.909057
-5.676807
-2.366313
-4.487340
-3.405572
-6.554159
-6.659184
-2.368484
-3.152053
-1.360706
-0.617179
0.157203
-5.783592
-5.728839
-0.028486
-4.678924
-2.525391
-4.615378
-3.140353
-4.347723
-6.424534
-4.469717
-0.495503
-5.737056
-2.446483
-3.273418
-6.534413
-5.812551
-6.578414
-4.485043
-2.001325
-3.754539
0.653297
-1.506709
-6.657647
-5.770101
-5.876032
-3.158083
-3.169357
-0.772746
-4.384459
0.642160
0.166006
-4.592116
-7.800982
0.720188
-0.653748
-2.026542
-3.975990
-2.875894
-2.035601
-4.347399
-2.749845
-5.352659
-1.722716
-4.611551
-3.627473
-4.863607
-2.294356
-2.215002
0.016116
-4.042101
-2.540414
-5.703105
-1.388985
-0.932365
-3.420653
-4.792458
-3.363201
-2.437481
-3.804498
0.826157
-2.812099
-6.459104
-5.914926
-2.493522
-3.827613
-4.038613
-0.955642
-3.999159
-3.784611
-5.440624
-1.743198
-3.764789
-3.404921
-3.155149
-3.149598
1.179141
-3.697624
-2.957976
-8.151836
-1.348039
-2.776995
-6.824015
0.569067
-3.389323
-5.515440
-6.429255
-2.034296
0.359037
-2.925730
-3.629331
-5.843918
-8.648669
-2.399459
-3.920462
-3.872697
-1.864457
-0.152794
-6.713556
-0.541000
-3.773547
-0.957916
-5.528092
-3.161584
-2.163274
-2.083214
-2.236914
-1.985306
-5.435741
-8.104632
-2.305865
-3.532878
-6.040329
-0.995848
-5.360048
-4.316656
-6.197881
-6.646003
-6.515479
-4.070411
-1.700778
-3.419632
-4.257948
-1.994622
0.752862
-9.008622
-1.735316
1.508921
-1.446037
-0.585835
-0.721277
-4.759066
-6.389722
-5.406416
-8.344828
-5.520200
-3.463504
-0.848686
-3.115381
-4.363216
-3.173107
-3.783209
0.556234
-4.571465
1.254041
-5.657910
0.261405
-4.177284
-7.140947
-5.179975
-4.911026
-1.595201
-0.452333
-6.295197
-2.480698
-7.797394
-3.568478
-2.880402
-4.417364
-2.803884
-0.907335
-2.990829
0.458785
-2.978381
-3.559268
-3.011372
-1.409001
-7.181647
-5.163498
-0.878843
-1.992121
-1.001338
-0.982158
-4.431528
-2.579868
-4.243867
-1.158539
-0.886985
-1.856981
-3.518573
0.251850
-1.976911
-2.778367
-3.720368
-4.274960
-6.183401
-4.563943
-3.382437
-1.588578
1.614376
-0.886549
-3.600882
-4.248990
-2.776060
0.366708
-5.948391
-2.315176
0.397905
-10.920168
-4.178617
1.565211
-5.225641
-1.153089
-4.055658
-3.539943
-4.759587
-2.803247
-3.509274
-3.733223
-0.870327
-4.372391
-4.064630
-8.557932
-0.934256
-0.012953
-0.549797
-3.349936
-7.111501
-1.627919
-3.035797
-2.600710
-5.110971
-6.335034
1.135193
-4.991142
-0.221468
-4.365018
0.760821
-3.937883
-2.871736
-3.817908
-2.840050
-2.274767
-3.666611
-3.081146
-6.694311
-5.736508
-0.643717
-4.535370
-2.665079
-5.143247
-6.767695
-0.422293
-4.727962
-1.021184
-4.824825
-3.627061
-5.157353
-0.929879
-1.188112
-7.182406
-4.114481
-3.343653
-4.296399
-3.505106
-5.108347
-4.967230
-2.570397
-3.454696
-5.138252
-5.314961
-5.318631
-5.346557
-3.263395
-2.221062
4.741632
-0.204131
-3.593390
-0.698682
-2.743523
0.842795
-4.733532
-3.524018
-3.271633
-2.536745
-3.132899
-4.231205
-5.706841
1.822202
-6.307679
-1.967118
-2.154283
-4.075194
0.314206
1.949534
-2.583296
-4.573669
-4.665829
-0.946783
0.688927
-7.300192
-2.671557
-2.121841
-2.189363
0.945219
-2.355741
-5.063730
-5.493984
-1.519706
-1.788434
-5.193214
-4.834709
-4.690517
-0.088848
-6.760546
-3.853855
-7.287078
-2.598486
-5.744427
-5.373713
-4.803630
-1.224164
-2.321951
-3.751159
-3.064936
-6.662988
-6.144904
-0.781842
0.824116
-4.805019
0.874308
-0.538576
-2.451972
0.181483
-5.928986
-2.928584
-4.271036
2.150875
-1.317690
-2.390759
-3.867193
-4.687337
-6.749689
-5.964455
-2.028951
-0.971446
-9.164104
-3.764182
-3.117974
-2.184625
-5.706762
-0.395328
-4.937636
-5.400890
-4.164621
-1.818993
-4.246634
-4.328536
-4.980410
-2.512281
-5.230573
-7.429881
-4.102335
-7.787294
-1.118824
-2.597573
-1.395190
-6.308221
-3.142939
-1.151702
-2.989959
-6.669291
-1.791432
-1.801505
-0.719644
-3.043604
-2.473623
-1.780831
-3.991320
-1.698462
-0.562132
-2.039019
0.421814
0.054920
0.627890
-4.666687
-6.831165
-7.126337
-1.816184
-3.539536
-8.061737
-5.477757
-4.917206
-2.927148
-5.106164
-1.786717
-5.403478
-4.114538
-6.194921
-4.312762
-0.093079
-9.057486
-4.644421
-2.538630
0.578209
-4.960465
-2.126588
-4.099384
-5.420492
-3.104239
-3.471817
-1.370069
-5.004172
-4.877116
-0.867076
-2.785143
-0.103467
-7.812220
-0.516468
-5.739848
-5.581489
-2.947301
-6.063929
-3.994854
-2.687728
-3.081785
-5.400513
-5.014099
-7.212876
-3.218613
-2.793139
-4.840173
-9.054724
-4.675534
-4.809435
-1.757306
-3.975948
-0.870762
-3.960612
-4.872307
-8.032555
-3.860022
-4.332170
-4.132353
-3.661450
-6.474959
-2.425127
-6.501939
-6.767505
-1.699447
-3.925092
-0.692813
-5.521822
-0.844343
-1.189172
2.873581
-6.449384
-1.794069
-1.980246
-2.004882
-4.754081
-6.685646
-1.919630
-6.651414
-2.174878
-2.870366
-3.476042
-5.767963
-5.327428
-5.611951
-6.171387
-0.813686
-3.298141
-4.220465
-5.232545
-2.347274
-6.884112
-3.584561
-2.653100
-6.715861
-7.046954
-0.271118
0.793379
-5.904768
-4.700221
-3.315297
-2.090656
-1.115816
-0.448951
-6.137753
-3.516082
-5.103358
-3.807544
1.629203
-3.082575
-7.610140
-2.634387
-5.387171
-3.087025
-2.442069
-4.962725
0.369643
-6.455979
-1.901883
-1.452681
-3.612087
-4.442826
-0.561099
-4.470012
-1.295928
-2.773100
-5.059639
-8.150145
-6.127517
-4.014925
-3.669940
-4.710685
-0.415500
-4.586612
-2.270537
-1.556192
0.154352
-3.042967
-2.843061
-3.559671
-5.635257
-0.316378
1.090384
-7.263054
-3.763651
-0.729973
-4.113089
-2.503501
-6.597596
-3.575213
1.483675
-1.804685
-2.596855
-6.125283
-1.323721
-3.210367
-4.921532
-5.987126
-5.427876
-3.685668
-2.438140
-3.003611
-5.763062
-3.746755
-2.174893
-3.757533
-7.543475
-6.726920
-5.775956
-5.940007
-1.781571
-1.536182
-3.310586
-6.535809
-2.120734
-0.268671
-4.054007
-8.339348
-0.297554
-1.793561
-2.930147
-0.938802
-5.445935
-2.564629
-6.314285
-4.368135
-2.422554
0.712537
-5.230725
-5.878099
-1.242467
-1.261490
-4.235674
-3.167116
-3.280330
-3.518901
-4.828057
-5.198773
-1.739436
-1.629465
-1.205893
-0.919021
-4.346954
-3.269842
-0.012085
-3.408820
-4.169446
-4.260666
-4.376361
-1.257944
-6.620983
-1.389973
-3.092498
-0.924313
-5.160205
-4.135551
-3.707259
-4.445601
-5.132341
-4.175294
1.394809
-1.908709
-0.732248
-6.952629
-5.675786
-2.834245
-1.961160
-1.609110
-6.475546
-3.190656
-4.590267
-3.360971
-1.037870
-5.543653
-0.864522
-4.110453
-3.073370
-4.051467
-2.484551
-4.749895
-2.737921
-2.476139
-2.017581
-5.455109
-2.950319
-6.053485
-3.086030
-9.873027
-1.921829
-3.546210
-2.206878
-5.645308
-1.644531
-1.027757
-1.251132
-2.384168
-1.073291
-7.199526
1.791935
-0.379929
-3.881673
-6.319148
-1.851651
-7.339767
-2.182630
-6.211267
-4.836161
-3.442657
-3.602414
-0.336702
-3.566765
-3.298752
-5.548874
-0.247028
-1.847683
-6.670897
-5.163120
-4.634802
-6.652086
-5.565046
-1.985548
-5.072094
-0.770040
-5.459863
1.479281
-5.008614
-4.169530
-1.848284
-7.059568
-5.064237
-2.626283
-1.719302
-2.920420
-6.902939
-2.245570
-6.162857
-2.409524
-4.627972
-6.511420
-1.453966
-5.044647
-3.482649
-1.522599
-1.931673
-0.197150
-2.727584
-4.821052
-2.769580
-5.553048
-3.517581
-4.817773
0.109449
-2.734808
-2.367340
-3.319755
2.321671
-3.827947
-6.609222
-0.904643
-3.009439
0.194864
-3.783866
-6.509381
-3.438233
0.255869
-1.564993
-2.846820
-6.766229
-6.508973
-2.428927
-1.912998
-5.532301
-6.305431
2.415605
-4.212117
-0.109286
-2.866909
-4.521069
-5.612137
-6.663696
-3.169097
-2.683870
-4.282992
-2.709755
1.269539
-6.485693
-4.980805
-0.867366
-8.138111
-0.980379
-2.839766
-2.696444
-4.891357
1.005202
-3.720210
0.231835
-2.742671
-5.349274
-5.068172
-1.750802
-2.678184
-2.293782
-2.651522
-6.277405
-2.980369
-4.224457
-0.488031
-1.899554
-3.733622
-3.370794
-4.134375
-4.632910
-2.811474
-4.283544
-6.345096
-1.833200
-5.201845
-3.324604
-2.112467
-1.031181
2.542758
-2.959832
-4.602295
-0.396552
-2.166476
0.034919
1.809679
-5.643474
-3.881673
-5.961407
-3.529742
-4.710537
-2.065979
-2.931061
0.772327
-4.088474
-8.994413
-5.092087
-3.523293
-4.320038
-2.720743
-5.409058
-1.319579
-2.646298
-3.226020
-1.602809
-6.729646
-5.741770
-6.449718
-6.017951
-0.344637
-1.852222
-1.104340
-1.543728
-4.631425
-2.754645
-2.030006
-2.079746
-2.628384
-1.990992
-6.910697
-4.180948
-5.383489
-6.688838
-4.364319
-5.223849
-0.955503
-3.790965
-4.384249
-5.737398
-6.430991
-7.827723
-3.786478
-5.841040
-3.245644
-6.379124
-2.855644
-4.446396
-2.060122
-3.258159
1.571920
0.564035
-3.622890
-4.416613
-3.027872
-3.012926
-0.864697
-2.154508
-3.184058
-5.170133
-1.276388
-1.386243
-3.761713
1.600467
-4.347637
-3.013093
-1.609863
-4.355349
-4.835014
-4.360571
-4.203264
-5.008760
-6.681589
-1.413462
-2.226212
-2.572486
-0.640061
-1.833865
-2.482624
-3.220991
-6.955542
-2.968794
-3.540874
-1.082342
-5.931807
-0.934460
-1.169739
-2.737144
-4.906655
-5.098251
-2.629298
-3.887572
-3.684947
-5.764959
-4.407190
-2.711820
-8.559015
-3.812194
-2.481789
-0.774310
-5.977736
-0.093986
-0.335737
-2.228477
-4.583456
0.360503
-0.968991
-5.725636
-7.829766
-2.121532
-3.654196
-4.896671
-2.560966
-8.331024
-3.886449
-8.667947
-0.972873
-5.565261
-6.366152
-3.007031
-3.458903
-2.090856
-2.290590
-2.429836
-2.378894
1.552095
-3.438657
-3.872581
-7.779663
-9.453015
0.455141
-7.560651
-0.348589
-0.274590
-7.180267
-0.856770
-7.273740
-5.762587
-3.025044
-1.115355
-4.478879
-7.535029
1.798070
-5.411033
-1.316059
-2.659744
-1.051401
-3.327501
-8.266790
-5.292442
-3.232980
-1.314337
-0.963307
-4.054574
-2.263236
0.189372
-4.105406
-3.151914
-4.336430
-1.445171
-2.109794
-3.348570
-2.687164
-3.207951
-2.786233
-4.016087
-2.160558
-5.651744
0.307568
-2.993577
-6.279490
-4.274016
-3.189691
-8.086502
-9.128529
0.523527
-1.915907
-1.953967
-6.383835
1.699019
-2.734600
-1.666086
-2.007715
-3.749215
-0.148557
-2.590170
-5.176264
-4.971160
1.364921
-4.756907
-4.520085
-4.609156
-5.593070
-5.011951
-0.449779
-3.179153
-2.159535
-3.325288
-0.593082
-0.793486
-3.180172
-6.792516
-5.117787
-2.609514
-2.206573
-4.401311
-5.706892
0.838516
-0.241009
-0.584591
-3.642792
-1.830970
-2.403121
-2.868987
-4.404252
-5.703771
-2.970956
-3.309124
-4.079388
-3.325628
-1.905226
-2.629530
-3.040642
-2.732656
0.475361
-0.835652
-10.130146
-0.962313
-0.974770
-2.966771
-3.694510
-2.393303
-4.062775
-1.642148
-3.677923
-0.181818
-4.685232
-2.306282
-1.688700
0.120582
7.794891
-7.980090
-6.092598
-3.523093
-6.295133
-1.827963
-7.279421
-1.129462
-5.986103
-3.573868
-2.437470
-5.045348
-3.782121
-7.168759
-3.670312
-7.008968
-3.992261
-4.317817
-4.281394
-0.862498
1.220296
-6.498520
-6.914286
-7.027068
-3.414433
-0.605268
-2.985763
-4.375290
-2.371820
-0.640792
-3.501537
-6.305921
1.845770
-1.671306
-1.619049
-1.679265
0.872617
-4.185564
-4.484890
-3.040930
-2.517319
-3.499312
-0.876075
-3.137486
-3.153386
-4.755829
-4.599663
-2.103437
-2.678026
-2.447374
-5.124250
-6.251278
-4.223484
-5.943423
-1.768428
-2.586474
-3.873590
-5.103285
-7.525928
-5.544205
-0.589043
-4.087282
-4.210184
2.711403
-5.031768
-3.761256
-3.696018
-5.848167
-0.918729
-5.692500
-9.392714
-4.311286
-2.176350
-6.100752
-5.899672
-5.996540
-5.863987
-6.332205
-0.131123
0.287056
-3.690310
-5.097361
-2.635997
-0.905819
-2.693678
-0.700757
0.241261
-0.039114
-6.395257
-1.729051
-4.335873
-6.224847
-2.291646
-7.357696
-7.880508
-4.442763
-2.932882
-6.585288
-2.677060
-3.527266
-4.008611
-1.686654
-6.126860
-2.333226
-3.459021
-6.056626
-1.206222
-0.872931
-2.370204
-0.968080
-2.581019
-1.380551
-0.046225
-6.259377
-1.058917
-4.908935
-4.543807
0.334386
-8.894933
-4.059560
-3.504598
-2.995126
-0.421087
-3.743203
-2.846457
-0.033344
-4.300562
-0.332761
-0.836651
-0.392798
-2.534217
-3.662962
-2.974916
-1.007687
-2.949328
-3.610784
-2.385248
-3.720982
-4.812876
-1.127300
-1.218580
-3.593744
-0.882335
-4.669429
-5.469073
-6.565052
-6.492313
-1.641817
-0.700796
-3.119796
-1.329775
-3.459836
-4.671628
-2.421265
-9.130050
-3.438064
-4.861736
-2.271533
-3.588397
-2.119333
-3.417279
-4.275879
-0.929133
-2.435133
-1.739784
-3.674024
-2.816828
-3.607543
-3.804562
-5.580424
-2.138047
-5.753312
-1.896968
-6.727887
-3.688040
-1.400562
-2.924981
-0.416429
-9.116007
-2.389570
-11.090221
-1.601727
-0.282307
0.591842
-7.958744
-4.465179
-5.057409
-5.289351
-2.006777
-2.394674
-2.715092
-2.865461
-4.095953
-6.484909
-7.998250
-2.332050
-4.388662
-1.427694
-1.443707
-7.421348
-2.160437
-2.179507
-2.079219
-1.829502
-4.003596
0.331535
-3.415823
-1.453734
-0.989326
-0.995332
-2.854410
-1.735232
1.266679
-3.297067
-0.013146
-3.310208
-2.771138
-0.761024
-4.448840
-5.330822
-5.642963
-4.290886
-7.423733
-3.929239
0.050758
-0.664532
-0.654541
-4.013906
-2.755733
-3.140038
-4.003394
-5.038363
-3.882342
-3.870540
-1.221709
-4.212003
-1.611283
-4.074129
-6.201123
-5.762558
-4.119939
-3.451760
-4.098922
-1.853869
-2.054451
-7.830519
-6.675185
-3.963099
-5.641162
-3.062283
-3.895774
-0.778656
-1.873709
-6.340198
-0.077081
-2.634318
-4.460510
-0.680671
-1.475056
-4.590904
-4.823511
-2.643745
-4.719568
-1.418044
-0.811097
-3.640416
-8.325544
0.337611
-1.510221
-3.646304
-2.618319
-2.096601
-3.300761
-5.250582
-4.238902
-4.762705
-6.225736
-3.075795
-6.135749
-1.881183
-1.892999
-1.616163
-4.492064
-2.454036
-2.901936
-4.461075
-4.230081
-2.330800
-4.589905
2.653901
-6.162228
-0.918454
-2.722996
-4.782347
-2.779490
-2.248725
-3.059133
-1.582425
-0.596987
-1.169684
-0.982225
0.151485
-3.429489
-4.289970
-2.735883
-5.381181
-4.653749
-5.849802
-0.022428
-7.264001
-5.312482
-3.424681
-2.343624
-8.564444
-9.226525
-1.600659
-2.176017
-3.401540
-5.210164
-4.046323
-0.179270
-2.315792
-3.551171
-5.576014
-1.648888
-1.661400
-5.187621
-0.922099
-4.989968
-6.294521
2.099890
-2.787595
-5.086757
-5.724381
-0.239169
-0.938216
-0.785926
-2.092723
-3.291491
0.373720
-2.695998
-2.691245
-0.113108
-6.728363
-4.682857
-3.410984
-3.379164
-5.333298
-4.407115
-7.060415
-4.439600
-8.542763
-2.339668
0.225673
2.152292
-1.434438
-3.636859
-4.466866
-0.618271
-3.471143
-4.501803
-5.786888
-7.943315
-2.234264
-3.294512
-0.010695
-6.968997
0.170990
-9.130672
-4.673315
-3.161271
-2.120969
-3.572640
-2.234717
-3.619390
-2.508274
-3.068232
-4.817896
-2.423074
-5.660154
0.586259
-3.182153
-5.690316
-2.279297
-4.438004
-2.353629
-0.728648
-4.738642
-3.206112
-2.680212
-3.547698
-5.448594
0.576965
-4.742266
-0.766907
-3.237644
-1.936825
-0.614991
1.594479
-3.590891
-5.094096
-3.171748
-3.447044
-4.222737
-3.735216
-5.912791
-1.277958
-2.475245
-3.234056
-1.566566
-2.368347
-2.792610
0.797686
-2.550505
-3.953187
-4.682649
-3.190521
-4.799541
-4.986619
-4.908915
-4.647588
-6.736983
-0.843163
-0.179615
-2.158947
-2.088096
-2.493574
-2.067543
-3.918882
-2.872846
-2.722875
-2.628910
-6.346726
-3.388149
-3.186019
1.912291
-1.059463
-4.250489
-3.468285
-4.306547
-3.764993
-3.573098
-3.829423
-2.464866
-6.177577
-4.432613
-2.560289
-3.789419
-5.006990
-0.452053
-2.630808
-2.390945
-1.419901
-6.692521
-4.109396
-3.460837
-4.671583
-5.341059
-0.805801
-4.992847
-1.412304
-0.111887
-4.360902
-1.628144
-4.500643
-4.294362
-4.695176
0.615853
-2.944730
-7.033787
-4.291360
-1.109045
-7.550027
-0.084010
-6.450957
0.892298
1.820118
-1.446947
-4.842208
-1.693884
-1.900291
-7.752514
-2.677622
-2.658934
-6.118078
-2.493916
-5.231946
-4.305789
-6.492223
-1.949594
-2.438135
-5.592320
0.444441
-0.318688
-2.933802
-2.654752
-6.036880
-2.929771
-3.311346
-4.711071
-1.377627
-0.039581
-1.155959
-1.992666
-1.622098
-5.742750
-1.905137
-4.537909
-2.973849
-0.718178
-3.377101
-2.009356
-3.147314
-4.308881
-5.521059
-5.023786
-1.402925
-1.080731
-2.481214
-2.651967
-1.374043
-5.206095
0.690879
-3.719529
-6.553613
-0.841383
-4.043615
-2.721754
-5.022173
-3.556593
-2.308553
-0.361023
-4.819745
-1.429378
-4.703750
-0.872558
-2.962766
-4.006719
-3.703820
-3.930671
0.236847
-3.660343
-5.971002
-2.529378
-6.734177
-2.046008
-2.873039
-5.973055
-1.919080
-2.653644
-2.933241
-1.048266
-3.117904
-6.148605
-4.970699
1.107508
0.236651
-4.010312
-3.564079
-5.445355
2.749983
-7.231017
-0.549262
-3.020200
-3.407722
-2.174620
-3.609265
-6.040020
-7.627161
-1.332855
-5.848118
-1.941845
-6.268466
-6.934937
-5.381656
-5.586952
-5.785551
2.430436
-2.879306
-5.713579
-1.643188
-5.810796
-4.262412
-5.931170
-7.089053
-5.163784
-3.997726
-4.692600
-3.926582
-5.286349
0.909304
-6.391471
1.655236
-3.523049
-3.457082
-2.563488
-1.923105
-4.183911
-4.351705
-5.776152
-3.626955
-6.340784
-4.306771
-3.436859
-0.092763
-3.558622
0.970623
-4.111681
-1.598982
-4.394833
-5.082952
-4.939660
-7.244645
-0.356633
-4.300896
-0.903390
-3.829068
-4.576676
-0.985368
-3.957521
-1.755052
-0.785912
-1.640943
-1.824383
-2.711620
-3.323417
-3.723266
0.783993
-2.589387
-6.671058
-7.036410
0.028647
-1.962156
-3.241116
0.723000
-0.257523
-0.280873
-4.400304
-4.400805
-4.095013
-2.333511
-3.281966
-3.568202
-4.902104
-3.275248
-2.497701
-4.147487
-2.902061
0.233046
-4.141740
-4.610442
-7.339212
-2.912134
-5.569742
-2.032082
-2.460680
-2.910467
-0.341962
-3.891020
-1.951275
-2.464119
-1.061242
-1.028712
-4.037145
-4.116708
-2.370626
-5.605970
-3.560520
-3.055137
-2.886256
-5.968747
-0.687065
1.806730
-2.931417
-4.388420
-4.543981
1.388598
-3.573630
0.014851
-5.869458
-5.364038
-4.612957
-3.134884
-4.727110
-6.291300
-7.795989
-3.850380
-1.330421
-4.061784
-4.649813
-1.388204
-2.893597
-5.207163
-2.847123
-3.278096
-4.440235
-4.511920
-1.587999
0.606014
0.872337
-0.843961
-3.017455
1.324510
-3.768667
-1.859394
0.389648
0.537225
-3.236103
-5.299914
-3.545661
-4.846394
-4.024804
0.036786
-2.918518
1.202823
-1.186254
-4.859882
-8.386032
-6.124837
-3.556296
-4.827838
-1.424666
-3.933069
-4.122688
-2.726508
-0.433899
-4.124188
-3.898710
-2.104446
-1.213300
-4.181627
-1.334639
-9.318970
-3.315228
-8.412483
0.147797
-3.968732
-4.591783
-3.695670
-0.810097
-0.443893
-2.606284
-3.732490
-3.540578
-4.131806
-3.367997
-2.380272
-5.245111
-3.822626
-1.368989
-3.262269
-3.346990
-5.867601
-3.149142
-2.717420
-4.143414
-6.017977
-0.637296
-1.200269
-9.013079
-3.246254
-3.685374
-3.885056
-2.613284
-10.376644
-1.424435
-4.459797
-7.644672
-2.585983
-3.468377
-4.750289
-5.269675
-3.489968
-4.472136
-3.107198
-5.956420
-4.388727
-4.000149
-3.161868
-0.362996
-5.817810
-4.934937
-2.170784
-1.873922
-6.958017
-3.205163
-5.230964
-5.054630
-7.479033
-0.947693
-2.011240
-4.262280
-1.334893
-3.011281
-1.876065
-2.000251
-4.301583
-2.902734
-3.431057
-4.168759
-3.680209
-4.446245
-6.348891
-6.776338
-4.177938
-2.933468
-1.269971
-1.757201
-5.141453
-3.084825
-6.400081
-5.244853
-3.200889
-2.748367
-5.144983
-3.749620
-1.645572
0.323609
-5.054460
-2.239648
-6.841903
-5.089680
-3.393393
-0.828705
-2.682624
-1.921340
-0.773680
-5.969344
-0.895566
-2.517263
-4.991177
-6.460721
2.352210
-5.914672
-7.784593
-2.003088
-4.511784
-1.284503
0.182441
-2.003670
-3.978180
-2.036365
-3.419396
-9.917980
0.011594
-1.645693
-2.490289
-2.020109
-5.219232
-4.045222
-4.616453
-2.507864
-1.909872
2.061788
-2.790304
-2.906286
-1.605326
-5.793808
-3.121904
-5.068048
-5.252064
-2.460543
-5.076755
-6.525117
-3.816156
-4.392694
3.794564
-3.772533
-3.953168
-1.545619
-2.006967
1.384269
-2.502580
-2.892390
-4.586667
2.764039
-2.763988
-5.100812
-1.601455
-1.390129
-3.518064
-5.913190
-2.653706
-3.640254
-0.855110
-4.810967
-1.444644
-2.800768
1.595760
0.719430
-4.421036
-0.752451
0.705646
-5.772101
-4.213932
-4.178296
-4.434566
-4.026377
-3.521028
-5.849675
-4.431741
-1.561387
-5.291800
-4.924228
-0.323751
-1.124984
-4.106741
0.478262
-1.755951
-2.559887
-4.871905
-3.488743
-5.092857
-3.508935
-5.571689
-0.643031
-3.983778
-4.049511
-3.061654
-3.360466
-4.558458
2.147454
-4.657827
3.069839
-2.689249
-5.412393
-2.758534
-6.843791
-6.835642
-3.823905
-5.226443
-4.302702
-5.121810
-4.776381
-5.734474
-7.272088
-3.713176
-2.676157
-5.547026
-6.413998
-4.529796
-2.444061
-2.609531
-4.731692
-0.617051
-0.657779
-2.064559
-2.384783
-2.889375
-4.322406
1.107508
-3.107903
0.624111
-3.133114
-2.387350
-2.587003
-1.197971
-3.020427
-6.654461
1.656196
-1.984800
-2.204419
-0.864192
-2.411863
-3.616688
-3.306170
-7.507715
-4.405999
-4.319401
-2.278178
-1.913756
-3.106880
-5.934505
-5.549897
-3.103072
-0.347257
2.280743
-3.950592
-2.948184
-1.645002
-2.159636
-0.676038
-4.336364
-4.920430
-1.759207
0.272465
-0.872531
-6.152079
-4.568402
-3.850169
-1.013308
-1.842260
-1.696441
-1.440455
-2.465901
-2.063224
-1.956408
-4.269294
-4.280806
-4.389780
-2.250742
-3.218416
-4.352682
-2.497404
-4.835695
-3.910097
-5.152803
-0.716895
-2.382215
-2.049307
-2.520541
-1.650616
-3.533108
-4.047977
1.553680
-5.395865
-2.393863
-3.568084
-2.554966
0.120916
-7.385209
-6.095447
-1.963303
-3.286308
-5.513754
-1.987913
-4.604881
-2.226703
-2.366481
-6.698183
-2.214104
-0.654738
-3.390759
-1.371152
-4.961298
-1.773200
0.769956
1.228747
-0.813715
-3.164746
-7.203725
-1.470739
-6.142423
-6.260036
-6.445024
-6.482738
-1.544147
-2.363898
-5.847741
-3.464648
0.162056
-7.633695
1.273583
0.364694
-1.135535
0.268970
-2.479206
0.758204
-6.164042
-1.618578
-2.944508
-5.105291
-3.716338
-1.653016
-4.360929
-5.989553
-4.293194
-2.454244
1.334191
-6.251137
-2.177596
-10.674758
-0.211483
-3.743406
-1.028473
-4.109293
-8.535371
-7.625813
-3.039815
-4.448291
-7.179013
-1.218273
-5.527579
-4.567787
-1.812780
-3.152149
-1.604508
-4.830183
-3.394679
-4.874876
-0.932234
-1.895998
-2.588015
-3.253726
-1.451875
-2.795092
-2.031005
-1.073011
-2.779514
-3.479284
-4.744402
0.063123
-6.256994
-5.355706
-2.377122
0.594463
-3.414424
-0.158673
-4.279742
-1.510314
-1.073816
-5.156319
0.042717
-3.216147
-2.120401
-4.508078
-5.431806
-1.330819
-2.290332
-6.903513
-4.106471
-4.026296
-0.272886
-2.899932
-2.521574
-4.406504
-5.060253
0.432081
-3.081841
-2.131717
-4.413756
-1.644183
-2.507392
-2.010124
-3.512842
-4.550066
-4.188154
-2.176839
-4.303069
-1.569035
-5.284860
-4.113840
-5.430496
-1.334934
-0.976970
0.347785
-7.202219
-3.396893
-0.998956
-6.929412
-2.934690
-5.444875
-7.070290
-0.971217
0.481339
-2.095453
-3.220811
-1.049232
-1.719562
-5.754250
-3.403658
-0.689557
-4.814106
0.910721
-4.416036
-1.009534
-0.314494
-2.712682
-2.676547
-1.282579
-3.769164
-3.338888
-6.081639
0.260943
-4.781226
-4.185241
-0.713961
-8.151704
-2.405382
-2.549210
-3.435663
-2.915060
-2.141668
-0.441255
-2.858693
-3.243319
-4.594262
-2.255047
-3.522047
-8.487160
-4.072361
-6.074126
-1.703717
-3.221032
-2.798460
-0.841710
-5.319410
-4.420815
-2.692100
-3.912796
0.904955
-2.859727
-5.878100
0.868513
-2.329534
-4.880565
0.450861
-6.986327
-1.822377
-1.469617
-8.277880
-4.137328
-4.696885
-9.080022
-5.058427
-3.638971
-1.866446
-3.188890
-2.759488
-1.443103
-4.114921
-2.146809
-5.745782
-2.918131
0.400870
-3.880497
-2.128305
-5.448389
-3.130579
-5.472571
-7.151357
-2.233488
-3.829234
-3.274428
-4.396561
-2.676441
-5.751665
-7.302311
-2.155908
-1.569704
-7.736172
-0.833890
-2.859818
0.833316
-1.132833
-3.720560
0.323676
-1.581373
-2.027109
-5.322224
-5.244570
-4.300590
-4.294113
-5.037251
-4.558803
-4.066241
-0.975586
-2.223405
-5.378302
-2.621565
-1.394939
-2.388902
-4.711462
-0.703577
-2.744428
-3.015353
-6.988293
-1.763453
1.583223
-8.358111
-3.610372
-5.297508
-0.840732
-2.320769
-0.667427
-6.447889
-2.332518
-7.658633
-4.524032
0.739869
-2.263763
-4.648635
-0.735333
-4.611910
-4.010377
-0.660875
-4.006660
-4.644693
-0.776152
-3.761727
-1.796184
-2.482499
-5.696604
-2.897358
-0.439725
-3.080464
-1.848948
-1.242184
-2.802156
-1.505202
0.127118
-2.958045
-2.983468
-3.577575
-4.078451
-3.460954
0.960328
-3.054145
-2.248388
-5.189881
-4.098464
-8.202692
3.023629
-2.604723
-2.657158
-5.808317
-4.172240
1.895203
-0.359228
1.864519
-5.813647
-1.339901
-0.415669
-4.102794
-2.278310
-4.289771
-1.190277
-2.378227
-3.759229
-3.157795
1.391252
-1.380763
-6.319930
-3.898814
0.181056
-2.186052
-2.792478
-6.773192
-2.900252
-4.535019
-2.483668
-4.908668
1.314502
-3.399284
-4.110293
-2.992846
-1.455450
-3.440180
-1.664455
-7.442256
-0.846763
-3.528292
-4.928493
-6.284843
-4.650237
-2.507719
-4.537248
-6.043272
-8.098236
-4.184162
-0.578490
-9.126203
1.364053
-4.858107
-2.776887
1.937680
-2.616415
-1.639764
-4.814592
-1.238122
-4.262346
-2.198264
-4.410545
-5.866469
-1.994217
-0.378063
-0.872370
2.051497
-5.335315
-9.112839
-5.135412
-5.366507
0.908364
-0.536822
-4.274728
-2.634780
-4.725005
-6.048909
-5.141398
-3.015346
-4.357306
-5.765081
-9.000773
-0.333086
1.159660
-7.242418
-2.952700
-1.988659
-1.624886
-0.060956
0.150772
-1.657939
-4.132926
-5.899498
-1.283866
0.049050
0.653993
-6.187613
0.263570
-1.748710
-1.697746
-1.790996
-1.688773
-3.338588
-0.222711
-3.148733
-5.008257
-4.587687
-1.151530
-1.519654
-5.543002
-4.054524
-4.474306
-2.433220
-3.894668
-4.553392
-4.643067
-2.874445
-3.473676
-2.323724
1.513331
-4.485106
-5.255351
-2.872502
0.915111
-0.176608
-0.755694
-3.581444
-1.404604
-5.104602
-1.777964
-4.738095
-4.429423
-0.560251
-0.946766
-4.844019
-1.142799
-1.255146
-7.010516
-4.437442
-3.564374
-0.480654
-5.967186
-2.463278
-3.363642
-2.865008
-4.341099
1.658722
-2.712869
-0.878220
-1.305745
-0.859325
-3.832512
-0.416126
-6.274313
-0.847985
-3.558158
-2.786074
-3.882878
-2.636062
-4.185004
-0.601466
-9.228344
-0.449327
-3.957760
-0.023386
-2.881156
-1.136436
-9.362380
-5.801697
-2.068051
-4.839648
-4.779244
1.700271
-3.905721
-4.059780
-1.587267
-0.732080
-7.069444
-3.851744
0.906689
-1.940988
-1.710344
-2.716569
-2.356165
-3.179787
-4.671422
-3.464026
-7.667447
-1.535591
-3.195934
-6.313064
-5.758860
-7.823337
-2.326283
-2.165346
-0.855758
-4.840158
-4.350496
-2.395224
-4.113383
-2.135506
-0.572211
-6.622501
-2.470071
-0.271564
-4.497038
-10.316854
-6.513328
-3.337880
-3.571591
-1.948169
-6.346577
-3.483692
0.097937
-5.311807
1.964700
-3.434001
-0.950679
1.030457
0.526184
-3.699683
2.242194
1.681009
-5.275351
-1.356838
-2.893706
-1.668374
-2.184626
-2.970185
-2.048973
-2.260878
0.636487
1.183761
-4.720400
-2.465269
-2.465843
2.520983
-3.677302
-3.535796
-4.883168
-2.472848
-4.432396
-1.783498
-5.726747
1.803757
-1.881374
-3.787775
-2.160470
-6.505095
1.242827
-1.494364
-3.000743
-2.411427
-3.522667
-2.216559
-4.217310
-6.854697
-1.196743
-2.416749
-1.381557
0.014022
-2.652142
-1.948450
-5.067686
-0.913410
-4.396797
-0.893744
-5.683321
-4.213461
-4.954785
-1.957520
-5.094353
-1.933768
-4.335792
2.441700
-4.544299
-4.343866
-6.298831
-3.943227
-2.730248
-1.662932
-2.049545
-3.895610
-3.418548
-6.427726
-1.790410
-3.977239
-1.190924
-1.795905
-5.603730
-4.485081
-0.167992
-5.295191
-4.799455
-5.236880
1.098327
-3.362955
-9.961556
0.754919
-2.336110
-2.797776
-1.576280
-4.794024
0.008394
-0.034981
-4.574830
-9.415486
-0.390961
0.050735
-2.403883
-4.426007
-6.857148
-1.768683
-0.567960
-4.510041
-5.159234
-3.284928
-1.052274
-6.732964
-1.268127
-3.580141
-2.645525
-0.848488
-4.344872
-3.623389
-5.248780
-3.468295
-2.053562
0.696977
-7.969076
-1.756058
-4.538041
-2.572398
-3.819670
-4.115586
-4.514983
-1.227839
-2.092439
-4.155479
-0.622648
-2.185865
-1.464202
-3.283020
-8.685718
-2.326785
-0.716241
-2.484590
-2.851955
-4.626145
-1.786662
-1.693255
-4.032642
-2.431319
-6.192657
-3.744485
-4.946916
-3.652670
-1.677358
3.894080
-2.642905
-2.337432
-4.466865
-2.257452
-2.864463
-0.406339
4.166624
-1.357372
-3.102040
-2.927221
0.656493
-1.919808
-2.510347
-5.636651
-0.952749
-2.170498
0.216503
-8.234284
-7.299365
-0.331618
0.153320
-4.120377
-6.302956
-4.955114
-0.869449
-4.205221
-3.524867
-1.069092
-4.842014
-7.730494
-3.405612
-1.588735
-3.090968
-5.623151
-0.593393
-2.015239
-3.559119
-4.304683
-1.212601
-2.709975
-5.781452
-3.981421
-2.607641
-4.378370
-0.835459
-6.346671
-2.382381
-2.333426
-2.193933
-4.431334
-3.160922
-4.016451
-1.407412
-6.256900
-5.514067
-3.123273
-3.175674
-1.096891
-5.354029
-3.530769
-3.210331
-0.972439
0.121247
-0.424515
-3.289639
-2.141011
-4.290608
-3.788630
-3.866875
-4.252282
-2.451641
-0.265612
-2.555313
-3.740386
-3.638212
-5.941597
-3.657806
1.254121
-5.302098
-1.144423
-3.378180
-0.657384
-3.064862
-3.500888
-2.491120
-3.102862
-3.619051
-2.771612
-0.541703
-5.777112
-4.370616
-5.898462
-3.480317
-4.403900
-4.127718
-5.499763
-5.362079
-0.130824
-1.787114
-2.635462
-4.197409
0.608473
-0.984884
-3.992037
-1.069945
-1.550400
-1.220161
-6.450954
-5.307750
-1.222808
-2.587753
-2.558015
-0.364975
-0.150302
-1.523906
-0.283400
0.386750
0.323565
-5.004400
-4.773074
-2.216038
-5.539731
-4.065918
-3.081431
-5.700982
-2.651023
-0.655941
-4.944670
-0.011222
-2.869885
-7.616932
-3.736645
1.000105
-1.496436
-4.173759
-2.279955
-4.045986
-0.769270
0.405140
-2.817906
-3.045415
-3.856616
-5.564202
-5.170325
-3.042354
-3.130089
-4.471042
-5.512221
1.225011
-4.980721
-5.819882
-4.600651
1.932364
-3.429203
-2.250902
-1.328164
-1.871947
-3.929091
-2.942583
-3.326527
-4.920364
-3.658694
-2.994762
1.413888
-6.489035
-1.130499
-4.208618
-3.023369
1.115842
-4.678446
-6.552455
-4.660874
-3.298973
-6.719031
-7.585042
-2.839276
-7.855300
-3.447304
-8.791021
-2.926984
-3.382662
-3.314036
-2.800061
-3.290183
-0.894466
1.645415
-3.572985
-3.693302
-8.741179
-3.517023
-2.672286
-2.481577
-1.625882
-4.125629
-5.387512
-5.145495
-2.880795
-2.752027
-3.845673
2.685005
-1.668638
-3.599625
-0.310914
-2.070471
-1.960598
-1.733262
-2.589478
-0.804502
-4.519331
0.091398
-2.238714
-4.869726
-2.010438
-3.755039
-7.167536
-1.408322
-2.949201
-4.549407
-3.585941
-2.615547
-8.185781
-5.014202
-3.950747
-4.007420
-2.175893
-4.443293
-3.118969
-5.272373
0.295119
-5.550482
-4.304256
-2.587995
-2.097257
-2.764320
-5.556748
-3.395138
-1.588573
-4.627189
-3.095991
-1.790165
-1.701719
-0.346481
-5.732175
-6.061899
-2.449181
-4.596788
-4.240444
-0.907609
-4.074698
-1.346888
-0.898890
-1.143744
-3.446115
-4.591657
-2.372674
-0.338715
-3.778356
-5.076973
-0.891023
-4.081489
-4.126198
-2.970252
-3.276222
-2.885878
-5.792467
-7.053515
-5.953060
-2.991465
-2.041417
-1.040244
-6.008578
-1.115633
-3.279682
-3.893920
0.452056
-2.357110
-2.632669
-2.911647
-1.872616
-3.033570
-2.517820
0.345142
-5.219360
-1.108582
1.481171
-6.298041
-0.902583
-2.594609
-3.232264
-0.834279
-1.682341
-3.616880
1.901723
-6.176921
-4.822296
-4.450066
-6.515069
-3.099635
-1.914587
0.254697
-5.761067
-5.826889
-3.788919
0.407633
-1.041067
-2.322998
-2.852111
-1.571167
-5.032936
-0.288790
-4.771214
-3.409654
-2.349699
-5.419605
-3.535568
-5.470697
-2.936384
-3.387045
-0.987066
-2.985235
-2.818510
-2.377554
-1.301017
-2.333781
-5.187870
-3.430939
-5.907629
-3.672847
-3.311801
-3.013021
-1.910036
-5.248913
-3.233943
-1.527049
0.223943
-5.936025
-0.543896
-1.169339
-3.176773
0.277582
0.712474
-1.968464
-4.461314
-2.060179
-4.782887
-3.471391
-4.004605
-4.617143
-0.216727
-0.127374
-3.100571
-7.227742
-2.191837
-4.105884
1.244685
-5.548956
-5.631460
-2.143535
-6.070556
-4.919792
-2.988478
-5.804605
-1.401630
-5.707833
-0.008901
-2.370298
-2.772069
-2.856387
-3.523991
-5.687486
-3.461121
-1.155360
-2.542975
-1.824698
3.122169
-3.319204
-4.193022
-2.359411
-0.858764
-2.376097
-0.497460
-2.677167
-2.951120
-4.377883
-2.349830
-4.937267
-5.673318
-0.382666
-0.537157
-3.541450
-2.556857
-4.127309
-2.029484
-3.110445
-2.183585
-3.310317
-2.643373
-4.658725
-0.239800
-4.686261
-2.004850
-0.418401
-3.339746
-2.399272
-0.505171
-2.165310
0.393783
-2.043641
-2.717428
-4.107763
-7.826208
-1.491260
-4.311842
-2.521913
-4.714053
-4.802046
-2.301103
-6.201171
-2.169652
-6.885733
-1.617563
0.449287
-1.309122
-5.807471
-2.779696
-6.030623
0.619584
-3.889968
-2.834463
-3.737225
-5.017268
-1.735549
-1.498967
-6.918410
-0.618978
-6.013665
-5.384498
-3.000109
-1.809980
-1.031990
-2.906484
-2.889052
-4.626958
-3.584522
-2.516198
-4.210354
-5.245026
-2.628715
-3.229835
-1.450106
-0.439138
-1.171950
-3.039395
-0.377023
-0.338346
-8.930015
-6.267333
-2.775290
-0.329046
5.399641
-5.267451
-4.809551
-4.920564
-2.221464
-1.363824
-5.280581
-6.694507
-3.266203
-0.738263
0.537294
0.139114
-4.306778
-3.390942
-0.907706
-6.903658
-4.073012
-4.535325
-2.797578
-5.913873
-4.038031
-4.388157
-1.731819
-0.140216
-4.120341
-3.460449
-4.872138
-3.970276
-3.999713
-3.587398
1.227093
-3.239805
-1.543203
-2.799582
-4.571021
-5.462938
-7.593646
-6.820562
-1.937384
-4.332322
-0.326220
-6.338920
-5.264151
-4.643164
-2.273942
-2.076210
-3.973628
-2.496006
-3.357770
-3.756933
2.261172
-0.038505
-9.105618
-2.394060
-6.248200
-1.432496
0.418915
-3.424778
-0.803476
-2.165581
-8.191001
0.041349
-2.623355
-3.438917
-0.378945
-0.388109
-1.432496
-5.416794
-3.161499
-0.222210
-2.204169
-2.663677
-4.440273
-3.188859
-0.992362
-1.629785
-3.723484
0.328826
-4.631567
-2.357786
-1.231635
-1.184515
-0.574738
0.723247
-2.661374
-2.132565
-3.738488
-3.613373
-6.346323
-1.536861
-2.395693
-2.533534
0.856027
-4.276506
0.689288
-1.852203
-1.944957
-4.068708
-2.012208
-5.207407
-5.354112
-5.486219
-3.329179
-4.483048
-3.356578
-3.717153
-4.672382
-5.198727
-9.083529
-0.742656
-4.252965
-3.506122
-4.816664
-1.154506
-5.154281
-2.402899
-1.420305
-6.735730
-5.007769
2.706088
-4.456802
-3.024620
-5.344709
-3.235176
-5.845015
-3.575232
-1.211061
-2.615866
-0.020776
-6.473143
-4.115128
-3.002122
-1.600774
-1.649373
-3.124117
-4.546926
-1.623432
-2.702664
0.616893
-0.782154
-0.596601
-5.119586
1.538761
-4.471701
-0.735237
0.442292
-0.830296
0.804939
-4.066743
-3.611385
-6.302145
-3.366207
-7.254294
-3.460614
-2.303201
-6.780085
-5.293467
-4.008848
1.432308
-3.733922
-5.097846
-2.211138
-0.272536
-4.002309
-1.825125
-6.545550
-3.048939
-3.300347
-2.671746
-3.938392
-3.846086
-2.203564
-3.757574
-1.960675
-2.845549
1.220658
-4.898710
-1.860017
0.306125
-1.329284
-6.490774
-2.568115
-1.857092
-4.528093
1.985264
-2.573556
-1.099112
-0.728177
-2.525928
-6.145032
-0.943793
-4.907687
-0.077466
-4.430842
-3.961437
-6.088337
1.107508
-7.350381
0.127938
1.686287
-2.755968
-3.597604
-4.506409
-4.307890
-2.755608
-4.354836
-2.403852
-4.845176
-4.790346
-2.730470
-4.571335
-1.966311
-2.978456
-0.698725
1.037890
-0.665296
-0.657754
-1.956784
-1.685354
-2.468076
-2.712127
-2.092646
-5.825358
3.260674
-5.035891
-5.777626
-1.121202
-5.472880
-1.161657
-6.848431
-5.823556
-2.206964
-5.874278
-1.943375
-3.428887
1.505327
-4.387332
-5.927369
-0.023993
-4.244836
0.887714
-1.717809
-5.319120
-5.413876
-5.808494
-2.663640
0.763101
0.171503
-1.597163
-2.709366
-4.546688
-2.347931
-1.833933
-3.181879
-0.554846
-1.704545
-1.906412
-3.123503
1.262609
-5.860380
-4.731498
-2.041152
-5.030370
-7.367451
-6.459254
-2.596543
-4.206143
-5.315030
-4.652747
0.763912
-4.905762
-0.441221
-6.738156
2.875133
-2.773122
-6.028053
-4.201017
-3.064723
-4.210295
-2.141582
-0.270566
-4.477398
0.455317
-3.625155
-3.284322
-4.705177
-4.102384
-4.351790
-2.328982
0.935483
-2.856709
2.488126
-2.563887
-2.006706
-4.877364
-1.150306
1.881761
-4.073686
-0.642975
-4.524802
-0.933470
-6.525353
1.862817
-3.670338
-6.655009
-4.630556
-2.659166
-8.402051
-4.623745
-0.048114
-2.886330
-3.808659
-1.564701
-3.839464
-0.262549
-4.606440
-4.783189
-4.455807
-2.654175
-2.454542
-3.177417
0.883581
-0.933026
-4.599054
0.471035
-0.327643
-5.424079
-3.848704
-5.179866
-5.117028
-3.355035
-0.987054
-3.669955
-1.568695
-1.422667
-3.459692
-7.210781
-2.461112
-4.217025
-1.297371
0.824250
-0.427872
-6.218522
-1.198606
6.079857
-5.142372
-2.032634
-1.454105
-2.749295
-0.602706
-7.037017
-7.663125
-2.218769
2.104045
-1.408160
-3.129619
-0.808418
-3.108249
-4.663752
-1.544608
-4.850240
-1.684059
-0.386641
-3.048827
-2.445025
-0.727931
-3.549276
-1.316787
-3.837586
-5.035265
-3.743275
0.378902
-0.280529
-4.828856
1.594501
-2.459095
-3.717274
-2.369271
-2.474443
-0.329848
-4.052875
-5.574099
-1.523123
-6.406477
0.252241
0.930643
-5.065659
-3.435422
-4.011969
-3.801640
-5.881676
-4.285059
-3.056715
-4.495424
-1.609893
-0.844631
-2.428791
1.705503
-1.420666
-4.462283
-1.372252
-1.971758
-5.930840
-8.421114
-3.217348
-1.279780
-6.212802
-4.416016
-4.986289
0.214525
2.801370
-1.358934
-2.707266
-1.098712
-6.085015
-3.071237
-0.603157
-3.006241
-6.243827
-5.244474
-4.538989
-3.708071
-4.724178
-0.199012
-1.857855
-4.336163
-0.222249
-6.140000
0.508153
-1.930048
-3.549480
-5.915220
-4.719583
-5.836838
-3.680399
-6.940087
-3.310893
-4.301987
-1.193561
-6.105974
-6.298311
0.089848
-5.881500
-5.012321
-2.716906
-6.262361
-4.730021
0.203624
-0.285052
-1.704877
-6.635701
-5.595128
-3.601321
-3.550287
-3.017383
-2.123903
-3.017758
-5.062906
-4.634514
-2.650084
-7.018680
-2.609681
-1.596700
-3.528772
-3.624095
-4.319116
-4.781985
-0.914461
-4.293393
-5.142035
-1.699680
-1.561234
0.493637
-0.226869
-0.709528
-0.755384
-1.974466
-9.524317
-2.375394
-1.854016
-5.984951
-0.719020
-1.801987
-2.632156
-1.944434
-3.793028
-3.384327
-5.654312
-2.958346
-4.599977
0.359205
2.274000
-0.966169
-3.911756
-6.442245
4.382828
-2.277664
0.053317
-4.104578
-4.976229
1.222110
-4.446081
-2.873082
-4.381039
-2.189104
-2.538919
-4.738955
1.107508
1.437094
-5.484855
-2.257295
-2.873027
-4.959549
-1.779197
-7.843430
2.488126
-4.365481
-3.642926
-5.324313
-7.155434
-3.364252
-0.467005
-0.384057
-1.169757
-0.129072
-4.015755
-2.958179
-6.055512
-4.356638
-4.106104
-4.354458
-1.941134
-2.491292
-5.181936
-6.173361
-2.503170
-2.528003
-5.036486
1.057429
-4.250618
-1.909624
-5.486717
-1.204627
-2.649602
-2.925857
-3.118317
1.426476
-0.689888
-3.158956
-3.871985
-0.590689
-5.790978
-0.382177
0.163858
-2.343903
-5.115984
-4.021184
-0.715463
-4.555980
-4.427256
0.099809
-2.998487
-3.900043
-4.487914
2.039015
-1.447449
-1.454267
-2.446394
-7.767323
-1.331489
-3.554159
-1.713614
-3.166324
-5.745399
-4.957212
-6.194180
-1.053391
-1.724034
-3.681849
-4.312844
-5.611082
-4.470519
-2.298922
-1.925476
-1.663261
-4.238453
-2.200552
-5.079032
-0.494216
-3.498391
-1.104348
-1.663673
-6.293023
-3.504725
-3.139796
0.067641
-3.693134
-0.872293
-2.251487
-4.858357
-4.233491
-2.487991
-4.077008
-3.538067
-6.781868
-4.262507
-4.428271
-3.600690
-5.109552
-5.438177
-2.161734
-2.188585
-0.587920
-1.945288
-4.252277
-1.406680
-3.331225
-3.354672
-2.583754
-7.123942
-5.089876
-2.904407
-3.622336
-4.155802
-0.440151
-2.501641
-6.817997
1.440996
-6.161105
1.218641
-3.498264
-2.291338
-6.198952
-3.393368
-4.670369
-1.685086
-0.507840
0.535359
-2.465072
2.843365
-3.620026
-4.342071
-1.915518
-3.105872
-3.253163
-6.020363
1.104586
-3.011880
-1.978330
-3.096981
-2.740835
-4.044972
0.288232
1.521276
-4.711733
-4.890941
-2.276780
-2.958646
-2.582665
-0.105021
-3.720612
-2.014611
-1.673826
-2.086828
-3.228904
-4.940923
-8.064108
-4.722167
-0.697357
-2.820747
-0.451368
-1.432496
-1.615994
-1.773709
1.742195
-3.709475
-0.713245
-3.137568
-5.774343
-3.851463
-4.163434
0.866808
-2.087366
0.454816
-4.832711
-2.764493
-6.393025
-1.910963
-3.474193
-7.610590
-2.738120
-3.830250
-4.818153
-5.029607
-3.664266
-6.179047
-5.464499
-2.919631
-2.232687
-2.637676
-2.305062
-0.450754
-6.560830
0.046166
-5.579798
-3.125077
-2.266044
-3.149984
-0.945239
0.270790
-6.641044
-1.803042
-3.497695
-2.451575
-4.590902
-3.247382
-5.296848
-3.600815
-1.714212
-2.876577
-3.841871
1.194510
-0.590868
-2.177351
0.170856
-4.278742
-3.101356
-2.057316
-3.126391
-2.551114
-2.692125
0.281511
-3.080535
-6.999490
-4.447285
-3.278132
-0.275225
-4.402041
-4.806129
0.190578
-4.140920
-1.782883
-4.676593
-6.845240
-2.383530
-0.997159
-4.669985
-2.681262
-4.588079
-6.512663
-0.350944
-2.432565
-2.235498
-2.785973
-3.987782
-4.255706
-0.204121
-4.911066
0.054842
0.440166
-2.117123
-3.310924
-0.564492
-2.213021
-1.313248
-0.449944
-0.415966
-3.675614
0.849079
-2.039053
1.014968
-3.707781
-2.949564
-4.228601
-2.848492
-4.045169
-6.463906
-7.668589
-0.936316
-5.656002
-0.956342
-1.785987
-2.362449
2.834841
-0.341341
-7.180694
-5.001484
1.691151
-1.708216
-2.253052
-2.077066
-2.112137
-2.816033
-0.086447
-3.385419
-1.182641
-2.000134
-0.615008
-1.348304
-4.465796
-0.307729
-2.531469
-2.590942
-2.743078
-6.512529
0.060442
-4.120271
0.059273
0.028477
0.490054
-7.451897
-2.917292
-1.477495
-6.431536
-2.183704
-0.516819
-2.083891
-2.042660
-0.791955
5.338032
-2.039093
-2.722300
-3.955059
-2.075950
-5.452041
-3.586735
-6.776011
-0.339154
-5.434128
-2.645262
-2.433358
-0.938802
1.107508
-1.817962
-7.641313
-4.731060
0.325150
-0.016389
-5.204213
-1.297636
-0.480805
-0.301724
0.746521
-3.768799
-1.832921
0.789441
-3.884254
-5.770723
-0.402390
-4.338322
-4.069237
-5.045911
-6.450887
-0.983147
-0.567668
-3.364388
-3.978384
-1.177949
-3.331050
-1.578447
-1.529285
-2.286606
-5.759874
-1.625434
-3.693677
-1.012589
-4.045638
-4.077029
-2.818168
-3.944167
-2.195627
-2.724068
-6.659019
0.099125
-3.314476
-1.466280
-2.807174
-2.370980
-3.398855
-1.391267
-3.551653
-3.075959
-2.117499
-0.135960
-2.143678
-7.146799
-3.740012
-6.460918
-3.045689
-0.629153
-4.448240
1.365287
-3.266331
-2.225556
-4.729671
-4.224133
0.611579
-4.855582
-2.964995
-4.230478
-1.493902
-2.525425
-1.643716
-1.080509
-3.523372
-5.565679
-3.640354
-5.807549
-2.411837
-1.823826
-4.610220
-3.948979
-4.439861
-1.866659
-9.163023
-1.581546
-5.976450
-5.025645
-3.969863
-5.588409
-5.608177
-1.648222
-3.006296
3.199911
-1.327240
-4.247340
-3.162414
-0.832404
1.164220
-2.401333
-6.191269
-3.247480
-6.483372
-1.384861
-8.617169
-0.787182
0.166384
-3.506818
-5.227727
-5.170619
-3.811987
-5.648930
-3.107325
-5.124692
-2.566400
-4.318530
-2.234671
-2.928494
-2.600734
-6.424795
1.634395
-4.090035
-1.599492
-4.373433
-2.113697
-2.080756
-4.130356
-6.134078
-3.223766
-2.380513
-5.686536
-2.160120
-1.419789
0.200031
-2.100257
-1.371460
-5.014744
-2.487953
-2.859703
-3.584120
-6.827369
-2.496431
-3.086964
-3.164838
-1.800588
-2.194949
-5.535817
-6.868571
2.532443
-5.046109
-7.773690
0.380814
-0.216176
-1.628210
1.382678
-3.830713
-9.084785
-5.024528
-4.412489
-4.994741
-4.725264
-0.934216
-5.436251
-1.981785
-5.220994
-3.718269
-3.583980
1.046943
-1.509433
-4.563217
-1.052540
-4.475727
-3.941052
-2.462777
-1.129920
-7.323450
-2.391265
-1.330863
-4.027893
-1.340347
-4.685720
1.567495
-0.551080
-4.381246
0.308354
-2.985608
-3.467379
-0.180074
-0.563036
-1.077112
-3.720263
-1.275229
-9.025506
-2.976063
-6.882081
-3.153204
-7.104259
-4.531857
-3.728832
-5.290626
-1.383570
-3.070433
-2.562812
-3.558069
-1.922669
-2.071572
-2.026833
-2.272759
-1.223340
-5.651056
-5.820188
-4.506933
-4.119697
-1.667779
-5.508613
-2.170175
-4.018217
0.458922
-3.554982
1.403982
-3.637809
-6.721462
-1.320721
-8.162191
-0.891916
-3.405632
-3.551577
-3.791891
-3.197012
-3.554126
-4.396253
-1.555855
-2.198467
-1.423599
-3.998379
-1.082063
-2.947413
-3.065285
-3.958021
-2.606766
-2.513522
-0.890997
-4.095088
-8.080509
-0.498531
0.492592
2.123847
-2.519625
-1.219759
-4.176277
-4.251774
-4.624664
1.348307
-4.868054
-2.529301
-0.951187
-6.187622
-2.023782
-8.819318
-1.923933
-2.248223
-5.910853
-7.316536
-5.254746
-2.409980
-0.079856
1.236429
-2.850345
-6.112616
-3.421159
-4.562059
-2.225155
-2.582131
-3.178530
-1.650496
-2.340711
-5.232433
-1.461731
-5.549300
-5.243182
-1.644316
-3.550658
-4.652296
1.674302
-1.475939
-5.513257
-1.868047
-3.965618
-2.436763
-3.016882
-1.381819
-5.671992
-1.190739
-6.473360
-2.577765
-4.402622
-2.983158
-3.530932
-4.542936
-1.685269
-4.938439
-6.815992
-2.539755
-3.295363
0.471328
1.334417
-4.232451
0.661123
-3.547491
-5.859167
-3.666736
-0.925400
0.694000
-1.857725
-8.077382
-4.024691
-2.914794
-0.933349
-4.007262
0.055275
-4.813518
-1.329355
0.454545
-1.187881
-8.037864
-7.015976
-3.749047
-2.971999
-0.752192
-1.909307
-0.703788
-0.116319
-0.331502
-2.635921
-2.192655
-5.414545
-1.561860
-3.875658
-3.571482
-4.478249
-2.692369
-2.571318
-1.332433
-4.196930
-0.759338
-2.444190
-0.603577
-0.993317
-3.492345
-5.808547
4.015331
-1.760848
-5.945312
-3.852561
-0.527699
-2.627955
-3.005354
-5.451588
-2.315962
-4.615189
-4.708777
-4.704013
0.206585
-6.057588
-2.033996
-2.269995
-1.983709
-6.184431
-3.283207
-3.854928
-0.322234
-2.121180
-1.402928
-0.389172
0.607876
-2.152010
-1.748650
-2.375938
1.300191
2.015738
-2.241642
-6.630485
-2.463759
-3.644103
-0.568963
-4.562549
-3.831330
-3.137469
-3.805954
-5.277743
-3.342508
-3.421084
-3.203378
-4.571305
-2.847429
1.107508
-3.587810
-6.070900
-2.423462
-5.152684
-2.784142
-4.197679
-4.709843
-2.511877
1.516800
-2.710068
-1.394852
-4.238861
-0.609176
-8.842319
-4.959544
-3.869380
-6.069774
1.017301
-3.000536
-5.553814
-5.521132
-1.291855
-3.874205
-3.639259
-6.536263
-1.880910
-3.561959
-4.939989
0.986092
-4.875918
-2.262153
-1.701591
-4.546365
-3.855852
-4.015759
-2.650588
-5.016148
-1.784102
-0.000357
-2.039350
-1.681642
-5.722517
-1.707303
-1.280921
-2.991727
-7.009995
2.655291
-0.290687
-4.394121
-2.813102
-0.439120
-1.648929
-6.685327
-2.402945
-5.131791
-5.170451
-0.687873
-1.953041
-0.911787
-3.972574
-0.613023
0.975688
-3.372826
-3.566275
-3.359758
-2.063629
-3.927801
-3.159204
-2.015079
-1.102623
-4.180509
-2.270145
-1.270313
-1.818982
-2.602170
-6.228335
-3.905656
-2.271858
-5.923713
-6.543232
2.722585
-3.333912
1.515191
-5.587387
-4.746620
-4.563623
-1.147663
-2.568267
-2.991776
-3.123567
-3.813416
-2.132422
-2.331674
-3.053815
-2.816478
-0.478460
-4.469889
-0.609629
-2.670906
-4.908895
-5.020356
-2.153473
-3.481436
-3.514860
-5.090611
-2.889421
-4.447155
-3.212367
-3.351047
-2.897253
-4.453462
-4.468822
-0.588184
-1.999344
-4.369525
-1.553924
-0.686101
-6.490832
-2.940452
-5.200987
-0.536046
-3.996420
-2.951898
-2.785199
0.567933
-0.894429
-3.727090
-3.054275
-4.965527
-2.396282
-0.784698
-6.169503
-5.144637
-5.337761
-2.968830
-3.677879
-1.161075
1.618528
-1.187585
-2.026753
-6.028433
-3.658009
-3.586371
-5.785348
0.733220
0.476179
-0.772818
-2.490502
2.591555
-1.074058
-5.739174
-0.291735
-4.017524
-5.116617
-3.759737
-4.618690
-2.824602
-6.600747
-7.782083
-1.388061
-3.030037
-4.142307
-1.650105
-3.556207
-0.007014
-2.919842
-4.163913
-2.318817
-1.314737
-5.354669
-2.522582
0.780876
-5.017141
-0.902300
-1.626496
-6.043550
-1.890134
-1.085141
-4.453170
-3.695893
-6.342269
1.163891
-4.591216
-2.406540
-7.510325
-0.769044
-1.312624
-3.588338
-1.786839
-3.677536
1.011706
-1.798671
-3.101789
-1.174332
-3.621669
-3.148816
-0.830866
-2.294656
-5.521445
-3.401823
-4.464325
-1.773217
-4.548028
-2.246836
-2.236858
-1.589064
-3.679255
-2.672348
-8.140314
-2.742739
-4.656324
-4.425326
-2.739453
-3.323747
-7.593009
2.398529
-1.204788
-4.351579
-4.327272
1.775490
-2.949037
1.146974
-1.963790
0.213049
-3.951720
-3.557939
-1.237905
-4.542352
-2.550292
-3.174716
-7.178474
-0.382339
-2.895260
-1.753073
-2.588316
-6.285710
-4.417824
-7.562797
-0.003950
-0.764709
0.059242
-3.182353
-0.754917
-2.125613
-6.812290
-3.657672
1.512002
0.679727
2.012240
-2.973240
-6.767664
-3.644246
-1.432522
-4.525918
-2.359864
-4.589701
-2.368823
-2.523242
-4.911667
-5.727142
-10.953106
-2.248778
-4.411616
-2.692160
-2.024905
0.349180
-3.462722
-2.914631
-2.736174
-1.618616
0.428533
-0.892141
0.314924
-2.724749
-1.237702
1.551216
-0.828754
-4.045264
-2.907467
-1.789038
0.143038
-0.961642
-4.597941
-3.451755
-0.495060
0.245978
-2.439476
-5.894386
-4.286295
-5.044487
-2.390751
-2.169953
-5.256014
-5.817134
-5.472794
-3.113803
-5.210773
-2.056902
-4.645243
0.969364
1.304480
-2.817875
-2.083054
-2.260706
-2.251989
0.116073
-1.497176
-3.489234
2.573910
0.779191
-1.426234
-1.517495
-3.113962
5.547259
-3.830775
-5.328131
-2.819160
-0.503139
-3.759142
-2.452552
-4.517356
-1.666107
-5.962231
-2.316725
-2.414559
-0.174629
-2.450797
-1.535113
-1.436749
-4.275733
-2.503417
-6.837394
-1.540638
-5.686887
-3.772986
-0.666911
-4.001405
-1.750117
-3.668815
-4.381758
-4.195846
-7.003021
-2.418190
-2.345343
-0.787249
-2.528507
0.160079
-5.321109
-4.656689
2.638315
-2.284694
-5.649341
-3.426667
-3.774941
-4.531587
-7.334225
-1.842460
-4.890924
-4.525125
-5.525544
-4.396568
-0.245964
-1.175825
1.970895
-2.519103
-1.776453
-2.889959
-5.866385
-3.763792
0.956527
-2.869884
-3.608140
-5.017862
-0.525577
-2.405861
-2.114066
-6.617332
-3.785995
-1.354501
-4.652805
-5.492168
-3.952665
-0.877603
-0.682390
-1.509101
-5.236827
-2.234530
-4.438544
-2.955214
-2.452847
-2.680511
-3.214371
-2.131553
-1.234574
-1.570778
-3.884122
-3.732655
-0.180882
-1.017611
-3.883162
-2.626767
-4.300447
-2.124218
-3.066802
-8.479723
-1.992652
-1.019063
-4.426912
-1.755636
-2.928882
-5.011186
-0.814183
-4.110757
-1.546187
-2.783682
-2.916975
-3.761423
-4.507368
-0.029426
-2.299227
-5.035768
-3.476415
-0.872988
-6.642176
-1.458348
-1.683907
-5.145202
-3.980151
-3.213465
-3.492230
-3.436462
-5.247218
1.233505
-5.873991
-1.051165
-3.887800
-7.621692
0.286492
-2.855459
-2.249117
-2.368096
-3.439198
-2.337919
-3.653765
-1.878622
1.515700
-4.606399
-0.108238
-2.624406
-2.007195
-1.014373
-3.194194
-3.490523
-4.016186
-1.452468
-1.126360
-3.269738
-3.206772
-8.055923
-5.335277
-3.469032
-4.818038
-7.071729
-2.142035
-1.196695
-4.873260
-3.255992
-2.720370
-1.000860
-2.087317
-1.510547
-5.046775
-3.613651
0.497919
-1.264225
-2.180116
-4.368989
-5.013457
-1.427982
-1.907983
0.272399
-1.962163
-3.531356
0.849337
-4.849243
-4.388621
-4.543070
-7.064806
-7.225103
-2.373892
-4.451777
-3.294009
-3.798726
-5.506971
-5.332443
-1.969560
1.046598
-0.594519
1.338253
-3.367050
1.343307
-3.261112
-5.270156
-3.744286
-3.134992
-2.002836
-5.974565
-0.409927
-1.312600
-2.930145
-5.613636
-4.259609
-1.392095
-3.806672
-4.361404
-2.449892
-2.710886
-3.763330
-1.125896
-3.058193
-2.510989
-5.564353
-2.860513
-2.797843
-2.224723
-5.652012
-1.926425
-3.281829
-4.301006
-6.339221
-4.453501
-5.358383
-1.125072
-2.769324
2.446574
-3.002361
-2.427608
0.630183
0.921053
-2.280747
1.044939
-1.318610
-3.109546
-1.979060
-0.496781
-1.672391
-2.364498
-1.860915
-2.059488
-1.665301
-3.465232
-4.910238
-2.445982
-6.510118
-0.085430
-0.864311
0.462480
-3.292905
-2.730913
-0.033967
-2.858661
-3.178730
0.661485
-3.665331
-3.233516
-7.971907
-4.081740
-4.092540
-2.223070
-2.002042
-5.263407
-1.576240
-2.163527
-3.956531
-4.912923
-2.440590
-4.690712
-7.834959
-3.685042
-2.995462
-3.425550
-3.867272
-3.367992
-1.718849
-3.716655
-4.981223
-4.112931
0.190058
0.549472
-3.137638
-2.678299
-1.370294
-3.378045
0.024589
-1.415437
1.068968
-3.375933
-3.849945
-3.900448
-6.418607
-4.185394
-1.348086
-0.273408
0.706401
1.994951
-1.886644
-2.427478
-3.591728
-6.225356
-4.996584
-2.782668
-3.938524
-4.195849
-4.739408
-1.656647
-1.760570
-3.986441
-0.509772
-0.930882
-4.405787
-2.379520
-1.727239
-4.379452
-0.291803
-1.744698
-1.850731
-2.029949
-3.019491
-1.951052
-8.026043
0.078515
-3.900556
-1.759654
-3.462961
-5.569304
-0.079782
-4.007245
-3.854622
