8
1 500 1000 200 42 777 13 99
-9.483050
0.950226
-0.718377
-12.006540
-10.345353
-11.625793
-10.478621
4.206457
-10.329316
-5.179033
-8.124220
-5.968993
3.766551
-1.294961
2.590117
-8.562906
-4.587793
-5.925268
-8.065449
-7.192410
-4.876345
-8.669332
-9.057737
-8.086023
-11.933256
-4.895531
-2.453337
-7.618467
-12.006540
-12.972930
-9.413901
-1.916577
-7.490053
-8.517400
-5.991884
-4.970140
-7.259520
-4.353059
-5.266304
-4.020667
-6.158723
-7.104795
-6.117848
-6.180271
-5.210088
-3.702863
-5.915876
-6.374436
-4.913538
-9.109935
-5.973775
-7.148416
-5.582464
-4.018679
-6.491446
-2.722876
-13.252056
-3.863181
-4.589597
-10.075329
-5.231637
-9.995469
-7.490053
-11.840581
-7.490053
1.730614
-5.969806
-4.027924
0.411415
0.478131
-2.685331
-2.535253
-1.991731
-0.462538
-7.748163
-3.537950
-2.340667
-2.287113
-5.087876
-1.896634
-2.703503
-6.641900
-4.212530
-0.720342
-1.998919
-2.333468
-2.280212
-3.387883
-5.929387
-0.915867
-2.164742
-11.625793
-5.477725
-7.490053
-11.625793
-8.818559
-5.231637
-8.832170
-9.749948
-5.231637
-12.006540
-8.142137
-11.625793
-10.345353
-9.061617
-11.625793
-7.298901
-7.978996
-12.006540
-10.694563
-8.273290
-10.397266
-10.929633
-7.490053
-12.006540
-7.490053
-11.625793
-8.279948
-5.231637
-13.887777
-6.927997
-10.345353
-7.343842
-8.755786
-7.373751
-7.490053
-7.490053
-8.752330
-8.750173
-8.341688
-12.006540
-7.490053
-7.490053
-7.960643
-12.003151
-11.625793
-11.532907
-11.413150
-7.490053
-10.345353
-7.490053
-6.274631
-7.479454
-8.856359
-11.625793
-7.490053
-10.694563
-10.397266
-11.625793
-5.231637
-7.490053
-10.345353
-10.694563
-7.490053
-10.694563
-5.231637
-9.413901
-9.413901
-12.006540
-13.407105
-7.490053
-9.413901
-11.625793
-11.625793
-7.490053
-9.413901
-5.231637
-9.413901
-11.625793
-8.783003
-7.490053
-10.694563
-8.557229
-11.625793
-8.856359
-7.490053
-7.490053
-7.490053
-9.413901
-9.413901
-10.397266
-12.006540
-10.694563
-7.490053
-7.490053
-10.397266
-12.006540
-7.490053
-7.490053
-12.006540
-10.345353
-12.006540
-7.490053
-7.490053
-12.006540
-8.856359
-11.625793
-11.625793
-7.490053
-9.515665
-8.832170
-9.413901
-12.006540
-7.490053
-7.490053
-12.006540
-7.490053
-9.413901
-7.490053
-7.490053
-7.490053
-11.625793
-12.006540
-12.006540
-10.397266
-9.413901
-5.231637
-10.694563
-12.006540
-12.006540
-9.413901
2.111763
-12.006540
-8.147050
-10.360645
-7.490053
-7.246829
-9.777910
-7.490053
-7.143261
-12.006540
-12.006540
-12.006540
-10.397266
-8.759694
-10.345353
-10.694563
-10.694563
-4.873942
-11.625793
-12.006540
-12.006540
-8.154702
-7.490053
-6.439968
-7.864957
-7.490053
-8.509404
-11.948958
-10.694563
-11.625793
-10.694563
-4.695961
-6.705250
-7.490053
-9.499349
-4.484113
-3.208964
-1.998608
-2.938412
-3.981081
-7.276534
-1.629547
-3.281218
-1.928313
-1.932534
-2.828635
-0.098578
-4.669232
-2.446749
-2.075118
-4.048963
-3.344578
-2.759921
-1.618331
1.058483
-6.373412
-1.680690
0.353566
-4.195013
-4.308259
-3.103972
-4.017814
-5.478312
0.703102
-1.280879
-5.410707
-2.255816
-5.189175
-9.041102
-3.246988
-0.766663
-6.747909
-1.299120
-7.673327
-2.918998
-6.766520
-4.401646
-5.220992
-5.599830
-1.412306
-2.844930
1.557901
-1.992201
-3.044545
-8.612556
-2.453227
-0.208344
-3.088957
-1.424544
-4.851716
-5.855333
-1.872610
-3.188694
-6.981701
-2.929615
-2.526290
-5.271645
-3.298098
-2.154466
-0.752875
-2.901689
-3.015135
-2.539593
-4.717583
-5.093918
-4.709677
-5.183845
-1.689581
-9.118530
-8.050920
-8.505346
-4.049834
-3.348853
-6.906890
-4.812290
-1.718028
-5.073711
-6.791236
-6.371780
-6.177746
-2.480090
-9.566433
-6.306036
-7.553925
-2.782172
-5.757563
-2.396445
-5.022011
0.044173
-5.964632
-1.956758
-3.224604
-2.800552
-6.385749
-4.267292
-7.553109
-3.260560
-6.774537
-9.413901
-8.856359
-12.006540
-10.345353
-12.006540
-5.230329
1.701090
-7.013508
-13.099173
-5.698603
-8.029453
-1.937199
-5.734625
-4.451009
-5.154234
-7.265139
-4.954662
-3.041898
-1.166131
-6.605885
-10.345353
-5.313464
-4.049640
-5.989134
-2.737869
-1.498407
-0.813174
-0.664613
-1.802562
-4.252920
-5.115606
-4.133143
-3.844838
-4.328084
-4.577198
-4.843596
-3.348270
-2.785891
-0.740368
-1.882876
-1.908799
-4.904027
-3.163177
-6.977458
-0.451631
-2.130823
-0.701554
-2.754676
-2.820066
-4.212407
-2.967467
-6.210937
-4.996197
0.478295
-4.552774
-8.260388
-5.527567
-3.537186
-3.652409
-2.452548
-1.221711
-2.973812
-2.318153
-4.771401
-2.777513
-8.458360
-3.228137
-3.785769
-2.873971
-2.863223
-5.114588
-8.562779
-6.911939
-6.326397
0.138508
-3.181353
-5.919352
-3.743009
0.599557
-11.779029
-5.694654
-1.970662
-7.973465
-3.358661
-4.482117
-6.223907
-6.497957
-6.107009
0.418386
-3.863230
-4.006895
-7.225402
-9.869429
-2.149702
-4.312793
-2.565118
-5.168449
-4.857966
-5.364225
-4.904275
-5.480070
-2.998427
-3.313475
-9.977141
-4.589134
-2.619116
-3.234589
-1.946918
-3.548144
-3.160808
-5.802686
-0.152129
-5.395074
-4.028528
-9.307551
3.605552
-3.948050
-5.807393
-3.380103
-5.281949
1.065255
-8.068183
-7.533396
-3.623770
-5.942660
-6.937998
-0.306428
-1.752575
-4.946817
-4.181036
-7.346080
-5.728347
-4.068002
-5.617562
-0.093093
-4.303319
-3.819571
-1.439219
-7.353201
-11.401424
-4.356385
-8.386230
-1.648444
1.043976
-4.809031
-4.654944
-5.899681
-9.629028
-4.389949
-1.336481
-2.201968
-5.594151
-5.727238
-4.736063
0.405508
-8.322577
1.495870
-9.877219
-8.090507
-2.906936
-4.882873
-3.081737
-6.136070
-8.365656
-6.302944
-7.471423
-6.126397
-7.915075
-9.532159
-9.947195
-7.122263
-3.913588
-4.029745
-0.714883
-3.308985
-5.212034
-7.973606
-5.489684
-5.962025
-0.748140
-3.351392
-1.074936
-6.690395
-3.223801
-12.006540
-11.124188
-2.150073
-6.918769
-3.966914
-5.797863
-8.782838
-5.725907
-3.248992
-8.827039
-7.384164
-3.890280
-8.593080
-5.940423
-1.856278
-3.823052
-7.856230
-1.617331
-4.062160
-7.979876
-0.377171
-3.539555
-5.218473
-3.990078
-7.650002
-5.985997
-3.255618
-6.851274
-7.563848
-4.884272
-2.925781
-3.039870
-4.130812
-10.481405
-2.897075
-1.587971
-10.268744
-3.000156
-9.689587
-9.413901
-9.113187
-0.299419
-7.129336
-5.288726
-4.956491
-4.198342
-3.997569
-6.249212
-3.974777
-10.379001
-3.493569
-3.451115
-2.676638
0.343085
-7.140390
-4.094478
-3.564660
-8.833322
-5.815834
-10.978304
-3.550172
-8.364230
-6.848995
-2.335956
-7.020160
-5.521179
-7.756730
-3.596526
-5.497971
-3.127537
-7.762503
-5.361052
-8.811746
-4.417714
-6.451521
-2.011672
-8.774664
-7.171240
-3.679477
-2.802680
-4.111498
0.279642
-6.516304
-6.582322
-8.888045
-2.250556
-1.398203
-3.091262
-1.877106
-2.452037
-2.869997
-4.138906
-5.960474
-2.470874
-3.524373
-8.875814
-1.165852
-4.586086
0.833815
-3.421981
-0.994255
-7.089481
-7.562963
-6.126606
-2.753027
-4.295136
-3.295041
-6.526331
-7.194701
-5.003386
-3.740105
-7.975821
-5.946145
-3.911742
-3.058125
-4.470271
-3.762434
-2.498039
1.739323
-7.739840
-6.197963
-3.471272
-6.150535
-5.985969
-3.539845
-7.685711
-3.678810
-4.781547
-11.041262
-10.697863
-11.667468
-4.991206
-6.628428
-7.495943
-9.247466
-11.714740
-2.890890
-3.043671
-3.621986
-5.680923
-6.960771
-5.052093
-11.012879
-4.578705
-5.463689
0.046510
-2.702941
-7.926080
-5.063703
-4.332298
-7.360586
-6.138530
-6.833889
-4.377655
-5.147391
-7.806405
-7.490053
-5.955453
-2.249020
-7.929208
-6.947183
-5.006969
-3.198321
-5.770139
-4.253307
-5.128753
-3.286728
-5.448331
-4.968748
-3.277060
-5.837706
-1.513007
-6.459930
-5.365765
-4.794519
-7.559656
-5.912236
-5.770939
-2.118072
-11.180264
-11.625793
-10.211284
-9.718406
-5.874849
-8.341478
-5.075736
-7.141393
-6.049685
-1.825263
-6.027500
-6.245008
-6.116110
-6.590864
-3.811875
-4.199079
-6.171975
-10.388182
-7.348949
-4.269631
-3.917569
-9.684651
0.396614
-4.034092
-4.140782
-5.386275
-6.081548
-4.547282
-4.676660
-2.322653
-7.419434
-4.350089
-5.631229
-2.704756
-6.425614
-3.451663
-7.185465
-5.477565
-4.234532
-4.830757
-7.303383
-4.499886
-5.848736
-3.428898
-2.713916
-6.670820
-2.673973
-1.699855
-4.117478
-2.843340
-5.612788
-5.180590
-6.727577
-1.025349
-11.850027
-10.059384
-3.533525
0.404809
-4.827909
-5.442182
-8.524096
-6.114110
2.797751
-1.163820
-8.883936
-5.940721
-3.092970
-3.408351
-3.772245
-4.782841
-4.704014
-1.942560
-5.944789
-4.372415
-5.278316
-5.785882
-3.880013
-11.689855
-9.165804
-6.721429
-5.462507
-3.174764
-5.644649
-5.874528
-6.261230
-8.700591
-6.990134
-0.912916
-4.599470
-5.276234
-0.717459
-6.264429
-3.202667
-8.046965
-3.479049
-3.608515
-7.309284
-7.350770
-5.746746
-2.812997
-4.737139
-8.528320
-4.560595
-5.860282
-4.310715
-2.135181
-0.539082
-9.359366
-5.431012
-7.911289
-4.902249
-9.729914
-6.261537
-5.490464
-3.488876
-10.339867
-7.663027
-8.680786
-5.393480
-4.788528
-5.432499
-4.342799
2.577831
-4.214324
-4.883982
-5.474398
-7.107346
-7.226673
-4.303870
-7.637651
-4.241533
-6.138200
-8.568618
-6.383861
-1.578397
-6.431419
-4.897852
-3.621579
-2.603964
-3.726631
-5.991421
-0.370078
-2.998675
-8.183512
-8.066611
-1.054370
-8.276999
-1.918683
-8.792027
-6.121903
-2.947752
-4.740935
-1.314531
-5.680390
-3.496192
-6.021615
-6.821850
-4.778413
-3.927347
-3.426964
-10.238902
-5.102174
-5.231637
-6.882375
-6.528178
-8.337914
-0.309467
-6.621777
-3.903246
-4.529565
-7.288394
-4.050170
-0.281818
-5.654159
1.850297
-10.035256
-5.418318
-7.538522
0.268638
-7.421429
-5.286070
-7.652948
-7.472598
-10.233955
-5.206272
-2.476049
-4.767127
-0.821824
-4.502880
-8.770350
1.932790
-3.676966
-5.630270
-5.978280
-8.034640
-4.992651
-0.359330
-4.968880
-5.337717
-7.227551
-11.625793
-6.938811
-5.930885
-3.416877
-6.582546
-10.684938
-2.719332
-7.877178
-6.397783
-7.490053
-3.775925
-8.332885
-2.431834
0.192232
-2.503339
-7.927027
-6.678147
-10.741710
-8.349519
-6.721738
-4.346318
-8.114504
-5.587683
-0.469525
-5.120766
-3.258282
-1.909842
-7.245639
-2.736877
-4.409464
-9.735009
-8.717369
-2.561182
-8.287527
-5.022010
-0.795664
-5.366659
-5.975527
-4.470216
-5.720996
-6.379416
-4.125873
-0.373087
-5.994797
-5.032786
-3.445526
-1.803078
-4.173121
-11.364108
-7.213375
-8.456772
-6.600669
-8.718664
-5.480015
-4.248058
-4.874128
-5.683453
-3.086013
-8.231624
-6.382679
-5.063957
-6.241602
-6.337743
-3.966087
-3.443640
-4.800806
-5.847979
-6.051831
-9.891727
-5.155209
-2.712088
-7.647794
-8.324158
-7.914870
-7.982145
-5.406476
-5.651861
-1.789185
-6.435666
-1.124363
-3.337854
-8.504734
-1.746280
-7.484359
-4.343332
-2.178999
-3.930945
1.518445
-12.035551
-9.124249
-5.004424
-4.244637
-5.564864
-4.564483
-5.395841
-1.747418
-12.270047
-8.297696
-9.387272
-5.210281
-5.850598
-2.683332
-6.692108
-6.515214
-5.109459
-3.543679
-3.950073
-5.254840
-4.914287
-8.819915
-1.482243
-5.078242
-10.345353
-2.580685
-4.816503
-7.774185
-0.989585
-7.000385
-3.336725
-7.759664
-10.151813
-3.083634
-9.655674
-3.003810
-9.744547
-2.818507
-5.121864
-4.907981
-6.029113
-6.051028
-7.201931
-10.984275
-3.901855
-7.942266
-6.031361
-8.314894
-2.652618
-6.327824
-6.767344
-11.625793
-5.953614
-5.968753
-5.118727
-6.969494
-6.909661
-7.270695
-6.220518
-8.443579
-4.721186
-3.680584
-6.258365
-3.295101
-2.888881
-5.177377
-3.977093
-2.555594
-2.858404
-6.744292
-12.006540
-5.112908
-5.465374
-7.340574
-3.885272
-4.817357
-6.605709
-3.212496
-6.496356
-4.654849
-4.169173
-7.139037
-4.012478
-3.205466
-13.504433
-6.632520
-3.657661
-6.967507
-6.658820
-8.832170
-5.481752
-8.939655
-5.842505
-7.859363
-6.303021
-6.994871
-4.002891
-6.572321
-4.459477
-0.834226
-7.146273
-6.950982
-7.165305
-6.563409
-4.208048
-6.155385
-9.069242
-2.044064
-8.234638
-4.069179
-5.579402
-9.942772
-7.684746
-6.079924
-6.027660
-1.759259
-6.926441
-7.328090
-8.003946
-10.623961
-1.893645
-3.806587
-5.691543
-6.708269
-5.693517
-7.043233
-7.893555
-4.908207
-1.121805
-7.914927
-1.407211
-8.401733
-3.132644
-9.538731
-4.291865
-4.393574
-12.006540
-10.397266
-7.724348
-8.414889
-2.675527
-5.581782
-5.589792
-9.607788
-9.265036
-2.732485
-4.032505
-6.932949
-9.216043
-7.363008
-6.783174
-9.058755
-5.897276
-5.665812
-11.326236
-3.102075
-4.393384
-6.411638
-3.207842
-6.351332
-11.313497
-7.903883
-7.580604
-7.118049
-7.355512
-3.220141
-0.911916
-7.584207
-8.487607
-3.370388
-5.520787
-3.425957
-9.474946
-3.136060
-4.749433
-3.327604
-5.303082
-1.970863
-2.183950
-5.855523
-6.577533
-3.217455
-6.907628
-7.950140
-1.925662
-7.880551
-2.839175
-4.489492
-3.085592
-8.634375
-7.413864
-7.142881
-11.711503
-5.830507
-4.457946
-8.548025
-0.052821
-6.848846
-5.112150
-8.384250
-6.740246
-7.970246
-4.614880
-5.846042
-7.236838
-5.110451
-7.038180
-9.953730
-4.120830
-7.315024
-3.838947
-1.253485
-5.366996
-5.971170
-4.684870
-5.005655
-9.045741
-7.366053
-12.006540
-8.095688
-6.668262
-4.303667
-3.772782
-5.598814
-4.087876
-6.559719
-6.590394
-7.490053
-4.060581
-5.718163
-8.640314
-5.823974
-6.343000
-4.463019
-5.923164
-4.331082
-4.600123
-7.655049
-3.647666
-10.598996
-5.195522
-7.490053
-4.974154
-5.087859
-0.510988
-5.838021
-4.026952
-5.619115
-7.713326
-3.593353
-10.710341
-4.869802
-4.933325
-6.672638
-4.265339
-5.161023
-4.617224
-4.107980
-5.662366
-11.782095
-4.905003
-3.305710
-8.203365
-6.000980
-6.264475
-6.865020
-6.699720
-5.047537
-6.353326
-8.191949
-5.721389
-2.850873
-6.814002
-5.822585
-5.172886
-12.495076
-7.284372
-4.129642
-3.012060
-4.108101
-8.404353
-6.243318
-6.275887
-3.898688
-8.192140
-10.415415
-6.098899
-1.746064
-7.073655
-9.472250
-4.905692
-1.621288
-6.920685
-6.394288
-8.276153
-3.017391
-6.962805
-4.741065
-7.178946
-5.144745
-6.888852
-3.286657
-5.937932
-9.972577
-8.050628
-5.185861
-2.117591
-5.240345
-2.411097
-8.053983
-6.017897
-4.410169
-1.068612
-4.721144
-4.483142
-7.883071
-7.090866
-5.287266
-5.256264
-7.994823
-1.871285
-4.833839
-5.824986
-5.950430
-10.345353
-4.600863
-2.852180
-6.309700
-7.753453
-6.357775
-7.698328
-3.594746
-7.132741
-9.466555
-6.000556
-8.670664
-4.766781
-5.429436
-7.801773
-6.668356
-1.854644
-4.806751
-1.252886
-9.556396
-3.446743
-4.705022
-7.470352
-5.734584
-9.746586
-4.745276
-4.026486
-8.815722
-4.634143
-5.762550
-2.388986
-6.385325
-5.419119
-2.034971
-2.095261
-6.563478
-9.659317
-10.693826
-2.548022
-5.400809
-2.848584
-7.006520
-7.490053
-5.674516
-3.158244
-7.121799
-6.987063
-8.480007
-4.086951
-2.813199
-4.698840
-6.020100
-8.886779
-9.990406
-6.087997
-10.842915
-9.210389
-6.761643
-7.048683
-6.930629
-7.038218
-4.498228
-3.846478
-8.519773
-6.701729
-8.152083
0.960168
-6.873089
-5.591479
-6.053372
-7.721179
-5.280830
-3.843360
-5.680292
-7.738289
-3.153174
-9.719838
-8.607139
-6.330053
-6.519570
-5.308792
-7.951338
-2.395891
-4.910530
-6.510474
-3.057253
-7.956953
-9.037171
-5.021790
3.012837
-6.642377
-2.058563
-10.872430
-4.288863
-8.837919
-4.459640
-7.023851
-7.156050
-8.502604
-7.877530
-3.621765
-7.093219
-4.728486
-9.704134
-3.400718
-8.087452
-6.658380
-4.334084
-3.529095
-8.163718
-11.971422
-6.631789
-8.936404
-8.457286
-3.285605
-7.604039
-6.023070
-3.568157
-6.719727
-5.198850
-7.663377
-1.521685
-10.119333
-3.787650
-4.592973
-10.694563
-5.231315
-6.007451
-4.644381
-4.982052
-6.713175
-3.802856
-4.744287
-7.499732
-5.705958
-10.418715
-8.816081
-0.783688
-6.158729
-7.403274
-3.368744
-3.652667
-10.694563
-5.798611
-0.293669
-6.668738
-8.522075
-4.757432
-7.577564
-8.907260
-6.556677
-5.543396
-5.011976
-0.908907
-8.497870
-5.901886
-7.205143
-9.766596
-5.278518
-2.872149
-6.317858
-8.827754
-6.056248
-4.867229
-5.226157
-3.677293
-3.518511
-8.739551
-5.164204
-4.819576
-8.029957
-6.299391
-7.752780
-5.568789
-4.370934
-6.884601
-5.722354
-5.004292
-3.262030
-8.010464
-4.098006
-3.781755
-2.107544
-5.650047
-4.284616
-5.978601
-3.265431
-7.622580
-4.988385
-8.556908
-6.864717
-3.394693
-4.508397
-6.788089
-3.765109
-8.273870
-7.333014
-2.036115
-2.497142
-7.664484
-5.686668
-6.854771
-3.281613
-8.974794
-7.142334
-3.189605
-9.217366
-4.491267
-7.092256
-6.538346
-9.290655
-4.652266
-11.195889
-1.996382
-7.920803
-4.423647
-7.400105
-9.483958
-6.717012
-2.422771
-5.054303
-6.119495
-6.837402
-10.265279
-11.367442
-2.921971
-5.928049
-3.321938
-3.296052
-6.677801
-5.417914
-7.619999
-8.952924
-8.636207
-6.151846
-6.798333
-5.977475
-11.346561
-8.982216
-6.142251
-4.154687
-8.603474
-1.325217
-4.911181
-7.044025
-6.701920
-5.815543
-1.504797
-4.451180
-5.466923
-11.358191
-9.209438
-10.178522
-9.860597
-4.625096
-6.177354
-10.573093
-6.920033
-1.089049
-7.538598
-3.729478
-7.608235
-6.117374
-3.398998
-8.619676
-11.847069
-2.273924
-7.653723
-5.276603
-4.345488
-3.884805
-5.820320
-9.319519
-3.625457
-3.204130
-7.345902
-1.677802
-9.988429
-11.304643
-7.543368
-7.592444
-7.598832
-2.430527
-0.590561
2.522665
-6.957296
-10.482408
-3.641769
-8.831904
-6.574547
-11.577072
-8.328728
-7.490053
-3.555472
-6.272012
-3.943576
-8.012075
-3.285691
-9.355945
-7.894686
-3.731296
-8.066393
-4.404828
-6.088603
-5.222710
-0.063899
-7.166198
-7.289332
-6.058483
-10.359849
-3.942487
-4.472626
-7.199435
-10.184217
-8.953742
-8.205464
-7.992479
-3.380205
-7.442024
-3.788641
-5.460942
-4.608304
-6.608234
-0.269332
-6.128196
-4.091610
-8.797644
-7.081753
-11.104792
-8.249209
-0.918971
-3.251935
-12.006540
-1.110155
-8.021106
-7.067451
-6.696265
-6.538439
-7.205102
-6.596740
-4.148701
-9.653827
-6.669179
-3.717549
-7.149777
-8.610055
-4.109591
-5.937072
-6.650422
-6.796749
-4.143543
-2.410339
-9.509859
-8.469282
-6.395798
-6.908260
-11.521377
-10.694563
-4.590720
-5.198457
-7.614382
-1.625774
-5.381441
-10.083771
-6.093402
-8.544174
-9.050022
-5.810435
-7.779517
-7.187926
-3.072924
-2.905891
-6.107655
-9.160738
-7.230268
-8.719634
-4.914164
-8.414186
-2.111997
-9.390864
-10.426643
-3.411127
-7.038721
-6.769910
-3.811560
-6.545960
-7.288074
-10.078293
-8.977258
-6.646247
-2.416042
-7.770282
-5.960275
-4.995169
-6.534698
-8.414488
-3.766985
-5.727621
-2.150800
-5.829804
-6.648469
-8.459333
-9.137910
-2.236006
-9.658896
-0.191002
-7.388933
-6.283915
-6.477881
-5.916854
-8.270432
-5.401321
-7.536549
-5.999413
0.893890
-5.650874
-3.016437
-3.050816
-9.261601
-12.733788
-6.969569
-5.368543
-8.235184
-3.020302
-3.206443
-2.382064
-7.877130
-5.621686
-5.268003
-6.041812
-9.518810
-3.983274
-1.576200
-6.593815
-3.725560
-7.355502
-6.470687
-10.466230
-5.863642
-5.163194
-3.793045
-5.235919
-3.576324
-6.297808
-9.754489
-10.387274
-3.719005
-10.380115
-6.672693
-7.806520
-6.886697
-8.724670
-8.216542
-6.927531
-7.111035
-6.887273
-8.893990
-3.264296
-3.654560
-6.642897
-5.061832
-6.683395
-5.893791
-7.776098
-6.745064
-3.624874
-5.185454
-10.560431
-9.661216
-7.490053
-3.788378
-5.879070
-5.492321
-4.820970
-4.708724
-6.252375
-8.715888
-2.563765
-4.339255
-9.087524
-4.937084
-2.114759
-8.126917
-3.415355
-9.735327
-4.307529
-3.652950
-7.696811
-7.761292
-3.206108
-4.027228
-7.407166
-9.769093
-7.834087
-7.317302
-6.313746
-3.207055
-7.039191
-6.026438
-3.089058
-8.991204
-3.487898
-10.133517
-7.694498
-5.401500
-11.579248
-6.503424
-1.919992
-4.949589
-12.865248
-3.451007
-11.137192
-8.800550
-10.447053
-3.952637
-8.455508
-11.649837
-4.774047
-7.490053
-5.710802
1.032938
-7.839282
-7.129521
-4.134198
-5.134477
-4.631171
-7.289021
-5.507159
-2.202151
-3.626159
-6.423936
-6.371636
-9.328718
-8.832170
-6.306656
-2.218863
-7.691266
-10.700942
-4.427412
-7.638061
-5.700232
-6.388929
-8.405478
-4.165261
-1.595686
-3.223844
-0.569346
-1.755494
-7.141991
-7.856256
-5.904181
-5.272211
-7.507846
-5.054641
-5.686512
-7.490053
-8.118349
-7.072305
-5.601520
-5.056355
-6.795190
-4.299673
-6.660522
-8.534095
-5.593392
-6.884442
-3.955524
-7.564301
-7.381973
-6.625946
-8.125971
-6.646694
-10.930029
-0.658212
-7.793720
-4.728490
-8.288190
-5.487493
-6.326796
-4.082338
-4.504112
-6.246111
-8.034811
-7.963510
-7.767422
-5.228885
-8.109566
-7.855596
-0.781665
-6.892389
-3.747327
-3.802804
-4.948038
-6.031073
-5.089957
-0.907447
-6.423784
-3.711713
-7.851388
-5.921096
-1.654483
-6.424620
-2.486017
-4.869793
-5.500685
-8.248389
-3.024637
-9.132050
-9.275580
-3.865416
-3.453265
-8.233685
-4.336689
-5.089377
-6.944344
-8.856359
-5.095514
-11.579122
-6.330774
-5.870307
-4.961048
-6.833172
-5.426371
-7.720177
-7.141761
-10.084751
-6.606683
-6.653679
-6.166758
-3.732457
-2.898027
-6.222598
-6.736952
-8.034024
-3.610650
-8.926994
-7.038270
-4.079733
-2.603265
-0.897524
-7.931049
-7.010652
-10.345440
-4.767471
-2.817381
-10.437118
-5.216407
-7.598743
-4.039229
-3.015554
-7.055459
-6.945080
-5.295399
-7.633820
-6.091278
-4.894533
-8.544809
-6.491256
-7.257034
-7.278389
-10.604814
-10.708129
-9.030703
-8.295781
-5.732710
-3.968808
-4.611592
-2.864017
-3.571173
-9.648107
-6.874346
-2.684668
-8.295271
-6.295399
-8.642486
-5.069730
-3.627435
-6.234777
-6.090466
-10.019721
-3.862181
-6.719732
-1.836494
-8.173933
-5.441078
-3.237385
-4.216434
-4.616827
-15.329660
-9.154040
-5.485510
-4.982913
-9.800351
-7.153267
-8.035871
-2.203517
-5.921685
-14.666645
-4.953815
-3.482900
-4.134077
-11.726900
-7.513240
-11.389216
-9.223444
-2.228061
-6.520607
-5.808658
-3.897702
-9.092191
-9.607923
-6.535922
-9.095193
-3.502960
-9.731313
-4.357541
-3.285093
-8.557159
-2.184189
-0.637426
-6.048679
-2.585258
-5.832653
-4.511821
-7.209293
-9.924978
-6.640556
-8.129181
-6.967461
-6.726853
-10.746478
-3.152086
-8.387914
-6.236513
-5.198372
-5.784536
-5.773458
-4.681279
-5.424966
-0.682067
-8.973776
-5.513732
-6.388870
-9.004949
-7.434296
-2.749043
-5.669167
-6.640498
-7.621321
-9.049695
-4.649979
-4.993782
-9.582784
-9.631173
-7.397163
-3.240605
-5.555293
-5.820763
-4.365346
-5.429451
-3.877675
-5.646342
-7.491061
-7.039379
-1.655179
-7.628579
-7.588934
-9.457442
-9.463440
-10.624516
-3.799420
-4.127599
-6.144662
-2.036854
-10.734595
-5.049327
-6.273676
-4.540889
-8.198189
-6.016794
-4.561099
-5.029260
-3.220528
-7.436226
-12.006540
-7.950130
-1.221299
-4.392305
-4.355718
-4.715982
-8.366356
-2.338899
-9.408093
-11.181465
-8.790384
-6.093309
-4.594563
-3.518534
-1.818728
-7.886527
-5.682182
-6.023415
-5.679389
-4.598353
-6.272902
-7.724623
-2.898637
-5.279046
-6.475822
-5.816908
-9.156240
-3.628376
-6.137346
-4.702713
-4.102837
-1.752231
-3.096458
-8.252923
-6.767690
-4.779439
-6.947439
-2.307595
-5.119112
-9.363874
-1.061568
-5.482000
-9.656784
-3.943655
-4.930283
-9.455729
-4.680591
-5.924378
-5.709818
-4.073268
-3.757210
-0.620422
-6.928187
-3.588171
-6.977833
-7.376851
-9.498766
-8.433827
-5.831522
-8.539449
-4.433708
-6.859748
-1.803972
-4.328515
-3.311646
-1.126535
-4.455554
-4.735563
-8.389053
-7.572522
-4.281597
-8.152610
1.122319
-6.313207
-6.183202
-7.263619
-4.839196
-5.654412
-8.218987
-7.893979
-8.855763
-9.418684
-3.437021
-6.842713
-3.696538
-2.264717
-3.963764
-5.550863
-3.076007
-5.380828
-9.551320
0.419075
-6.408274
-6.878757
-6.009433
-7.607806
-5.716151
-10.632089
-6.336146
-7.789611
-6.201410
-6.525579
-5.240022
-8.475414
-4.936708
-10.123838
-5.316348
-2.770773
-1.346274
-7.286739
-5.669978
-5.376754
-3.482175
-6.293626
-6.235246
-8.061797
-5.802772
-5.576061
-7.601458
-2.950684
-7.623830
-7.411655
-7.785764
-5.293215
-9.170927
-5.551687
-4.016359
-6.767514
-2.927565
-5.261531
-3.849169
-7.505834
-3.871162
-4.171835
-10.016986
-3.817603
-6.595514
-9.138143
-6.447028
-5.383947
-4.880180
-9.139752
-8.692127
-7.756652
-3.044588
-7.285845
-5.570193
-5.953189
-1.904872
-5.418917
-5.557299
-6.531745
-6.550188
-6.718627
-2.915002
-5.840325
-2.861487
-9.227205
-7.805572
-3.295083
-5.061903
-6.476080
-8.409142
-2.720369
-10.698608
-6.890529
-7.251179
-0.150126
-6.099575
-8.190537
-8.399935
-9.398561
-6.848632
-8.553764
-4.911982
-11.098739
-2.116867
-1.817769
-9.197781
-9.802164
-4.868496
-5.992716
-8.800653
-10.097403
-5.659906
-5.758470
-9.391464
-5.435954
-3.327975
-5.638655
-3.897711
-3.369808
-7.250906
-5.544071
-8.856359
-4.720734
-3.941788
-4.383582
-3.339834
-7.511404
-3.568039
-6.940266
-8.934011
-8.420240
-6.727500
-4.163232
-4.265937
-6.632725
-3.789536
-5.544529
-5.855934
-10.832261
-8.277418
-8.442469
-4.001919
-8.988371
-3.142308
-7.532538
-6.741798
-7.421230
-6.824949
-10.811180
-11.719975
-3.853446
-6.622979
-5.107709
-2.576715
-8.196816
-8.478318
-9.382157
-5.855531
-4.481551
-8.033529
-8.608793
-12.250973
-4.607347
-4.754589
-4.805997
-6.754928
-3.149961
-4.179185
-9.186460
-9.481363
-7.548567
-3.047544
-6.456721
-7.414798
-2.827429
-6.150360
-2.364614
-4.637751
-8.704361
-8.436041
-7.251718
-4.534584
-11.337530
-7.477139
-2.606794
-10.639900
-4.864483
-2.607847
-5.550326
-3.123705
-4.697113
-4.697082
-0.173049
-7.851490
-2.355363
-12.158333
-6.532754
-7.262195
-5.648130
-2.181973
-4.065851
-4.068356
-6.084168
-7.372659
-10.492986
-3.425898
-8.291772
-5.730580
-6.307449
-4.595780
-12.077367
-10.397266
-5.748275
-2.300014
-4.672368
-8.231372
-6.003228
-7.980658
-3.179357
-9.141479
-5.359247
-4.623744
-7.329339
-5.902758
-5.387266
-9.852753
-5.930502
-9.490672
-8.489943
-5.137782
-3.572926
-9.328456
-6.454237
-2.603229
-5.878445
-6.569885
-9.652559
-6.842634
-4.621274
-7.490053
-3.678244
-5.295818
-5.586410
-4.226932
-5.733985
-5.718560
-6.013641
-7.971358
-7.109680
-7.983148
-8.273097
-9.612417
-5.237614
-3.664171
-9.410528
-7.653317
-5.722369
-8.125390
-6.803017
-4.681844
-4.851375
-5.779285
-5.311078
-7.287183
-9.768145
-2.816200
-7.745975
-6.216637
-4.933014
-4.915024
-9.738374
-8.024804
-8.175517
-9.077982
-7.424869
-8.331249
-9.680089
-3.062130
-8.613180
-6.084969
0.338702
-5.224380
-6.959442
-7.382026
-4.086371
-3.518934
-5.647181
-7.101348
-5.980102
-4.950996
-9.552796
-3.100725
-6.697974
-6.752681
-6.212663
-4.228461
-5.789423
-3.161765
-6.812159
-3.236508
-10.049228
-7.781134
-5.195880
-8.635873
-1.051272
-4.947345
-3.671982
-5.559525
-3.860102
-9.038095
-5.233137
-7.490053
-3.480770
-3.076671
-8.088338
-2.804924
-8.567871
-2.997185
-4.814672
-3.646286
-6.124639
-9.710294
-7.486330
-8.227110
-7.633211
-7.521843
-5.200667
-6.674839
-8.426516
-5.050359
-6.521312
-3.761072
-4.192418
-5.793411
-10.822325
-4.411872
-8.149712
-9.852775
-6.215672
-0.514792
-8.566460
-4.815304
-8.712553
-6.673391
-8.947518
-5.081179
-12.693587
-9.891693
-5.631136
-4.541333
-9.201870
-4.064292
-6.611861
-3.553960
-7.371792
-6.987173
-8.187612
-7.497062
-2.996331
-8.677549
-6.609646
-5.902206
-5.927200
-3.244996
-4.892109
-8.557119
-7.490053
-8.941232
-8.138785
-4.414414
-6.093230
-2.155913
-6.187267
-3.415658
-4.073442
-7.248978
-4.923709
-6.043999
-1.149636
-6.482957
-9.628047
-4.824791
-4.060604
-4.179934
-7.524242
-9.246369
-6.455966
-8.163777
-5.172663
-6.863021
-6.438575
-9.345329
-6.210563
-7.379516
-5.819228
-8.379535
-3.853576
-3.303687
-6.510599
-6.836525
-5.719658
-5.536084
-5.071752
-7.058910
-4.172367
-7.099779
-8.401106
-7.387420
-6.647789
-9.853630
-11.625793
-5.969744
-7.587338
-6.639228
-5.773938
-8.049990
-5.521269
-5.117428
-6.047664
-8.322250
-6.353998
-8.245801
-9.387067
-10.394082
-2.103147
-2.913570
-3.640566
-7.818228
-6.942633
-7.670086
-0.543184
-5.693645
-6.390172
-5.321818
-6.642835
-8.607855
-6.634827
-5.425103
-7.891378
-2.554225
-3.936693
-6.650220
-4.132218
-7.118220
-2.923949
-5.115551
-8.323952
-5.957530
-2.168184
-5.842096
-3.962712
-3.067265
-4.839286
-8.242402
-6.820784
-6.660860
-5.194797
-8.086000
-5.584574
-5.265641
-7.209716
-8.146347
-8.531439
-5.230209
-4.868037
-5.766017
-7.224324
-7.349749
-8.282502
-9.037061
-6.371258
-5.525599
-4.276300
-2.100254
-5.182834
-7.961162
-3.748974
-6.344397
-6.022143
-3.032664
-7.435894
-7.009507
-3.379656
-8.712068
-3.892454
-7.386560
-9.142099
-3.774263
-7.948273
-4.704954
-5.613049
-6.804045
-5.616580
-8.887587
-5.563379
-10.467001
-6.296875
-5.023652
-3.433594
-5.548574
-6.226045
-7.707875
-12.006540
-9.418839
-6.813800
-7.380636
-3.520476
-2.020564
-8.461055
-8.856359
-9.897982
-3.298461
-5.433021
-6.300227
-8.966566
-6.345971
-2.535457
-6.891759
-10.423817
-5.351120
-5.684783
-4.919182
-7.708114
-3.540879
-6.012739
-6.044365
-11.230535
-3.337512
-5.806557
-5.352634
-7.892910
-3.994037
0.428182
-3.822344
-3.672385
-6.484649
-4.990363
-7.892184
-6.042140
-5.688013
-5.770414
-7.366680
-4.571007
-4.526121
-10.382457
-11.150268
-6.555846
-6.019236
-4.808428
-6.413363
-3.353612
-9.132573
-9.413331
-5.962444
-5.451732
-4.786695
-8.832170
-7.281560
-6.821633
-5.756332
-3.138908
-4.317295
-7.922934
-3.986269
-6.608048
-4.158978
-7.969901
-7.260329
-7.069558
-0.465988
-6.296011
-4.474780
-6.749231
-4.395187
-4.230813
-7.599985
-5.623565
-4.011970
-6.473145
-3.409537
-3.663773
-11.503159
-9.107509
-5.274105
-7.635727
-9.673392
-5.760199
-4.761581
-8.932771
-6.868772
-5.769414
-5.604716
-8.634054
-8.040820
-2.641074
-5.039041
-3.038970
-9.793002
-4.977283
-3.189794
-8.914469
-6.000351
-6.638705
-6.523495
-8.810068
-6.847185
-4.115311
-6.451380
-8.492413
-5.618668
-6.653728
-7.589146
-5.917912
-3.808212
-4.860438
-7.445929
-5.774486
-8.820211
-9.401897
-4.261835
-5.811294
-6.109710
-4.959970
-2.334689
-5.870073
-2.290801
-7.231995
-6.449233
-8.435058
-8.799736
-10.342423
-8.195986
-5.886603
-8.191281
-1.828329
-3.504065
-7.414034
-8.082644
-9.932919
-7.043807
-6.913590
-8.002314
-3.989008
-6.939566
-7.419611
-9.946018
-6.127707
-5.878437
-4.879275
-5.475531
-4.937436
-5.228070
-3.610362
-10.694563
-6.246236
-2.519089
-2.897193
-6.206394
-3.941543
-6.527195
-8.341030
-7.969506
-7.303547
-4.642971
-7.946395
-4.243180
-1.826544
-8.374827
-7.299805
-5.824606
-6.998894
-5.338979
-5.302921
-5.955514
-5.074458
-9.708787
-5.992590
-5.869802
-3.165898
-7.173913
-6.797881
-8.659124
-7.009720
-7.104986
-7.025081
-6.367526
-5.107855
-2.501644
-12.089655
-7.349049
-5.365554
-4.455684
-7.313641
-9.996442
-7.665070
-2.509125
-5.487136
-8.984344
-7.028713
-7.700637
-8.699439
-9.731723
-5.741330
-3.516327
-5.296694
-11.247084
-5.714268
-6.107478
-6.586742
-1.645819
-4.207098
-4.106073
-9.633073
-6.549927
-7.056129
-4.983107
-7.138483
-6.654780
-4.664356
-5.064837
-7.167439
-5.434075
-4.915282
-6.321802
-5.505090
-10.300893
-8.715034
-5.936743
-5.623806
-7.910123
-5.860877
-7.628668
-8.511980
-7.743990
-12.276516
-7.644303
-2.901467
-4.939639
-3.877800
-7.480910
-6.228563
-3.635263
-7.529224
-6.522210
-3.206242
-6.508388
-3.029661
-8.704926
-6.790734
-2.921973
-4.728473
-4.909460
-6.803923
-3.353672
-3.996228
-3.939764
-7.743192
-6.589464
-5.078536
-4.895379
-5.801763
-6.394904
-7.814647
-2.935898
-7.883127
-8.408102
-6.083095
-5.842980
-7.038798
-0.880467
-7.627813
-5.815746
-0.708309
-5.873005
-9.082357
-5.797734
-2.269374
-6.893778
-6.936898
-6.776229
-7.307302
-7.758769
-9.915755
-5.478620
-7.950142
-4.307552
-6.324054
-7.883750
-2.970161
-5.066517
-6.181307
-6.164205
-3.674648
-8.435042
-5.301608
-4.093721
-8.332094
-4.497377
-2.363030
-5.676209
-5.907381
-4.576628
-10.379507
-5.358044
-7.245157
-9.503068
-7.490053
-6.250422
-5.654300
-5.103621
-5.910367
-7.312384
-8.453519
-2.557493
-9.214512
-10.694563
-5.220934
-9.991452
-6.247550
-8.904902
-6.765485
-7.381444
-5.163943
-4.157812
-2.048847
-8.269811
-4.960663
-7.858441
-2.947508
-8.832170
-3.647527
-4.004135
-5.806976
-4.632108
-6.761026
-7.704745
-4.874753
-3.288785
-6.601433
-11.625793
-7.760759
-6.319548
-3.883506
-4.028485
-2.577029
-7.200246
-4.409895
-5.710677
-6.573964
-4.632033
-0.312538
-6.854892
-5.132774
-3.905345
-4.715936
-5.011248
-6.482414
-5.700526
-5.635485
-2.625538
-0.499836
-5.209141
-2.842350
-5.376975
-4.092500
-7.209229
-5.540158
-8.283419
-3.987108
-1.273287
-7.910330
-6.916120
-9.303976
-10.925115
-7.458011
-4.990374
-6.319002
-5.022856
-6.498286
-5.648130
-7.019081
-8.082825
-2.328522
-4.408953
-9.203773
-6.867396
-5.631546
-2.733187
-7.775136
-9.336378
-11.519527
-3.146976
-7.833168
-6.929708
-8.804477
-5.575542
-5.961783
-4.117475
-7.914917
-8.287661
-5.866443
-6.431318
-7.532356
-5.910306
-7.078500
-5.988237
-6.716643
-9.302557
-7.027781
-7.764004
-3.725045
-7.949750
-9.162550
-8.202997
-2.771690
-2.615928
-4.934469
-5.770456
-8.359952
-5.260301
-8.863608
-5.599678
-4.752545
-2.712014
-8.943695
-9.681642
-3.062999
-8.351125
-4.312030
-9.727046
-8.313887
-4.090979
-6.845260
-4.931972
-3.663782
-9.835154
-7.792881
-9.516555
-7.178677
-9.082216
-9.413901
-2.681189
-3.242639
-6.794610
-3.597253
-7.302475
-3.672997
-9.389075
-12.752126
-5.530357
-4.094799
-9.982684
-2.626524
-4.592782
-7.902897
-3.549499
-5.297204
-6.717147
-2.136355
-6.958774
-0.515818
-9.259443
-8.219995
-5.388979
-1.058246
-2.266408
-2.838823
-4.872574
-7.421116
-4.439162
-2.793020
-6.383396
-4.497414
-2.357138
-7.068436
-5.781758
-4.694374
-8.973055
-5.833640
-5.986736
-4.668941
-5.720266
-4.774461
-4.936599
-7.628626
-6.869684
-2.597950
-5.041791
-6.147044
-5.882275
-4.779378
-4.653072
-5.997270
-7.654703
-9.698416
-3.566393
-6.211585
-4.051471
-6.798389
-5.780513
-6.854408
-4.542030
-3.517348
-4.951724
-7.367646
-8.547567
-7.710396
-10.741940
-6.657962
-5.705575
-4.040236
-4.036765
-6.504053
-5.553991
-7.328773
-7.767691
-6.189591
-7.829482
-3.643719
-8.738933
-6.126890
-5.309477
-4.852459
-6.198394
-6.642634
-3.589756
-8.693403
-4.987004
-6.746513
-7.638523
-8.797861
-5.349864
-2.768446
-4.836180
-5.870931
-7.098894
-7.263690
-4.402386
-4.466855
-8.288925
-9.446795
-4.315904
-6.142469
-5.361372
-7.656473
-7.214743
-9.088273
-4.105254
-4.792514
-4.282903
-5.541895
-6.518159
-4.613462
-6.508565
-4.406268
-10.749588
-7.085466
-7.082601
-8.831201
-5.333313
-10.043462
-6.352190
-3.399122
-5.704465
-6.798160
-7.392632
-4.215285
-7.029088
-5.129951
-9.835566
-7.065265
-5.959935
-4.344709
-6.797327
-1.475004
-5.855721
-6.226532
-9.065600
-8.769322
-8.768088
-7.340553
-8.469770
-4.727279
-7.440888
-10.925752
-9.386868
-4.792813
-8.732260
-4.260674
-6.100475
-7.510836
-4.999734
-5.543253
-4.536185
-7.505719
-6.957302
-7.975190
-5.019263
-6.836837
-5.074049
-8.463096
-6.121943
-4.800509
-4.193767
-4.852417
-5.947659
-4.673721
-4.801822
-1.076807
-6.869498
-8.029230
-6.205653
-10.647268
-8.428837
-8.854111
-5.451126
-11.757867
-8.029756
-6.444442
-4.167953
-7.094044
-5.118587
-9.234192
-5.314716
-9.402603
-3.734261
-6.657236
-4.358046
-4.507444
-1.744511
-3.589676
-4.799217
-12.166287
-6.763849
-9.473969
-7.490053
-5.364929
-7.386968
-9.198144
-9.757076
-5.115826
-3.120131
-8.162660
-6.712710
-4.880599
-7.136911
-9.537992
-6.635024
-11.585281
-7.783946
-4.955892
-3.494028
-3.013633
-6.774833
-6.010798
-6.731966
-0.623056
-3.856842
-7.451294
-8.917673
-7.266021
-5.350616
-5.999194
-7.400632
-9.081684
-5.768374
-5.019048
-9.454088
-4.941373
-9.119283
-6.791861
-6.481452
-7.460475
-8.417673
-6.105316
-4.636931
-8.825699
-5.226037
-7.913372
-8.273712
-7.561090
-9.715354
-4.255570
-6.620575
-7.829226
-6.215078
-8.125701
-6.380664
-4.835824
-9.349815
-6.905422
-8.653227
-7.712478
-4.366368
-5.898404
-7.220360
-4.385895
-1.345544
-3.524716
-7.075752
-5.347228
-12.006540
-10.113544
-4.874497
-6.453714
-7.526711
-7.510625
-7.403864
-8.691549
-4.315066
-7.295042
-5.984390
-11.012916
-7.971146
-3.574657
-1.335062
-3.298705
-4.178496
-5.486072
-8.508782
-7.480017
-7.434374
-2.734104
-4.836103
-4.977517
-6.883590
-6.085647
-4.312796
-7.859612
-3.266039
-6.718551
-8.129106
-5.571941
-3.452958
-6.853623
-2.627785
-8.133312
-2.930695
-9.007185
-8.069514
-6.917489
-8.296598
-6.481795
-6.598972
-11.790046
-9.839445
-6.109354
-7.987555
-8.827966
-5.736926
-5.258383
-6.358558
-0.350461
-6.112161
-7.152972
-5.442632
-8.634038
-8.264304
-9.900622
-8.503849
-6.617526
-8.172415
-2.468431
-9.261350
-6.793074
-4.271107
-7.592450
-6.826458
-5.042362
-7.490185
-8.832170
-6.821096
-8.889544
-7.893228
-4.406488
-7.136730
-7.693600
-3.521580
-10.315691
-5.127395
-3.614780
-9.627678
-4.756867
-6.708726
-5.321970
-6.152123
-5.363848
-8.617914
-7.223515
-6.020216
-7.394667
-9.291555
-5.614715
-2.591596
-7.800429
-9.812965
-5.480556
-3.978821
-8.018005
-6.431252
-11.625793
-5.662848
-11.177334
-7.570211
-4.336604
-3.309273
-6.859015
-4.359043
-4.406896
-5.618259
-9.583180
-4.533354
-9.345878
-5.966861
-3.008483
-5.767577
-6.465374
-7.122504
-4.652090
-5.631199
-4.489727
-9.718298
-7.239301
-5.812190
-3.778787
-7.664742
-2.219092
-5.064188
-9.420593
-8.673220
-5.995905
-10.811631
-2.773209
-7.547755
-2.154144
-6.446466
-8.249440
-7.564165
-8.989678
-12.006540
-5.357704
-3.258306
-5.630640
-9.654054
-3.577342
-7.258713
-5.503994
-5.753715
-8.457221
-4.521206
-3.865671
-5.813761
-11.372681
-5.474928
-4.245607
-4.503092
-6.062255
-4.084677
-3.161946
-6.989511
-9.784655
-2.888677
-5.835734
-8.969491
-3.941967
-6.452761
-7.124435
-4.634167
-4.666655
-4.595445
-7.030167
-6.974015
-6.872471
-6.883527
-8.940831
-7.686146
-4.728351
-11.170911
-8.143366
-8.937286
-4.720053
-8.832813
-4.701340
-7.660971
-6.046005
-6.531105
-7.852088
-5.287485
-4.529799
-11.298066
-2.975109
-4.515365
-5.687487
-9.821268
-7.382278
-4.427602
-4.327572
-6.604642
-7.377837
-5.494442
-3.534942
-7.295143
-4.673517
-6.154210
-3.228897
-5.945225
-7.337648
-3.053123
-8.133699
-7.130076
-4.433465
-9.331040
-6.748578
-12.006540
-10.542933
-6.400535
-10.406493
-6.995720
-10.062916
-4.536657
-2.514596
-5.805195
-7.818188
-5.797149
-2.859724
-5.027323
-8.154053
-7.442017
-7.150711
-6.293500
-6.148966
-3.940398
-8.214289
-4.589690
-5.292361
-10.188627
-9.624936
-7.819831
-6.070280
-3.062119
-6.254157
-8.313153
-10.221786
-9.675596
-6.759844
-4.072339
-8.553408
-6.635363
-7.117984
-10.047532
-8.868602
-3.107958
-6.417314
-8.517528
-7.017430
-5.213383
-4.181769
-6.041968
-5.779581
-7.182101
-7.640685
-7.490495
-6.108852
-5.165993
-6.357037
-8.157038
-8.367140
-7.581955
-5.647559
-7.702541
-4.333183
-7.610725
-5.307503
-9.027089
-5.743000
-5.720634
-6.643433
-3.924675
-5.101200
-3.828888
-7.011785
-7.763778
-6.773436
-7.788527
-4.542887
-5.278286
-1.696172
-8.480370
-6.499025
-9.412639
-6.202578
-5.627263
-5.620198
-6.256243
-7.490053
-7.310171
-8.067449
-5.918959
-7.490053
-9.025729
-6.929135
-2.833641
-10.109424
-2.312223
-4.018082
-3.382844
-7.173578
-4.716343
-6.144756
-3.887055
-5.417242
-6.043562
-6.613986
-9.358166
-7.753488
-7.768175
-9.223763
-5.426392
-4.497709
-7.257919
-5.036444
-9.582842
-6.624678
-8.928672
-5.738844
-4.404078
-5.103552
-9.032626
-4.880370
-8.832170
-3.539146
-4.244390
-7.556481
-6.885939
-6.418875
-6.365808
-3.557822
-5.497401
-7.167782
-5.244293
-5.742151
-7.529233
-6.389709
-7.490053
-3.521431
-7.027117
-2.511772
-8.359151
-3.810424
-5.865345
-9.095700
-6.591042
-7.994333
-2.796758
-4.928720
-6.609504
-6.627481
-6.925776
-6.781031
-4.314083
-3.576181
-12.192985
-2.226607
-8.560401
-5.480432
-13.193056
-5.578574
-6.848914
-6.300776
-8.392474
-2.905387
-6.166873
-9.973569
-9.043275
-6.045590
-8.255514
-8.076571
-6.552821
-5.975407
-8.606574
-5.038188
-8.375466
-7.805424
-13.145061
-8.267275
-8.008473
-8.700001
-12.826892
-10.188433
-10.783508
-12.654522
-0.005143
-5.946508
-7.805635
-3.549757
-5.346399
-7.703724
-7.752601
-6.246110
-4.120801
-6.347650
-8.504813
-6.777995
-7.848567
-10.921116
-5.576597
-5.103521
-6.163016
-3.807694
-8.213441
-9.004231
-9.252407
-11.945871
-9.050962
-10.479461
-3.955361
-4.786219
-5.324924
-9.323655
-5.679379
-5.655580
-9.611792
-5.600894
-3.947868
-4.736560
-5.312163
-3.731518
-6.329719
-3.878645
-4.253446
-8.832601
-6.942442
-7.123395
-8.816780
-8.811504
-5.170865
-7.469189
-9.205517
-6.892310
-4.330099
-7.513612
-8.123215
-4.282043
-5.645792
-9.419640
-7.829807
-3.624375
-5.283304
-5.833366
-5.501369
-6.256786
-4.594185
-7.007569
-7.721749
-7.730412
-1.625440
-5.824249
-2.934263
-2.047294
-6.912354
-13.212381
-11.561502
-6.650283
-4.339977
-8.782768
-6.125977
-3.006268
-4.777199
-7.810782
-8.572145
-4.953605
-10.603927
-5.598973
-8.323664
-9.594902
-7.339529
-5.410177
-6.627000
-8.509692
-5.224791
-5.422628
-6.646285
-5.522449
-7.176590
-5.708135
-8.495127
-5.745176
-4.465619
-10.302845
-4.737615
-6.879706
-7.918234
-6.410869
-4.100207
-8.910124
-2.796694
-0.888319
-7.596473
-8.622008
-1.585432
-9.659070
-7.799540
-3.167496
-8.596183
-3.463142
-9.033417
-7.024214
-5.984752
-4.421929
-10.021514
-8.967322
-9.481751
-7.490053
-7.075595
-8.137156
-5.241353
-5.636041
-9.191475
-10.178435
-7.415166
-3.274019
-5.732524
-7.731160
-6.520597
-6.567507
-5.445208
-4.838453
-3.266563
-6.773798
-7.288532
-7.848379
-6.001083
-4.250659
-4.121960
-8.251039
-8.733989
-6.173118
-5.265758
-10.377582
-3.568021
-2.948125
-3.270784
-2.777018
-6.335440
-8.377465
-5.750761
-4.982224
-6.600912
-5.942773
-9.072958
-5.162731
-8.586411
-1.923907
-4.587694
-2.833677
-8.762159
-2.713115
-4.734678
-3.850578
-5.079371
-4.207288
-5.603915
-6.971606
-2.510539
-5.029583
-4.825154
-6.530752
-7.546093
-4.979148
-11.212074
-7.810437
-5.827106
-7.173676
-9.766725
-8.315358
-5.702256
-2.722307
-8.739150
-12.300930
-4.930984
-3.774418
-10.149312
-4.636418
-5.766563
-9.923112
-3.158902
-6.853299
-7.559687
-3.038851
-4.110941
-8.021161
-7.336759
-6.795670
-7.227689
-7.678356
-2.534842
-6.153522
-11.312978
-7.829008
-5.819058
-10.216288
-8.307453
-6.611669
-10.526332
-6.998428
-5.415354
-5.568208
-3.354218
-6.820717
-3.603267
-6.348233
-6.305179
-6.555576
-5.518610
-5.088639
-7.334790
-4.079864
-7.345204
-9.026337
-7.841654
-5.225554
-4.385755
-6.277339
-5.821574
-9.966124
-5.672480
-8.830868
-2.802883
-4.761894
-9.542369
-5.448597
-7.419952
-6.063044
-2.676997
-4.015598
-5.850777
-8.893031
-5.654982
-9.339532
-6.319623
-7.125990
-6.378592
-11.012442
-7.196310
-3.564176
-5.207864
-10.086053
-8.876973
-6.543912
-9.916044
-12.465634
-4.873729
-4.577828
-6.972317
-5.717931
-3.959150
-9.464896
-8.224586
-4.939415
-5.514027
-7.099447
-4.933062
-9.989580
-5.171683
-8.018385
-7.170189
-10.451134
-7.307538
-4.292523
-3.472166
-5.762921
-8.150927
-11.508230
-5.779010
-7.069415
-6.743053
-9.429230
-6.446427
-6.672453
-7.611851
-7.153131
-6.444299
-4.364379
-6.442352
-8.770301
-9.038619
-9.269316
-5.986697
-9.117365
-7.743204
-8.739932
-2.151316
-6.665740
-11.061125
-4.854519
-7.267303
-12.716763
-4.298335
-5.108982
-6.617035
-2.378840
-5.832438
-7.641597
-7.716577
-3.063400
-5.282148
-7.611078
-3.819104
-7.498491
-3.540073
-4.250633
-7.863708
-7.052025
-6.430468
-5.577283
-3.423915
-8.682590
-3.304832
-3.034365
-5.365650
-9.366780
-9.137325
-5.066194
-7.684724
-6.651204
-4.988617
-4.341450
-7.313374
-6.416188
-5.784415
-4.224804
-9.464808
-8.101144
-8.394417
-6.024941
-4.488834
-5.828776
-6.909742
-12.006540
-4.635972
-8.474140
-6.519047
-9.648327
-7.888653
-6.088877
-10.594532
-6.426561
-5.956220
-5.933791
-4.923653
-7.464643
-6.815991
-9.466254
-7.239680
-3.326475
-7.537087
-0.979402
-7.469472
-8.321671
-4.692173
-8.009234
-7.619146
-3.881502
-7.092934
-5.064859
-3.361623
-3.180693
-4.603302
-6.723492
-11.934217
-8.627529
-8.168324
-10.157727
-8.881481
-4.100235
-3.641691
-10.139627
-6.106486
-9.059247
-6.494028
-7.757195
-7.490053
-7.213277
-7.285974
-6.730286
-5.283641
-4.978799
-6.120348
-9.411478
-7.176445
-8.428890
-3.658097
-6.472090
-4.252936
-3.401723
-5.247646
-5.948699
-4.818275
-6.410344
-8.276031
-4.885753
-7.684931
-7.158569
-6.469697
-7.016063
-7.490053
-5.792266
-4.823479
-3.717193
-4.637876
-9.612519
-3.272770
-6.962661
-8.019703
-5.880440
-5.803765
-4.529906
-6.233855
-6.507971
-7.700382
-4.573250
-9.168956
-5.000758
-7.476123
-6.685491
-8.760659
-5.413576
-8.398940
-9.142444
-5.808739
-8.350900
-6.316395
-6.762030
-8.752419
-4.638365
-8.468551
-7.820161
-4.586428
-6.563260
-5.302907
-4.475165
-8.249141
-5.557878
-6.556581
-6.206561
-6.874750
-5.790223
-4.032636
-3.992318
-6.124309
-8.960560
-6.573921
-9.166907
-5.606106
-5.300313
-7.497947
-7.002232
-6.319705
-7.588295
-7.414895
-5.052685
-9.102201
-4.326422
-4.730519
-7.026432
-6.614553
-8.107497
-8.237296
-6.842439
-3.754274
-6.963592
-7.396817
-7.508779
-7.185781
-7.199862
-6.240563
-5.732368
-9.891984
-8.406090
-9.855282
-5.924000
-7.855467
-6.975877
-7.326897
-8.655054
-7.258862
-7.411569
-3.113182
-7.997475
-5.351754
-6.205688
-8.160177
-10.240992
-2.970683
-7.915253
-8.363982
-7.894863
-8.905439
-7.668598
-4.503552
-5.073380
-3.394157
-6.629239
-6.341782
-3.052219
-6.080961
-7.521533
-8.286997
-5.907392
-3.434721
-6.953491
-6.315838
-10.523534
-5.560404
-5.630712
-9.514184
-6.668893
-11.532907
-5.174439
-9.906208
-7.287564
-5.934725
-6.780802
-3.844799
-8.818630
-10.564973
-2.965479
-8.763262
-5.384013
-7.669672
-8.836297
-8.639190
-8.187334
-6.041398
-7.328016
-2.621716
-8.857450
-8.254319
-9.114078
-9.786789
-4.024051
-10.405454
-6.552338
-3.709171
-7.365732
-5.775555
-4.674637
-5.978253
-6.206952
-6.512410
-5.367632
-3.930202
-6.666215
-8.831211
-6.955675
-4.486420
-7.336195
-8.301380
-6.852180
-6.583787
-11.344473
-7.916661
-8.795958
-7.239930
-4.556895
-9.996079
-8.020546
-8.810540
-7.609345
-4.981545
-7.736083
-1.964864
-5.894206
-6.290633
-5.991132
-3.153156
-9.568419
-7.769491
-8.165890
-3.089711
-8.825153
-8.036134
-10.689305
-5.146685
-7.160119
-9.435357
-8.981125
-9.929017
-6.601471
-8.597462
-7.878973
-3.259942
-6.037670
-14.589023
-6.455234
-8.139701
-7.787689
-7.230978
-6.981518
-6.081155
-4.237090
-8.055706
-3.193771
-3.776899
-8.496899
-7.004471
-5.556061
-5.572731
-8.450483
-3.795316
-8.697038
-9.208548
-9.981943
-9.665152
-6.608198
-5.320057
-7.454728
-6.617260
-3.985081
-4.286396
-7.306298
-7.927645
-10.688228
-9.132616
-2.529591
-4.235440
-6.297788
-5.657608
-8.888494
-8.780939
-5.886109
-6.952881
-4.365898
-9.496024
-8.901816
-9.109590
-4.207904
-6.523231
-8.608631
-5.984458
-6.643158
-6.144591
-5.865371
-9.789618
-9.360330
-5.246760
-3.327527
-4.112817
-6.468562
-10.397266
-5.897948
-7.371232
-9.426101
-4.632838
-4.025238
-7.763063
-9.470060
-3.568537
-6.554416
-4.697817
-6.190329
-4.349619
-7.651781
-6.246058
-5.562768
-6.768622
-6.408516
-6.385749
-3.416984
-6.772928
-7.540367
-11.625793
-8.620378
-6.524771
-7.545565
-3.539878
-6.597561
-4.375219
-7.160976
-4.948563
-9.804078
-5.205219
-7.589104
-4.346632
-8.110520
-12.226164
-9.046058
-2.964990
-7.545292
-3.471709
-8.853388
-4.060472
-7.921487
-7.999244
-6.766719
-5.601453
-4.627250
-7.449920
-5.850173
-5.220280
-5.837522
-2.468278
-7.352602
-6.899160
-7.947876
-7.524291
-6.854863
-4.559356
-5.446664
-4.634759
-8.256188
-7.050512
-8.503658
-7.748076
-4.459284
-2.354380
-9.385499
-3.894134
-8.035683
-5.714876
-7.168099
-3.087407
-4.558836
-6.805712
-10.518340
-6.207312
-5.089277
-7.343405
-3.839150
-7.239277
-7.331977
-4.964759
-7.091092
-7.170863
-4.961955
-7.487177
-1.403507
-5.559404
-6.264977
-4.351493
-6.353696
-4.460302
-7.560997
-9.694570
-8.431576
-6.663442
-5.600687
-10.908927
-5.607886
-6.656976
-6.039176
-11.078184
-6.817907
-5.077543
-6.419313
-9.601155
-5.475607
-5.617537
-6.035316
-4.345202
-7.318547
-7.331265
-8.639359
-8.680403
-13.504351
-4.573102
-6.202094
-5.034448
-8.699492
-2.372839
-4.335683
-3.614153
-7.935369
-5.439051
-9.136216
-4.290291
-3.336109
-7.205838
-3.593067
-3.362052
-2.298277
-7.857709
-5.186680
-11.526490
-6.886204
-4.595252
-6.413972
-3.896531
-7.799584
-3.884452
-9.593018
-5.549440
-10.694563
-10.624179
-6.862728
-5.922510
-8.350560
-6.342784
-7.444788
-8.407946
-6.847541
-5.292712
-3.133374
-6.135009
-5.112003
-1.103415
-6.073270
-3.514526
-5.668609
-6.113601
-7.490053
-10.379561
-4.435884
-5.209988
-10.001457
-4.037119
-9.030656
-5.987946
-6.076030
-4.147119
-9.697156
-1.910920
-9.189122
-5.032672
-4.731261
-7.689218
-10.315865
-6.222552
-4.767766
-5.349903
-6.251538
-5.052384
-6.552976
-8.791185
-6.310594
-4.392519
0.149903
-8.040882
-5.172875
-9.099188
-6.255809
-5.968263
-5.762102
-2.427858
-12.122911
-9.935480
-7.012030
-7.243742
-6.948450
-2.602988
-7.993699
-4.650518
-7.722756
-4.420733
-4.716918
-3.890342
-5.480084
-4.690268
-7.184403
-8.769249
-8.504970
-7.010259
-7.197022
-6.933232
-10.255240
-8.889517
-9.748169
-6.276316
-9.486274
-8.751395
-3.192893
-6.180261
-11.898311
-8.304180
-6.645752
-5.326186
-6.122389
-9.954421
-9.524411
-12.387768
-7.944272
-9.074089
-3.590003
-4.280128
-5.240384
-7.020557
-12.904604
-11.619452
-4.826928
-7.590225
-6.245287
-5.385895
-6.482096
-7.261948
-6.391630
-6.320727
-3.484205
-9.075400
-8.473832
-5.761129
-8.580458
-7.615398
-9.749508
-10.143829
-4.224528
-6.564636
-6.655888
-6.675569
-8.260798
-6.826039
-10.481748
-11.085408
-7.869337
-8.559679
-4.591599
-10.026944
-8.346813
-5.475682
-8.388371
-5.456259
-8.642736
-7.311391
-6.383195
-7.340375
-5.738977
-5.120149
-10.733688
-5.010766
-10.240552
-2.482413
-5.739823
-12.197057
-7.892548
-8.319610
-4.176071
-11.288273
-8.668529
-3.723259
-2.793612
-5.447068
-6.027255
-5.574000
-9.609498
-7.538177
-3.458827
-10.013499
-10.973562
-7.490053
-7.104490
-7.360248
-6.688757
-7.216793
-6.539664
-4.449768
-11.263124
-5.022539
-4.230433
-6.295049
-4.616663
-5.815879
-6.878654
-7.302537
-8.480410
-3.610782
-7.648809
-5.611138
-4.539547
-7.918487
-4.520734
-7.225049
-10.392711
-3.864465
-7.782795
-10.025673
-5.224899
-2.457214
-5.144780
-5.172962
-6.808305
-3.606430
-5.069461
-7.893266
-8.427950
-0.893845
-7.553113
-11.792422
-9.404851
-10.397266
-4.845372
-6.875634
-5.281649
-4.911398
-10.596285
-4.332034
-5.326793
-5.132416
-6.795697
-9.400125
-2.062537
-6.174842
-6.362942
-2.765255
-3.453511
-6.686256
-7.310752
-8.834072
-8.412305
-7.247406
-9.205176
-4.946262
-6.812301
-6.593203
-5.784813
-5.454588
-8.475180
-4.735626
-6.211570
-8.634516
-6.874478
-7.121202
-10.656742
-6.701388
-8.832401
-6.496672
-3.109149
-9.782500
-2.978037
-6.586770
-8.244359
-5.163978
-9.579360
-11.381391
-11.513068
-5.569084
-6.179508
-9.380590
-9.030414
-4.454762
-6.705457
-4.081040
-6.273970
-3.033325
-7.293538
-5.136931
-4.522758
-7.502939
-5.474810
-5.223454
-11.690611
-6.160355
-4.258754
-7.670415
-6.295844
-11.402735
-6.260780
-4.555632
-7.331038
-7.604548
-7.597949
-6.655238
-8.749595
-8.333775
-4.135299
-5.821161
-6.842390
-6.143340
-3.734761
-5.566393
-6.192397
-5.899709
-7.101230
-6.260892
-6.953992
-7.986783
-7.004729
-7.213181
-2.331233
-5.380818
-9.846457
-5.129668
-6.098542
-8.654867
-6.644819
-5.188779
-5.968423
-6.179745
-5.451459
-6.383240
-7.283430
-6.342203
-6.191461
-8.145140
-1.961752
-7.705041
-5.056370
-5.197487
-5.567863
-0.865375
-5.810564
-6.816916
-10.440951
-6.740931
-7.089138
-9.429225
-4.869933
-9.821664
-4.077962
-6.698921
-7.754322
-9.044159
-6.240908
-4.134511
-4.120668
-7.713587
-4.775806
-5.522613
-9.858753
-7.107268
1.336791
-8.690321
-6.571565
-8.662081
-7.258492
-4.962451
-5.744303
-7.592690
-8.046570
-7.121256
-5.263045
-6.108474
-7.986042
-4.503303
-6.433497
-11.695350
-8.120984
-3.510268
-7.857524
-7.477306
-6.791997
-8.309467
-7.264014
-4.881545
-9.486563
-4.965285
-8.019252
-8.350198
-4.871184
-8.017292
-9.408618
-8.479901
-9.311276
-4.866651
-2.433662
-6.142755
-4.589777
-9.481280
-9.549955
-8.288001
-5.424998
-8.856359
-8.971209
-4.721384
-7.015339
-6.230630
-6.680833
-6.868145
-5.229789
-8.658041
-9.105327
-7.826758
-1.603039
-7.011521
-7.075685
-10.468017
-6.346043
-4.772261
-3.381028
-7.448521
-5.032484
-3.810533
-7.023971
-8.718295
-4.641357
-12.006540
-6.702014
-6.772219
-9.673990
-5.892531
-7.551350
-6.688491
-6.316894
-5.327352
-4.680948
-4.012103
-4.252531
-5.421825
-8.973209
-13.006475
-7.680096
-7.215794
-5.292370
-5.426897
-7.084946
-9.554812
-6.932724
-6.923292
-5.425336
-3.619752
-7.499084
-7.010315
-10.694563
-7.117692
-4.772646
-5.697489
-5.278608
-8.523039
-8.239111
-5.114893
-7.490053
-5.804739
-8.384929
-5.484058
-5.578484
-6.059124
-6.015212
-6.736488
-4.537194
-5.017856
-4.025425
-6.943373
-1.754406
-5.003659
-6.454850
-8.018566
-7.143506
-9.039164
-6.795811
-9.864593
-4.517494
-10.295766
-6.893415
-6.265748
-7.057160
-6.238627
-4.590370
-8.385224
-6.999201
-6.710775
-8.392514
-7.904844
-6.378791
-7.142620
-2.321711
-5.054937
-5.106339
-7.109364
-12.006540
-6.536154
-7.922518
-5.406602
-9.056522
-4.009943
-6.718377
-8.551497
-5.389799
-9.620152
-8.622118
-6.277623
-6.710193
-7.865789
-12.460953
-9.528085
-9.587759
-6.379736
-6.844943
-5.901175
-7.146032
-4.817667
-7.977174
-6.835157
-4.040224
-6.798997
-2.742072
-12.140981
-6.631976
-6.478826
-3.540053
-5.942718
-8.485243
-2.659612
-3.725732
-5.907310
-7.687166
-8.444608
-5.562994
-4.082501
-5.080876
-10.167357
-5.143025
-4.119796
-7.652610
-8.485434
-6.066432
-7.457852
-7.490053
-7.065736
-7.183680
-9.624207
-8.985737
-5.460904
-11.490390
-5.800173
-7.737750
-4.909224
-6.261203
-11.625793
-1.480431
-7.975260
-5.034493
-9.065914
-9.930944
-5.828712
-9.176607
-8.747043
-8.382778
-5.538558
-8.177698
-9.374078
-3.728926
-6.435211
-5.739360
-4.341677
-3.500377
-1.766546
-10.114017
-9.794138
-5.574201
-7.807425
-11.625793
-9.179402
-6.394426
-7.299611
-7.559709
-6.748219
-5.536639
-4.638848
-4.872340
-8.087244
-4.270419
-8.536386
-4.725399
-6.519982
-3.524433
-7.739555
-2.482646
-7.102102
-2.770928
-2.801474
-5.236612
-7.490053
-4.879996
-7.665637
-7.222479
-4.263575
-8.592237
-2.212525
-7.503108
-4.214085
-6.506423
-7.679491
-12.871452
-5.538128
-6.722178
-6.949419
-3.463388
-9.604304
-5.020396
-2.113152
-5.153781
-6.961951
-8.941197
-10.744865
-8.175921
-6.611622
-5.367732
-7.432207
-3.536734
-9.634832
-2.333271
-8.874106
-7.268458
-6.227220
-8.857772
-1.731750
-7.409782
-11.399028
-6.518828
-7.449822
-7.729269
-4.146870
-2.463830
-8.384874
-1.560111
-7.909181
-8.138171
-4.056021
-8.355865
-10.375126
-4.338099
-7.917754
-8.499121
-7.818397
-4.840016
-7.053397
-7.330889
-8.205163
-5.257675
-1.741807
1.556431
-6.888386
-6.937208
-5.261562
-7.030516
-10.673367
-6.049974
-5.420343
-6.375127
-7.387893
-7.992225
-8.312326
-4.259572
-6.019329
-8.348111
-6.713053
-10.964971
-8.927160
-3.750523
-4.979592
-7.551128
-4.452908
-4.858137
-7.786060
-7.690875
-8.280189
-7.201510
-4.811023
-5.666233
-8.005547
-6.847244
-4.389095
-5.818305
-4.321084
-4.138613
-10.284710
-5.053344
-9.473588
-4.795682
-8.367211
-5.212055
-7.358092
-8.205517
-9.175930
-3.363491
-3.736119
-6.331133
-5.174290
-7.594851
-2.711489
-10.024322
-7.657488
-7.920170
-4.229442
-8.384248
-4.773271
-4.898152
-5.449719
-7.514931
-5.424693
-11.454674
-6.201692
-6.010841
-7.330174
-5.584963
-4.397519
-5.858427
-5.950138
-7.984539
-6.563026
-4.220420
-4.988459
-6.533776
-9.395345
-5.571328
-3.192332
-5.700447
-6.717413
-5.377202
-5.607704
-9.075941
-7.206833
-7.914962
-5.624981
-7.083593
-5.432238
-7.581472
-7.825721
-6.357095
-4.815362
-5.401346
-5.305239
-9.164259
-3.744676
-6.726863
-5.240943
-3.710786
-11.625793
-5.086527
-6.460280
-6.180540
-10.075316
-7.231353
-4.166257
-6.782486
-8.645390
-7.011699
-4.442552
-2.807636
-5.870149
-6.725581
-7.214054
-9.547432
-6.218509
-5.297576
-5.522100
-10.554184
-5.206237
-6.881416
-8.593442
-3.899225
-8.321717
-11.625793
-8.676213
-2.292499
-9.328072
-4.916437
-7.551474
-5.301311
-5.901995
-5.364223
-4.114512
-6.313775
-5.524786
-5.400731
-7.904639
-5.000575
-6.569985
-6.181035
-6.608657
-8.310331
-5.897900
-8.957560
-9.351355
-6.843402
-10.911652
-9.035435
-3.004457
-7.548155
-7.407204
-4.186285
-6.534715
-4.824696
-9.342602
-5.065839
-8.996755
-8.323852
-7.219810
-5.150483
-7.953902
-9.822014
-5.611221
-7.244924
-7.390958
-4.822955
-7.831411
-7.014478
-7.031324
-6.448444
-5.368007
-6.300103
-10.174603
-7.025619
-7.322275
-5.788518
-7.926899
-3.253971
-6.252471
-10.765040
-11.388662
-6.626621
-4.350192
-3.703127
-5.096174
-6.741773
-9.036675
-7.558059
-8.238828
-6.775360
-4.556951
-6.609258
-3.849610
-7.415452
-6.544275
-8.282578
-3.754479
-3.616650
-14.124483
-6.911278
-3.409391
-9.409472
-4.907341
-8.410867
-6.484413
-3.354271
-2.289326
-5.281039
-5.293539
-3.752440
-6.518308
-6.162524
-12.268343
-8.032028
-5.973069
-7.860019
-5.764560
-4.701009
-6.293729
-1.861149
-6.839420
-3.441114
-5.732017
-5.012298
-6.363917
-5.209109
-2.773756
-10.809565
-8.559430
-5.618655
-6.023771
-3.012424
-5.264286
-10.212272
-8.688497
-5.352701
-7.529535
-8.043904
-7.299736
-9.378342
-8.995643
-3.349578
-6.864703
-6.053427
-7.423593
-4.468520
-8.220687
-5.887263
-11.646750
-7.623671
-7.515071
-4.544072
-7.667751
-3.194531
-8.856359
-9.220499
-7.932582
-6.340255
-6.464029
-6.592866
-5.134351
-8.148591
-6.149675
-4.827789
-4.558011
-4.524992
-12.006540
-7.180083
-7.508759
-6.324752
-9.374298
-10.611039
-4.898292
-8.609773
-5.168300
-6.138590
-4.852599
-7.588202
-3.949494
-11.625793
-5.788805
-7.641632
-5.998602
-4.355381
-8.974448
-6.130451
-6.662583
-7.494467
-7.561583
-6.272221
-4.004090
-8.144240
-10.040498
-5.522025
-2.832841
-4.970837
-7.840534
-8.111029
-8.254343
-7.675337
-5.261925
-6.814907
-5.387516
-9.280417
-4.261909
-5.709257
-8.343204
-7.521103
-7.710385
-6.527476
-6.737346
-10.432167
-6.317599
-5.427041
-6.208519
-4.468282
-7.233123
-6.755284
-7.034829
-5.566668
-6.547154
-8.118374
-7.108922
-6.806728
-8.892427
-5.188389
-4.191204
-6.048032
-6.288541
-11.625793
-5.170596
-7.182484
-6.672554
-1.805928
-3.755337
-6.036520
-6.646114
-3.887188
-6.610153
-5.400099
-6.634482
-8.511270
-6.959049
-6.421726
-4.042873
-9.624852
-3.429028
-7.942724
-4.754838
-4.936036
-6.865883
-8.469246
-8.528977
-6.392462
-7.972668
-6.796238
-5.991147
-5.497449
-9.670837
-7.490016
-7.335173
-8.121481
-4.756285
-7.569471
-8.166398
-5.350266
-4.915284
-4.418364
-8.232557
-5.726110
-5.231637
-5.044339
-8.400892
-4.536751
-4.190313
-5.564482
-7.252303
-5.552476
-7.536705
-5.565270
-6.060866
-5.896769
-6.515724
-10.416756
-3.418363
-7.711031
-11.536701
-9.200228
-5.325077
-2.040831
-7.771384
-6.885919
-7.859220
-9.356144
-6.424254
-4.834163
-8.328938
-7.455414
-7.171141
-8.277133
-7.936064
-2.502799
-5.284441
-6.282066
-4.991337
-6.968707
-6.972450
-5.275596
-6.522093
-4.559910
-6.179366
-4.586077
-10.929434
-6.836354
-4.399832
-7.668227
-5.022394
-11.386650
-2.483087
-8.554064
-7.362077
-9.057306
-4.868040
-6.528173
-4.548214
-2.288378
-4.869149
-4.896336
-6.446048
-10.066106
-4.998470
-4.702427
-8.992922
-3.620589
-9.746582
-9.731677
-4.672810
-9.282496
-3.721907
-7.588712
-4.496411
-5.850712
-9.331083
-6.877498
-6.744516
-4.092641
-5.765117
-6.909272
-6.313069
-6.938497
-7.490053
-6.386867
-6.470989
-5.970490
-9.671511
-2.107275
-5.722840
-5.589486
-2.459453
-10.378767
-11.190739
-6.965166
-6.467662
-3.719961
-6.041042
-9.267139
-7.589087
-8.283935
-4.133401
-8.600428
-7.501112
-2.859228
-5.214582
-6.817800
-8.636046
-6.076235
-8.351064
-5.433505
-8.887066
-5.403402
-4.390786
-7.100001
-6.562746
-11.240743
-6.318480
-6.193429
-9.723577
-8.525120
-3.839960
-6.468725
-8.479938
-6.868865
-6.561757
-11.240031
-6.663431
-5.695849
-8.864031
-5.824438
-7.512315
-5.243933
-7.640662
-8.530375
-4.626521
-4.926598
-7.135948
-8.391773
-10.064855
-3.609725
-7.570523
-6.205757
-5.263602
-4.728650
-4.012004
-3.712018
-3.133369
-8.507714
-7.041186
-4.903462
-8.248420
-7.259364
-4.652945
-4.720669
-7.297465
-4.180351
-5.885520
-12.373330
-9.697585
-10.264668
-3.126365
-9.577989
-5.828255
-3.617286
-3.969971
-6.900062
-4.396327
-5.750755
-8.208391
-4.111773
-7.876266
-10.175584
-8.858117
-8.348657
-3.126933
-6.729231
-8.649242
-6.329994
-7.621882
-9.415987
-3.752300
-4.104846
-3.416138
-7.794446
-6.700847
-5.090020
-7.562785
-6.094866
-6.496543
-7.172794
-9.048786
-9.309696
-7.306808
-4.932968
-9.206355
-7.268219
-3.478897
-11.732114
-9.356318
-6.378826
-8.334991
-7.660883
-3.161789
-9.284007
-7.793025
-8.462553
-8.630170
-6.214206
-7.166518
-6.039158
-7.232057
-5.010499
-9.867504
-9.076059
-5.300893
-5.667084
-7.229270
-5.067091
-5.169916
-6.303266
-4.773753
-13.043633
-7.174006
-8.221403
-6.175925
-5.741516
-5.732806
-10.087174
-6.377768
-8.492461
-9.030493
-4.468860
-6.029951
-8.259812
-8.371736
-7.103236
-3.362581
-5.119289
-2.668136
-5.682483
-3.403687
-6.328633
-6.202889
-10.345353
-2.758048
-6.458185
-4.396208
-6.718911
-3.406380
-4.242796
-5.308234
-6.828431
-8.026106
-6.945938
-1.479232
-8.718763
-4.818757
-9.193231
-6.173806
-3.943397
-7.289258
-4.340622
-5.245101
-11.561508
-7.070943
-5.478374
-9.187844
-0.501307
-5.528213
-2.643203
-7.685985
-2.928255
-5.011786
-7.844601
-9.611698
-6.135635
-10.173955
-8.646321
-4.494115
-9.874168
-5.376054
-11.117970
-6.106828
-9.479358
-7.627858
-8.277395
-8.238900
-7.018596
-11.031892
-10.041098
-3.443940
-4.811252
-10.773510
-8.707592
-5.509075
-6.082770
-5.502317
-10.099278
-5.881352
-7.004735
-9.450336
-12.093855
-8.279747
-4.373315
-3.741864
-7.056154
-3.444369
-6.040999
-4.455009
-5.060002
-5.553160
-7.490053
-2.093734
-5.872149
-9.023370
-2.267581
-7.771334
-5.062268
-7.033873
-3.859241
-8.189555
-6.225187
-6.720635
-6.959879
-8.859441
-6.025990
-8.467104
-7.355209
-6.077324
-3.671278
-3.850919
-5.685082
-2.967369
-7.541717
-7.051373
-5.242969
-2.885277
-12.393084
-8.102898
-6.981090
-6.126885
-8.279727
-6.921370
-10.407543
-5.319755
-7.732642
-9.779616
-9.190169
-4.258031
-10.483793
-4.738851
-7.469112
-6.785112
-6.310859
-0.992605
-7.660877
-5.783375
-6.672208
-8.993461
-4.114541
-7.023664
-6.581174
-2.940375
-2.599134
-5.264837
-7.895177
-6.243774
-5.177742
-8.719322
-6.974775
-6.831809
-7.490053
-7.877504
-7.782721
-7.536390
-6.574333
-5.420408
-5.649662
-9.445084
-7.716721
-6.731788
-4.725086
-6.574041
-3.404768
-4.203437
-3.376294
-5.405790
-7.081431
-8.497573
-4.716825
-3.659324
-5.021379
-9.618682
-7.780235
-8.531674
-8.677076
-4.156283
-5.897803
-7.425010
-9.205808
-3.909145
-8.171280
-6.813740
-5.923363
-11.780836
-7.508579
-3.185362
-3.398846
-7.295607
-6.503829
-5.855322
-7.601679
-10.150681
-7.002802
-7.228961
-6.957178
-4.881156
-7.068909
-8.862051
-2.535486
-4.234080
-7.526743
-3.409947
-8.238911
-8.072854
-7.193479
-6.261430
-2.989636
-4.007346
-9.990755
-3.438558
-5.826387
-8.175208
-8.972558
-2.312024
-3.477515
-6.110132
-5.606877
-8.327463
-7.694954
-6.541580
-3.789453
-4.542467
-2.113558
-7.536782
-3.739418
-7.045031
-5.282897
-8.426602
-3.035131
-8.846162
-9.602553
-6.983687
-7.877106
-7.200535
-6.592190
-6.299432
-3.953211
-6.410652
-9.016782
-13.226015
-6.246579
-6.269354
-6.567404
-3.789458
-4.670216
-5.885870
-6.965598
-8.309170
-7.755002
-6.159490
-6.244141
-9.456306
-7.026385
-9.070540
-6.685062
-6.419487
-7.507335
-11.042587
-10.633296
-5.871188
-6.710158
-4.764930
-10.328172
-9.213787
-8.037582
-4.288817
-4.108473
-4.780119
-2.803332
-7.811014
-5.205699
-5.242155
-2.819516
-5.892716
-6.178844
-11.997719
-5.315546
-3.701112
-7.784817
-11.663210
-5.991306
-6.020499
-6.831210
-5.044445
-7.132422
-7.411415
-4.420711
-4.614524
-4.132381
-9.245552
-4.022555
-4.742523
-5.835031
-7.604084
-4.925404
-11.276901
-3.004326
-5.424325
-4.894642
-4.128667
-5.096079
-11.049951
-5.285446
-7.157861
-3.378042
-3.603644
-5.568411
-4.272831
-5.913316
-7.329083
-7.337162
-5.292103
-8.152927
-2.032526
-4.259202
-7.650746
-5.937839
-4.166790
-7.268509
-5.818213
-7.978908
-6.063628
-12.331798
-8.810826
-8.046350
-9.051533
-7.721294
-6.453802
-8.858165
-11.395170
-9.479662
-7.227769
-5.244041
-7.460927
-6.137347
-7.887916
-5.416204
-3.679953
-6.264077
-6.746196
-4.257245
-6.371504
-7.440051
-9.932671
-6.139401
-7.200797
-4.799134
-5.416244
-3.193879
-5.978524
-5.683202
-8.188411
-3.015598
-7.973387
-7.033004
-9.848841
-6.799109
-10.016174
-4.016286
-7.536741
-3.369054
-8.402745
-4.519960
-7.369866
-7.285741
-5.963712
-4.756500
-9.898191
-7.333413
-4.809742
-4.070885
-5.948573
-4.595484
-5.553604
-10.989045
-8.046288
-8.906586
-8.701416
-7.655027
-9.485209
-6.574333
-2.483243
-4.731218
-7.082049
-6.112853
-3.966894
-6.879917
-5.786293
-9.399329
-5.559289
-7.266785
-5.809445
-6.456579
-6.561413
-6.542302
-7.249932
-6.471747
-6.006529
-5.278438
-6.117309
-4.442480
-2.046563
-5.406172
-9.587171
-4.301915
-8.566313
-9.290997
-4.050513
-7.372390
-9.012347
-5.167457
-6.539245
-8.994171
-4.962902
-5.012467
-6.771882
-6.400872
-8.373131
-7.091096
-8.962310
-6.210022
-7.369857
-5.194111
-4.018671
-5.718351
-5.509944
-7.352980
-9.053109
-5.815505
-6.820987
-7.038982
-10.057343
-6.457456
-10.017666
-8.094354
-4.348409
-6.197857
-8.552732
-6.391293
-6.506244
-6.694007
-5.223382
-7.004733
-7.638192
-9.481092
-6.275975
-8.159650
-6.503987
-6.036630
-3.761792
-6.891049
-7.752204
-8.955771
-6.020607
-6.968429
-5.566734
-7.873625
-6.620249
-7.803679
-8.833295
-5.653625
-9.981761
-7.907761
-8.281292
-5.603091
-4.522436
-6.395792
-3.703452
-6.545621
-6.397375
-5.509536
-9.575030
-8.975442
-6.724769
-4.069806
-8.779484
-7.368330
-3.364367
-8.248190
-8.158255
-6.399070
-4.242479
-8.317048
-6.538146
-12.374618
-6.177563
-10.770388
-9.393501
-10.627949
-4.092237
-7.155339
-4.703319
-3.656686
-7.928144
-6.896635
-3.899776
-7.151399
-5.136016
-5.850374
-11.017044
-6.609939
-6.360887
-4.851744
-7.802944
-4.166383
-6.362465
-8.014581
-8.027729
-7.020542
-10.881892
-7.798016
-6.540077
-9.309969
-8.815397
-5.419019
-6.226103
-5.209112
-7.362447
-10.590598
-5.416351
-7.830226
-7.743298
-4.297145
-6.312117
-7.463399
-6.250781
-8.246652
-4.458089
-5.839578
-8.974976
-7.388069
-8.685060
-9.180380
-10.403359
-5.681373
-6.420660
-6.620832
-6.731895
-3.189616
-7.508876
-15.501592
-11.801867
-8.392953
-6.076149
-4.580835
-7.200152
-9.413901
-6.425773
-6.459537
-2.002525
-4.272501
-6.207572
-8.593687
-9.423232
-7.640829
-7.581567
-3.262850
-7.194417
-5.937414
-6.882222
-7.849270
-6.027685
-11.467123
-5.707877
-15.207775
-5.447908
-7.926961
-8.238762
-6.563693
-6.818299
-7.988725
-7.680138
-3.945958
-5.300516
-7.029335
-8.382907
-5.396763
-7.081778
-6.156013
-7.121010
-4.466732
-7.220687
-10.377271
-4.586874
-7.153862
-8.885740
-7.809690
-5.479825
-5.756886
-6.675470
-6.690247
-6.658939
-5.044697
-5.405961
-3.038298
-7.932356
-8.692561
-5.499377
-5.389914
-9.820329
-10.123099
-6.904124
-6.413000
-4.734191
-6.580685
-4.186783
-4.268395
-8.281956
-8.433881
-5.612000
-5.298291
-8.288268
-5.066607
-6.790697
-6.523878
-7.567199
-6.695451
-6.501013
-8.861964
-8.590934
-11.570640
-6.526077
-6.355601
-5.063182
-2.750059
-2.720788
-7.997283
-7.990356
-4.682220
-4.118963
-8.265085
-6.711318
-6.367375
-4.722523
-6.495882
-4.165631
-3.052106
-4.788056
-4.417488
-7.483853
-7.554346
-6.574481
-7.693676
-6.374877
-6.033231
-9.052982
-7.876873
-4.460913
-8.778847
-7.919327
-4.889683
-8.554889
-7.796934
-3.318166
-5.862698
-8.442709
-5.296550
-8.711849
-7.654272
-6.186560
-5.620266
-4.733163
-7.588264
-7.212089
-4.293284
-4.370561
-6.499968
-8.242931
-7.754358
-3.775193
-6.014344
-9.203767
-8.044312
-6.072520
-5.412286
-6.999469
-10.417116
-5.601454
-3.503967
-7.670301
-8.102517
-7.007164
-10.169904
-7.511628
-5.444294
-8.251141
-7.206017
-11.450830
-7.656092
-7.456727
-6.594726
-5.363830
-7.196167
-7.123931
-7.124772
-6.794992
-6.697015
-9.349262
-6.975611
-3.735809
-5.632875
-10.397266
-5.646735
-3.849158
-8.127042
-6.474777
-8.133107
-7.872168
-10.089703
-6.122179
-7.173324
-6.606308
-3.640833
-9.127822
-7.805422
-7.298017
-10.253371
-9.760291
-9.540911
-7.974841
-0.086398
-4.216221
-7.786433
-5.611358
-6.764376
-8.335552
-7.175247
-11.639589
-7.153684
-10.004682
-10.090148
-7.000581
-6.188047
-6.329456
-6.808356
-7.758752
-6.111620
-5.532944
-6.543870
-7.401078
-7.735283
-9.443385
-7.526700
-3.412503
-6.340739
-7.274720
-4.824575
-6.169111
-4.324505
-7.438755
-7.821008
-3.900709
-5.979373
-8.844252
-7.029369
-3.270445
-6.761415
-6.372946
-7.753004
-7.681264
-10.107592
-8.028273
-6.979036
-7.675422
-10.029797
-7.992382
-6.270278
-10.243603
-5.871238
-6.138566
-6.178703
-5.803307
-7.361340
-6.567782
-4.440807
-7.643975
-9.629517
-8.011091
-5.609254
-8.090103
-5.923099
-9.351680
-3.519459
-6.498346
-8.618852
-4.522372
-10.374898
-1.378196
-7.832633
-9.131920
-8.989363
-6.547127
-9.224083
-4.730052
-7.752809
-8.666116
-11.196867
-9.112924
-7.322227
-6.397487
-7.669890
-3.629418
-6.614671
-6.597640
-7.332387
-5.562238
-5.370035
-5.755984
-3.472533
-9.116385
-5.411827
-6.771322
-8.352242
-7.590291
-2.738537
-7.069316
-7.917763
-9.730538
-5.531547
-7.557274
-4.474329
-7.726739
-5.013478
-9.330085
-3.911129
-5.378108
-8.631289
-9.068180
-1.665426
-6.414572
-3.106500
-8.922108
-8.294862
-7.165908
-6.796070
-6.071177
-4.583133
-8.238353
-10.172860
-5.540007
-11.745175
-6.041748
-5.219930
-5.574713
-5.438798
-4.526595
-7.554687
-3.398502
-9.587922
-6.959338
-5.767825
-6.042507
-7.320531
-8.299088
-9.576385
-6.167511
-3.805844
-8.616083
-4.902475
-8.612782
-11.161059
-6.051404
-7.257196
-8.516614
-7.389315
-5.812165
-6.974591
-7.584299
-5.085100
-7.123053
-6.999037
-8.239661
-7.648575
-8.007616
-9.744694
-6.725271
-5.180471
-7.312225
-6.563971
-5.032628
-8.599455
-7.685726
-5.803402
-7.628903
-7.310870
-8.061857
-8.475249
-5.652961
-6.027499
-9.762766
-10.387068
-5.396646
-6.863544
-8.482920
-8.475986
-10.784282
-8.882963
-6.865392
-7.037527
-7.111645
-9.363751
-8.335531
-7.515368
-6.978189
-8.337443
-9.023219
-5.749352
-6.475637
-2.544118
-5.783300
-9.454700
-11.354416
-6.429661
-10.423882
-5.867811
-4.782862
-5.996342
-6.870378
-5.741244
-7.439664
-6.327881
-5.434362
-9.903916
-4.802396
-9.098317
-5.939359
-6.512865
-6.124436
-5.369831
-5.427314
-5.691869
-3.876764
-5.321177
-6.293360
-10.524264
-6.500959
-10.595489
-6.441433
-8.601624
-8.549417
-10.407770
-6.704618
-5.368334
-7.292432
-8.543069
-7.591146
-7.292696
-4.890079
-7.430714
-6.420451
-6.180511
-7.615961
-7.707253
-8.929193
-10.330473
-4.341492
-4.814032
-4.798964
-2.603533
-7.501813
-5.687693
-6.760136
-4.565445
-5.827059
-5.770473
-10.101331
-8.780169
-0.737951
-8.933582
-8.198410
-8.147029
-9.147786
-7.996027
-5.797730
-5.977319
-5.686448
-7.264975
-7.958792
-6.168321
-3.533915
-8.285477
-6.104705
-6.501617
-9.192163
-7.039693
-12.825843
-7.942910
-6.979330
-5.889937
-8.063450
-7.155102
-8.843556
-7.957150
-11.143492
-5.463684
-6.997782
-3.634823
-8.153663
-9.443542
-9.555673
-8.763287
-6.813174
-6.868162
-6.881069
-8.346243
-6.500898
-10.181281
-8.297562
-10.238208
-7.138370
-7.879696
-7.457184
-8.992319
-5.934667
-6.165976
-7.534892
-4.402515
-6.677291
-8.792086
-4.264547
-5.434282
-8.106243
-8.389403
-9.486997
-6.776246
-7.543012
-6.964394
-8.623194
-10.728844
-4.698207
-5.712414
-5.258519
-6.880732
-6.460934
-8.932663
-8.062454
-5.232737
-6.658669
-9.336823
-7.827293
-6.000184
-9.244942
-8.575860
-6.860713
-2.449218
-8.992228
-7.688192
-4.450587
-6.348670
-3.058090
-3.277534
-5.272071
-5.013373
-7.651021
-5.204148
-6.769789
-8.257733
-4.518350
-6.720691
-6.069433
-9.609935
-6.065751
-9.990104
-5.280488
-7.469308
-5.709617
-3.348715
-6.973826
-4.568180
-6.990391
-8.497714
-4.916881
-8.776941
-2.981679
-7.747460
-8.566796
-5.094985
-10.143205
-4.321405
-6.892869
-5.620585
-4.961493
-8.086404
-4.586898
-5.936869
-8.193432
-7.353537
-6.313600
-4.865796
-11.702647
-6.187467
-6.091053
-9.258679
-8.221737
-3.983102
-9.626101
-5.149831
-2.913774
-5.395497
-6.948064
-3.384707
-8.559412
-8.260968
-3.811312
-10.837603
-6.604258
-7.278388
-5.111533
-10.790765
-8.167793
-7.327667
-4.990023
-3.052254
-7.568597
-10.276630
-6.323651
-5.104151
-4.422957
-7.218738
-1.916005
-6.626045
-4.416627
-11.881677
-7.361111
-5.903021
-9.482797
-9.961803
-8.700432
-7.672915
-3.951751
-5.250172
-6.099129
-9.316131
-10.394072
-6.647994
-6.988067
-7.349523
-9.747374
-7.182840
-4.708347
-10.386476
-5.637020
-4.159452
-4.891298
-5.411136
-5.775608
-7.369320
-7.495718
-5.683175
-8.446664
-8.959215
-8.110982
-5.309362
-5.719229
-5.003098
-8.722550
-3.887269
-4.520974
-7.400671
-7.001419
-6.336531
-6.653269
-8.252846
-7.971564
-6.534334
-3.593077
-6.952502
-6.756765
-6.420418
-4.642369
-6.047339
-0.091213
-7.205953
-6.111413
-5.850764
-9.660693
-7.336135
-3.379622
-7.936406
-6.881367
-4.013405
-3.579932
-6.364931
-6.542597
-7.661988
-7.518598
-5.906278
-8.576005
-4.677262
-9.658711
-10.465747
-6.812479
-3.090674
-8.848840
-4.914626
-6.139080
-6.839828
-3.434449
-5.702892
-4.524727
-7.906206
-7.402952
-5.646827
-5.712083
-7.481409
-6.677339
-7.857165
-5.348048
-6.391792
-6.142204
-9.684244
-6.536580
-8.620607
-4.879179
-6.057132
-5.857234
-7.114883
-2.938855
-7.487562
-6.727441
-3.455370
-4.074327
-6.166479
-5.899884
-4.229578
-3.770233
-5.198842
-3.015200
-4.453129
-7.247963
-8.355783
-4.895704
-8.536744
-6.435270
-10.418653
-5.176620
-7.747291
-4.204775
-7.002848
-7.869034
-9.369948
-5.934948
-6.880928
-8.116987
-5.093404
-6.301357
-7.430862
-7.169311
-5.182762
-6.095055
-6.167595
-10.083073
-6.992449
-8.115988
-5.732557
-5.708589
-3.822983
-7.522854
-5.320093
-8.673015
-7.041790
-5.044511
-8.057276
-5.070883
-9.082145
-4.540185
-11.530684
-6.878871
-4.553170
-9.508381
-5.970182
-8.257173
-10.059257
-5.921580
-7.741419
-6.175929
-4.516502
-4.580845
-9.580522
-6.984236
-6.708313
-8.431759
-6.643538
-9.363761
-6.417258
-8.964059
-5.819943
-9.953481
-6.685554
-8.230510
-8.593345
-8.658499
-6.269708
-2.350949
-7.784675
-5.905416
-7.751244
-5.377616
-6.791088
-8.764977
-5.781657
-8.950352
-8.855582
-4.640253
-6.337683
-9.525810
-5.708241
-4.983114
-8.604568
-4.234426
-2.148120
-7.244588
-6.193304
-6.896645
-6.552673
-3.457226
-7.803703
-6.296106
-5.275646
-7.635171
-8.049424
-8.842833
-7.283190
-6.609268
-9.894321
-7.162679
-7.968400
-5.743325
-8.891005
-13.853116
-8.165015
-7.836464
-8.001747
-4.917462
-8.270809
-6.202721
-8.221056
-6.825825
-4.443251
-6.800165
-8.345287
-7.164781
-7.900692
-3.528150
-3.892855
-6.956230
-7.087784
-8.351990
-7.797149
-6.981892
-7.490053
-5.694357
-8.210942
-5.984446
-4.775217
-5.951327
-5.783344
-8.637497
-8.151744
-5.574942
-9.267611
-5.108108
-5.087700
-5.824793
-3.326986
-6.599774
-4.573705
-4.248701
-5.046839
-6.784255
-6.935602
-5.648285
-4.580345
-6.553479
-7.932234
-4.022779
-5.186979
-8.893324
-7.516705
-8.707699
-8.686731
-4.464121
-7.450722
-6.144638
-4.267381
-7.068519
-8.869499
-4.631215
-8.092553
-5.874223
-8.310144
-8.538566
-6.498321
-8.803142
-3.142937
-6.865108
-10.380630
-6.657671
-9.592512
-8.438107
-7.701794
-4.835861
-7.424396
-8.016603
-6.405157
-7.971634
-8.077117
-7.200488
-5.458363
-7.301404
-4.881792
-9.639455
-6.214427
-9.168364
-5.953545
-4.944992
-6.433523
-8.088839
-6.517195
-8.193884
-5.881033
-9.878860
-7.340175
-10.381483
-10.175582
-4.886793
-8.856359
-4.640094
-4.156545
-7.518690
-10.955320
-6.116868
-3.005621
-4.818621
-7.067507
-6.773408
-7.423222
-4.389649
-4.892964
-6.445613
-5.694244
-4.539208
-11.240724
-7.847333
-6.840189
-7.978548
-6.809783
-9.698606
-6.476648
-7.377677
-5.980260
-8.760071
-5.650516
-7.457637
-7.490053
-5.184890
-9.600938
-4.074427
-6.475619
-7.114338
-4.944777
-8.241278
-10.509416
-7.412480
-8.872663
-4.919396
-8.462605
-9.469756
-5.457497
-1.411981
-5.498147
-7.204153
-8.312625
-8.067016
-7.407657
-7.132762
-9.004752
-7.297482
-5.363181
-6.597217
-7.549057
-3.389011
-6.604472
-4.696035
-5.501791
-7.934979
-8.183631
-4.647303
-7.550558
-9.566408
-7.171803
-8.926594
-7.298387
-9.612773
-7.375401
-3.811419
-4.161126
-8.602472
-5.238439
-7.809049
-5.115146
-5.923622
-6.960445
-3.848863
-6.120010
-9.345841
-7.752899
-8.986547
-7.201571
-8.802353
-5.197202
-6.449243
-9.130166
-7.899431
-6.628881
-1.720845
-8.702641
-5.391565
-4.057492
-3.918339
-6.512033
-4.508595
-5.649949
-7.075630
-9.356745
-5.325901
-7.241393
-10.868036
-9.459406
-11.353682
-12.748103
-7.717992
-6.707038
-6.410923
-10.042436
-8.068797
-8.452112
-9.198703
-6.755829
-5.400970
-8.066755
-6.188278
-6.231848
-4.373148
-3.935163
-5.113274
-7.596816
-5.947421
-5.499900
-4.548042
-8.490198
-8.299879
-4.139988
-7.979877
-5.758407
-7.111043
-6.769373
-6.129834
-6.994420
-10.232558
-5.358134
-8.832170
-8.107212
-7.928131
-10.179405
-5.011637
-9.441528
-8.128512
-5.029766
-4.127660
-8.486054
-8.121952
-3.386612
-5.118255
-6.937145
-6.507988
-10.046473
-8.663122
-8.680583
-6.894119
-8.226323
-7.467954
-2.706396
-5.091157
-6.240326
-2.830073
-4.786963
-3.723834
-10.144812
-4.907904
-7.700943
-9.593426
-8.233688
-7.825643
-8.397880
-7.721974
-6.088492
-8.913779
-8.600645
-8.810202
-6.012395
-6.743236
-4.126999
-8.943154
-9.003795
-3.559692
-5.110326
-2.017843
-6.284973
-3.405359
-5.603329
-2.476230
-1.623491
-9.234531
-6.786606
-5.971213
-7.587383
-7.854036
-9.332089
-8.173399
-4.608265
-4.446306
-8.573431
-8.209028
-5.121560
-5.702116
-5.286120
-4.033224
-4.095222
-6.098486
-9.866983
-8.188562
-7.225052
-4.969429
-6.494409
-7.103895
-7.502674
-6.840305
-6.236172
-7.789335
-5.774078
-8.269749
-11.644822
-3.768492
-3.713108
-5.231971
-7.068556
-8.806144
-7.381411
-8.406971
-7.625364
-9.280178
-5.232017
-5.825233
-6.553507
-4.976409
-5.717558
-10.457599
-10.405357
-7.525984
-7.378474
-5.335669
-6.057522
-5.484263
-4.868356
-7.938258
-8.924045
-8.717726
-7.962387
-5.259383
-9.762551
-8.632874
-3.255262
-9.604519
-6.288576
-4.413478
-7.746665
-7.763954
-8.426641
-10.475141
-6.805648
-12.006540
-3.818216
-5.184760
-7.550224
-9.135419
-8.047791
-7.910193
-7.115261
-3.971187
-6.058323
-5.703346
-8.344534
-10.350574
-7.114855
-9.552554
-5.732279
-6.351912
-3.237246
-6.261205
-7.591762
-9.914252
-7.519190
-10.995308
-6.618342
-7.983543
-12.932817
-8.689981
-8.435043
-6.231241
-7.631106
-3.440835
-5.676068
-10.149434
-7.122351
-5.670208
-8.138073
-8.182211
-6.226054
-4.647748
-5.973968
-7.577335
-5.436935
-5.734745
-9.347980
-7.981281
-7.653861
-8.973350
-6.447500
-7.474151
-7.449832
-6.561774
-7.587163
-8.680197
-4.572230
-5.150401
-7.746576
-8.284648
-2.158650
-6.909122
-1.690352
-5.275577
-4.519822
-9.707629
-7.216884
-6.684601
-8.438074
-6.524407
-6.456739
-8.757496
-5.430338
-5.627370
-4.620864
-7.345596
-2.670319
-6.027312
-11.677197
-6.870358
-6.230997
-9.659554
-6.908552
-6.276430
-8.063661
-5.519412
-6.946764
-8.506093
-5.518537
-7.836824
-8.398118
-7.076222
-5.638190
-7.977456
-3.170516
-8.828169
-6.280729
-5.043170
-10.215992
-8.274547
-7.142984
-9.954050
-9.096470
-3.849696
-7.800619
-7.919735
-6.057456
-7.606202
-7.137516
-7.770915
-8.938828
-10.487658
-7.901366
-6.496720
-15.000057
-9.892287
-8.496812
-7.598213
-11.625793
-8.047010
-6.543762
-6.819704
-5.991287
-6.931149
-5.999638
-5.919639
-10.052806
-6.227246
-10.906181
-8.397452
-7.911621
-5.993699
-7.676015
-6.070164
-7.358871
-3.265933
-6.799449
-5.988587
-8.833902
-8.028827
-6.829349
-7.249665
-11.668694
-3.588928
-9.661496
-7.109909
-8.029071
-12.363463
-5.108829
-6.476430
-4.996173
-6.650755
-8.618833
-7.780526
-9.030494
-7.350941
-7.911681
-5.334193
-8.248661
-10.832355
-5.740044
-8.194947
-8.309846
-4.889091
-8.675667
-6.199463
-8.560704
-5.283423
-6.162971
-6.639892
-7.659371
-8.025896
-5.080351
-6.194517
-7.025377
-5.792013
-6.935219
-6.668626
-6.734580
-5.654804
-7.911869
-7.203008
-9.951959
-5.853163
-6.925669
-10.004963
-7.509144
-3.892488
-8.046820
-7.413780
-6.381354
-7.981143
-5.944597
-7.913956
-4.377335
-7.037590
-6.257617
-8.368844
-6.586046
-5.809068
-7.765139
-7.421575
-10.244892
-5.975533
-8.079501
-8.085523
-5.157359
-5.378238
-8.328816
-7.484037
-6.916247
-7.602094
-10.242227
-6.388513
-3.877984
-6.227908
-8.650662
-6.960215
-8.876064
-6.150718
-4.679659
-7.520772
-6.847752
-9.739370
-10.553102
-5.571213
-9.413901
-2.241268
-9.557977
-8.915296
-5.727005
-6.206007
-9.307672
-5.391906
-7.402418
-4.604885
-8.625788
-8.487148
-5.603576
-4.431141
-4.591451
-11.480096
-9.638872
-10.450043
-9.550461
-8.379913
-5.902882
-0.131353
-9.916385
-3.880339
-6.013642
-7.416242
-7.116466
-3.093335
-7.021396
-3.269312
-6.291184
-6.640364
-8.015517
-9.717645
-5.483553
-5.401387
-6.531096
-5.627623
-5.536885
-7.398657
-9.031446
-8.686896
-8.703436
-4.230332
-5.007691
-9.938551
-6.330731
-5.786292
-8.593211
-4.951955
-5.068035
-6.386266
-7.753057
-5.208914
-8.408071
-7.542449
-8.732063
-7.063909
-5.967502
-11.017103
-8.808020
-5.578283
-4.736271
-3.932984
-6.044772
-5.558354
-5.983750
-7.648690
-9.174037
-9.506521
-5.624796
-7.626404
-7.947252
-7.658823
-7.894501
-7.675189
-3.375996
-5.567158
-8.970208
-5.475792
-7.735125
-9.914165
-8.327358
-5.219703
-8.071691
-6.890409
-5.939160
-7.490053
-7.490053
-7.144641
-9.204260
-7.026070
-8.241155
-4.632726
-5.115292
-5.914392
-6.779052
-10.199932
-10.044909
-6.741746
-6.298571
-5.816295
-7.136095
-5.229375
-5.639653
-8.604583
-8.000152
-8.921693
-6.583254
-10.021404
-6.609347
-9.247993
-9.456507
-4.907169
-8.394426
-6.820471
-8.520530
-4.773345
-8.466850
-7.899277
-6.780443
-7.224013
-4.123661
-4.225000
-6.540849
-6.524692
-4.943858
-4.759228
-3.794862
-7.194425
-7.002889
-8.568002
-6.999730
-6.667339
-7.058734
-6.934966
-9.480745
-5.385443
-5.788820
-2.044685
-8.970711
-8.959559
-5.996109
-6.526028
-7.142520
-7.757339
-11.034167
-10.224833
-4.645563
-8.249654
-11.878071
-8.187485
-5.913109
-6.335175
-6.473080
-9.168669
-7.030911
-4.760890
-5.428449
-4.913612
-8.972478
-3.970960
-7.786011
-6.115872
-6.034815
-9.210683
-6.433405
-7.889135
-8.474177
-4.301038
-4.917242
-5.396056
-7.270699
-7.781400
-6.545095
-3.926500
-5.017442
-6.107101
-7.132707
-11.514582
-5.926909
-6.690990
-6.277562
0.735502
-8.080548
-7.458883
-9.314298
-4.038082
-7.073526
-5.370377
-9.447178
-2.889114
-4.702640
-9.214622
-4.820681
-6.786847
-6.721929
-7.085556
-6.918169
-8.641446
-6.429634
-7.640670
-7.358433
-5.851490
-7.367063
-5.104374
-4.098740
-6.696765
-5.086132
-6.697682
-7.622843
-6.350917
-8.128995
-8.767112
-5.207385
-6.485785
-8.156578
-7.989281
-5.111262
-3.188124
-7.397790
-7.104264
-10.008631
-8.170505
-7.296619
-9.418470
-9.383718
-5.966786
-9.903957
-5.460269
-6.261487
-6.718909
-7.324169
-6.445039
-8.381581
-8.809766
-5.862589
-8.004976
-9.293420
-7.738879
-4.062336
-4.509173
-7.279130
-5.666598
-6.134743
-3.809738
-8.958601
-9.213569
-8.198137
-4.702661
-5.078433
-5.061831
-9.166389
-4.116051
-10.166683
-5.669662
-6.442707
-5.819713
-11.530865
-4.926380
-6.877174
-8.073522
-5.594311
-10.444489
-7.396552
-7.980649
-5.841853
-7.854138
-11.832685
-6.787471
-8.004723
-4.702076
-8.051972
-4.678905
-4.633031
-3.867347
-9.757898
-5.046509
-9.005172
-7.032559
-7.393013
-3.871251
-6.940475
-6.454221
-7.314022
-8.164777
-4.437131
-7.664471
-8.385934
-6.903387
-6.627449
-6.506599
-6.299549
-5.025642
-8.514467
-6.665446
-3.211530
-8.875159
-5.993707
-8.044594
-5.160054
-8.457099
-2.660816
-3.778647
-8.591739
-4.054886
-6.141373
-7.124163
-6.240474
-6.088609
-6.690348
-6.356388
-9.054116
-9.447606
-5.190561
-9.063685
-6.899255
-8.147420
-6.182940
-8.137753
-8.125126
-6.229167
-6.066749
-7.191892
-4.719049
-6.455227
-7.080376
-6.555536
-9.576087
-5.318688
-5.030727
-6.825566
-7.060477
-8.187279
-5.494487
-6.750353
-6.224248
-8.540561
-5.509980
-2.854384
-7.668243
-6.571104
-5.435797
-6.003002
-7.776783
-8.221239
-5.347402
-4.156838
-6.690900
-4.757816
-8.227284
-7.902412
-3.837103
-10.671293
-8.958344
-6.385810
-0.559466
-4.907800
-3.700214
-6.272072
-4.888491
-7.568964
-8.087722
-9.555621
-4.211370
-5.843902
-3.273577
-8.184380
-4.435474
-10.114309
-6.704374
-6.536080
-7.856063
-7.989277
-3.456851
-5.637618
-5.500939
-7.704672
-7.321358
-7.264628
-6.007154
-9.362554
-7.722826
-5.900764
-7.696595
-7.506171
-7.516222
-6.288756
-9.052343
-7.221192
-6.414381
-13.426424
-6.105011
-7.395831
-10.366540
-7.119981
-7.946415
-6.959037
-5.964123
-5.197954
-6.618809
-8.679576
-5.220061
-7.471862
-9.327886
-9.681924
-7.268086
-6.652772
-9.170008
-4.877881
-9.401623
-6.898157
-6.007181
-6.593002
-8.197260
-8.041521
-2.762167
-11.607463
-1.965223
-4.181172
-8.520254
-5.804010
-5.927667
-8.732559
-7.233952
-10.694563
-2.931127
-2.676557
-7.482679
-4.226701
-9.597708
-3.855971
-7.380426
-8.209461
-7.461794
-9.566333
-7.363301
-8.194960
-9.431919
-7.023871
-11.625793
-7.932225
-7.132855
-7.433576
-6.107147
-9.295158
-10.453133
-5.729156
-6.738163
-4.364026
-6.701106
-4.743615
-6.504030
-7.831970
-6.893311
-5.883988
-9.980314
-3.870298
-5.884208
-8.965001
-11.204824
-5.807459
-4.200103
-5.716801
-8.695245
-6.173075
-10.199599
-5.120102
-7.678350
-7.608634
-6.290869
-3.959952
-9.980681
-4.083877
-5.826217
-8.796615
-6.541568
-2.733200
-2.928923
-6.340212
-6.204850
-5.272938
-7.672403
-5.310709
-6.362999
-7.011712
-7.274515
-6.558021
-4.797082
-9.271462
-7.139847
-6.041781
-9.200393
-7.421627
-7.635805
-7.432207
-7.682541
-8.034826
-2.399232
-6.658072
-8.912860
-5.839667
-10.682794
-7.488713
-7.510447
-8.808769
-6.086148
-3.651171
-7.075649
-5.586320
-5.559348
-8.132250
-4.012077
-9.145220
-5.548582
-8.699478
-8.903849
-4.537172
-6.650743
-7.665905
-8.431882
-5.994932
-6.735299
-6.919760
-7.692470
-7.780419
-7.904522
-11.586650
-9.814098
-7.759222
-4.897045
-3.984823
-5.996976
-7.382971
-7.269170
-5.607727
-3.588949
-8.039007
-5.518317
-7.567817
-6.217131
-7.011812
-9.000836
-2.591577
-7.776339
-5.811660
-11.328390
-2.304422
-5.821843
-5.731701
-8.159066
-9.874442
-7.289275
-9.404561
-7.379535
-4.058273
-7.667233
-5.091323
-3.243479
-8.510393
-8.605717
-6.248899
-7.926333
-7.330016
-5.908276
-10.080341
-5.303482
-8.934781
-3.935589
-6.348873
-7.083992
-4.904846
-9.190769
-4.369342
-5.678977
-6.908237
-7.434397
-7.392757
-4.013819
-4.619488
-7.032112
-7.115114
-6.421124
-8.481154
-5.641421
-6.237928
-10.968699
-1.596115
-7.746611
-7.634905
-5.950543
-4.411396
-5.826098
-8.999234
-7.646712
-9.092341
-5.065084
-9.241621
-7.247542
-6.439810
-4.894269
-8.731768
-10.484140
-9.443182
-9.317430
-5.186384
-8.096959
-9.131837
-8.468266
-6.456154
-8.943245
-5.893504
-7.258307
-6.531101
-7.418180
-6.943791
-6.418239
-2.389543
-5.456198
-9.833700
-6.642420
-5.637731
-9.112837
-4.170068
-6.324940
-8.289419
-6.462022
-5.501888
-8.633870
-2.062301
-6.414567
-9.649105
-7.586181
-6.693721
-5.919965
-8.514042
-7.031693
-3.258737
-6.093395
-7.490053
-4.585198
-8.882692
-7.523286
-7.779469
-5.922852
-3.608442
-7.745049
-3.204595
-7.322904
-8.845396
-4.361722
-4.401542
-8.612556
-8.443501
-6.921701
-4.653924
-5.527141
-9.167034
-7.925354
-5.123372
-5.881087
-7.520889
-8.296920
-9.405426
-9.157844
-5.486419
-5.746270
-3.516036
-7.249628
-6.895428
-6.469877
-9.623071
-7.250711
-5.523363
-11.178215
-8.280663
-8.877711
-8.147742
-6.024561
-5.876235
-8.030869
-4.267802
-5.772985
-6.453322
-7.108129
-5.825984
-9.768823
-7.709799
-6.960021
-6.969204
-8.112079
-7.561637
-8.520514
-8.220641
-5.397800
-9.260085
-7.732010
-8.206035
-8.196729
-7.617980
-9.322925
-8.731589
-10.421630
-6.607276
-6.177504
-4.764885
-4.856677
-5.085308
-5.256128
-6.176710
-4.852344
-5.388152
-8.652890
-5.731338
-10.382839
-6.760435
-3.725652
-5.726570
-7.667335
-7.330282
-11.465050
-4.797476
-5.414765
-4.521095
-10.709003
-5.361533
-4.411694
-4.222343
-5.150798
-7.224479
-8.182290
-8.103057
-6.870710
-5.277238
-10.324580
-4.637709
-8.016889
-3.404462
-7.891617
-5.178050
-4.632567
-7.525591
-8.392962
-9.655181
-6.092151
-7.280905
-7.572521
-8.628462
-8.701224
-4.313721
-6.388478
-6.261960
-6.225924
-9.301980
-7.713534
-6.079896
-9.223869
-9.625731
-7.943609
-5.130485
-7.866536
-7.509181
-7.037414
-9.226010
-6.501220
-7.682396
-8.114473
-7.062203
-8.142385
-3.324203
-5.016311
-5.302690
-6.000226
-5.360434
-6.344486
-4.963202
-6.147172
-8.529937
-6.953038
-5.042189
-6.665516
-3.410709
-8.415581
-6.413019
-7.662910
-5.218261
-7.615011
-5.927733
-6.313864
-7.544456
-2.812731
-5.901690
-4.995723
-9.410373
-7.568016
-8.795119
-4.958656
-1.776175
-9.330641
-8.331237
-9.392173
-7.010345
-9.430388
-8.199766
-7.363098
-9.203348
-4.676407
-8.496775
-5.068256
-4.214112
-5.728499
-7.475547
-3.159644
-6.401618
-7.527655
-10.286207
-4.960170
-7.534803
-9.878013
-4.840416
-3.999321
-5.184237
-6.052182
-5.489977
-6.331572
-4.407893
-8.761484
-4.769290
-5.350893
-6.681500
-5.464751
-2.910415
-9.301082
-8.412421
-8.245080
-7.755800
-8.804150
-2.947251
-7.826492
-8.349645
-5.968582
-7.793871
-6.502527
-1.623260
-6.225100
-9.132685
-5.204575
-7.510892
-6.136133
-6.082919
-4.397952
-5.746084
-8.850467
-11.162151
-7.830082
-9.817886
-5.114003
-9.768147
-9.067104
-5.483500
-5.099759
-8.054364
-5.851913
-5.129786
-11.633416
-6.856528
-4.899274
-7.012693
-6.380735
-5.928789
-8.435752
-6.201499
-4.999001
-8.865394
-6.589309
-7.266885
-8.051313
-8.393328
-7.877227
-8.461967
-7.530558
-7.378702
-12.323316
-7.930415
-6.004791
-9.879124
-8.334538
-3.731501
-5.517427
-7.923592
-6.517255
-7.672200
-4.996721
-9.682429
-6.283972
-3.124492
-10.161262
-6.174013
-6.864915
-5.444500
-6.367879
-9.897441
-4.750164
-6.574606
-4.437441
-5.401600
-5.785038
-7.438186
-8.323438
-7.865883
-6.572820
-9.279389
-7.521795
-10.123469
-6.912834
-6.381398
-4.120973
-7.472314
-6.356343
-7.578845
-8.608505
-7.859760
-6.675326
-4.377407
-8.582951
-6.369318
-3.597521
-6.942827
-10.375769
-6.448242
-7.705139
-7.053766
-7.232428
-4.402244
-10.013746
-5.229103
-9.093881
-6.127177
-5.653798
-4.503229
-3.646230
-10.257721
-7.116335
-10.537493
-8.420172
-10.543873
-7.656229
-6.415449
-7.443408
-7.262125
-4.478226
-9.542835
-8.391998
-6.072815
-4.515988
-7.262445
-8.257954
-6.262136
-4.398907
-4.719467
-2.353439
-8.018140
-5.761405
-6.730497
-6.923900
-6.273292
-10.878221
-12.446534
-6.387919
-6.957221
-7.658210
-7.057917
-4.175461
-7.714993
-4.117521
-8.228271
-5.508058
-5.799122
-9.733871
-6.565275
-7.426632
-5.359020
-6.042797
-7.966951
-7.235867
-6.260067
-7.559880
-7.792354
-7.707304
-5.714425
-7.782063
-4.305255
-2.847854
-6.926407
-3.234570
-11.083700
-8.736728
-6.308588
-5.233143
-6.908050
-8.971601
-4.488197
-4.106547
-6.735923
-9.766925
-9.466051
-4.419327
-7.070227
-6.502280
-8.057897
-4.605731
-8.435351
-7.847586
-4.378384
-9.921976
-7.485712
-5.624412
-4.432730
-9.630321
-11.190171
-8.012039
-5.869140
-7.430251
-8.683743
-8.219168
-6.525910
-5.324349
-6.824774
-4.717885
-8.597763
-11.355531
-7.677911
-8.334157
-6.739795
-9.134814
-7.525571
-5.296299
-6.424438
-9.373539
-8.249907
-4.684793
-4.855970
-6.328447
-4.784999
-8.656497
-9.412222
-9.956600
-4.090358
-7.912712
-3.077847
-9.102507
-7.318868
-8.431765
-5.275094
-4.612782
-8.311749
-7.268901
-6.855272
-5.237954
-6.547974
-4.613142
-7.624755
-5.728791
-4.601457
-9.928737
-5.681962
-6.640421
-8.827453
-9.246003
-7.571186
-5.989167
-5.766799
-3.488479
-5.776453
-7.712500
-5.752567
-5.713267
-12.640175
-10.279564
-6.865397
-6.431623
-5.337475
-6.149098
-5.555476
-4.968951
-7.411198
-8.992255
-12.006540
-5.563792
-11.169919
-7.796409
-10.094365
-7.881434
-7.356026
-9.751511
-5.802056
-5.840783
-5.737824
-8.001421
-7.829476
-7.135687
-5.434532
-6.024433
-3.430484
-6.740044
-7.875780
-3.640763
-8.813530
-5.796406
-8.274899
-3.614067
-5.464879
-6.776546
-9.344074
-1.614781
-8.578147
-7.265920
-8.515098
-5.129923
-6.639804
-6.478694
-6.430656
-3.313984
-6.572907
-6.612845
-7.839530
-3.391411
-4.521267
-5.888243
-8.992128
-6.190443
-7.566898
-6.619838
-11.270368
-3.013175
-8.140724
-3.425476
-6.834115
-5.308779
-6.777566
-10.872405
-6.913254
-4.005967
-7.621568
-7.388145
-9.380664
-8.043724
-5.641245
-6.165235
-8.496276
-7.569108
-4.585124
-6.289635
-3.673341
-5.672822
-7.412766
-7.041445
-2.753563
-6.225598
-7.310754
-5.521485
-8.322868
-4.980031
-11.184592
-10.144877
-6.315427
-5.803691
-8.278608
-10.263427
-5.096621
-11.276265
-8.358915
-9.530190
-7.522149
-8.832170
-8.399127
-10.273034
-6.039999
-7.448188
-11.450365
-6.185452
-9.611702
-4.765650
-3.785088
-11.146282
-7.111623
-6.536537
-6.721447
-10.719960
-8.706867
-2.198885
-6.566737
-7.698473
-6.802439
-3.780732
-4.600904
-8.752189
-6.441474
-8.306009
-3.577475
-6.901849
-9.242707
-11.750457
-7.880323
-7.798017
-4.621211
-5.950449
-7.472350
-8.176081
-7.881123
-6.224866
-3.615162
-8.070123
-4.066998
-7.508660
-9.183236
-8.055835
-6.484110
-5.386990
-6.254016
-6.849304
-7.871783
-6.364298
-7.154664
-5.948057
-9.823503
-8.988070
-6.535299
-6.250354
-8.427969
-8.017350
-11.430471
-7.371407
-6.954117
-7.013158
-7.554397
-11.579377
-7.510264
-2.240155
-6.627108
-8.731745
-10.345353
-9.104198
-8.000348
-5.198503
-5.769579
-8.479965
-7.194298
-6.137926
-5.248301
-4.041996
-9.991828
-7.597860
-4.153653
-7.577260
-7.371713
-9.342419
-8.253251
-10.083356
-7.167552
-5.061020
-5.818998
-8.721778
-8.382457
-5.479191
-9.866354
-7.256721
-6.818305
-7.729734
-6.306728
-7.718078
-4.812795
-7.870749
-13.070759
-4.767075
-6.338102
-4.866435
-7.726712
-6.838903
-9.137486
-6.415507
-9.200946
-8.976640
-9.386564
-8.684713
-6.304230
-8.846022
-4.521215
-8.035075
-6.803364
-5.974404
-10.267098
-8.568272
-8.968158
-5.393927
-6.519364
-5.089453
-8.469683
-8.590466
-8.608148
-2.463343
-6.057973
-7.655039
-6.206915
-5.452559
-9.297309
-10.199010
-8.622542
-10.171622
-8.836945
-5.623746
-7.325501
-6.327927
-7.515664
-8.297904
-6.016709
-9.451075
-6.452244
-6.185115
-8.400227
-6.152459
-9.004145
-6.426042
-5.201479
-5.565497
-9.124139
-4.797645
-5.451913
-7.008111
-7.223150
-7.433452
-7.259335
-8.106284
-5.791707
-8.235409
-8.748644
-7.319189
-10.158417
-9.675575
-5.427083
-5.540685
-10.748049
-6.955053
-5.832093
-9.152334
-4.933753
-7.332966
-5.994701
-7.806714
-9.137384
-4.745121
-7.738123
-5.981676
-9.036844
-8.834735
-7.127008
-6.302878
-4.839781
-5.513720
-8.543661
-7.915933
-7.567478
-3.498095
-4.732938
-6.428559
-7.060797
-6.973563
-8.765328
-4.667616
-1.635186
-4.271716
-6.274374
-10.711165
-7.872620
-7.872859
-4.763702
-6.285853
-7.198545
-7.425321
-4.353636
-7.788833
-5.557132
-5.439039
-8.993826
-8.728454
-8.827060
-4.985731
-8.231378
-10.660241
-12.387710
-6.258039
-5.757497
-5.664882
-13.189460
-7.746797
-8.518139
-9.196736
-7.658582
-5.972312
-7.310317
-8.011703
-4.244048
-5.073279
-6.786437
-10.696809
-9.229662
-8.066299
-5.477098
-6.199507
-6.299000
-9.026765
-7.112053
-7.675887
-8.388213
-4.298774
-6.718308
-7.883077
-6.459966
-4.821243
-6.590675
-7.358446
-5.879294
-9.063349
-8.340737
-5.803479
-5.592621
-5.859056
-7.410783
-6.806345
-3.096287
-7.269102
-4.689785
-2.261565
-6.620789
-8.576043
-7.458950
-11.097638
-6.622720
-8.349523
-7.779455
-9.039492
-6.700924
-7.993077
-4.495616
-6.340235
-4.860569
-5.150751
-5.271832
-9.562517
-10.385739
-8.626024
-7.493254
-6.622254
-4.232391
-9.596335
-11.659286
-4.942080
-8.184030
-10.397018
-6.329797
-6.514405
-8.620113
-5.545106
-8.283224
-7.651951
-3.841664
-6.470820
-6.463544
-4.781731
-4.933816
-7.080719
-4.798247
-7.656140
-9.172757
-9.910473
-6.872174
-7.904935
-10.069074
-9.380443
-9.495266
-4.528037
-5.749225
-5.271011
-5.462908
-3.839560
-9.186409
-6.340662
-6.432200
-9.052784
-6.715072
-6.688494
-4.572948
-5.928555
-9.203216
-3.356153
-9.260046
-4.119254
-2.813085
-6.973786
-9.319608
-7.646040
-7.778736
-7.274216
-7.973652
-9.052540
-8.974339
-3.619288
-8.059499
-4.185799
-7.317808
-6.363066
-5.497556
-3.333310
-7.826454
-4.979955
-7.732606
-4.324215
-6.574142
-9.837100
-4.275179
-5.717072
-5.789382
-5.030884
-4.914929
-5.872832
-8.974308
-6.737566
-9.095504
-5.966519
-6.571954
-6.496048
-7.604222
-5.179004
-7.454131
-5.896723
-6.163339
-7.257843
-8.026295
-6.713706
-8.449654
-5.185624
-9.429914
-7.495579
-6.860555
-7.194570
-7.318517
-7.284636
-10.694563
-6.110198
-9.639751
-9.677996
-5.831329
-9.430642
-6.379769
-8.642959
-7.007339
-5.087675
-8.925996
-7.748400
-5.905191
-12.928571
-7.770862
-6.539562
-4.856750
-6.934368
-6.356779
-9.188684
-7.728331
-9.823519
-9.334580
-7.784905
-11.515980
-3.939641
-9.549762
-6.042156
-7.971618
-4.940702
-9.783547
-7.846325
-3.923088
-6.373267
-6.179539
-7.937811
-7.035529
-6.479403
-7.303016
-8.401739
-6.480620
-9.330146
-6.616053
-4.981073
-7.979400
-10.089292
-9.458704
-9.219837
-4.825788
-4.077047
-7.614441
-4.966691
-5.040256
-7.861328
-6.971074
-2.465225
-5.542524
-7.054332
-8.876054
-7.594548
-4.318941
-9.108087
-10.296380
-8.785533
-5.355666
-8.363441
-6.327257
-6.301540
-9.572297
-9.694684
-6.957665
-6.112715
-4.873791
-6.873194
-6.648323
-6.512691
-6.177977
-6.867146
-9.760038
-6.322407
-6.631527
-8.035993
-9.053988
-8.383451
-10.134632
-7.948355
-7.110426
-6.195082
-7.969097
-4.992382
-6.113169
-5.750069
-7.972067
-4.348733
-8.397948
-5.746076
-9.273796
-7.968492
-8.029931
-5.867236
-6.217905
-8.823594
-4.234638
-6.194980
-7.353476
-10.320487
-5.348878
-6.319203
-6.590352
-7.193954
-9.056356
-5.523328
-4.445617
-7.245475
-5.379097
-9.798295
-8.395747
-9.528516
-8.835404
-7.407918
-7.427657
-7.741304
-8.528181
-7.646013
-7.234652
-7.983880
-5.322263
-6.825951
-8.916830
-7.947160
-4.094220
-9.599759
-5.993818
-6.053831
-9.383697
-4.733459
-5.703714
-9.761399
-8.380345
-4.334941
-7.741861
-7.981222
-7.430912
-6.758688
-8.534563
-5.532184
-6.258969
-7.109434
-11.582694
-7.232944
-9.784926
-6.148402
-7.276354
-10.015699
-7.728155
-8.191337
-3.617877
-3.252926
-5.655914
-8.035146
-7.835604
-6.758852
-8.212905
-7.544653
-5.460236
-6.910408
-6.005719
-7.289085
-8.436503
-7.766595
-5.073199
-8.975105
-5.583653
-5.740239
-7.104839
-5.043537
-5.798243
-9.538561
-6.803842
-7.835608
-7.745444
-10.207612
-6.286098
-10.383388
-8.508587
-5.048734
-7.856380
-7.503988
-8.568077
-4.556992
-6.132095
-7.321092
-7.391832
-3.347934
-5.559564
-8.866316
-8.958058
-9.379267
-8.968271
-8.443165
-8.398192
-7.597554
-7.727394
-7.818724
-5.182972
-9.130552
-4.461902
-9.479836
-8.938748
-4.851484
-6.996985
-7.845158
-9.331050
-9.137676
-5.215667
-6.277337
-7.458333
-7.032571
-6.298123
-7.093853
-12.071907
-7.939225
-4.786145
-8.527154
-4.048421
-8.516448
-10.701639
-5.313425
-8.374945
-5.905346
-5.717548
-8.649816
-6.510877
-7.714107
-7.567123
-7.415426
-4.928513
-9.217315
-6.622970
-7.498015
-6.121089
-7.734925
-10.727026
-7.981840
-7.844837
-6.088953
-8.020432
-9.962234
-8.260815
-7.691520
-7.055895
-9.653224
-5.148280
-5.432353
-7.534537
-9.528610
-7.577435
-8.645841
-6.997488
-8.530926
-4.491527
-8.223787
-8.038348
-9.756791
-6.995648
-3.625211
-6.973347
-4.088924
-6.325570
-6.123286
-9.984184
-3.514045
-6.337785
-12.068634
-6.972645
-9.630834
-5.396986
-4.583356
-5.944664
-6.423568
-6.513478
-8.592082
-6.713535
-5.432939
-6.919474
-6.465806
-7.674819
-10.213075
-6.462386
-5.386478
-5.781203
-8.878525
-7.214755
-4.908323
-8.588967
-5.309381
-4.446073
-9.241235
-6.538490
-3.843317
-8.156711
-7.725402
-4.700189
-5.629756
-8.631919
-6.797688
-8.360552
-2.621408
-5.034114
-7.381098
-10.906110
-7.224029
-4.772395
-7.963328
-8.447265
-7.995193
-4.988254
-4.592587
-7.694222
-8.072006
-8.116672
-3.505328
-8.231894
-8.124143
-5.435227
-5.578585
-7.371255
-11.625793
-9.151933
-5.995346
-8.032193
-4.092256
-5.555140
-8.811905
-8.510730
-8.855065
-6.853751
-6.024714
-6.609953
-10.194542
-5.865040
-5.687078
-9.319826
-6.687638
-9.183275
-8.512848
-5.128753
-5.938342
-7.511241
-8.097700
-3.540892
-7.293925
-3.209284
-5.171788
-8.332436
-4.357622
-8.445587
-5.693092
-7.999216
-7.759508
-8.084143
-5.891504
-8.040139
-7.396572
-6.252733
-9.128364
-4.559441
-8.199154
-7.646381
-9.705153
-7.505569
-8.758635
-8.430329
-6.486765
-7.428391
-5.367156
-7.600841
-6.716155
-7.995251
-2.728862
-7.300278
-8.377239
-3.766905
-5.602435
-5.744908
-2.379696
-7.573839
-9.305440
-5.848897
-7.799136
-10.849064
-5.734461
-8.997692
-10.022645
-5.895720
-4.773009
-3.173264
-6.726516
-3.482071
-7.898703
-6.764133
-6.489738
-4.893545
-7.239166
-9.431667
-6.421289
-5.271677
-6.578087
-9.148478
-10.174194
-7.896944
-6.912757
-6.657100
-7.076822
-8.436693
-10.546659
-5.225556
-7.869613
-4.957862
-2.329940
-6.951399
-2.449690
-8.728440
-6.152039
-7.416408
-5.890962
-6.846046
-9.035552
-5.642587
-8.431334
-10.139204
-8.638595
-7.984663
-4.527799
-7.810048
-6.151333
-6.776256
-3.218951
-7.286077
-7.089968
-7.632064
-4.075339
-9.926250
-7.997602
-10.285760
-3.833743
-7.128863
-8.367402
-14.496763
-10.503432
-6.632780
-5.319496
-7.050766
-9.039420
-9.859556
-10.729053
-4.940584
-7.500036
-6.579797
-3.736861
-4.107765
-5.818532
-4.321835
-8.983041
-5.354598
-4.804817
-5.266958
-8.115280
-7.367617
-7.894026
-7.844240
-5.717645
-6.282638
-5.617854
-10.089119
-8.627548
-6.126008
-9.842288
-7.472275
-5.296369
-9.442549
-10.587756
-10.400846
-4.056397
-8.277411
-5.677234
-6.654965
-5.302212
-5.700887
-8.994028
-8.306275
-7.159859
-8.989609
-9.742415
-7.626464
-7.750794
-8.143033
-8.741249
-6.962894
-7.416551
-6.595362
-5.331990
-6.860134
-5.044245
-9.397720
-5.607920
-7.663206
-4.526613
-8.237574
-5.588209
-9.320812
-8.859584
-5.392517
-5.721208
-8.995670
-9.600885
-8.114231
-7.449105
-5.870791
-6.590910
-5.604450
-8.952585
-8.758188
-5.491972
-8.601382
-7.335734
-4.132324
-6.829179
-3.454340
-5.611357
-5.984821
-9.316392
-8.842950
-6.559241
-8.572040
-8.183791
-7.927273
-7.486215
-5.584401
-5.998172
-7.354584
-8.670743
-9.912016
-7.914010
-7.621729
-4.458754
-5.020649
-5.097054
-5.287876
-8.084388
-6.932730
-8.690574
-8.724579
-1.682673
-7.122239
-9.063043
-5.836549
-6.216554
-7.031970
-4.980593
-6.170310
-8.115569
-4.362847
-5.238086
-8.151134
-6.108765
-7.293315
-7.610469
-2.615388
-8.746868
-9.511652
-6.129515
-5.734149
-9.197587
-8.372443
-6.481287
-4.783397
-11.611894
-8.935864
-8.696069
-4.761639
-11.334657
-10.425165
-8.960591
-6.980944
-7.714104
-5.294534
-5.220738
-5.398446
-5.439588
-7.940907
-6.964745
-4.188704
-6.887963
-7.661208
-6.761553
-5.187956
-5.917186
-7.788234
-7.287956
-8.320050
-7.756660
-8.275413
-7.545791
-6.159034
-9.490677
-8.207345
-5.732941
-9.863834
-7.557236
-4.724551
-4.875159
-5.436025
-8.636385
-7.112123
-8.819469
-2.654547
-10.189633
-9.430018
-10.153286
-7.424310
-7.441443
-5.584245
-2.709816
-3.805057
-7.367678
-6.644164
-7.255840
-10.891142
-8.549281
-6.123087
-4.481415
-8.104036
-6.152014
-6.799193
-6.151308
-7.219012
-6.917307
-6.009459
-6.805984
-8.711239
-7.598896
-7.842477
-6.689203
-6.111591
-6.361927
-6.137628
-10.961855
-8.104168
-7.901772
-5.742949
-5.026936
-7.530789
-7.733600
-10.565355
-5.422047
-4.214562
-9.701444
-3.587721
-4.003183
-8.138826
-8.684623
-8.811590
-6.668063
-8.374043
-9.966137
-5.789879
-8.665794
-8.492476
-8.859655
-9.436107
-7.958062
-8.298486
-7.211148
-4.120448
-6.752390
-6.931391
-6.872221
-4.979223
-8.705215
-3.134497
-11.573495
-10.006523
-7.259579
-4.324063
-7.311710
-7.751620
-8.695571
-7.860466
-5.557226
-8.830420
-2.184036
-4.725024
-6.193143
-8.363296
-6.991379
-3.487076
-6.125969
-8.676928
-7.065327
-5.913676
-7.797944
-4.863819
-8.085062
-7.009376
-7.208760
-6.826548
-7.333907
-4.124104
-6.969887
-7.624279
-7.838675
-7.016723
-5.576749
-3.760430
-9.841452
-8.070922
-6.713281
-9.319234
-6.856429
-7.647223
-7.674619
-5.951915
-3.185081
-6.510654
-9.580761
-8.111194
-5.501058
-6.622903
-4.173511
-7.094894
-7.788820
-10.040448
-6.915103
-5.162688
-5.440061
-5.784578
-5.409470
-5.209121
-8.160272
-11.321664
-6.392760
-4.303574
-6.290271
-8.122545
-6.421247
-6.291494
-9.402012
-8.621194
-4.296689
-8.136679
-4.189379
-5.042502
-9.260680
-6.563844
-9.204114
-7.638743
-9.320479
-4.661417
-6.513003
-8.168432
-4.160120
-3.824862
-7.632044
-7.479250
-6.951083
-7.057820
-7.851008
-8.602800
-5.281090
-9.817339
-10.177157
-7.102473
-7.779810
-7.020472
-5.444209
-8.784622
-7.873792
-7.712250
-5.434075
-6.744692
-4.795006
-6.623939
-7.105921
-5.331589
-8.010661
-6.958637
-6.724193
-5.036781
-5.509663
-7.776846
-9.635423
-6.314784
-7.770321
-7.163290
-5.162160
-5.462867
-4.883840
-5.512600
-7.592839
-7.297901
-7.802690
-5.480341
-7.707835
-6.854077
-8.842995
-5.581905
-5.495579
-3.951979
-4.315275
-5.539519
-8.031020
-6.910897
-6.940709
-6.981609
-9.981228
-9.442322
-9.819401
-8.708171
-6.818176
-10.552081
-6.541651
-8.660077
-7.922813
-6.847775
-9.439192
-8.106620
-4.700564
-7.598455
-7.023534
-2.404312
-6.783825
-7.800287
-3.976488
-8.887985
-7.413428
-5.024201
-7.677559
-6.209836
-6.638982
-6.038603
-8.708030
-8.833480
-6.890489
-5.270599
-6.676579
-8.518729
-5.773181
-7.153977
-5.505784
-8.078025
-6.740109
-5.375792
-6.158112
-7.763844
-7.126872
-9.184947
-6.508761
-9.158628
-8.612394
-7.394801
-4.528897
-7.907704
-7.042059
-8.393465
-6.354583
-2.868243
-6.348702
-5.969715
-4.658825
-7.015129
-6.952427
-6.851862
-6.250292
-4.246375
-5.643932
-9.130630
-7.884693
-9.726492
-5.899736
-8.284597
-10.578793
-4.972125
-5.372729
-5.402841
-6.070077
-6.782363
-7.356356
-3.386064
-5.900856
-6.830049
-6.682887
-6.225316
-5.630423
-6.980648
-6.445676
-5.149844
-5.341120
-9.162435
-9.310515
-8.403547
-6.546282
-8.192965
-5.238793
-6.943169
-7.263287
-7.072812
-3.077817
-7.998263
-7.207577
-5.441050
-4.283198
-3.803126
-9.165370
-6.356304
-5.970615
-6.059992
-6.698258
-8.178907
-8.317726
-9.166116
-6.991518
-6.704061
-7.697666
-6.263841
-9.712935
-7.804618
-5.190206
-8.287249
-4.307793
-7.198047
-8.097368
-7.250500
-4.460540
-7.739819
-5.132905
-6.867568
-5.761817
-5.544188
-8.434289
-6.627447
-10.641829
-5.596541
-5.532856
-7.595307
-9.801968
-6.204407
-4.734684
-3.946172
-4.888827
-5.536536
-9.413901
-6.834315
-13.308120
-6.585747
-4.334848
-8.691095
-5.758716
-5.690115
-9.542041
-7.212967
-7.805189
-6.987395
-7.378504
-6.168824
-7.024876
-7.385745
-7.428458
-5.407176
-6.148956
-5.716984
-7.972759
-3.609365
-7.568355
-8.415720
-6.491356
-6.786883
-5.745924
-10.308873
-8.582185
-10.210778
-6.203329
-5.996974
-6.966495
-5.918634
-6.467957
-8.379829
-7.270936
-8.110267
-7.895083
-9.280895
-6.298615
-8.700258
-6.262003
-5.864595
-8.283260
-7.152665
-6.342670
-9.572374
-6.940547
-6.992994
-4.484811
-5.990605
-6.577337
-4.952053
-6.595707
-4.752584
-6.579544
-7.826128
-10.360497
-5.909209
-7.472597
-4.691172
-6.609842
-7.732929
-8.068489
-9.691169
-4.994846
-8.212156
-8.083917
-7.218176
-12.387573
-9.378837
-10.435081
-10.382624
-9.102005
-6.994462
-5.678254
-7.215106
-11.629117
-9.672083
-8.836919
-6.988726
-7.790727
-9.441918
-12.901405
-10.153062
-5.521215
-4.982486
-7.724946
-8.233880
-8.887348
-8.249516
-9.255164
-7.976799
-12.359111
-6.194407
-5.929833
-8.243919
-8.061118
-6.296943
-10.573793
-11.060957
-8.552419
-3.469688
-10.573031
-7.135739
-6.519825
-9.439322
-6.615200
-9.735970
-6.518579
-6.333363
-6.906962
-8.254896
-6.796332
-6.413342
-7.336947
-10.536584
-5.831723
-8.785812
-9.046599
-6.253592
-7.024312
-5.198322
-9.928231
-7.729630
-10.168305
-10.011384
-7.088119
-11.574111
-7.490053
-7.563375
-7.310785
-4.663650
-5.701702
-8.985382
-7.298327
-9.691713
-6.732407
-10.368126
-5.598275
-5.528870
-7.594303
-4.304168
-8.031473
-6.246813
-6.403790
-4.831326
-7.086972
-8.302890
-4.023057
-7.909036
-7.955799
-7.598400
-5.064381
-8.317283
-7.775943
-6.366033
-6.228199
-8.837268
-6.361424
-5.924481
-4.812217
-4.286270
-6.141398
-7.950038
-5.655158
-5.358611
-6.386495
-6.059230
-10.775266
-8.326647
-6.389689
-6.480971
-5.237681
-7.269354
-7.475692
-6.004829
-7.150637
-8.906784
-4.565843
-8.436423
-7.540521
-6.310333
-5.472998
-5.934705
-8.468082
-7.357104
-9.285758
-8.259371
-7.629907
-8.004663
-3.561067
-8.775833
-7.389257
-7.349002
-4.749002
-9.448143
-5.703809
-8.171037
-7.815249
-7.691026
-4.692832
-3.069214
-10.056665
-5.721573
-6.353625
-5.162073
-6.123473
-8.423829
-9.935748
-5.797471
-4.792576
-7.402635
-13.622124
-8.324254
-8.755280
-5.549042
-9.006487
-10.411191
-5.045129
-8.050109
-9.286940
-6.898424
-7.774584
-10.200386
-7.964378
-6.971695
-7.678792
-8.224124
-6.485102
-8.379676
-4.241809
-6.349439
-7.515049
-3.763381
-7.677097
-5.337472
-8.708821
-8.030032
-7.710068
-4.187744
-1.247429
-11.385712
-8.750231
-5.340983
-8.149935
-9.652763
-8.461556
-8.068216
-6.776896
-9.595631
-5.243885
-5.581297
-6.974165
-7.264176
-8.989900
-7.344545
-5.523438
-5.941538
-4.444243
-7.967885
-9.950045
-3.694419
-6.348855
-6.657121
-9.513014
-9.287797
-10.074281
-9.821048
-7.247921
-5.478522
-5.857499
-9.344543
-10.198332
-5.049296
-6.513229
-7.225163
-4.870910
-6.300622
-9.757698
-6.569795
-6.695869
-8.819885
-7.820808
-4.910395
-5.688277
-6.784884
-9.626499
-9.346273
-7.797343
-6.903235
-8.859660
-8.561534
-5.430644
-10.200334
-9.168052
-7.443644
-4.797070
-6.169186
-7.838099
-5.309905
-10.720589
-9.392009
-7.046723
-9.045444
-9.048159
-8.691597
-6.084105
-5.833835
-7.157227
-5.729686
-6.168994
-6.937228
-9.606558
-3.813290
-8.242486
-5.890125
-5.789850
-6.128718
-5.128682
-6.274474
-7.971524
-9.269612
-9.362433
-7.100975
-4.818007
-6.227814
-3.755282
-6.899197
-4.629638
-5.941850
-6.241508
-7.371742
-2.506787
-9.982166
-8.106001
-5.013179
-7.639298
-6.945004
-7.100174
-7.494800
-7.469420
-9.969781
-6.345014
-7.320333
-5.467786
-7.481107
-7.813058
-8.287556
-10.840104
-5.868776
-9.776670
-6.353447
-5.556385
-5.314475
-6.862771
-2.962863
-7.702854
-7.317476
-4.015596
-7.203577
-6.577349
-6.901654
-8.819592
-5.178339
-3.601699
-9.367896
-7.208347
-9.413255
-11.469838
-6.780574
-4.968458
-4.064968
-8.216950
-7.735313
-7.953201
-5.358443
-6.774604
-8.647043
-8.825026
-8.295486
-7.967389
-6.281846
-5.861104
-5.473264
-5.767082
-6.899208
-6.535426
-5.049679
-7.601704
-10.876602
-9.861493
-8.528240
-5.550438
-6.123479
-7.617320
-6.561888
-8.471807
-7.452440
-9.140902
-8.327104
-4.974906
-6.210045
-6.263268
-9.382852
-8.397919
-9.240927
-6.770600
-6.910985
-9.848368
-7.937987
-7.690678
-7.071196
-8.569224
-8.736584
-7.825084
-7.251312
-5.121989
-6.964458
-3.455581
-6.040126
-6.810186
-5.750362
-10.067035
-9.871109
-8.499004
-7.519407
-7.935240
-8.907129
-10.441181
-7.620075
-3.908984
-9.490365
-5.937037
-8.414205
-7.298916
-6.115814
-7.751176
-4.713635
-7.617792
-6.883973
-4.567778
-7.811790
-8.570593
-8.304441
-7.152981
-8.262684
-7.285512
-8.207649
-11.792036
-5.321484
-6.319902
-5.952081
-7.339680
-8.468671
-4.975644
-10.249291
-9.113619
-9.154667
-5.308380
-3.041460
-8.503017
-7.700131
-5.485472
-7.973768
-9.876657
-8.261580
-3.751285
-6.204953
-5.963389
-7.446873
-5.512449
-5.329902
-6.167315
-8.122020
-5.089507
-8.249611
-8.131596
-8.856359
-7.030378
-9.297082
-9.710024
-7.835602
-6.690986
-7.392348
-5.601776
-3.084649
-7.418221
-6.952128
-13.782215
-7.570435
-9.493108
-5.735725
-9.559988
-8.162292
-9.450954
-7.898566
-10.140449
-4.310705
-7.138265
-7.330651
-6.277633
-9.994122
-5.429644
-8.880782
-8.695000
-7.249637
-10.207821
-5.794187
-7.393445
-8.268254
-7.203616
-5.123034
-6.163999
-10.004730
-8.992421
-8.064763
-7.920747
-5.773806
-7.084741
-5.263725
-8.872619
-5.181434
-7.754574
-8.978007
-7.070182
-8.433161
-4.901379
-6.646337
-5.871372
-5.119771
-3.655991
-5.645457
-5.984529
-10.210374
-8.585132
-5.353067
-9.040549
-6.146649
-8.064994
-6.234928
-9.797190
-5.840909
-4.833621
-8.882059
-6.738001
-5.205676
-3.803858
-6.696535
-9.291039
-8.853420
-8.056074
-9.610851
-10.401361
-7.743676
-2.503550
-7.140378
-6.471179
-9.214736
-7.110614
-7.187981
-7.832542
-6.643733
-6.426759
-7.376957
-9.892752
-7.003520
-8.139622
-5.309606
-10.323827
-7.075313
-4.315032
-7.434542
-10.536535
-7.787454
-5.577457
-9.430672
-3.752507
-8.255690
-5.918548
-6.274853
-7.206423
-9.278333
-5.462166
-9.369790
-8.847612
-6.004238
-8.400664
-9.229439
-7.019933
-7.407214
-6.852944
-8.233730
-8.808634
-6.904613
-6.031296
-4.790743
-5.620135
-8.206944
-6.490534
-6.958046
-7.556561
-5.761963
-8.938198
-6.317365
-7.213544
-5.701366
-9.836117
-7.847146
-6.171441
-9.267808
-7.486482
-4.890996
-5.548761
-6.110767
-5.986033
-5.264964
-6.047373
-6.464015
-5.215675
-7.441773
-9.143666
-7.729836
-4.726097
-7.247795
-3.990768
-5.931985
-5.502125
-8.829539
-7.925639
-9.082524
-6.062448
-5.430664
-4.843228
-7.004285
-8.215973
-4.689430
-7.157087
-5.472315
-4.479939
-7.652020
-8.588597
-4.599829
-6.875150
-8.171848
-6.199574
-8.906011
-4.291609
-8.955106
-5.574293
-5.274152
-6.568532
-7.196298
-8.856291
-6.056108
-5.963050
-4.214808
-7.828560
-7.310874
-9.493518
-10.603209
-7.838837
-8.427758
-7.214469
-7.122182
-4.905420
-7.972394
-8.462687
-12.552646
-8.247282
-6.025962
-6.851078
-11.206826
-6.886092
-5.319413
-9.318744
-5.455084
-6.929444
-7.543694
-8.985682
-6.131954
-7.484141
-5.617872
-9.236588
-5.292789
-3.130388
-9.583628
-5.183227
-6.328074
-5.461782
-5.044429
-8.763648
-5.499114
-8.299663
-7.097127
-8.238084
-4.458131
-8.573637
-8.472342
-6.114599
-5.903565
-10.653614
-8.571760
-5.562968
-6.861461
-6.963780
-4.976377
-3.941556
-8.452319
-6.895751
-9.802890
-7.750313
-5.894464
-7.513589
-7.312726
-5.318512
-6.074046
-4.570542
-5.158216
-7.919958
-5.467700
-7.127800
-9.011461
-10.516822
-7.187051
-8.441629
-8.801935
-6.593847
-8.072885
-9.379930
-6.884983
-9.267093
-9.760140
-4.656524
-6.260924
-5.988269
-7.218912
-8.152632
-5.865923
-7.589883
-11.232491
-9.130117
-8.826192
-8.485237
-6.188454
-8.128207
-6.245428
-7.012823
-5.300196
-7.396482
-9.727669
-7.884758
-8.266807
-8.091382
-6.914518
-7.552343
-5.002785
-11.809915
-9.731886
-8.245934
-6.926695
-3.673426
-7.905262
-4.629214
-8.090797
-5.746823
-6.981928
-6.292174
-5.990628
-6.066018
-6.309814
-4.772546
-7.122285
-8.106261
-7.410636
-8.104894
-8.583177
-4.713909
-8.141990
-4.248803
-9.170900
-7.474125
-5.006979
-4.184504
-6.949344
-5.974326
-9.139011
-6.173903
-5.764559
-6.290931
-9.568303
-8.097354
-6.386055
-6.225861
-6.025748
-8.576303
-2.770691
-8.665026
-9.942346
-6.420219
-7.188186
-9.776611
-8.362959
-7.821601
-10.760009
-4.496411
-5.807948
-7.266627
-6.752430
-7.784131
-8.689516
-9.698113
-7.416924
-7.817134
-6.553001
-6.872992
-6.023722
-6.040225
-2.772375
-4.676437
-6.158899
-9.296757
-6.185071
-6.012346
-9.984285
-6.020715
-7.313347
-6.035371
-7.893422
-5.928071
-3.405199
-5.547065
-7.850552
-8.787326
-6.343310
-4.673801
-6.727663
-6.098682
-6.128604
-8.557048
-3.780377
-6.533043
-6.955252
-6.171433
-7.116818
-10.627326
-8.372205
-7.808934
-6.992354
-6.511168
-5.704957
-8.205751
-6.932340
-4.874701
-8.186797
-7.934723
-6.659878
-7.325816
-8.008890
-7.166215
-7.738685
-9.012303
-7.826823
-9.214765
-8.753071
-7.611099
-11.552983
-6.418315
-5.916134
-10.926577
-3.957585
-10.066072
-11.531883
-6.429589
-6.366279
-7.853041
-3.651442
-5.147185
-10.694563
-6.714061
-5.983589
-5.702702
-5.334381
-6.246326
-7.475739
-6.517950
-5.960003
-5.613195
-5.783856
-5.681117
-10.427361
-9.438900
-8.358960
-7.322948
-6.854434
-8.530492
-7.466470
-7.143860
-7.651020
-8.415839
-6.408744
-9.041894
-6.129381
-5.786433
-7.167961
-8.574608
-7.181130
-5.439332
-5.637206
-6.823839
-7.114374
-8.088247
-4.359660
-9.832397
-8.814365
-8.098673
-8.677621
-5.542300
-8.861532
-5.860931
-4.909420
-7.754238
-5.210990
-7.239223
-7.842678
-9.457868
-8.134811
-8.191856
-13.137053
-8.183993
-5.836457
-5.508266
-6.827224
-5.326153
-6.666600
-4.878683
-7.923039
-8.052644
-9.573927
-3.828560
-8.252993
-9.574341
-8.355101
-7.776541
-6.215725
-4.943664
-7.982925
-8.375216
-6.591361
-8.123204
-5.604598
-8.709553
-6.533451
-6.147830
-5.535898
-3.944393
-6.413654
-7.264370
-8.043951
-5.694497
-5.336014
-4.950711
-4.153345
-7.974884
-5.457203
-7.782821
-8.822912
-7.001016
-10.306268
-9.749465
-6.104143
-9.811021
-6.373619
-6.635464
-6.986618
-7.213698
-9.428220
-5.597033
-6.247151
-5.671563
-6.599569
-6.772467
-10.486821
-6.017044
-10.140937
-8.853594
-6.193913
-9.818353
-9.232973
-5.352156
-7.663417
-4.047629
-7.879131
-7.365705
-8.700706
-8.182830
-6.887594
-8.326766
-6.666034
-6.158027
-11.786863
-6.570888
-8.243576
-7.816702
-6.257664
-5.844052
-8.887261
-9.099255
-8.211040
-7.437665
-5.073285
-10.822023
-6.810897
-5.438435
-4.525878
-9.391306
-6.951787
-7.787805
-8.346589
-3.419567
-8.173560
-6.781941
-6.454452
-10.965417
-8.789238
-7.435186
-9.668999
-5.464866
-8.489063
-7.138837
-10.496138
-5.699905
-8.759069
-7.142327
-6.938598
-8.073723
-6.125470
-3.248330
-5.842216
-6.149915
-7.355094
-6.175190
-5.872383
-7.780934
-6.368019
-4.960993
-5.188432
-4.746378
-4.144372
-4.980614
-6.668975
-7.274627
-8.201221
-8.051850
-7.748057
-8.464926
-5.105350
-8.856236
-5.683659
-7.760418
-7.117214
-6.523343
-2.175234
-6.490362
-5.404576
-10.875329
-7.816193
-9.536528
-4.969774
-7.053442
-4.860918
-8.876910
-6.142690
-6.629069
-9.554037
-9.876161
-6.711186
-7.509089
-6.481133
-9.947517
-9.123839
-7.914597
-9.797190
-10.700304
-9.767638
-7.095041
-9.402861
-4.558534
-9.746849
-7.849506
-8.221218
-8.673496
-7.200364
-5.804546
-6.535737
-4.567133
-9.044578
-7.473967
-8.907058
-7.121749
-8.731199
-9.834179
-4.739660
-6.423036
-6.332178
-4.515521
-5.612602
-7.660861
-8.824023
-8.580836
-7.633029
-6.729393
-6.987176
-9.420582
-5.349120
-8.530992
-8.213770
-8.870315
-7.761948
-9.883801
-6.355416
-4.952437
-4.201274
-8.927972
-3.161339
-6.692246
-4.194479
-11.317242
-9.765227
-8.520857
-8.509287
-6.001111
-7.439956
-8.512414
-6.840159
-2.163451
-7.699333
-8.321534
-9.900509
-8.590738
-5.836539
-7.848158
-8.051568
-6.338704
-4.621891
-7.045971
-8.021466
-5.123297
-6.379782
-6.118439
-7.957894
-7.180963
-8.349936
-7.054259
-7.438827
-7.200143
-7.144121
-10.905567
-5.119030
-9.841813
-7.730942
-5.380704
-8.196735
-7.821606
-7.428483
-9.107286
-5.874355
-9.849883
-4.148754
-9.099964
-6.990760
-6.349306
-10.107177
-8.710909
-5.305184
-7.131744
-5.717664
-6.999268
-8.707941
-8.156048
-6.111321
-7.417452
-5.806109
-10.268979
-9.312913
-6.653279
-8.009242
-7.458415
-8.001979
-4.770697
-11.016390
-9.677480
-10.615875
-5.651863
-6.721880
-6.420541
-7.175763
-5.982534
-8.165293
-7.836164
-5.889441
-8.620214
-4.713277
-8.720016
-7.693785
-7.781353
-7.019155
-4.071212
-12.664352
-5.292702
-6.220990
-7.728069
-7.464351
-10.668871
-5.988611
-5.041207
-8.285061
-10.416697
-5.923001
-8.566907
-3.846340
-9.072020
-6.990719
-7.092120
-6.835542
-6.115732
-6.705998
-6.870590
-4.658848
-7.602146
-8.023902
-7.725452
-5.386054
-7.422884
-8.337067
-3.964840
-8.759979
-6.697134
-6.950520
-5.653999
-6.702115
-5.384526
-8.163122
-8.868163
-9.842242
-9.111195
-8.474945
-11.185932
-10.483315
-5.688063
-7.949780
-6.647942
-6.299159
-8.489231
-4.550478
-9.841299
-7.416675
-5.498370
-9.795616
-5.735201
-10.095253
-4.836633
-9.670257
-9.220853
-8.094744
-7.536477
-8.079440
-5.177112
-7.718764
-7.578657
-7.195743
-8.435485
-5.106096
-5.464968
-9.250060
-8.451467
-7.461221
-5.290155
-7.309488
-5.900599
-10.302132
-8.349660
-6.945722
-14.170962
-8.026622
-7.819458
-7.006682
-7.285706
-6.328571
-6.720026
-6.455542
-4.888485
-10.355491
-7.091021
-6.965135
-8.370454
-6.574759
-10.377931
-7.046813
-8.222176
-4.184225
-8.020628
-6.520073
-6.321767
-6.047642
-6.395160
-6.106433
-8.990199
-4.383759
-6.495554
-5.777399
-8.950080
-7.231518
-8.327569
-8.414564
-6.294914
-7.698124
-7.028231
-10.406198
-6.565484
-4.641527
-10.126173
-6.994353
-3.790167
-9.939473
-9.515619
-7.528847
-11.018352
-6.646521
-8.969995
-10.873253
-7.659522
-7.125159
-7.258770
-7.490053
-7.251031
-7.783705
-8.976890
-9.027954
-5.815134
-4.959980
-9.188879
-5.704780
-6.216119
-11.031633
-7.635437
-7.384025
-7.668111
-7.085803
-7.883009
-6.021107
-3.415147
-5.727678
-7.840799
-7.543218
-7.218265
-6.452805
-7.415824
-7.745081
-6.814788
-5.171374
-8.953803
-7.670440
-8.404419
-6.954826
-7.484798
-7.966035
-6.143075
-2.868206
-9.014590
-8.124573
-8.287481
-5.281990
-6.101377
-8.129584
-7.753225
-7.272794
-5.847287
-4.061747
-6.609502
-6.016322
-6.732551
-6.726691
-10.294957
-9.586024
-6.196674
-8.921371
-7.943178
-6.186222
-6.838761
-10.055368
-7.743377
-6.277734
-9.781366
-7.685870
-5.299524
-10.010710
-5.434554
-9.039647
-6.576632
-9.716835
-7.286987
-8.054213
-5.953528
-7.042428
-7.642825
-11.296082
-6.314791
-6.124606
-10.109188
-3.390692
-7.656472
-8.771319
-7.295656
-11.966854
-10.753723
-8.055774
-6.704697
-3.410903
-7.708342
-6.295384
-5.934045
-9.404635
-5.381638
-6.107388
-8.445740
-4.110317
-7.062065
-6.497406
-6.278711
-6.382047
-6.766564
-8.863212
-6.726108
-9.070310
-4.050886
-8.027725
-8.288861
-8.269758
-7.974298
-7.295625
-9.303022
-7.623449
-6.529151
-7.927004
-7.731730
-6.108772
-8.355432
-6.987227
-5.256902
-8.226417
-6.383538
-8.568232
-4.433191
-5.544600
-9.902192
-9.277530
-5.855992
-12.148320
-6.372570
-4.345092
-6.907341
-10.505044
-7.030342
-7.512751
-7.476584
-7.302831
-6.581937
-8.202592
-6.848568
-6.169188
-9.360904
-7.923757
-8.732004
-7.162934
-9.339925
-8.144779
-6.974245
-7.620594
-5.793008
-5.691893
-10.086041
-9.909910
-6.707467
-7.039492
-8.333510
-6.036159
-5.615220
-5.844273
-7.062784
-4.464016
-6.095808
-8.122140
-7.166192
-9.408432
-6.611336
-9.051471
-6.795657
-9.208633
-8.560087
-8.790492
-6.224037
-7.618362
-6.374023
-6.850449
-5.486192
-10.101423
-7.320612
-5.556483
-10.504399
-4.770345
-8.220616
-9.103557
-5.691856
-7.376849
-6.459285
-7.183133
-5.438531
-4.658370
-8.778411
-8.854329
-5.213936
-9.220741
-6.112528
-5.875499
-8.464514
-9.004666
-4.645093
-5.500846
-6.091068
-6.306234
-7.408092
-6.278169
-7.869021
-8.454308
-3.715107
-5.375362
-7.310751
-5.628839
-9.333974
-6.881956
-3.410760
-4.510170
-9.272461
-4.997720
-8.917982
-5.403043
-8.921126
-6.777066
-4.212709
-7.640065
-8.391432
-9.633282
-6.055479
-6.806072
-6.241505
-8.133908
-7.389438
-9.776711
-4.973091
-8.321294
-8.000786
-11.882199
-8.195928
-8.237806
-6.756917
-7.219039
-8.964677
-5.660632
-7.706518
-6.622540
-3.614259
-5.703045
-7.474782
-8.839061
-6.373756
-9.201390
-11.710775
-4.567996
-5.585901
-9.585358
-7.967427
-9.531572
-6.197153
-7.474904
-3.016428
-4.428595
-7.247195
-6.236132
-6.891557
-8.587197
-8.051167
-10.142316
-7.574781
-11.532907
-7.927307
-8.741016
-3.767878
-10.568073
-6.258347
-7.860346
-8.559304
-8.794517
-3.325132
-8.475008
-7.136694
-6.154263
-7.668162
-3.750400
-5.759542
-7.835165
-6.015268
-7.133337
-5.640199
-7.173488
-6.012415
-12.686319
-7.356631
-5.226418
-9.775723
-10.308362
-7.248423
-8.917809
-6.253350
-7.372445
-5.867165
-13.031446
-7.237769
-5.853922
-4.823459
-7.843018
-8.337070
-7.812810
-8.769837
-7.072348
-10.251673
-8.000515
-9.122953
-4.768390
-6.313290
-10.053025
-5.644812
-5.660362
-8.831328
-8.771325
-5.241190
-3.186468
-6.445830
-7.279681
-6.670102
-3.762529
-7.273539
-7.879688
-7.260293
-6.613682
-6.776973
-7.020966
-7.224933
-4.171363
-7.217039
-8.328800
-6.776210
-6.247986
-8.242500
-6.267778
-9.495674
-6.793148
-6.350664
-3.594956
-5.229839
-3.793911
-6.525959
-8.579803
-4.376406
-8.680215
-6.058093
-3.783653
-5.975304
-8.307220
-4.672455
-6.550466
-5.668944
-8.363800
-6.463589
-9.330593
-8.389571
-8.210221
-8.822607
-9.597336
-5.496107
-9.018087
-7.441984
-6.898469
-9.826519
-8.700135
-6.525980
-6.017742
-6.374498
-7.413427
-5.038023
-9.077273
-7.102894
-4.973610
-6.838166
-4.385359
-7.719506
-9.848310
-9.461824
-4.965793
-6.737347
-7.217267
-9.844954
-7.501631
-10.779550
-7.758501
-7.952765
-7.556333
-9.368035
-6.168556
-3.617100
-4.736294
-11.297394
-10.482030
-9.043231
-3.414732
-7.703505
-9.093763
-4.711618
-5.960178
-11.225372
-9.131714
-6.078585
-6.333730
-8.486006
-6.123393
-6.523150
-6.194321
-5.182599
-7.501536
-7.709665
-9.694836
-8.943946
-12.006540
-3.133980
-6.082863
-7.591771
-6.085561
-6.924694
-5.667166
-11.019255
-7.176573
-7.821574
-8.206163
-9.780075
-8.011825
-7.500344
-10.264044
-7.672601
-11.380469
-10.304665
-6.427840
-8.351232
-6.937630
-8.302218
-4.948406
-5.802962
-7.285939
-8.432396
-6.764364
-4.656656
-4.419511
-8.627846
-10.013823
-7.215542
-9.530196
-12.373631
-6.649465
-9.323103
-2.740510
-5.687101
-11.158728
-9.272199
-3.916994
-8.058249
-8.963459
-9.440957
-9.434505
-6.457263
-8.066495
-5.734896
-6.717052
-6.470079
-7.183629
-7.713732
-7.174429
-10.892570
-15.875607
-6.916822
-11.229776
-7.481388
-8.002043
-9.991824
-4.258883
-7.306684
-6.736508
-8.903174
-9.322614
-9.351583
-5.257491
-12.083714
-8.578979
-8.122942
-9.008909
-6.165330
-10.649284
-7.806645
-8.187759
-7.936634
-9.878273
-9.523889
-7.750511
-6.591140
-9.061600
-8.172435
-7.736547
-8.893049
-8.698539
-5.856867
-5.159540
-5.318763
-7.581423
-6.928057
-7.562261
-9.357551
-5.914128
-8.622503
-11.871302
-9.575220
-9.685659
-8.228568
-6.148444
-6.277354
-5.241569
-8.249330
-6.996158
-6.765551
-6.629968
-7.541271
-5.537250
-8.232099
-6.755688
-8.619990
-8.220686
-6.778367
-5.205603
-8.173192
-7.223042
-8.471356
-6.108852
-5.354292
-8.693846
-13.192212
-10.441660
-8.034468
-6.884085
-9.620203
-5.759204
-6.357542
-8.174869
-6.103195
-5.655542
-10.109519
-9.380250
-7.754367
-10.186237
-6.818282
-3.421805
-7.000567
-11.238067
-7.075844
-8.399819
-7.719503
-13.370281
-7.455061
-7.099153
-10.051263
-7.951752
-9.165389
-3.018582
-5.908757
-4.710720
-6.728773
-6.511317
-6.706270
-5.892190
-7.641431
-8.233890
-2.987776
-6.802382
-8.023313
-6.969717
-6.997616
-3.701834
-6.584694
-11.502216
-8.242563
-7.456142
-7.336629
-5.162317
-8.865659
-6.952864
-8.504715
-6.173034
-10.626364
-6.908304
-8.084683
-5.642117
-7.363819
-10.565980
-5.738012
-4.854869
-7.028792
-7.541906
-10.104246
-6.754382
-5.398942
-5.404447
-9.158847
-7.580375
-8.361615
-9.346334
-6.925474
-10.570596
-6.914752
-7.706737
-9.294817
-9.184490
-3.876175
-6.387938
-8.368428
-8.870998
-4.097559
-9.129000
-7.606139
-9.027152
-6.819314
-8.359024
-4.333625
-8.394435
-5.517498
-10.236976
-9.124897
-8.349252
-7.264397
-7.085195
-6.661072
-8.750263
-9.931418
-5.028113
-8.688430
-6.293416
-8.634528
-7.779771
-6.834492
-5.843159
-7.701872
-6.309517
-6.140603
-7.044892
-6.440494
-10.617152
-7.807287
-8.913442
-5.748791
-7.444322
-8.164594
-8.575504
-5.006998
-9.941725
-8.702946
-5.209990
-7.693560
-7.428279
-6.453970
-7.016727
-6.369746
-5.634671
-7.668067
-4.311242
-8.642609
-10.658773
-5.914595
-8.636937
-8.553774
-6.299484
-3.216146
-6.207700
-11.149019
-3.179101
-8.873542
-8.151455
-9.637437
-9.306919
-7.533445
-3.918577
-4.158148
-7.248880
-7.339964
-6.391548
-7.593835
-4.950573
-6.223058
-6.055365
-8.092528
-7.116368
-5.916881
-4.968298
-8.113330
-10.667533
-6.139046
-7.126110
-8.926641
-9.602640
-4.096679
-8.229441
-4.787826
-7.539672
-7.667917
-6.226217
-8.819860
-4.055753
-4.351043
-11.845925
-5.003976
-8.800491
-7.726368
-9.334060
-7.604902
-10.960606
-5.958688
-7.364225
-7.063059
-6.233786
-9.528583
-9.024758
-10.882793
-4.467519
-7.428982
-9.338219
-10.827103
-8.756261
-5.888389
-7.532809
-9.396816
-3.907091
-4.437725
-8.024241
-7.567296
-9.515738
-7.287033
-7.712835
-8.414095
-7.690381
-6.778602
-10.426042
-9.924372
-9.492197
-5.034170
-8.085391
-8.563313
-10.811932
-6.988004
-6.664635
-7.322357
-8.243594
-7.789115
-8.975949
-7.600037
-7.292074
-8.162948
-9.317797
-7.630661
-6.696937
-8.894711
-11.705068
-6.115397
-9.356727
-6.657602
-7.014861
-4.353652
-7.187857
-6.226542
-6.436730
-5.197688
-10.904765
-6.246600
-8.290000
-8.690827
-1.819140
-9.237599
-9.828607
-6.629384
-6.608367
-7.389858
-8.953979
-10.509245
-9.895080
-3.683871
-8.825901
-8.363659
-7.156881
-6.097085
-10.451266
-6.257419
-7.258011
-8.022727
-5.069848
-7.931289
-5.593205
-10.590455
-7.337960
-4.043056
-7.837625
-5.474714
-5.907512
-11.010045
-6.497965
-10.040817
-5.455163
-4.360452
-7.768222
-8.191378
-11.324846
-9.860133
-10.629151
-7.864416
-6.378090
-6.992519
-11.445300
-11.212493
-8.367508
-8.735535
-9.340621
-7.360477
-6.872912
-7.967863
-7.242561
-7.478114
-7.313517
-7.655545
-6.373170
-8.666439
-6.650994
-7.968183
-4.815712
-5.469673
-6.383260
-5.970049
-8.403019
-11.225667
-8.013692
-6.077729
-6.456123
-7.195222
-6.606901
-5.088250
-3.841096
-7.554852
-7.098258
-5.873209
-8.808876
-7.625155
-3.829228
-7.478105
-7.441361
-7.100309
-7.819984
-6.374982
-7.277888
-6.074162
-5.701407
-7.211077
-7.324298
-4.710437
-7.687180
-7.697033
-10.050488
-6.887169
-5.638122
-6.383580
-6.702001
-8.217858
-6.004611
-5.722630
-6.337914
-6.687653
-11.367979
-8.331275
-8.629269
-3.958933
-4.680538
-10.409328
-9.857713
-5.699435
-6.350009
-6.156915
-8.439773
-9.457880
-5.825312
-7.158277
-6.049294
-7.991426
-8.822571
-10.132743
-9.314362
-9.862975
-5.291529
-6.892289
-5.763385
-7.966678
-5.540369
-7.265594
-8.831553
-8.001982
-7.239469
-5.478414
-9.132384
-7.677987
-6.844775
-8.047186
-5.289526
-7.040215
-7.998849
-8.781714
-10.270635
-6.717607
-5.523299
-5.577232
-7.693192
-6.616229
-6.895383
-8.140732
-9.972979
-8.036030
-5.297424
-6.846291
-9.843953
-7.149760
-6.256292
-8.669319
-8.158263
-7.486905
-5.723591
-6.309560
-6.201255
-8.058746
-9.470991
-7.626700
-5.730720
-9.515393
-5.821640
-6.262779
-7.302156
-3.102654
-10.021776
-6.183123
-9.426923
-6.447353
-9.373395
-8.477308
-8.512028
-6.369718
-8.239518
-9.559071
-7.747086
-6.219243
-4.225479
-9.745287
-7.180390
-7.466216
-7.016504
-6.860826
-6.795164
-6.338618
-6.603899
-5.436604
-6.419837
-7.482533
-8.022851
-7.405297
-6.824452
-8.561187
-7.413448
-8.749562
-10.244152
-7.187216
-5.023166
-5.511768
-9.398426
-7.551518
-9.194189
-5.622629
-8.035774
-7.174353
-8.968940
-10.764942
-10.443794
-8.348173
-4.701331
-7.595071
-5.385742
-9.010284
-6.239963
-7.531488
-9.484475
-9.203804
-7.335636
-9.860607
-6.753118
-11.137085
-5.025558
-8.836984
-7.498044
-10.347715
-13.110063
-8.303304
-7.640686
-7.894230
-9.450438
-8.673602
-8.465063
-9.077714
-10.850698
-11.237966
-6.580810
-7.410129
-8.886165
-8.639733
-5.709477
-4.855612
-6.349476
-7.444289
-7.120377
-7.474030
-5.740057
-4.851686
-3.912632
-7.137314
-6.144138
-8.814262
-9.659651
-6.329621
-8.012897
-7.448245
-10.031243
-6.244357
-6.613850
-4.221349
-9.305787
-12.099831
-6.241924
-7.085166
-5.822924
-7.413298
-9.883084
-6.405275
-8.533436
-6.553085
-5.961218
-4.231825
-7.014820
-7.417881
-7.784993
-9.447027
-8.652433
-5.540682
-4.788180
-9.126506
-9.925531
-9.599479
-9.657686
-10.893948
-6.068052
-11.250175
-7.101417
-9.933084
-9.168136
-5.870830
-4.879660
-6.095769
-7.059675
-4.748114
-7.861847
-9.274893
-6.903295
-8.365508
-7.973256
-8.348521
-3.730929
-9.784692
-5.560245
-6.821260
-8.603526
-6.399020
-8.989636
-6.869297
-7.723574
-7.491443
-9.913228
-11.315907
-7.007008
-10.311600
-7.282367
-5.996988
-9.725065
-8.659218
-8.493099
-7.895828
-6.765133
-6.962319
-8.468834
-6.988047
-7.100283
-5.589695
-7.644669
-6.758799
-6.445724
-7.973679
-6.867870
-7.471097
-8.429733
-7.712440
-5.982967
-4.242684
-7.564217
-7.429252
-9.955732
-9.066595
-7.207411
-4.946392
-8.592656
-3.562797
-9.241406
-5.737087
-10.298052
-6.948056
-7.998272
-6.052355
-8.704988
-9.215585
-6.791063
-7.860027
-7.160058
-7.668750
-4.239844
-6.496110
-5.517052
-10.927136
-7.057846
-9.001036
-8.704739
-7.987552
-8.259039
-9.334075
-9.170724
-8.020151
-7.516228
-7.286267
-9.942569
-6.311669
-11.003616
-8.718558
-7.825455
-5.401750
-8.519775
-5.059772
-6.620560
-7.527953
-5.653388
-7.639314
-6.932345
-10.597422
-5.732988
-1.997263
-7.962403
-9.643059
-6.120595
-8.332057
-12.623096
-7.788651
-5.566164
-6.375365
-5.500533
-8.295050
-5.425791
-8.336063
-7.342729
-7.112048
-6.896161
-6.925847
-10.517149
-4.751043
-6.432195
-9.293794
-8.377457
-2.115646
-12.029664
-10.482849
-6.003708
-8.127131
-9.757883
-8.967330
-3.800007
-5.367965
-3.478456
-5.812160
-7.955489
-9.396962
-6.785760
-8.987365
-7.309910
-7.612694
-9.348886
-5.532581
-5.535682
-6.803848
-4.752109
-13.032674
-4.877501
-9.450287
-6.327199
-6.424249
-8.085990
-4.164770
-6.729166
-10.096334
-5.779006
-4.058035
-5.564115
-7.259710
-6.065355
-9.022926
-8.300688
-4.730896
-8.020044
-6.864302
-7.907887
-5.766635
-8.083700
-8.320951
-8.500370
-8.284198
-6.516766
-8.621510
-5.459894
-6.561625
-8.116259
-5.828384
-8.193768
-8.987229
-10.595965
-8.242844
-6.088702
-7.522944
-8.319221
-9.448524
-6.342728
-8.647869
-7.264310
-7.198993
-12.631016
-6.640330
-6.479774
-6.229171
-9.177449
-4.772591
-7.291098
-10.080781
-8.939050
-9.818705
-8.717116
-6.013758
-6.739690
-6.729173
-1.873757
-9.910172
-4.824653
-6.223662
-4.556899
-6.916374
-6.663990
-8.154625
-9.646631
-8.669386
-8.984665
-5.677078
-4.454955
-8.912239
-4.838986
-5.076088
-6.232568
-9.385440
-8.103432
-6.070444
-5.707945
-9.481965
-6.640743
-9.436117
-10.979282
-11.867960
-5.107499
-9.496371
-6.512209
-4.347992
-3.648645
-7.654103
-7.322481
-11.108340
-6.430096
-9.099704
-6.428254
-8.767398
-9.326767
-7.079871
-8.214062
-9.201161
-8.195610
-8.786636
-10.137549
-8.033704
-6.660439
-8.187304
-9.110196
-8.869216
-6.108647
-4.794104
-9.579468
-7.712774
-8.533104
-6.016906
-7.059058
-7.721857
-6.936075
-5.082539
-8.694548
-5.902363
-5.500195
-6.573244
-7.767567
-6.762176
-7.203047
-6.635633
-8.594603
-5.930256
-8.265005
-6.631208
-6.736336
-9.272402
-8.033758
-8.185730
-6.403188
-9.990209
-8.534919
-5.518257
-9.376770
-8.828256
-7.940328
-8.264292
-8.223364
-4.643756
-4.857934
-7.865199
-8.101406
-10.364448
-11.383952
-6.443909
-7.315187
-8.429172
-6.691894
-7.439945
-8.301094
-6.779224
-7.573078
-11.882204
-5.978873
-8.876581
-5.908065
-5.852810
-10.582908
-7.890781
-9.695992
-8.162584
-7.676849
-9.088988
-10.870228
-12.212867
-8.645399
-7.958559
-8.806717
-6.206380
-7.132733
-3.270284
-5.122254
-6.880797
-6.610302
-10.514360
-8.058277
-9.009061
-5.051024
-8.588167
-6.871205
-12.155799
-9.400863
-8.980565
-4.466522
-8.007934
-7.273351
-7.588417
-10.385986
-5.829787
-6.520919
-8.359450
-7.678735
-9.435863
-4.682987
-7.377017
-7.422706
-9.832810
-6.743812
-8.820281
-9.961282
-7.705880
-8.304407
-5.465859
-7.639959
-6.956310
-5.625365
-6.057439
-7.524849
-13.269209
-6.622632
-6.836262
-5.780142
-6.757699
-9.417129
-5.424066
-12.006540
-6.941830
-7.002676
-5.051589
-9.010244
-9.800547
-5.704387
-9.152660
-7.249386
-6.964494
-5.465725
-6.749569
-6.358724
-4.027417
-8.679386
-11.604650
-4.439208
-9.704565
-6.531599
-5.318796
-8.214880
-8.444852
-8.988435
-5.402828
-8.922701
-10.622170
-6.269156
-4.770685
-6.739433
-10.546179
-5.241911
-8.375539
-5.910981
-9.966238
-8.392096
-5.675797
-5.353401
-12.011957
-8.130619
-7.559854
-7.590630
-8.034358
-6.684181
-8.919976
-6.088667
-9.184301
-7.535900
-7.368216
-9.438937
-5.699184
-10.416858
-14.175837
-8.680574
-8.622180
-7.965353
-10.770111
-8.542266
-8.261629
-5.009398
-8.178434
-9.053943
-9.824804
-6.341449
-6.906953
-5.430233
-9.150690
-3.698305
-7.241708
-9.550760
-7.622106
-7.076149
-9.717226
-7.847131
-7.364398
-4.912678
-7.095547
-9.275196
-8.493955
-9.015200
-6.374716
-5.608611
-9.259995
-5.556605
-10.657279
-6.015636
-5.235994
-7.099458
-6.964339
-7.243766
-5.389612
-2.400844
-6.877706
-5.288153
-9.749015
-9.348460
-6.624917
-7.103118
-8.862216
-5.525966
-5.298109
-6.608498
-7.458946
-7.140591
-7.809292
-8.486700
-10.038091
-6.451088
-6.119541
-11.107952
-5.803872
-3.741833
-7.882991
-8.172444
-7.760050
-5.786909
-6.339294
-6.895061
-8.618916
-7.515432
-6.864341
-7.278446
-11.259009
-5.956644
-5.718375
-4.637871
-7.015214
-8.473975
-7.090960
-8.019781
-8.924563
-10.334728
-7.610202
-7.299264
-6.569974
-8.905001
-6.164620
-8.457095
-8.252640
-6.752109
-7.544385
-9.716729
-4.776798
-7.672180
-5.939994
-7.603239
-5.984076
-7.991101
-9.884051
-9.575548
-11.634784
-6.833851
-10.487625
-7.768227
-7.308103
-7.991732
-8.805785
-6.425166
-12.039740
-5.644946
-9.310029
-7.207222
-7.183262
-8.555506
-6.592483
-5.219309
-5.603368
-8.731956
-4.922728
-4.419638
-6.574620
-7.884564
-6.976471
-8.486670
-7.711194
-6.659709
-5.346128
-6.246994
-10.177755
-7.160151
-6.707451
-7.097331
-7.248775
-8.127577
-9.613685
-6.383733
-12.127007
-4.687610
-9.119256
-9.570794
-7.916514
-6.980848
-6.857063
-6.890393
-10.006247
-7.505337
-5.124194
-10.478873
-8.166071
-9.546537
-11.484542
-5.174552
-4.933954
-10.605256
-5.973064
-8.876253
-6.872735
-9.338372
-4.742247
-6.457965
-4.201839
-4.343032
-8.428765
-9.120151
-4.518986
-6.228560
-9.078377
-6.217557
-6.300431
-5.085643
-6.288414
-4.476812
-5.661295
-8.749190
-7.122880
-8.457774
-6.200594
-9.866634
-6.085277
-9.603292
-11.043333
-15.004183
-9.126996
-10.307687
-7.435628
-6.624092
-5.856989
-6.425541
-6.384901
-6.517376
-4.256080
-8.822964
-7.751155
-5.762371
-10.313542
-9.101729
-8.162096
-5.339628
-6.613100
-4.969544
-6.886414
-7.137914
-8.702477
-6.573245
-4.349387
-5.996704
-10.898250
-7.296181
-5.750654
-6.777368
-7.427212
-7.002670
-8.406968
-8.548735
-4.818581
-9.824858
-7.302691
-8.940063
-3.025658
-4.956512
-6.635254
-6.394135
-10.864799
-5.134576
-8.836039
-7.490053
-9.921031
-9.651596
-8.863215
-9.402207
-7.205110
-5.525611
-6.055089
-5.986990
-7.745809
-6.015770
-8.512992
-8.437835
-8.840965
-6.439676
-7.519470
-7.940744
-7.601181
-8.143705
-9.104019
-7.647594
-7.572634
-5.705221
-9.692394
-6.463099
-11.230490
-7.974888
-12.268856
-8.665891
-10.026475
-8.545855
-7.114715
-6.268682
-7.048431
-7.309998
-7.401451
-7.940768
-7.313104
-6.851850
-9.618217
-7.880792
-8.194077
-6.191262
-9.888793
-7.538806
-7.584884
-8.908306
-5.763587
-11.638091
-7.542246
-5.536138
-6.312093
-6.944340
-8.402603
-7.944216
-8.476382
-5.894485
-9.317494
-9.816231
-5.912314
-9.438478
-6.995395
-10.709543
-8.624185
-6.744100
-6.817887
-8.603705
-8.753366
-7.062101
-9.844761
-10.723302
-6.083879
-7.890109
-7.850229
-7.659715
-6.664966
-6.934426
-11.222198
-8.970820
-9.464215
-6.723705
-6.534577
-6.827904
-5.941302
-3.861698
-8.208797
-8.078328
-6.685979
-5.991627
-8.328975
-6.504761
-9.842285
-8.379589
-6.995298
-8.984242
-7.197044
-9.156039
-8.106961
-4.721982
-6.809338
-3.643103
-5.501631
-4.985193
-5.662771
-5.192994
-6.787985
-7.316577
-3.155510
-8.766694
-10.131245
-7.093765
-8.403513
-9.474396
-8.848007
-10.509474
-10.223351
-8.650150
-7.393532
-5.707707
-6.383737
-9.228213
-7.490053
-7.818533
-10.727378
-8.885167
-5.139866
-8.548779
-8.305276
-5.293849
-4.564697
-7.990152
-6.496220
-8.280526
-12.030736
-10.359946
-5.167783
-4.977081
-8.686655
-10.296081
-7.485876
-7.029738
-7.132375
-6.887187
-7.254642
-10.330916
-7.347257
-7.228446
-6.599390
-7.858355
-5.708514
-8.838905
-10.592840
-5.271696
-7.906643
-10.102732
-8.651349
-8.999247
-8.963040
-5.285596
-8.780677
-4.750531
-7.351640
-7.706066
-7.362368
-11.007318
-7.136666
-7.987855
-8.679291
-9.843340
-6.015416
-5.520761
-6.976024
-5.692999
-6.693188
-6.884591
-10.801610
-9.937358
-7.943432
-8.155520
-10.031400
-5.526822
-8.241788
-5.061973
-7.916954
-6.262089
-9.302541
-8.426376
-9.362618
-7.138516
-6.923813
-8.454971
-8.437502
-8.989902
-6.217507
-5.435046
-7.408826
-7.253311
-7.624088
-5.269686
-9.423546
-7.709033
-8.381653
-5.027452
-7.537713
-6.032967
-5.324483
-6.777331
-7.362872
-8.300776
-7.077938
-7.460543
-5.252511
-4.441506
-8.539561
-7.953011
-9.634818
-8.491999
-7.831023
-3.950819
-8.625135
-9.112772
-5.317217
-8.888658
-6.976882
-6.632088
-7.850225
-10.115933
-9.112157
-7.142542
-8.990657
-3.288572
-7.564920
-4.984035
-10.206599
-7.627635
-6.941079
-5.799537
-7.166382
-6.638792
-5.052864
-7.072013
-7.817184
-8.839101
-10.075947
-5.477534
-7.138549
-5.663039
-9.051959
-11.506484
-9.582512
-10.249442
-6.765749
-11.625793
-7.298545
-10.246938
-10.733252
-4.145079
-5.301507
-4.646722
-6.291470
-5.572533
-10.492045
-6.448678
-6.320435
-8.773276
-8.589547
-8.193554
-9.585872
-6.997305
-8.602288
-7.458874
-6.601496
-5.309577
-8.266047
-6.569041
-8.590078
-9.491128
-6.616762
-6.837905
-7.652856
-6.768930
-10.208430
-10.666899
-8.430285
-9.375646
-9.225044
-8.079242
-5.561253
-5.903306
-3.587178
-8.227037
-6.399118
-5.464632
-7.389611
-9.104750
-7.446828
-6.109017
-5.258624
-7.071727
-5.877489
-7.304385
-6.983355
-8.329147
-6.204762
-7.729779
-7.793824
-4.441092
-7.041267
-3.905392
-7.404681
-4.693358
-6.338613
-4.949239
-10.243295
-9.183627
-4.734494
-5.318201
-5.884815
-7.772632
-8.989203
-7.355323
-7.367471
-8.616279
-4.791121
-6.011988
-8.874554
-9.227097
-7.852949
-5.878614
-8.531308
-8.571659
-5.146466
-9.368416
-9.427407
-6.386349
-7.233994
-6.475030
-8.269197
-7.353267
-5.532679
-9.190567
-4.726968
-7.984506
-9.234482
-10.751125
-6.763284
-7.381126
-8.049374
-5.423134
-6.007984
-4.110416
-5.148168
-5.953181
-6.220026
-5.809057
-6.774307
-12.862351
-9.969448
-10.097086
-9.782630
-8.266697
-6.135004
-8.417885
-7.085415
-7.098315
-8.081781
-7.759427
-5.490920
-6.986557
-11.705889
-6.645848
-5.370697
-6.270456
-7.226288
-5.187030
-8.676475
-9.019425
-8.153033
-7.179074
-7.837365
-4.333282
-10.731484
-7.024700
-8.046293
-7.318645
-6.127198
-4.690603
-7.212366
-7.946252
-5.646308
-11.505709
-7.757711
-4.098177
-6.090138
-7.593590
-5.910721
-8.567104
-8.198195
-7.736400
-10.839993
-5.466216
-6.535095
-8.189326
-8.567494
-8.391588
-10.619902
-6.461906
-5.609436
-9.491289
-8.931678
-8.601990
-9.062410
-6.824277
-9.675905
-7.771729
-10.319892
-5.663481
-9.019598
-5.296241
-8.634022
-5.788568
-11.091607
-5.295326
-5.455171
-6.186205
-7.866001
-4.546713
-9.563487
-4.921523
-8.505445
-8.687631
-10.247467
-10.803954
-8.596722
-7.606222
-8.021290
-6.938821
-7.835801
-6.879992
-6.295724
-4.341966
-3.430224
-4.992901
-8.053384
-5.991294
-11.018982
-6.208980
-7.729214
-8.221724
-7.165796
-10.056273
-6.006468
-6.849904
-7.205312
-8.629451
-6.046645
-7.603498
-6.598259
-8.512874
-5.031521
-5.360427
-12.006540
-8.218520
-8.007247
-7.502035
-6.108631
-8.040721
-4.884943
-7.274960
-8.384775
-6.961032
-8.145626
-8.812207
-9.691089
-7.556146
-7.355426
-6.717493
-8.832746
-11.105297
-7.344294
-10.658191
-8.544860
-10.830848
-8.678448
-7.016970
-5.601002
-4.551419
-8.726237
-7.937495
-7.518254
-9.346962
-4.367677
-6.726532
-9.075053
-9.428011
-5.670290
-10.875017
-10.008158
-7.849142
-5.002530
-7.810551
-9.824497
-7.835728
-5.968545
-7.930058
-5.658803
-6.576687
-6.817566
-9.880820
-6.737489
-8.932722
-9.976427
-4.718295
-6.714885
-6.129598
-7.517243
-9.098616
-9.501185
-5.684335
-9.089256
-10.117932
-8.643918
-9.519306
-8.520230
-7.221106
-7.689603
-8.071714
-8.000745
-7.981779
-9.198695
-5.744784
-5.153195
-10.922197
-7.764509
-4.717163
-8.201692
-9.575793
-9.088889
-7.395526
-4.852971
-12.534669
-7.821626
-7.988362
-5.801592
-6.241182
-8.962876
-6.428001
-6.543042
-6.568711
-8.628044
-9.489244
-6.558475
-8.019157
-8.883903
-10.266035
-9.889685
-7.295508
-7.828862
-8.588545
-8.050255
-6.818195
-10.486096
-9.126887
-5.496019
-8.940119
-7.678110
-9.504553
-7.838469
-8.384042
-8.883702
-11.166420
-10.031226
-10.469309
-5.991371
-9.045180
-4.985079
-7.238760
-8.289112
-7.679422
-9.031493
-9.244932
-6.493757
-8.520591
-8.435537
-8.019411
-6.424568
-8.841831
-9.978059
-8.812119
-9.963849
-6.840573
-4.274847
-6.516425
-9.981102
-10.446801
-6.228869
-8.966577
-7.261959
-9.503083
-9.237165
-10.289572
-6.582440
-9.749766
-8.807151
-8.656335
-7.993254
-7.079057
-7.900702
-7.580147
-6.536705
-7.627553
-7.029613
-8.902122
-9.618164
-9.304483
-10.934381
-5.013769
-8.846918
-10.115050
-9.634450
-6.358332
-9.445356
-9.222737
-5.579934
-10.228533
-8.362405
-7.488092
-3.940595
-8.051236
-9.934035
-7.709392
-7.305718
-9.066930
-8.563325
-8.433962
-5.679816
-6.148488
-8.857397
-4.720235
-8.532455
-9.200572
-7.119206
-6.819913
-10.256132
-8.980311
-6.561088
-6.567235
-5.171275
-7.713609
-8.965912
-6.061122
-6.602521
-9.199664
-4.038550
-6.717337
-10.049928
-8.035373
-5.380732
-4.964403
-9.176391
-6.800378
-7.001748
-5.045702
-3.826192
-8.091895
-5.999288
-7.886996
-10.067081
-7.484059
-9.155364
-8.204485
-10.760841
-7.939001
-9.455154
-8.835854
-8.334970
-7.816667
-9.513859
-5.987932
-7.631939
-5.666091
-6.717683
-5.984365
-11.723205
-6.309951
-4.805212
-7.214981
-5.232968
-9.604580
-7.449264
-9.399194
-8.130527
-8.449696
-7.872813
-10.259076
-6.447059
-8.727387
-7.191908
-7.050220
-7.376711
-6.742088
-7.831888
-6.644139
-8.562626
-8.781038
-7.370508
-7.391968
-7.846756
-7.755061
-8.012870
-4.877345
-6.861446
-5.189838
-6.867150
-9.236969
-6.678079
-7.977008
-8.510125
-11.440798
-6.374358
-5.251292
-2.562621
-6.910170
-11.371820
-5.927444
-10.533014
-5.887798
-11.159315
-8.156971
-6.506123
-7.385000
-10.085998
-9.808257
-7.942887
-8.397820
-7.977568
-9.297180
-9.047446
-10.503969
-8.256358
-8.446026
-10.424965
-10.028958
-8.415606
-8.055499
-8.193734
-6.406615
-8.566602
-6.501362
-4.608954
-5.343468
-7.526485
-8.116285
-7.508638
-6.722162
-9.306771
-12.018505
-10.284657
-10.201678
-7.262520
-6.655554
-7.440392
-8.321542
-9.737047
-6.315638
-7.418426
-8.243838
-6.182836
-9.175904
-8.960000
-6.969281
-8.659254
-10.329756
-6.877339
-8.598362
-6.038926
-6.352719
-5.870224
-7.888399
-8.254793
-6.331231
-8.189455
-8.679219
-6.535960
-7.139620
-8.545446
-6.988701
-7.064212
-8.931720
-7.308802
-10.006362
-6.775536
-7.467955
-8.402506
-10.318913
-6.565897
-7.285907
-5.322389
-7.274289
-9.129895
-8.347987
-7.311746
-10.085555
-11.249974
-6.383599
-7.739867
-9.212708
-5.242093
-9.298948
-7.383015
-6.866279
-5.672746
-8.712260
-6.211225
-8.776822
-9.211366
-7.797331
-10.107132
-5.347539
-8.920861
-6.096878
-9.826924
-4.165768
-9.955106
-6.072481
-9.048737
-9.824805
-8.793124
-5.318841
-6.490366
-6.442496
-7.202321
-9.536578
-8.232116
-7.207553
-7.457905
-5.059572
-7.135788
-5.167811
-9.164058
-9.183376
-9.536232
-7.868899
-5.870256
-10.700353
-8.731036
-7.488845
-8.466487
-5.941999
-9.706409
-4.348495
-9.729228
-11.478902
-9.217686
-8.998528
-7.599358
-5.013142
-9.082345
-6.075471
-5.898379
-8.776678
-5.855493
-8.249251
-9.178739
-9.139188
-8.436809
-8.403153
-5.505271
-6.673044
-8.828846
-7.207260
-9.464484
-6.262260
-6.859037
-7.628733
-6.235849
-5.301223
-7.790931
-8.573085
-6.211425
-9.566285
-2.476225
-9.891163
-8.649114
-7.805408
-8.988792
-7.290716
-9.240042
-7.441169
-8.261940
-3.281255
-9.499021
-6.301281
-5.032168
-11.141257
-9.324354
-5.322373
-11.477451
-6.864295
-7.425566
-6.961121
-6.388540
-6.908573
-8.736926
-7.359360
-7.590335
-10.263440
-5.779903
-6.843981
-9.947755
-3.181140
-8.735054
-9.972703
-8.164469
-7.254212
-11.165585
-5.295009
-7.475853
-6.151704
-7.323177
-9.040998
-8.074684
-3.199403
-3.376132
-9.899817
-6.883340
-4.910438
-9.773796
-7.963345
-10.385479
-6.058942
-9.611451
-5.368731
-5.383357
-7.093669
-9.700240
-6.959484
-11.028231
-9.745500
-11.164256
-5.932650
-8.451961
-4.964923
-7.445307
-6.276487
-6.624075
-8.827650
-7.138571
-6.861694
-7.491954
-6.897547
-3.752528
-6.272717
-2.424797
-5.251848
-7.125331
-7.170666
-12.698606
-7.697040
-9.608450
-7.295551
-7.622252
-11.405363
-10.860285
-6.765046
-7.214981
-6.288037
-9.536053
-10.062140
-7.130786
-5.563379
-7.684371
-7.419660
-4.608754
-8.558800
-5.521098
-5.935094
-9.907815
-10.433333
-6.463238
-8.321246
-8.307099
-6.836077
-7.155801
-4.882132
-5.183104
-7.080933
-4.403966
-4.844984
-9.304034
-8.791728
-9.213278
-7.061556
-8.218790
-3.545838
-11.014930
-6.810211
-5.683424
-10.783136
-5.223405
-5.957280
-8.358402
-6.592699
-7.197422
-4.598571
-4.336802
-11.238005
-7.217901
-7.661043
-8.345157
-6.069343
-10.166318
-8.274340
-7.509256
-9.234957
-3.859056
-7.876620
-9.538620
-7.982635
-7.807230
-5.377900
-6.036538
-9.809380
-8.387196
-4.292323
-7.980915
-9.985746
-6.465063
-5.843817
-7.902168
-6.254340
-6.563847
-6.475675
-8.255393
-10.448462
-5.384686
-7.576075
-8.772018
-6.082314
-3.841930
-8.107062
-4.147506
-9.197028
-6.165538
-8.285504
-10.193900
-6.489532
-7.831753
-8.243125
-8.819586
-8.761495
-9.097020
-8.378246
-8.903546
-5.250051
-8.552848
-6.471518
-8.739293
-7.293809
-7.559340
-5.005844
-7.859591
-6.874160
-8.426782
-6.967845
-9.721701
-9.487273
-7.911847
-10.514877
-8.595950
-8.455102
-7.144141
-8.085392
-6.511672
-6.154274
-8.238343
-7.523594
-9.615444
-8.152268
-8.325114
-6.352374
-9.710374
-8.899665
-7.362523
-9.729959
-8.838387
-6.887854
-9.565637
-9.707090
-8.327340
-9.900710
-10.151972
-7.824886
-7.625697
-5.160608
-6.295587
-11.161614
-10.218967
-8.010237
-6.883250
-7.372580
-9.507019
-7.641710
-6.634827
-7.302186
-8.461035
-5.748217
-8.642794
-9.314039
-7.562045
-7.095809
-6.784513
-10.562118
-6.119229
-8.564374
-10.589622
-7.774507
-6.781245
-9.225089
-8.439519
-6.978798
-11.124589
-6.420183
-7.064669
-9.295145
-9.611186
-6.992950
-10.105106
-5.069188
-7.403894
-6.965180
-7.816717
-11.058902
-8.153877
-9.650898
-7.916027
-6.171267
-8.337460
-8.215836
-6.835330
-9.982120
-6.986070
-7.471610
-7.479702
-7.430576
-6.649255
-6.320304
-7.778408
-9.916989
-8.977247
-6.013837
-6.910401
-5.893468
-6.835750
-8.520282
-11.237051
-8.521515
-7.647003
-8.105426
-7.219037
-11.189534
-7.656232
-4.491541
-12.490017
-7.617827
-5.299072
-6.718132
-6.616082
-5.438003
-5.610445
-7.027417
-5.541378
-6.296350
-6.334777
-3.793739
-10.368050
-7.693860
-9.768574
-7.069495
-7.980144
-6.700766
-8.287875
-7.000997
-10.281334
-8.475125
-10.371184
-5.859015
-8.062885
-6.609572
-7.037164
-7.029053
-7.118371
-8.539405
-9.430850
-3.995783
-8.478170
-9.903966
-6.789729
-5.575485
-7.449774
-9.104624
-4.427746
-5.285826
-8.846619
-8.392772
-5.746118
-9.728874
-10.190745
-7.640577
-12.946899
-6.323445
-9.956712
-5.094912
-7.544775
-8.247972
-11.629055
-8.050495
-10.545924
-7.093258
-9.762783
-7.194161
-8.448727
-8.494733
-10.440721
-10.735447
-9.712831
-9.469717
-9.410336
-6.390743
-7.568693
-6.189716
-10.815523
-5.449791
-6.450434
-13.396683
-9.538318
-5.355844
-8.405480
-8.318027
-8.407327
-4.874590
-7.452504
-5.015025
-5.031785
-7.576169
-7.743781
-7.854325
-6.859477
-6.765786
-9.312752
-6.604545
-7.903671
-6.088922
-10.666221
-8.529981
-5.154526
-6.121387
-13.009336
-10.921615
-8.166663
-7.036453
-10.736626
-6.423303
-9.659499
-11.084029
-8.421091
-7.599055
-8.693656
-10.976313
-11.427179
-6.282364
-9.871291
-6.270349
-6.170410
-3.433840
-8.916589
-7.626837
-6.233151
-7.773483
-8.283286
-5.321280
-7.855823
-7.680604
-5.921207
-6.261509
-7.173487
-6.046318
-7.063123
-7.504378
-9.428430
-8.772713
-7.553550
-10.015181
-4.841695
-7.398185
-8.434010
-6.541008
-8.875426
-7.857917
-9.126710
-6.428228
-9.063133
-6.355828
-8.844843
-8.987365
-7.184042
-8.212823
-6.862309
-7.065068
-4.686685
-9.172175
-7.647101
-7.940856
-9.912785
-9.811403
-7.940009
-9.259546
-6.478260
-7.700589
-5.754111
-7.712043
-8.968456
-6.386395
-8.958655
-10.665727
-6.791480
-8.119316
-7.034745
-8.899639
-4.800498
-10.154526
-5.499658
-8.955758
-8.117235
-8.709855
-6.863912
-7.667239
-10.534229
-9.208743
-7.569261
-6.045737
-5.664628
-4.625953
-7.974885
-4.088689
-7.776854
-6.477676
-8.809985
-9.429193
-9.543460
-9.685671
-8.894615
-7.370924
-5.978742
-12.472226
-7.490053
-8.078436
-7.996312
-8.065174
-7.424278
-5.514630
-8.711493
-4.088976
-9.301232
-4.181993
-5.220044
-9.413901
-6.407413
-7.977128
-9.114285
-9.721519
-7.300261
-9.866090
-8.146158
-7.973850
-6.659341
-7.070187
-8.391084
-5.198108
-6.500342
-8.573460
-10.956093
-9.874418
-6.446007
-10.131188
-10.499757
-7.156139
-10.157761
-10.499217
-7.845530
-6.470698
-7.712419
-9.117218
-5.738639
-6.292419
-11.177112
-7.913743
-9.284210
-8.688205
-8.210023
-9.999003
-11.030906
-8.491451
-8.792655
-10.533602
-10.357808
-2.770633
-7.951933
-8.431539
-9.152681
-7.925535
-8.467619
-9.387721
-8.631967
-10.118215
-11.549006
-4.311837
-6.820072
-11.119948
-9.640053
-9.372982
-9.185641
-7.727240
-5.852110
-8.623002
-6.582740
-7.310884
-5.907802
-5.930820
-5.754757
-6.691335
-9.478705
-4.963258
-10.872468
-8.198902
-7.521743
-8.516844
-7.351689
-5.918475
-5.644014
-6.755902
-10.139447
-8.109603
-6.660407
-12.293494
-7.102627
-5.398102
-8.051288
-9.304035
-7.076653
-8.853746
-7.412103
-9.961382
-6.256937
-7.974206
-9.291522
-8.577622
-6.398643
-10.133867
-6.261204
-9.810244
-8.318033
-9.155093
-9.995084
-7.523424
-5.999542
-8.375896
-5.088853
-11.079967
-5.297019
-9.441733
-10.218580
-8.712848
-6.604375
-4.543073
-5.918549
-8.128933
-5.758346
-10.347653
-5.826217
-7.083257
-5.834915
-8.605947
-8.470886
-10.020049
-5.787821
-8.474735
-8.204552
-8.345004
-6.692220
-5.660861
-7.546896
-5.787161
-7.316787
-8.028099
-8.421474
-12.006540
-8.191149
-8.149998
-4.971221
-6.144655
-9.226111
-11.969384
-6.247849
-8.782757
-11.452979
-9.016974
-5.811342
-8.300253
-7.691686
-9.499697
-8.728074
-8.830396
-6.432302
-8.163074
-8.372738
-3.704859
-8.094228
-8.407316
-9.231982
-8.442177
-9.666656
-8.089999
-8.603164
-9.443048
-10.276154
-7.934189
-9.843077
-4.681431
-4.307789
-10.777861
-8.836489
-8.106152
-4.520573
-7.759210
-6.913342
-7.021093
-9.331567
-6.912825
-4.788546
-4.195105
-5.796833
-7.077093
-9.086450
-6.783633
-3.699558
-8.433108
-6.567950
-8.656617
-9.557957
-9.187793
-9.439888
-6.817762
-8.019194
-5.925807
-4.766713
-6.999433
-7.214846
-7.533205
-6.563960
-5.166263
-9.325485
-7.414554
-6.840830
-7.600511
-8.350646
-9.431566
-6.705400
-8.550757
-7.570238
-8.985138
-7.710056
-7.146572
-7.780277
-8.704162
-9.409935
-8.446078
-7.020847
-5.815794
-7.005499
-11.143317
-6.777001
-8.929312
-4.196475
-8.752037
-4.526908
-8.397604
-7.823510
-8.344606
-6.251517
-7.438939
-11.625793
-8.002295
-6.246733
-5.576367
-5.363867
-11.541595
-8.427100
-6.784765
-7.494256
-5.721261
-5.597944
-9.471919
-8.338998
-5.934490
-10.678545
-8.664406
-11.236268
-6.733132
-10.252098
-10.357272
-7.840741
-8.082829
-6.317710
-9.931172
-8.285410
-11.647846
-5.886624
-8.034593
-4.891118
-8.881523
-5.868638
-5.347778
-12.314424
-8.191554
-9.897119
-7.261446
-8.837159
-7.781517
-5.068706
-10.493575
-7.824507
-8.025829
-7.825137
-10.663299
-9.502140
-9.106826
-6.177844
-6.676239
-12.740942
-8.377007
-8.623590
-7.076940
-8.657070
-6.437755
-8.909273
-11.061538
-6.958630
-7.626794
-10.269285
-5.571602
-8.669134
-8.975493
-6.628761
-8.972509
-7.007180
-9.456437
-5.101178
-10.484550
-8.468411
-6.681923
-9.161796
-8.123267
-7.069299
-8.095271
-7.093841
-4.599650
-7.208910
-7.628249
-8.074224
-10.348920
-7.891592
-5.631141
-7.615409
-5.484587
-6.972054
-13.068410
-7.783511
-6.526896
-5.429101
-4.757801
-8.688011
-7.115142
-11.188735
-11.231752
-7.482304
-7.004940
-8.548132
-8.353354
-5.108202
-6.413427
-12.884356
-8.508792
-5.272142
-6.821296
-8.457104
-10.448405
-10.659554
-8.014956
-6.746034
-5.019195
-9.681812
-7.149476
-7.373689
-4.304069
-7.345249
-8.932599
-6.400728
-4.859953
-7.304942
-7.800473
-5.153881
-4.491873
-8.277863
-6.185992
-6.792147
-8.409503
-6.572333
-10.391687
-8.196204
-5.062871
-4.248955
-9.432581
-8.130870
-7.188799
-8.061583
-11.118716
-11.674600
-7.046542
-9.199636
-7.375515
-8.857992
-11.066343
-8.164281
-8.239028
-10.368300
-8.625763
-5.769749
-8.891392
-8.797884
-10.493187
-6.904608
-9.901825
-4.854048
-7.113646
-5.290222
-7.303577
-9.785717
-8.956597
-6.814573
-6.995197
-6.559937
-9.462160
-4.611600
-6.949840
-12.986672
-4.900770
-9.339413
-4.927808
-8.044568
-7.830293
-8.186357
-6.072466
-6.505670
-7.031342
-8.913206
-4.719040
-9.699854
-8.718368
-7.962732
-9.812806
-9.955429
-9.923736
-3.309470
-7.468038
-10.329181
-3.884244
-7.933645
-7.441409
-4.836581
-7.174654
-9.249822
-6.704059
-9.727123
-6.411929
-8.648226
-10.181369
-5.860741
-7.826403
-3.884823
-9.543930
-8.458979
-7.261523
-8.102698
-7.545935
-7.530892
-7.286463
-11.966449
-9.659072
-6.288793
-5.050060
-7.996629
-7.920097
-7.861901
-7.982431
-8.287897
-7.948431
-6.148627
-9.184361
-7.612898
-12.840321
-10.784314
-7.900307
-5.012580
-5.480036
-12.006540
-7.216895
-4.386512
-8.748864
-9.810703
-7.426271
-7.219068
-6.968478
-7.858848
-8.567798
-7.547081
-9.123828
-7.320624
-7.014928
-7.971208
-8.031569
-9.161253
-7.579945
-6.917648
-8.731049
-7.565018
-9.734502
-7.179601
-8.956925
-6.451908
-5.827590
-5.164953
-8.099503
-8.711126
-7.921638
-9.212990
-6.876149
-8.169597
-6.678486
-8.405836
-7.673427
-7.336632
-8.927725
-7.977115
-8.125520
-7.611676
-6.504333
-8.227589
-6.643473
-7.089580
-9.579228
-6.983709
-9.069922
-10.290907
-9.673764
-6.910711
-6.865235
-8.060664
-5.034351
-9.537727
-9.860620
-7.529054
-9.427513
-8.625397
-7.067297
-7.382808
-8.999898
-7.112746
-8.036324
-6.860496
-8.994102
-10.381795
-5.493361
-10.397136
-8.821155
-6.795079
-7.577131
-5.661870
-9.830231
-10.938025
-7.540484
-6.537938
-8.163332
-5.363279
-9.217791
-3.727123
-6.127134
-5.597944
-5.679136
-5.146504
-8.484104
-6.525910
-12.121996
-6.661999
-10.003661
-7.094953
-10.154510
-7.696548
-11.843807
-7.023644
-8.606817
-5.023406
-8.285643
-8.111888
-8.916099
-6.255032
-10.010045
-7.711233
-5.999380
-7.823196
-8.853553
-4.988173
-7.351925
-6.411035
-7.175266
-7.245066
-8.375465
-10.535622
-7.628292
-9.229985
-7.166770
-6.077345
-7.577403
-8.802306
-6.055041
-11.316887
-8.560129
-7.726922
-6.583444
-8.576197
-6.264726
-7.788051
-8.580249
-8.268090
-7.580800
-8.058514
-4.845589
-9.523689
-6.611158
-7.351372
-8.987870
-6.092799
-9.690350
-10.464286
-7.233895
-7.831841
-7.141202
-8.721473
-7.894702
-9.500658
-5.664419
-9.353286
-7.170218
-3.697001
-6.490115
-6.507030
-6.499379
-4.497944
-10.820234
-10.650553
-6.959330
-7.490053
-7.410809
-8.683038
-9.766526
-6.448799
-7.250710
-5.927345
-9.767616
-7.711744
-7.055803
-9.318997
-7.298767
-10.982515
-7.310699
-7.849956
-9.902755
-8.139009
-6.937423
-8.038679
-5.759840
-8.980199
-5.953012
-11.334194
-6.517953
-7.315126
-8.391729
-10.565967
-8.927214
-4.967919
-6.441582
-7.067871
-8.992839
-6.228002
-7.563456
-11.121553
-6.874707
-8.359778
-5.225682
-8.653554
-7.895556
-5.282221
-7.115746
-7.388046
-9.625115
-11.075665
-9.904830
-4.741043
-7.732038
-8.088497
-7.537423
-7.877351
-9.172784
-9.864450
-8.096518
-4.498746
-7.297610
-9.101052
-11.873116
-7.507348
-4.108120
-5.578526
-4.957033
-7.551205
-5.870243
-4.960593
-7.902031
-10.510743
-5.717439
-9.443885
-10.745341
-5.600368
-8.487124
-8.942419
-8.920284
-7.699800
-8.416504
-8.570306
-6.205118
-7.148950
-9.636839
-4.139099
-8.935807
-7.092875
-6.653566
-9.424141
-12.685236
-8.448494
-11.385663
-5.834587
-10.541469
-5.235136
-8.212165
-8.198644
-8.416465
-9.618246
-7.675655
-5.328993
-9.478810
-8.480187
-8.641965
-7.600157
-5.750947
-6.031655
-7.128931
-7.550950
-9.359954
-9.991364
-6.344060
-8.458414
-9.577901
-6.053956
-10.133840
-6.706818
-9.401546
-6.692913
-6.506936
-8.404170
-10.133063
-8.132038
-7.600181
-7.950520
-9.110472
-8.216891
-8.519594
-9.191286
-8.886619
-6.691088
-9.309674
-6.204545
-7.740947
-5.164423
-5.217946
-8.850978
-6.759521
-5.234613
-7.998110
-4.288830
-10.496140
-9.847969
-5.532677
-6.793776
-8.915565
-5.888396
-6.703394
-5.916187
-10.071169
-8.069802
-10.934188
-7.766133
-9.908922
-9.008361
-4.404346
-10.000357
-8.067182
-11.620481
-9.533818
-7.353666
-6.542626
-9.639150
-11.150012
-7.490053
-7.490053
-6.168890
-9.488829
-7.607106
-8.060980
-8.581945
-5.431735
-5.307284
-7.362892
-8.780907
-8.241854
-8.376884
-5.478415
-4.508533
-7.854891
-5.490739
-3.478084
-6.171574
-3.859811
-9.613448
-6.750192
-7.179265
-6.306427
-9.088311
-7.840939
-8.721889
-6.760652
-8.394695
-5.209796
-5.691390
-7.144257
-7.039330
-10.047957
-7.677992
-5.967867
-3.821825
-9.905787
-10.772164
-6.408958
-8.081175
-6.743531
-8.608787
-7.735166
-8.109402
-4.080439
-11.721184
-7.871977
-9.235991
-12.041655
-11.124137
-10.209490
-8.484414
-4.096267
-6.067238
-7.171103
-5.925107
-5.365922
-8.312054
-6.749117
-8.347664
-8.886260
-7.971922
-8.141188
-6.981616
-7.360706
-8.455711
-7.587866
-4.724649
-8.524443
-7.753268
-9.347656
-7.163857
-8.234907
-10.632350
-7.566930
-9.327022
-7.202400
-9.186948
-6.043296
-9.476582
-6.746212
-10.762585
-7.692078
-10.371571
-6.960591
-9.658049
-8.152762
-9.022975
-8.339988
-6.619381
-5.236933
-8.206507
-6.921787
-12.347126
-7.304229
-8.085785
-7.327337
-8.370275
-9.173236
-6.947428
-9.796951
-7.065464
-7.416003
-7.482870
-7.117482
-7.739823
-9.803525
-7.207519
-8.373133
-10.144119
-7.427052
-7.139386
-4.645469
-9.333673
-7.817736
-10.778252
-3.433625
-3.887002
-4.374001
-6.119665
-7.084541
-7.669814
-5.801930
-6.504248
-4.762906
-6.313849
-5.240965
-8.475546
-9.672148
-7.405104
-9.164202
-6.402082
-9.084095
-7.331859
-9.006221
-7.406940
-7.281042
-9.856767
-9.088024
-10.157331
-5.664913
-6.814432
-6.938172
-5.790595
-8.275951
-6.602129
-6.100527
-8.813501
-8.719913
-6.613125
-10.263102
-3.267603
-6.414748
-8.913014
-5.368627
-9.058468
-7.700906
-10.922421
-8.970470
-7.372758
-7.559009
-6.882263
-11.516022
-4.222116
-9.467602
-7.488853
-8.844548
-7.199410
-11.574683
-9.314100
-8.749268
-4.882466
-7.223845
-8.026206
-9.045924
-6.549312
-6.924635
-5.962875
-6.819597
-8.128450
-9.686685
-11.342842
-6.646215
-7.895740
-13.960710
-9.239477
-6.923547
-7.000461
-7.286698
-9.778683
-6.209814
-8.526124
-7.341852
-9.216086
-8.225463
-6.026063
-7.270318
-11.533833
-7.716779
-8.388642
-8.829776
-7.253755
-10.311671
-9.312963
-8.897175
-5.061371
-7.106688
-8.895855
-8.709527
-10.291773
-6.442559
-8.086100
-7.285342
-10.633821
-7.512261
-6.946073
-8.443645
-7.677268
-9.126725
-8.941997
-10.708271
-8.833694
-10.777297
-7.341995
-7.656078
-9.211047
-6.053927
-7.995584
-3.280271
-8.257138
-4.050385
-10.290900
-6.637988
-5.338439
-4.882626
-8.163221
-5.916732
-8.753210
-8.116701
-8.169843
-5.209666
-9.019917
-9.639107
-6.603728
-6.617610
-10.941035
-9.522020
-6.139173
-10.840610
-10.057945
-5.040629
-7.609605
-7.569016
-9.351203
-10.207346
-7.962942
-5.403064
-9.448530
-9.012456
-8.259975
-7.503427
-7.900606
-8.225027
-8.286298
-8.064585
-7.615868
-7.031864
-9.531200
-5.252553
-9.565368
-6.981048
-9.983202
-9.601665
-10.078397
-4.478019
-8.957376
-7.663964
-9.968563
-5.815556
-9.051245
-9.819571
-7.072213
-6.017351
-12.777452
-9.405934
-8.901270
-11.427030
-11.697436
-7.270634
-7.740536
-6.404570
-9.477426
-7.366827
-6.328703
-5.911885
-10.128926
-6.214262
-11.580108
-6.965997
-10.884335
-7.212692
-8.433376
-9.094190
-6.063368
-7.134580
-6.518887
-6.559634
-7.891145
-6.556246
-7.181946
-5.636643
-9.340035
-8.612261
-7.311213
-3.210079
-5.251583
-9.017530
-9.140685
-4.982625
-4.424500
-5.393630
-5.526293
-7.683874
-3.712457
-11.256962
-6.958163
-10.482392
-10.270553
-6.272099
-4.890156
-6.406479
-7.916517
-7.490053
-7.676033
-5.348051
-8.965393
-10.533961
-5.631106
-6.705632
-7.880215
-8.210220
-5.637743
-8.187293
-5.763362
-5.733969
-6.674090
-8.601152
-6.955513
-7.266407
-8.761035
-7.143029
-8.265028
-10.759652
-6.850586
-7.819720
-7.820192
-6.649652
-7.093433
-9.851547
-9.852246
-9.694788
-9.612901
-10.769321
-9.455791
-6.840864
-9.424882
-9.808781
-5.179555
-6.478095
-7.382607
-7.134090
-9.187066
-8.854141
-8.112940
-8.854817
-9.965512
-6.442548
-8.892402
-7.872273
-9.592607
-8.374567
-10.466228
-6.003572
-7.441740
-6.176136
-7.105189
-8.294214
-8.404785
-7.827375
-7.666433
-7.720752
-7.587633
-6.624647
-11.625793
-7.801347
-9.792315
-8.210289
-5.126054
-8.328791
-8.216484
-6.233058
-13.036102
-8.933502
-4.992917
-9.507342
-10.157990
-7.937844
-5.184607
-8.325813
-6.836910
-7.798568
-8.375218
-8.344277
-7.644053
-10.186193
-5.510131
-8.937322
-4.844744
-5.344923
-4.189433
-5.485707
-4.103913
-8.715557
-5.562777
-5.894614
-6.169679
-7.852801
-7.865768
-7.880923
-10.920789
-7.800231
-11.788180
-10.167625
-4.668217
-7.315232
-6.694284
-6.987608
-8.630430
-7.765281
-8.935614
-5.787244
-10.308375
-7.962573
-7.068224
-8.621526
-8.667044
-4.524885
-9.527923
-12.790340
-11.446507
-9.807307
-10.535341
-7.270276
-5.938544
-10.116386
-5.795655
-8.080177
-7.268593
-8.508808
-7.943915
-7.278494
-8.736287
-9.864974
-4.276469
-6.669793
-10.523983
-9.629240
-5.955690
-6.901474
-8.733865
-5.400678
-10.536356
-7.218799
-10.849835
-5.958003
-10.083808
-9.282372
-9.775956
-6.615192
-9.689862
-6.606315
-5.652197
-6.367870
-9.748373
-9.374601
-4.556128
-7.171910
-9.753684
-7.384199
-5.693888
-5.038348
-9.691533
-10.070030
-11.309512
-7.748043
-8.166622
-7.357066
-9.473798
-8.679973
-8.155169
-10.421262
-10.238480
-9.491123
-5.261570
-8.658165
-12.680506
-7.124737
-10.484688
-9.424562
-9.202890
-8.810052
-8.382290
-6.345624
-9.696760
-7.947228
-10.453915
-10.940650
-7.836477
-7.776381
-8.900850
-7.148032
-9.075465
-10.876701
-12.393799
-6.379993
-12.002173
-6.579458
-7.472107
-9.865766
-5.728107
-7.628892
-6.531737
-4.435690
-9.085264
-8.521694
-4.984792
-8.344129
-8.352830
-7.365554
-6.752244
-11.500719
-7.371155
-8.563679
-7.923818
-8.406079
-5.936813
-7.819787
-6.754061
-3.028297
-7.338242
-9.772841
-7.810843
-7.060073
-8.927182
-10.001064
-8.837142
-5.217776
-7.331836
-8.763230
-5.809601
-8.925730
-9.197589
-11.948073
-8.862912
-8.552987
-5.590638
-8.693224
-10.011855
-5.154501
-4.934302
-5.135157
-6.754000
-8.806350
-8.667071
-9.186633
-9.995982
-7.075401
-7.325121
-6.502851
-6.104083
-10.994812
-9.416656
-6.949382
-4.390993
-10.324854
-8.156262
-9.404387
-12.124152
-10.421827
-7.334553
-5.589502
-7.697113
-6.398126
-9.633532
-5.694889
-10.529298
-6.968802
-6.711236
-8.689322
-7.421115
-8.943159
-7.116432
-8.569732
-9.192002
-7.394035
-6.297905
-8.964278
-6.365442
-11.423247
-8.002165
-11.237372
-10.742243
-3.591059
-11.026400
-7.116323
-7.042165
-4.669311
-8.112576
-7.222337
-8.652340
-5.526029
-6.982245
-10.456330
-2.187641
-9.808038
-5.105551
-8.229334
-5.683998
-9.087968
-9.251451
-6.737806
-5.138932
-8.146325
-7.893667
-6.841304
-7.819938
-8.417747
-12.387304
-8.915231
-7.077507
-5.183558
-8.860069
-7.354389
-9.254703
-5.753586
-10.882675
-11.132106
-9.460340
-8.361793
-14.535734
-7.707183
-11.340681
-8.048839
-9.232883
-8.353641
-6.627135
-8.521477
-7.832028
-6.844140
-7.610034
-10.722920
-8.245063
-10.472019
-5.253450
-5.738038
-9.213608
-7.814357
-10.624543
-7.988846
-9.401844
-10.913706
-12.101205
-8.711599
-5.237785
-8.937527
-9.908252
-8.231858
-6.013764
-4.928645
-9.669978
-6.279984
-6.986965
-10.607028
-8.665884
-6.117950
-6.762925
-9.487823
-7.571249
-6.562491
-8.786932
-10.111742
-7.455563
-8.079185
-9.955632
-5.646938
-8.714288
-10.442957
-6.056127
-6.980951
-8.733328
-7.652628
-4.014396
-5.860333
-5.643049
-13.571265
-10.847995
-12.089590
-6.413946
-11.275901
-6.802645
-7.145774
-10.124146
-11.596692
-8.387259
-8.361054
-6.556567
-7.104505
-6.744915
-9.993823
-5.386154
-7.146796
-5.196704
-8.103195
-5.220984
-7.888759
-10.176075
-11.869026
-8.274454
-9.134136
-10.453938
-8.601221
-6.258586
-6.867702
-8.606357
-6.772686
-9.614424
-10.587607
-7.825665
-8.672088
-7.897017
-2.849589
-7.764260
-7.611575
-7.667360
-8.551839
-9.110506
-6.270793
-10.398683
-6.766068
-6.651166
-5.783108
-9.298434
-9.131425
-6.779634
-5.588107
-6.455416
-6.512203
-9.660747
-4.260360
-8.859705
-10.172997
-8.877731
-6.318217
-6.304858
-10.554488
-6.993965
-6.512490
-8.193166
-7.225098
-6.841329
-6.727826
-6.767380
-8.419252
-7.780890
-8.598233
-7.047443
-11.717179
-5.912734
-9.004403
-4.812735
-7.485060
-7.068404
-8.573080
-9.483773
-10.291656
-10.353033
-10.527564
-8.621027
-9.296838
-9.966026
-7.336274
-9.060012
-4.080769
-5.263242
-5.725945
-8.367448
-7.438101
-3.605069
-7.335358
-9.145236
-7.978123
-13.992485
-6.646558
-10.128342
-7.495519
-7.814854
-5.512983
-5.446651
-5.042061
-7.986730
-10.682292
-6.090085
-5.684474
-6.871940
-8.001881
-9.146268
-6.027956
-5.493565
-9.231568
-11.713059
-8.575540
-6.750009
-7.125585
-8.471417
-7.536440
-4.644388
-6.766615
-11.096270
-6.108032
-7.953088
-5.994593
-7.391182
-8.680765
-5.974534
-5.987764
-6.975753
-7.126116
-9.825706
-4.996205
-7.776331
-7.668486
-11.499696
-6.559449
-6.098260
-8.058189
-10.060534
-5.619380
-6.206220
-7.869851
-9.337435
-8.021862
-10.227150
-6.292420
-5.595708
-4.157848
-8.933393
-7.300413
-8.757235
-5.565381
-9.905671
-6.875075
-9.873005
-9.696871
-8.200623
-8.797108
-8.566790
-9.332030
-6.695225
-6.237949
-11.161592
-10.700461
-10.006451
-11.718129
-12.678897
-9.955315
-7.985472
-5.762234
-8.160510
-6.186963
-7.599353
-6.840389
-10.614964
-5.907353
-9.920910
-5.053550
-7.564447
-5.362810
-8.111855
-6.804408
-5.221481
-10.711215
-8.144179
-9.312488
-8.994398
-7.969034
-5.098551
-5.356627
-7.279472
-7.106627
-8.813882
-9.398891
-7.381873
-6.757455
-6.473608
-9.458372
-6.318431
-8.298811
-6.155399
-6.628052
-11.053632
-5.425940
-6.466506
-6.555717
-6.859509
-6.156010
-9.751643
-4.421409
-6.341844
-7.669275
-6.719230
-7.102496
-6.364335
-6.200694
-9.100229
-8.795592
-7.330106
-6.812049
-9.930688
-11.911427
-9.894098
-9.429556
-8.779477
-7.322964
-8.743795
-5.918075
-9.848548
-7.886902
-6.264485
-6.652890
-5.459716
-9.348948
-8.711435
-9.180109
-10.131505
-8.772324
-7.876283
-10.435575
-9.235999
-11.893629
-8.519426
-7.924199
-7.637947
-8.205767
-11.265300
-11.163177
-7.819476
-5.827281
-7.236211
-7.694797
-8.580177
-6.786631
-10.400230
-11.004261
-6.955082
-9.760481
-6.964540
-4.642336
-8.596839
-8.720675
-7.663831
-4.698116
-7.421268
-9.361681
-7.920539
-8.984359
-7.847958
-7.508514
-4.974215
-9.232948
-9.596349
-7.195138
-7.253964
-9.561899
-7.184436
-6.231167
-8.530443
-6.716681
-10.596188
-7.883743
-7.483915
-7.847956
-4.945351
-6.352023
-8.890952
-9.441154
-9.469454
-7.525382
-12.568860
-8.314021
-8.540256
-8.799776
-7.443619
-7.288108
-9.798347
-8.978603
-6.865057
-8.311161
-7.591373
-7.282423
-8.050840
-7.653437
-7.387862
-9.720205
-4.475953
-6.991529
-5.671866
-7.764815
-9.432128
-7.234253
-8.200968
-9.521935
-9.632277
-10.817245
-6.105179
-11.622179
-7.954439
-9.467931
-9.426140
-4.676552
-12.458694
-10.750837
-6.451280
